hour,success,status,nit,cut_MW,max_residual
2030-01-01 00:00:00,True,Optimization terminated successfully. (HiGHS Status 7: Optimal),1,33.07076008508814,0.0
2030-01-01 01:00:00,True,Optimization terminated successfully. (HiGHS Status 7: Optimal),1,59.617322192994266,3.552713678800501e-15
2030-01-01 02:00:00,True,Optimization terminated successfully. (HiGHS Status 7: Optimal),1,188.43289774664584,0.0
2030-01-01 03:00:00,True,Optimization terminated successfully. (HiGHS Status 7: Optimal),1,65.44118882893898,3.552713678800501e-15
2030-01-01 04:00:00,True,Optimization terminated successfully. (HiGHS Status 7: Optimal),1,98.37981171798079,7.105427357601002e-15
2030-01-01 05:00:00,True,Optimization terminated successfully. (HiGHS Status 7: Optimal),1,163.85288308770018,0.0
2030-01-01 06:00:00,True,Optimization terminated successfully. (HiGHS Status 7: Optimal),1,151.42627220838523,0.0
2030-01-01 07:00:00,True,Optimization terminated successfully. (HiGHS Status 7: Optimal),1,124.80476460147523,0.0
2030-01-01 08:00:00,True,Optimization terminated successfully. (HiGHS Status 7: Optimal),1,117.93674515468066,7.105427357601002e-15
2030-01-01 09:00:00,True,Optimization terminated successfully. (HiGHS Status 7: Optimal),1,163.30385943409405,0.0
2030-01-01 10:00:00,True,Optimization terminated successfully. (HiGHS Status 7: Optimal),1,153.58906124455473,0.0
2030-01-01 11:00:00,True,Optimization terminated successfully. (HiGHS Status 7: Optimal),1,66.48581078044153,0.0
2030-01-01 12:00:00,True,Optimization terminated successfully. (HiGHS Status 7: Optimal),1,11.148025989520875,0.0
2030-01-01 15:00:00,True,Optimization terminated successfully. (HiGHS Status 7: Optimal),1,15.334195568330461,0.0
2030-01-01 16:00:00,True,Optimization terminated successfully. (HiGHS Status 7: Optimal),1,21.876423301904197,0.0
2030-01-01 21:00:00,True,Optimization terminated successfully. (HiGHS Status 7: Optimal),1,32.7870899100467,1.7763568394002505e-15
2030-01-02 17:00:00,True,Optimization terminated successfully. (HiGHS Status 7: Optimal),1,15.631794367044355,0.0
2030-01-02 18:00:00,True,Optimization terminated successfully. (HiGHS Status 7: Optimal),1,100.31454711769251,0.0
2030-01-02 19:00:00,True,Optimization terminated successfully. (HiGHS Status 7: Optimal),1,127.65495304589159,0.0
2030-01-02 20:00:00,True,Optimization terminated successfully. (HiGHS Status 7: Optimal),1,90.40740647303294,0.0
2030-01-02 21:00:00,True,Optimization terminated successfully. (HiGHS Status 7: Optimal),1,48.88962908394971,1.7763568394002505e-15
2030-01-02 22:00:00,True,Optimization terminated successfully. (HiGHS Status 7: Optimal),1,57.04147501628338,0.0
2030-01-02 23:00:00,True,Optimization terminated successfully. (HiGHS Status 7: Optimal),1,116.02784895927404,3.552713678800501e-15
2030-01-03 01:00:00,True,Optimization terminated successfully. (HiGHS Status 7: Optimal),1,14.31622232634354,0.0
2030-01-03 06:00:00,True,Optimization terminated successfully. (HiGHS Status 7: Optimal),1,116.43820177624289,0.0
2030-01-03 07:00:00,True,Optimization terminated successfully. (HiGHS Status 7: Optimal),1,127.25770500677221,0.0
2030-01-03 08:00:00,True,Optimization terminated successfully. (HiGHS Status 7: Optimal),1,13.830014272074378,0.0
2030-01-03 09:00:00,True,Optimization terminated successfully. (HiGHS Status 7: Optimal),1,43.04414541512248,0.0
2030-01-03 20:00:00,True,Optimization terminated successfully. (HiGHS Status 7: Optimal),1,26.046098939638085,0.0
2030-01-03 21:00:00,True,Optimization terminated successfully. (HiGHS Status 7: Optimal),1,9.999561820535888,0.0
2030-01-03 22:00:00,True,Optimization terminated successfully. (HiGHS Status 7: Optimal),1,78.13914778238956,0.0
2030-01-03 23:00:00,True,Optimization terminated successfully. (HiGHS Status 7: Optimal),1,55.73149897471394,0.0
2030-01-04 00:00:00,True,Optimization terminated successfully. (HiGHS Status 7: Optimal),1,41.09651319426818,0.0
2030-01-04 21:00:00,True,Optimization terminated successfully. (HiGHS Status 7: Optimal),1,80.77904834515937,0.0
2030-01-04 22:00:00,True,Optimization terminated successfully. (HiGHS Status 7: Optimal),1,58.63046663543343,0.0
2030-01-04 23:00:00,True,Optimization terminated successfully. (HiGHS Status 7: Optimal),1,91.23228524407502,3.552713678800501e-15
2030-01-05 00:00:00,True,Optimization terminated successfully. (HiGHS Status 7: Optimal),1,96.87062566261866,0.0
2030-01-05 01:00:00,True,Optimization terminated successfully. (HiGHS Status 7: Optimal),1,51.00595317160405,0.0
2030-01-05 02:00:00,True,Optimization terminated successfully. (HiGHS Status 7: Optimal),1,65.76201309016264,0.0
2030-01-05 03:00:00,True,Optimization terminated successfully. (HiGHS Status 7: Optimal),1,76.66259809172735,0.0
2030-01-05 04:00:00,True,Optimization terminated successfully. (HiGHS Status 7: Optimal),1,75.17634145200375,0.0
2030-01-05 05:00:00,True,Optimization terminated successfully. (HiGHS Status 7: Optimal),1,84.14425177493752,0.0
2030-01-05 06:00:00,True,Optimization terminated successfully. (HiGHS Status 7: Optimal),1,95.65433406186945,0.0
2030-01-05 07:00:00,True,Optimization terminated successfully. (HiGHS Status 7: Optimal),1,145.39672838435496,0.0
2030-01-05 08:00:00,True,Optimization terminated successfully. (HiGHS Status 7: Optimal),1,128.4680818995196,0.0
2030-01-05 09:00:00,True,Optimization terminated successfully. (HiGHS Status 7: Optimal),1,146.37532127869534,0.0
2030-01-05 10:00:00,True,Optimization terminated successfully. (HiGHS Status 7: Optimal),1,111.46501365806269,0.0
2030-01-05 11:00:00,True,Optimization terminated successfully. (HiGHS Status 7: Optimal),1,173.41727651909622,0.0
2030-01-05 12:00:00,True,Optimization terminated successfully. (HiGHS Status 7: Optimal),1,119.27811995392224,7.105427357601002e-15
2030-01-05 13:00:00,True,Optimization terminated successfully. (HiGHS Status 7: Optimal),1,106.93783741508675,0.0
2030-01-05 14:00:00,True,Optimization terminated successfully. (HiGHS Status 7: Optimal),1,114.29627452800322,0.0
2030-01-05 15:00:00,True,Optimization terminated successfully. (HiGHS Status 7: Optimal),1,105.61112490802645,0.0
2030-01-05 16:00:00,True,Optimization terminated successfully. (HiGHS Status 7: Optimal),1,150.81246204305586,7.105427357601002e-15
2030-01-05 17:00:00,True,Optimization terminated successfully. (HiGHS Status 7: Optimal),1,142.29432205536608,0.0
2030-01-05 18:00:00,True,Optimization terminated successfully. (HiGHS Status 7: Optimal),1,166.17911099212708,0.0
2030-01-05 19:00:00,True,Optimization terminated successfully. (HiGHS Status 7: Optimal),1,174.26886465161053,0.0
2030-01-05 20:00:00,True,Optimization terminated successfully. (HiGHS Status 7: Optimal),1,177.5834036012537,0.0
2030-01-05 21:00:00,True,Optimization terminated successfully. (HiGHS Status 7: Optimal),1,150.63837570907387,0.0
2030-01-05 22:00:00,True,Optimization terminated successfully. (HiGHS Status 7: Optimal),1,154.18352193892514,0.0
2030-01-05 23:00:00,True,Optimization terminated successfully. (HiGHS Status 7: Optimal),1,150.92262063722387,0.0
2030-01-06 00:00:00,True,Optimization terminated successfully. (HiGHS Status 7: Optimal),1,106.90884232708547,0.0
2030-01-06 01:00:00,True,Optimization terminated successfully. (HiGHS Status 7: Optimal),1,134.2677972511042,0.0
2030-01-06 02:00:00,True,Optimization terminated successfully. (HiGHS Status 7: Optimal),1,101.50459282909415,3.552713678800501e-15
2030-01-06 03:00:00,True,Optimization terminated successfully. (HiGHS Status 7: Optimal),1,111.16931927027642,3.552713678800501e-15
2030-01-06 04:00:00,True,Optimization terminated successfully. (HiGHS Status 7: Optimal),1,129.19738129328107,0.0
2030-01-06 05:00:00,True,Optimization terminated successfully. (HiGHS Status 7: Optimal),1,151.2236481007675,0.0
2030-01-06 06:00:00,True,Optimization terminated successfully. (HiGHS Status 7: Optimal),1,167.0447363258122,0.0
2030-01-06 07:00:00,True,Optimization terminated successfully. (HiGHS Status 7: Optimal),1,39.894231959462715,0.0
2030-01-06 08:00:00,True,Optimization terminated successfully. (HiGHS Status 7: Optimal),1,17.54046244270908,0.0
2030-01-06 09:00:00,True,Optimization terminated successfully. (HiGHS Status 7: Optimal),1,116.71824491413939,0.0
2030-01-06 10:00:00,True,Optimization terminated successfully. (HiGHS Status 7: Optimal),1,194.60770501057607,0.0
2030-01-06 11:00:00,True,Optimization terminated successfully. (HiGHS Status 7: Optimal),1,130.8939010328409,0.0
2030-01-06 12:00:00,True,Optimization terminated successfully. (HiGHS Status 7: Optimal),1,85.33499681844162,0.0
2030-01-06 13:00:00,True,Optimization terminated successfully. (HiGHS Status 7: Optimal),1,71.15907442104076,0.0
2030-01-06 14:00:00,True,Optimization terminated successfully. (HiGHS Status 7: Optimal),1,165.62820171887404,0.0
2030-01-06 15:00:00,True,Optimization terminated successfully. (HiGHS Status 7: Optimal),1,176.50843073458333,0.0
2030-01-06 16:00:00,True,Optimization terminated successfully. (HiGHS Status 7: Optimal),1,121.87211625529568,0.0
2030-01-06 17:00:00,True,Optimization terminated successfully. (HiGHS Status 7: Optimal),1,176.3905245788583,0.0
2030-01-06 18:00:00,True,Optimization terminated successfully. (HiGHS Status 7: Optimal),1,152.22881975512516,0.0
2030-01-06 19:00:00,True,Optimization terminated successfully. (HiGHS Status 7: Optimal),1,129.0305343161032,0.0
2030-01-06 20:00:00,True,Optimization terminated successfully. (HiGHS Status 7: Optimal),1,92.8352418553347,0.0
2030-01-06 21:00:00,True,Optimization terminated successfully. (HiGHS Status 7: Optimal),1,31.463848663877236,0.0
2030-01-06 22:00:00,True,Optimization terminated successfully. (HiGHS Status 7: Optimal),1,66.48026153457376,0.0
2030-01-06 23:00:00,True,Optimization terminated successfully. (HiGHS Status 7: Optimal),1,103.27204342590066,0.0
2030-01-07 00:00:00,True,Optimization terminated successfully. (HiGHS Status 7: Optimal),1,208.83695523444032,7.105427357601002e-15
2030-01-07 01:00:00,True,Optimization terminated successfully. (HiGHS Status 7: Optimal),1,189.0747523570407,7.105427357601002e-15
2030-01-07 02:00:00,True,Optimization terminated successfully. (HiGHS Status 7: Optimal),1,137.78785848030154,0.0
2030-01-07 03:00:00,True,Optimization terminated successfully. (HiGHS Status 7: Optimal),1,75.71870990129274,0.0
2030-01-07 04:00:00,True,Optimization terminated successfully. (HiGHS Status 7: Optimal),1,197.9222489715882,7.105427357601002e-15
2030-01-07 05:00:00,True,Optimization terminated successfully. (HiGHS Status 7: Optimal),1,81.32357282212169,3.552713678800501e-15
2030-01-07 06:00:00,True,Optimization terminated successfully. (HiGHS Status 7: Optimal),1,0.8458912479657901,0.0
2030-01-07 07:00:00,True,Optimization terminated successfully. (HiGHS Status 7: Optimal),1,100.11871615701901,0.0
2030-01-07 08:00:00,True,Optimization terminated successfully. (HiGHS Status 7: Optimal),1,96.91991117978377,0.0
2030-01-07 09:00:00,True,Optimization terminated successfully. (HiGHS Status 7: Optimal),1,61.83300343619079,0.0
2030-01-07 10:00:00,True,Optimization terminated successfully. (HiGHS Status 7: Optimal),1,60.26593291740099,0.0
2030-01-07 12:00:00,True,Optimization terminated successfully. (HiGHS Status 7: Optimal),1,4.281453318395315,0.0
2030-01-07 16:00:00,True,Optimization terminated successfully. (HiGHS Status 7: Optimal),1,47.24990223213076,1.7763568394002505e-15
2030-01-07 17:00:00,True,Optimization terminated successfully. (HiGHS Status 7: Optimal),1,2.2070416910033592,0.0
2030-01-07 18:00:00,True,Optimization terminated successfully. (HiGHS Status 7: Optimal),1,25.66608158099947,0.0
2030-01-17 02:00:00,True,Optimization terminated successfully. (HiGHS Status 7: Optimal),1,63.36409864339875,0.0
2030-01-17 03:00:00,True,Optimization terminated successfully. (HiGHS Status 7: Optimal),1,5.231251135517644,0.0
2030-01-17 05:00:00,True,Optimization terminated successfully. (HiGHS Status 7: Optimal),1,0.5558944320506675,0.0
2030-01-18 23:00:00,True,Optimization terminated successfully. (HiGHS Status 7: Optimal),1,64.57362358337157,0.0
2030-01-19 00:00:00,True,Optimization terminated successfully. (HiGHS Status 7: Optimal),1,53.28579641942483,0.0
2030-01-19 01:00:00,True,Optimization terminated successfully. (HiGHS Status 7: Optimal),1,33.02929297193148,0.0
2030-01-19 02:00:00,True,Optimization terminated successfully. (HiGHS Status 7: Optimal),1,79.7790594333097,0.0
2030-01-19 03:00:00,True,Optimization terminated successfully. (HiGHS Status 7: Optimal),1,44.30837718238021,0.0
2030-01-19 04:00:00,True,Optimization terminated successfully. (HiGHS Status 7: Optimal),1,21.53937511699764,0.0
2030-01-19 05:00:00,True,Optimization terminated successfully. (HiGHS Status 7: Optimal),1,2.6778085878383773,0.0
2030-01-20 11:00:00,True,Optimization terminated successfully. (HiGHS Status 7: Optimal),1,99.73396438133159,3.552713678800501e-15
2030-01-20 12:00:00,True,Optimization terminated successfully. (HiGHS Status 7: Optimal),1,106.0770067581086,0.0
2030-01-20 13:00:00,True,Optimization terminated successfully. (HiGHS Status 7: Optimal),1,127.25295938679608,0.0
2030-01-20 14:00:00,True,Optimization terminated successfully. (HiGHS Status 7: Optimal),1,98.84130693934262,0.0
2030-01-20 15:00:00,True,Optimization terminated successfully. (HiGHS Status 7: Optimal),1,24.43064465520312,0.0
2030-01-20 16:00:00,True,Optimization terminated successfully. (HiGHS Status 7: Optimal),1,103.86240114834115,0.0
2030-01-20 17:00:00,True,Optimization terminated successfully. (HiGHS Status 7: Optimal),1,161.86478119199828,0.0
2030-01-20 18:00:00,True,Optimization terminated successfully. (HiGHS Status 7: Optimal),1,163.31457407416818,7.105427357601002e-15
2030-01-20 19:00:00,True,Optimization terminated successfully. (HiGHS Status 7: Optimal),1,172.94915794129403,0.0
2030-01-20 20:00:00,True,Optimization terminated successfully. (HiGHS Status 7: Optimal),1,130.8188643535871,7.105427357601002e-15
2030-01-20 21:00:00,True,Optimization terminated successfully. (HiGHS Status 7: Optimal),1,134.21118181825946,0.0
2030-01-20 22:00:00,True,Optimization terminated successfully. (HiGHS Status 7: Optimal),1,149.89259633010124,0.0
2030-01-20 23:00:00,True,Optimization terminated successfully. (HiGHS Status 7: Optimal),1,99.95750737822627,0.0
2030-01-21 00:00:00,True,Optimization terminated successfully. (HiGHS Status 7: Optimal),1,130.15261930437708,0.0
2030-01-21 01:00:00,True,Optimization terminated successfully. (HiGHS Status 7: Optimal),1,116.14047873424082,0.0
2030-01-21 02:00:00,True,Optimization terminated successfully. (HiGHS Status 7: Optimal),1,108.3005364015614,0.0
2030-01-21 03:00:00,True,Optimization terminated successfully. (HiGHS Status 7: Optimal),1,110.1810008415694,0.0
2030-01-21 04:00:00,True,Optimization terminated successfully. (HiGHS Status 7: Optimal),1,111.4801605879082,0.0
2030-01-21 05:00:00,True,Optimization terminated successfully. (HiGHS Status 7: Optimal),1,114.24031933117237,0.0
2030-01-21 06:00:00,True,Optimization terminated successfully. (HiGHS Status 7: Optimal),1,154.95684229041476,7.105427357601002e-15
2030-01-21 07:00:00,True,Optimization terminated successfully. (HiGHS Status 7: Optimal),1,180.1025512169977,1.4210854715202004e-14
2030-01-21 08:00:00,True,Optimization terminated successfully. (HiGHS Status 7: Optimal),1,175.59341875548273,7.105427357601002e-15
2030-01-21 09:00:00,True,Optimization terminated successfully. (HiGHS Status 7: Optimal),1,171.28543837952336,0.0
2030-01-21 10:00:00,True,Optimization terminated successfully. (HiGHS Status 7: Optimal),1,163.74011122817907,0.0
2030-01-21 11:00:00,True,Optimization terminated successfully. (HiGHS Status 7: Optimal),1,149.30915217122697,0.0
2030-01-21 12:00:00,True,Optimization terminated successfully. (HiGHS Status 7: Optimal),1,56.27430281249993,0.0
2030-01-22 05:00:00,True,Optimization terminated successfully. (HiGHS Status 7: Optimal),1,17.45302850866134,0.0
2030-01-22 06:00:00,True,Optimization terminated successfully. (HiGHS Status 7: Optimal),1,133.12383993530295,0.0
2030-01-22 07:00:00,True,Optimization terminated successfully. (HiGHS Status 7: Optimal),1,188.57167133469457,0.0
2030-01-22 08:00:00,True,Optimization terminated successfully. (HiGHS Status 7: Optimal),1,5.45129388910108,0.0
2030-01-23 02:00:00,True,Optimization terminated successfully. (HiGHS Status 7: Optimal),1,33.01731909990427,0.0
2030-01-23 03:00:00,True,Optimization terminated successfully. (HiGHS Status 7: Optimal),1,118.54866128941862,0.0
2030-01-23 18:00:00,True,Optimization terminated successfully. (HiGHS Status 7: Optimal),1,29.143542623239114,0.0
2030-01-23 20:00:00,True,Optimization terminated successfully. (HiGHS Status 7: Optimal),1,15.464627468892978,0.0
2030-01-24 01:00:00,True,Optimization terminated successfully. (HiGHS Status 7: Optimal),1,91.73895420615277,0.0
2030-01-24 02:00:00,True,Optimization terminated successfully. (HiGHS Status 7: Optimal),1,59.80580750809697,0.0
2030-01-24 03:00:00,True,Optimization terminated successfully. (HiGHS Status 7: Optimal),1,157.23517682304586,0.0
2030-01-24 04:00:00,True,Optimization terminated successfully. (HiGHS Status 7: Optimal),1,81.932450003422,0.0
2030-01-24 05:00:00,True,Optimization terminated successfully. (HiGHS Status 7: Optimal),1,169.8691564933431,0.0
2030-01-24 06:00:00,True,Optimization terminated successfully. (HiGHS Status 7: Optimal),1,160.45876346535078,0.0
2030-01-24 07:00:00,True,Optimization terminated successfully. (HiGHS Status 7: Optimal),1,142.1358060120814,0.0
2030-01-24 08:00:00,True,Optimization terminated successfully. (HiGHS Status 7: Optimal),1,183.359740581073,7.105427357601002e-15
2030-01-24 09:00:00,True,Optimization terminated successfully. (HiGHS Status 7: Optimal),1,220.90328865065567,0.0
2030-01-24 10:00:00,True,Optimization terminated successfully. (HiGHS Status 7: Optimal),1,170.02235662245272,0.0
2030-01-24 11:00:00,True,Optimization terminated successfully. (HiGHS Status 7: Optimal),1,110.69525996886135,0.0
2030-01-24 12:00:00,True,Optimization terminated successfully. (HiGHS Status 7: Optimal),1,89.70797005089221,0.0
2030-01-24 13:00:00,True,Optimization terminated successfully. (HiGHS Status 7: Optimal),1,47.83801223354203,0.0
2030-01-24 14:00:00,True,Optimization terminated successfully. (HiGHS Status 7: Optimal),1,183.2538039015026,0.0
2030-01-24 15:00:00,True,Optimization terminated successfully. (HiGHS Status 7: Optimal),1,201.61530054416124,0.0
2030-01-24 16:00:00,True,Optimization terminated successfully. (HiGHS Status 7: Optimal),1,185.7982233508357,0.0
2030-01-24 17:00:00,True,Optimization terminated successfully. (HiGHS Status 7: Optimal),1,177.5113977568647,0.0
2030-01-24 18:00:00,True,Optimization terminated successfully. (HiGHS Status 7: Optimal),1,167.31561927411389,0.0
2030-01-24 19:00:00,True,Optimization terminated successfully. (HiGHS Status 7: Optimal),1,157.06966315011374,0.0
2030-01-24 20:00:00,True,Optimization terminated successfully. (HiGHS Status 7: Optimal),1,137.3769885198567,0.0
2030-01-24 21:00:00,True,Optimization terminated successfully. (HiGHS Status 7: Optimal),1,94.78363765770722,0.0
2030-01-24 22:00:00,True,Optimization terminated successfully. (HiGHS Status 7: Optimal),1,140.27760923360788,0.0
2030-01-24 23:00:00,True,Optimization terminated successfully. (HiGHS Status 7: Optimal),1,104.10202801030972,0.0
2030-01-25 00:00:00,True,Optimization terminated successfully. (HiGHS Status 7: Optimal),1,54.32711818420073,3.552713678800501e-15
2030-01-25 01:00:00,True,Optimization terminated successfully. (HiGHS Status 7: Optimal),1,175.86410374517908,0.0
2030-01-25 02:00:00,True,Optimization terminated successfully. (HiGHS Status 7: Optimal),1,145.6032252446633,0.0
2030-01-25 03:00:00,True,Optimization terminated successfully. (HiGHS Status 7: Optimal),1,111.06527542134071,0.0
2030-01-25 04:00:00,True,Optimization terminated successfully. (HiGHS Status 7: Optimal),1,78.32784257736861,0.0
2030-01-25 05:00:00,True,Optimization terminated successfully. (HiGHS Status 7: Optimal),1,18.202568596815773,0.0
2030-01-26 17:00:00,True,Optimization terminated successfully. (HiGHS Status 7: Optimal),1,19.74346766126814,0.0
2030-01-26 18:00:00,True,Optimization terminated successfully. (HiGHS Status 7: Optimal),1,67.22227458701188,0.0
2030-01-26 19:00:00,True,Optimization terminated successfully. (HiGHS Status 7: Optimal),1,164.10316186179372,1.4210854715202004e-14
2030-01-26 20:00:00,True,Optimization terminated successfully. (HiGHS Status 7: Optimal),1,179.7094567944804,0.0
2030-01-26 21:00:00,True,Optimization terminated successfully. (HiGHS Status 7: Optimal),1,163.2678114081752,0.0
2030-02-01 03:00:00,True,Optimization terminated successfully. (HiGHS Status 7: Optimal),1,58.08468262667109,0.0
2030-02-01 04:00:00,True,Optimization terminated successfully. (HiGHS Status 7: Optimal),1,8.146477474330457,0.0
2030-02-01 05:00:00,True,Optimization terminated successfully. (HiGHS Status 7: Optimal),1,63.708658284534124,0.0
2030-02-01 08:00:00,True,Optimization terminated successfully. (HiGHS Status 7: Optimal),1,32.693844642752616,0.0
2030-02-01 09:00:00,True,Optimization terminated successfully. (HiGHS Status 7: Optimal),1,30.216313715603953,0.0
2030-02-01 13:00:00,True,Optimization terminated successfully. (HiGHS Status 7: Optimal),1,22.17691504425222,0.0
2030-02-03 22:00:00,True,Optimization terminated successfully. (HiGHS Status 7: Optimal),1,42.93317441202279,0.0
2030-02-03 23:00:00,True,Optimization terminated successfully. (HiGHS Status 7: Optimal),1,206.82777602239838,0.0
2030-02-04 00:00:00,True,Optimization terminated successfully. (HiGHS Status 7: Optimal),1,250.8176566701748,0.0
2030-02-04 01:00:00,True,Optimization terminated successfully. (HiGHS Status 7: Optimal),1,248.54675798182367,0.0
2030-02-04 02:00:00,True,Optimization terminated successfully. (HiGHS Status 7: Optimal),1,210.0098123255909,0.0
2030-02-04 03:00:00,True,Optimization terminated successfully. (HiGHS Status 7: Optimal),1,215.09142421797014,7.105427357601002e-15
2030-02-04 04:00:00,True,Optimization terminated successfully. (HiGHS Status 7: Optimal),1,57.950436000809916,0.0
2030-02-04 06:00:00,True,Optimization terminated successfully. (HiGHS Status 7: Optimal),1,9.30672842581492,0.0
2030-02-04 10:00:00,True,Optimization terminated successfully. (HiGHS Status 7: Optimal),1,12.290516914154086,0.0
2030-02-04 11:00:00,True,Optimization terminated successfully. (HiGHS Status 7: Optimal),1,34.1831301456938,0.0
2030-02-04 12:00:00,True,Optimization terminated successfully. (HiGHS Status 7: Optimal),1,47.97332072745928,0.0
2030-02-04 14:00:00,True,Optimization terminated successfully. (HiGHS Status 7: Optimal),1,90.56841615004011,0.0
2030-02-04 15:00:00,True,Optimization terminated successfully. (HiGHS Status 7: Optimal),1,73.18911156713106,0.0
2030-02-04 16:00:00,True,Optimization terminated successfully. (HiGHS Status 7: Optimal),1,151.58877180900768,0.0
2030-02-04 17:00:00,True,Optimization terminated successfully. (HiGHS Status 7: Optimal),1,110.38892434643103,3.552713678800501e-15
2030-02-04 18:00:00,True,Optimization terminated successfully. (HiGHS Status 7: Optimal),1,183.16020562774446,0.0
2030-02-04 19:00:00,True,Optimization terminated successfully. (HiGHS Status 7: Optimal),1,100.55054501815087,3.552713678800501e-15
2030-02-04 20:00:00,True,Optimization terminated successfully. (HiGHS Status 7: Optimal),1,127.03703452051359,0.0
2030-02-13 19:00:00,True,Optimization terminated successfully. (HiGHS Status 7: Optimal),1,167.25265163623445,0.0
2030-02-13 20:00:00,True,Optimization terminated successfully. (HiGHS Status 7: Optimal),1,112.41819984230139,0.0
2030-02-13 22:00:00,True,Optimization terminated successfully. (HiGHS Status 7: Optimal),1,63.18260639841358,0.0
2030-02-14 02:00:00,True,Optimization terminated successfully. (HiGHS Status 7: Optimal),1,4.916227099196603,0.0
2030-02-17 17:00:00,True,Optimization terminated successfully. (HiGHS Status 7: Optimal),1,125.57528134022652,0.0
2030-02-17 18:00:00,True,Optimization terminated successfully. (HiGHS Status 7: Optimal),1,163.91348630834443,0.0
2030-02-17 19:00:00,True,Optimization terminated successfully. (HiGHS Status 7: Optimal),1,166.5013336326301,7.105427357601002e-15
2030-02-17 20:00:00,True,Optimization terminated successfully. (HiGHS Status 7: Optimal),1,129.3527916213087,0.0
2030-02-17 21:00:00,True,Optimization terminated successfully. (HiGHS Status 7: Optimal),1,196.67697729784362,0.0
2030-02-17 22:00:00,True,Optimization terminated successfully. (HiGHS Status 7: Optimal),1,184.12170388979408,7.105427357601002e-15
2030-02-17 23:00:00,True,Optimization terminated successfully. (HiGHS Status 7: Optimal),1,191.74144955454508,0.0
2030-02-18 00:00:00,True,Optimization terminated successfully. (HiGHS Status 7: Optimal),1,167.2165124456902,0.0
2030-02-18 01:00:00,True,Optimization terminated successfully. (HiGHS Status 7: Optimal),1,173.62868830453274,0.0
2030-02-18 02:00:00,True,Optimization terminated successfully. (HiGHS Status 7: Optimal),1,178.00117516306005,0.0
2030-02-18 03:00:00,True,Optimization terminated successfully. (HiGHS Status 7: Optimal),1,178.78206285259088,7.105427357601002e-15
2030-02-18 04:00:00,True,Optimization terminated successfully. (HiGHS Status 7: Optimal),1,150.16202620967798,0.0
2030-02-18 05:00:00,True,Optimization terminated successfully. (HiGHS Status 7: Optimal),1,214.28669729810812,0.0
2030-02-18 06:00:00,True,Optimization terminated successfully. (HiGHS Status 7: Optimal),1,209.89414424359202,0.0
2030-02-18 07:00:00,True,Optimization terminated successfully. (HiGHS Status 7: Optimal),1,192.3721966354187,0.0
2030-02-18 08:00:00,True,Optimization terminated successfully. (HiGHS Status 7: Optimal),1,167.0677976179285,0.0
2030-02-18 09:00:00,True,Optimization terminated successfully. (HiGHS Status 7: Optimal),1,179.71118034069954,0.0
2030-02-18 10:00:00,True,Optimization terminated successfully. (HiGHS Status 7: Optimal),1,191.91770500340496,0.0
2030-02-18 11:00:00,True,Optimization terminated successfully. (HiGHS Status 7: Optimal),1,139.62272685925748,0.0
2030-02-18 12:00:00,True,Optimization terminated successfully. (HiGHS Status 7: Optimal),1,132.46598659514325,0.0
2030-02-18 13:00:00,True,Optimization terminated successfully. (HiGHS Status 7: Optimal),1,139.47400224575546,7.105427357601002e-15
2030-02-18 14:00:00,True,Optimization terminated successfully. (HiGHS Status 7: Optimal),1,174.49029569106492,0.0
2030-02-18 15:00:00,True,Optimization terminated successfully. (HiGHS Status 7: Optimal),1,147.39657823101194,0.0
2030-02-18 16:00:00,True,Optimization terminated successfully. (HiGHS Status 7: Optimal),1,123.44928679887076,0.0
2030-02-18 17:00:00,True,Optimization terminated successfully. (HiGHS Status 7: Optimal),1,80.8694230459638,0.0
2030-02-18 18:00:00,True,Optimization terminated successfully. (HiGHS Status 7: Optimal),1,158.74476275608902,0.0
2030-02-18 19:00:00,True,Optimization terminated successfully. (HiGHS Status 7: Optimal),1,159.91059288751396,0.0
2030-02-18 20:00:00,True,Optimization terminated successfully. (HiGHS Status 7: Optimal),1,155.43812140654563,1.4210854715202004e-14
2030-02-18 21:00:00,True,Optimization terminated successfully. (HiGHS Status 7: Optimal),1,165.94236245879043,0.0
2030-02-18 22:00:00,True,Optimization terminated successfully. (HiGHS Status 7: Optimal),1,124.01058107954007,7.105427357601002e-15
2030-02-18 23:00:00,True,Optimization terminated successfully. (HiGHS Status 7: Optimal),1,139.65331911196262,0.0
2030-02-19 00:00:00,True,Optimization terminated successfully. (HiGHS Status 7: Optimal),1,99.4764684345682,0.0
2030-02-19 01:00:00,True,Optimization terminated successfully. (HiGHS Status 7: Optimal),1,78.70448771312242,0.0
2030-02-19 02:00:00,True,Optimization terminated successfully. (HiGHS Status 7: Optimal),1,90.77979233435225,0.0
2030-02-19 03:00:00,True,Optimization terminated successfully. (HiGHS Status 7: Optimal),1,75.58354615462892,0.0
2030-02-19 04:00:00,True,Optimization terminated successfully. (HiGHS Status 7: Optimal),1,67.83661604992234,0.0
2030-02-19 05:00:00,True,Optimization terminated successfully. (HiGHS Status 7: Optimal),1,94.12373767977122,3.552713678800501e-15
2030-02-19 06:00:00,True,Optimization terminated successfully. (HiGHS Status 7: Optimal),1,100.50319785591114,3.552713678800501e-15
2030-02-19 07:00:00,True,Optimization terminated successfully. (HiGHS Status 7: Optimal),1,73.63809452195503,3.552713678800501e-15
2030-02-19 08:00:00,True,Optimization terminated successfully. (HiGHS Status 7: Optimal),1,26.966199368863286,0.0
2030-02-19 09:00:00,True,Optimization terminated successfully. (HiGHS Status 7: Optimal),1,52.264473322833275,0.0
2030-02-19 10:00:00,True,Optimization terminated successfully. (HiGHS Status 7: Optimal),1,60.71633367864421,0.0
2030-02-19 11:00:00,True,Optimization terminated successfully. (HiGHS Status 7: Optimal),1,87.26047069840682,0.0
2030-02-19 12:00:00,True,Optimization terminated successfully. (HiGHS Status 7: Optimal),1,126.6990241129903,7.105427357601002e-15
2030-02-19 13:00:00,True,Optimization terminated successfully. (HiGHS Status 7: Optimal),1,63.26873394684938,0.0
2030-02-19 15:00:00,True,Optimization terminated successfully. (HiGHS Status 7: Optimal),1,59.186933399303435,0.0
2030-02-19 16:00:00,True,Optimization terminated successfully. (HiGHS Status 7: Optimal),1,95.01037645038573,3.552713678800501e-15
2030-02-19 17:00:00,True,Optimization terminated successfully. (HiGHS Status 7: Optimal),1,148.06417773383046,0.0
2030-02-19 18:00:00,True,Optimization terminated successfully. (HiGHS Status 7: Optimal),1,144.4448735624853,0.0
2030-02-19 19:00:00,True,Optimization terminated successfully. (HiGHS Status 7: Optimal),1,164.19943576302083,7.105427357601002e-15
2030-02-19 20:00:00,True,Optimization terminated successfully. (HiGHS Status 7: Optimal),1,148.37900308681702,7.105427357601002e-15
2030-02-19 21:00:00,True,Optimization terminated successfully. (HiGHS Status 7: Optimal),1,180.31941084531383,0.0
2030-02-19 22:00:00,True,Optimization terminated successfully. (HiGHS Status 7: Optimal),1,157.91965632428042,0.0
2030-02-19 23:00:00,True,Optimization terminated successfully. (HiGHS Status 7: Optimal),1,109.57246851063712,0.0
2030-02-20 00:00:00,True,Optimization terminated successfully. (HiGHS Status 7: Optimal),1,95.53484050115131,3.552713678800501e-15
2030-02-20 01:00:00,True,Optimization terminated successfully. (HiGHS Status 7: Optimal),1,114.2459456530348,0.0
2030-02-20 02:00:00,True,Optimization terminated successfully. (HiGHS Status 7: Optimal),1,122.16220881990263,0.0
2030-02-20 03:00:00,True,Optimization terminated successfully. (HiGHS Status 7: Optimal),1,88.84224516142216,0.0
2030-02-20 04:00:00,True,Optimization terminated successfully. (HiGHS Status 7: Optimal),1,102.61575906840844,3.552713678800501e-15
2030-02-20 05:00:00,True,Optimization terminated successfully. (HiGHS Status 7: Optimal),1,60.48069469604575,0.0
2030-02-20 06:00:00,True,Optimization terminated successfully. (HiGHS Status 7: Optimal),1,52.23977512722847,0.0
2030-02-20 07:00:00,True,Optimization terminated successfully. (HiGHS Status 7: Optimal),1,66.31746761831143,0.0
2030-02-20 10:00:00,True,Optimization terminated successfully. (HiGHS Status 7: Optimal),1,75.42353347930552,0.0
2030-02-20 11:00:00,True,Optimization terminated successfully. (HiGHS Status 7: Optimal),1,147.6079922496422,0.0
2030-02-20 12:00:00,True,Optimization terminated successfully. (HiGHS Status 7: Optimal),1,51.15219593401058,0.0
2030-02-21 03:00:00,True,Optimization terminated successfully. (HiGHS Status 7: Optimal),1,3.0437412509380932,0.0
2030-02-21 06:00:00,True,Optimization terminated successfully. (HiGHS Status 7: Optimal),1,20.870192864722622,0.0
2030-02-25 03:00:00,True,Optimization terminated successfully. (HiGHS Status 7: Optimal),1,69.3487106092436,0.0
2030-02-25 04:00:00,True,Optimization terminated successfully. (HiGHS Status 7: Optimal),1,6.18736650101856,0.0
2030-02-25 05:00:00,True,Optimization terminated successfully. (HiGHS Status 7: Optimal),1,173.90580387444396,0.0
2030-02-25 06:00:00,True,Optimization terminated successfully. (HiGHS Status 7: Optimal),1,137.11549151135083,0.0
2030-02-25 07:00:00,True,Optimization terminated successfully. (HiGHS Status 7: Optimal),1,157.21951865213194,0.0
2030-02-25 08:00:00,True,Optimization terminated successfully. (HiGHS Status 7: Optimal),1,169.7150835504064,7.105427357601002e-15
2030-02-25 09:00:00,True,Optimization terminated successfully. (HiGHS Status 7: Optimal),1,135.31455548379523,0.0
2030-02-25 10:00:00,True,Optimization terminated successfully. (HiGHS Status 7: Optimal),1,105.8830026956295,0.0
2030-02-25 11:00:00,True,Optimization terminated successfully. (HiGHS Status 7: Optimal),1,150.18874773664146,0.0
2030-02-25 12:00:00,True,Optimization terminated successfully. (HiGHS Status 7: Optimal),1,154.64377173920838,7.105427357601002e-15
2030-02-25 13:00:00,True,Optimization terminated successfully. (HiGHS Status 7: Optimal),1,149.97529879557743,0.0
2030-02-25 14:00:00,True,Optimization terminated successfully. (HiGHS Status 7: Optimal),1,131.89980121019946,0.0
2030-02-25 15:00:00,True,Optimization terminated successfully. (HiGHS Status 7: Optimal),1,124.64110703771254,7.105427357601002e-15
2030-02-25 16:00:00,True,Optimization terminated successfully. (HiGHS Status 7: Optimal),1,104.28339467466219,0.0
2030-02-25 17:00:00,True,Optimization terminated successfully. (HiGHS Status 7: Optimal),1,138.48669589845412,0.0
2030-02-25 18:00:00,True,Optimization terminated successfully. (HiGHS Status 7: Optimal),1,105.86501250422187,0.0
2030-02-25 19:00:00,True,Optimization terminated successfully. (HiGHS Status 7: Optimal),1,106.44545912916763,0.0
2030-02-25 20:00:00,True,Optimization terminated successfully. (HiGHS Status 7: Optimal),1,135.29080304332342,7.105427357601002e-15
2030-02-25 21:00:00,True,Optimization terminated successfully. (HiGHS Status 7: Optimal),1,99.4858653560689,0.0
2030-02-25 22:00:00,True,Optimization terminated successfully. (HiGHS Status 7: Optimal),1,125.8868103649625,0.0
2030-02-25 23:00:00,True,Optimization terminated successfully. (HiGHS Status 7: Optimal),1,112.90251428970465,0.0
2030-02-26 00:00:00,True,Optimization terminated successfully. (HiGHS Status 7: Optimal),1,111.51688017634531,0.0
2030-02-26 01:00:00,True,Optimization terminated successfully. (HiGHS Status 7: Optimal),1,112.80787686545324,0.0
2030-02-26 02:00:00,True,Optimization terminated successfully. (HiGHS Status 7: Optimal),1,89.00505214145657,0.0
2030-02-26 03:00:00,True,Optimization terminated successfully. (HiGHS Status 7: Optimal),1,45.34263432088367,0.0
2030-02-26 04:00:00,True,Optimization terminated successfully. (HiGHS Status 7: Optimal),1,63.082239542134886,0.0
2030-02-26 05:00:00,True,Optimization terminated successfully. (HiGHS Status 7: Optimal),1,12.490034829402465,0.0
2030-02-26 06:00:00,True,Optimization terminated successfully. (HiGHS Status 7: Optimal),1,42.126484503920146,0.0
2030-02-26 10:00:00,True,Optimization terminated successfully. (HiGHS Status 7: Optimal),1,68.38944425017048,0.0
2030-02-26 11:00:00,True,Optimization terminated successfully. (HiGHS Status 7: Optimal),1,55.24570398075133,0.0
2030-02-26 13:00:00,True,Optimization terminated successfully. (HiGHS Status 7: Optimal),1,4.225618216667026,0.0
2030-02-26 14:00:00,True,Optimization terminated successfully. (HiGHS Status 7: Optimal),1,45.70919501487029,0.0
2030-02-26 15:00:00,True,Optimization terminated successfully. (HiGHS Status 7: Optimal),1,47.04992878191402,0.0
2030-02-26 16:00:00,True,Optimization terminated successfully. (HiGHS Status 7: Optimal),1,88.63305353181337,3.552713678800501e-15
2030-02-26 17:00:00,True,Optimization terminated successfully. (HiGHS Status 7: Optimal),1,32.074309938869334,0.0
2030-02-26 21:00:00,True,Optimization terminated successfully. (HiGHS Status 7: Optimal),1,9.37706623192863,0.0
2030-02-26 22:00:00,True,Optimization terminated successfully. (HiGHS Status 7: Optimal),1,24.912534693589713,0.0
2030-02-26 23:00:00,True,Optimization terminated successfully. (HiGHS Status 7: Optimal),1,6.567850634076571,0.0
2030-02-27 01:00:00,True,Optimization terminated successfully. (HiGHS Status 7: Optimal),1,3.7279864024585154,0.0
2030-02-27 05:00:00,True,Optimization terminated successfully. (HiGHS Status 7: Optimal),1,18.348857676245206,0.0
2030-02-27 18:00:00,True,Optimization terminated successfully. (HiGHS Status 7: Optimal),1,9.93703299723758,0.0
2030-02-28 12:00:00,True,Optimization terminated successfully. (HiGHS Status 7: Optimal),1,111.51867230129595,0.0
2030-02-28 14:00:00,True,Optimization terminated successfully. (HiGHS Status 7: Optimal),1,41.21879732979531,0.0
2030-02-28 15:00:00,True,Optimization terminated successfully. (HiGHS Status 7: Optimal),1,3.6224583936163786,0.0
2030-02-28 20:00:00,True,Optimization terminated successfully. (HiGHS Status 7: Optimal),1,10.626805168825065,0.0
2030-02-28 22:00:00,True,Optimization terminated successfully. (HiGHS Status 7: Optimal),1,22.541919206656654,8.881784197001252e-16
2030-02-28 23:00:00,True,Optimization terminated successfully. (HiGHS Status 7: Optimal),1,57.30640818692355,0.0
2030-03-01 00:00:00,True,Optimization terminated successfully. (HiGHS Status 7: Optimal),1,93.0948682090409,3.552713678800501e-15
2030-03-01 01:00:00,True,Optimization terminated successfully. (HiGHS Status 7: Optimal),1,158.8715958580918,0.0
2030-03-01 02:00:00,True,Optimization terminated successfully. (HiGHS Status 7: Optimal),1,144.95111803249645,0.0
2030-03-01 03:00:00,True,Optimization terminated successfully. (HiGHS Status 7: Optimal),1,102.34171170541109,0.0
2030-03-01 09:00:00,True,Optimization terminated successfully. (HiGHS Status 7: Optimal),1,23.862666360815805,0.0
2030-03-01 11:00:00,True,Optimization terminated successfully. (HiGHS Status 7: Optimal),1,28.00735932206452,0.0
2030-03-01 12:00:00,True,Optimization terminated successfully. (HiGHS Status 7: Optimal),1,77.57188023758312,0.0
2030-03-01 13:00:00,True,Optimization terminated successfully. (HiGHS Status 7: Optimal),1,24.75285437982522,0.0
2030-03-01 14:00:00,True,Optimization terminated successfully. (HiGHS Status 7: Optimal),1,50.059521001001414,0.0
2030-03-01 15:00:00,True,Optimization terminated successfully. (HiGHS Status 7: Optimal),1,38.467024896630015,0.0
2030-03-01 16:00:00,True,Optimization terminated successfully. (HiGHS Status 7: Optimal),1,64.62101942460414,0.0
2030-03-01 17:00:00,True,Optimization terminated successfully. (HiGHS Status 7: Optimal),1,154.96279137710576,7.105427357601002e-15
2030-03-01 18:00:00,True,Optimization terminated successfully. (HiGHS Status 7: Optimal),1,120.19430107384562,0.0
2030-03-01 19:00:00,True,Optimization terminated successfully. (HiGHS Status 7: Optimal),1,37.38337573145633,0.0
2030-03-01 20:00:00,True,Optimization terminated successfully. (HiGHS Status 7: Optimal),1,21.443584896438573,8.881784197001252e-16
2030-03-02 05:00:00,True,Optimization terminated successfully. (HiGHS Status 7: Optimal),1,10.147870391256571,0.0
2030-03-02 06:00:00,True,Optimization terminated successfully. (HiGHS Status 7: Optimal),1,5.695378655940878,0.0
2030-03-02 07:00:00,True,Optimization terminated successfully. (HiGHS Status 7: Optimal),1,78.22085710601004,0.0
2030-03-04 05:00:00,True,Optimization terminated successfully. (HiGHS Status 7: Optimal),1,45.00532614496296,0.0
2030-03-04 06:00:00,True,Optimization terminated successfully. (HiGHS Status 7: Optimal),1,3.293413954772246,0.0
2030-03-04 09:00:00,True,Optimization terminated successfully. (HiGHS Status 7: Optimal),1,101.93313277944625,3.552713678800501e-15
2030-03-04 10:00:00,True,Optimization terminated successfully. (HiGHS Status 7: Optimal),1,48.62519991567595,0.0
2030-03-04 11:00:00,True,Optimization terminated successfully. (HiGHS Status 7: Optimal),1,184.96373885657175,7.105427357601002e-15
2030-03-04 12:00:00,True,Optimization terminated successfully. (HiGHS Status 7: Optimal),1,70.58003687029888,0.0
2030-03-04 21:00:00,True,Optimization terminated successfully. (HiGHS Status 7: Optimal),1,19.059596821103135,0.0
2030-03-04 23:00:00,True,Optimization terminated successfully. (HiGHS Status 7: Optimal),1,15.502412916576574,0.0
2030-03-05 12:00:00,True,Optimization terminated successfully. (HiGHS Status 7: Optimal),1,40.24978195848086,0.0
2030-03-06 18:00:00,True,Optimization terminated successfully. (HiGHS Status 7: Optimal),1,90.64037784677068,0.0
2030-03-06 19:00:00,True,Optimization terminated successfully. (HiGHS Status 7: Optimal),1,162.58599453763404,7.105427357601002e-15
2030-03-06 20:00:00,True,Optimization terminated successfully. (HiGHS Status 7: Optimal),1,156.83603559095545,0.0
2030-03-06 21:00:00,True,Optimization terminated successfully. (HiGHS Status 7: Optimal),1,180.0071906115147,0.0
2030-03-06 22:00:00,True,Optimization terminated successfully. (HiGHS Status 7: Optimal),1,192.337971725136,0.0
2030-03-06 23:00:00,True,Optimization terminated successfully. (HiGHS Status 7: Optimal),1,159.56194827974565,0.0
2030-03-07 00:00:00,True,Optimization terminated successfully. (HiGHS Status 7: Optimal),1,145.07986648373716,0.0
2030-03-07 01:00:00,True,Optimization terminated successfully. (HiGHS Status 7: Optimal),1,60.77164018585611,3.552713678800501e-15
2030-03-07 02:00:00,True,Optimization terminated successfully. (HiGHS Status 7: Optimal),1,86.47442651711117,0.0
2030-03-07 03:00:00,True,Optimization terminated successfully. (HiGHS Status 7: Optimal),1,52.786802255754985,0.0
2030-03-07 04:00:00,True,Optimization terminated successfully. (HiGHS Status 7: Optimal),1,56.85748373693471,0.0
2030-03-07 05:00:00,True,Optimization terminated successfully. (HiGHS Status 7: Optimal),1,96.42682207740103,0.0
2030-03-07 06:00:00,True,Optimization terminated successfully. (HiGHS Status 7: Optimal),1,89.17656424450962,0.0
2030-03-07 07:00:00,True,Optimization terminated successfully. (HiGHS Status 7: Optimal),1,121.63196816934311,0.0
2030-03-07 08:00:00,True,Optimization terminated successfully. (HiGHS Status 7: Optimal),1,90.9176428433099,0.0
2030-03-07 09:00:00,True,Optimization terminated successfully. (HiGHS Status 7: Optimal),1,77.91080170418982,0.0
2030-03-07 10:00:00,True,Optimization terminated successfully. (HiGHS Status 7: Optimal),1,88.59713036526185,0.0
2030-03-07 11:00:00,True,Optimization terminated successfully. (HiGHS Status 7: Optimal),1,10.335193936039415,0.0
2030-03-08 03:00:00,True,Optimization terminated successfully. (HiGHS Status 7: Optimal),1,99.53474346469633,0.0
2030-03-08 04:00:00,True,Optimization terminated successfully. (HiGHS Status 7: Optimal),1,187.7844646490892,7.105427357601002e-15
2030-03-08 05:00:00,True,Optimization terminated successfully. (HiGHS Status 7: Optimal),1,64.16892322058737,3.552713678800501e-15
2030-03-08 06:00:00,True,Optimization terminated successfully. (HiGHS Status 7: Optimal),1,17.519158410584485,0.0
2030-03-08 07:00:00,True,Optimization terminated successfully. (HiGHS Status 7: Optimal),1,32.4498485979739,0.0
2030-03-08 08:00:00,True,Optimization terminated successfully. (HiGHS Status 7: Optimal),1,156.65053454301423,0.0
2030-03-08 09:00:00,True,Optimization terminated successfully. (HiGHS Status 7: Optimal),1,160.1046285732066,0.0
2030-03-08 10:00:00,True,Optimization terminated successfully. (HiGHS Status 7: Optimal),1,172.68933626986166,0.0
2030-03-08 11:00:00,True,Optimization terminated successfully. (HiGHS Status 7: Optimal),1,141.56567989069669,0.0
2030-03-08 12:00:00,True,Optimization terminated successfully. (HiGHS Status 7: Optimal),1,170.37178665154,7.105427357601002e-15
2030-03-08 13:00:00,True,Optimization terminated successfully. (HiGHS Status 7: Optimal),1,133.87605214741913,0.0
2030-03-08 14:00:00,True,Optimization terminated successfully. (HiGHS Status 7: Optimal),1,143.19239350813754,0.0
2030-03-08 15:00:00,True,Optimization terminated successfully. (HiGHS Status 7: Optimal),1,185.10727684470342,0.0
2030-03-08 16:00:00,True,Optimization terminated successfully. (HiGHS Status 7: Optimal),1,185.29178798644813,0.0
2030-03-08 17:00:00,True,Optimization terminated successfully. (HiGHS Status 7: Optimal),1,182.04535457149683,0.0
2030-03-08 18:00:00,True,Optimization terminated successfully. (HiGHS Status 7: Optimal),1,179.61929456160237,0.0
2030-03-08 19:00:00,True,Optimization terminated successfully. (HiGHS Status 7: Optimal),1,183.42727569169023,7.105427357601002e-15
2030-03-08 20:00:00,True,Optimization terminated successfully. (HiGHS Status 7: Optimal),1,199.45469271307667,0.0
2030-03-08 21:00:00,True,Optimization terminated successfully. (HiGHS Status 7: Optimal),1,187.27076425159837,7.105427357601002e-15
2030-03-08 22:00:00,True,Optimization terminated successfully. (HiGHS Status 7: Optimal),1,185.93620644029215,0.0
2030-03-08 23:00:00,True,Optimization terminated successfully. (HiGHS Status 7: Optimal),1,205.0245374962526,0.0
2030-03-09 00:00:00,True,Optimization terminated successfully. (HiGHS Status 7: Optimal),1,237.9477998561057,1.4210854715202004e-14
2030-03-09 01:00:00,True,Optimization terminated successfully. (HiGHS Status 7: Optimal),1,218.11389766363553,0.0
2030-03-09 02:00:00,True,Optimization terminated successfully. (HiGHS Status 7: Optimal),1,188.97926950698525,0.0
2030-03-09 03:00:00,True,Optimization terminated successfully. (HiGHS Status 7: Optimal),1,190.52502807500935,0.0
2030-03-09 04:00:00,True,Optimization terminated successfully. (HiGHS Status 7: Optimal),1,229.03689149189782,0.0
2030-03-09 05:00:00,True,Optimization terminated successfully. (HiGHS Status 7: Optimal),1,113.56736170186167,0.0
2030-03-09 06:00:00,True,Optimization terminated successfully. (HiGHS Status 7: Optimal),1,52.628972366654565,0.0
2030-03-09 07:00:00,True,Optimization terminated successfully. (HiGHS Status 7: Optimal),1,157.89159593449935,0.0
2030-03-09 08:00:00,True,Optimization terminated successfully. (HiGHS Status 7: Optimal),1,179.21336828021427,0.0
2030-03-09 09:00:00,True,Optimization terminated successfully. (HiGHS Status 7: Optimal),1,183.68143198195187,0.0
2030-03-09 10:00:00,True,Optimization terminated successfully. (HiGHS Status 7: Optimal),1,130.78871693757353,0.0
2030-03-09 11:00:00,True,Optimization terminated successfully. (HiGHS Status 7: Optimal),1,85.08267656476615,3.552713678800501e-15
2030-03-09 12:00:00,True,Optimization terminated successfully. (HiGHS Status 7: Optimal),1,42.51829522373806,0.0
2030-03-09 13:00:00,True,Optimization terminated successfully. (HiGHS Status 7: Optimal),1,152.04893705936357,0.0
2030-03-09 14:00:00,True,Optimization terminated successfully. (HiGHS Status 7: Optimal),1,211.15895868954306,0.0
2030-03-09 15:00:00,True,Optimization terminated successfully. (HiGHS Status 7: Optimal),1,195.69801633279417,0.0
2030-03-09 16:00:00,True,Optimization terminated successfully. (HiGHS Status 7: Optimal),1,119.2699148356676,0.0
2030-03-09 17:00:00,True,Optimization terminated successfully. (HiGHS Status 7: Optimal),1,117.02510924573444,0.0
2030-03-10 05:00:00,True,Optimization terminated successfully. (HiGHS Status 7: Optimal),1,128.07225577653224,0.0
2030-03-10 17:00:00,True,Optimization terminated successfully. (HiGHS Status 7: Optimal),1,7.907595208098808,0.0
2030-03-10 18:00:00,True,Optimization terminated successfully. (HiGHS Status 7: Optimal),1,141.0398787053358,0.0
2030-03-10 19:00:00,True,Optimization terminated successfully. (HiGHS Status 7: Optimal),1,186.4053556904976,0.0
2030-03-10 20:00:00,True,Optimization terminated successfully. (HiGHS Status 7: Optimal),1,170.7747834362277,0.0
2030-03-10 21:00:00,True,Optimization terminated successfully. (HiGHS Status 7: Optimal),1,209.94277649861667,0.0
2030-03-10 22:00:00,True,Optimization terminated successfully. (HiGHS Status 7: Optimal),1,212.5003717828123,0.0
2030-03-10 23:00:00,True,Optimization terminated successfully. (HiGHS Status 7: Optimal),1,206.2912607747726,0.0
2030-03-11 00:00:00,True,Optimization terminated successfully. (HiGHS Status 7: Optimal),1,175.8816767153372,0.0
2030-03-11 01:00:00,True,Optimization terminated successfully. (HiGHS Status 7: Optimal),1,206.7746179010625,0.0
2030-03-11 02:00:00,True,Optimization terminated successfully. (HiGHS Status 7: Optimal),1,205.9626388133547,7.105427357601002e-15
2030-03-11 03:00:00,True,Optimization terminated successfully. (HiGHS Status 7: Optimal),1,231.2089309473663,1.4210854715202004e-14
2030-03-11 04:00:00,True,Optimization terminated successfully. (HiGHS Status 7: Optimal),1,206.94594756391487,0.0
2030-03-11 05:00:00,True,Optimization terminated successfully. (HiGHS Status 7: Optimal),1,220.48251758467788,7.105427357601002e-15
2030-03-11 06:00:00,True,Optimization terminated successfully. (HiGHS Status 7: Optimal),1,198.37702670723453,0.0
2030-03-11 07:00:00,True,Optimization terminated successfully. (HiGHS Status 7: Optimal),1,161.8542899922268,7.105427357601002e-15
2030-03-11 08:00:00,True,Optimization terminated successfully. (HiGHS Status 7: Optimal),1,126.20874794116123,0.0
2030-03-11 09:00:00,True,Optimization terminated successfully. (HiGHS Status 7: Optimal),1,150.12458751460932,0.0
2030-03-11 10:00:00,True,Optimization terminated successfully. (HiGHS Status 7: Optimal),1,121.59054597132399,0.0
2030-03-11 11:00:00,True,Optimization terminated successfully. (HiGHS Status 7: Optimal),1,146.12519384236677,0.0
2030-03-11 12:00:00,True,Optimization terminated successfully. (HiGHS Status 7: Optimal),1,137.65373799642552,0.0
2030-03-11 13:00:00,True,Optimization terminated successfully. (HiGHS Status 7: Optimal),1,75.5598079209293,0.0
2030-03-11 14:00:00,True,Optimization terminated successfully. (HiGHS Status 7: Optimal),1,87.46698410041364,0.0
2030-03-11 15:00:00,True,Optimization terminated successfully. (HiGHS Status 7: Optimal),1,123.95215615940916,0.0
2030-03-11 16:00:00,True,Optimization terminated successfully. (HiGHS Status 7: Optimal),1,87.18080588482229,0.0
2030-03-11 17:00:00,True,Optimization terminated successfully. (HiGHS Status 7: Optimal),1,113.0739890962379,3.552713678800501e-15
2030-03-11 18:00:00,True,Optimization terminated successfully. (HiGHS Status 7: Optimal),1,114.58675775441783,0.0
2030-03-11 19:00:00,True,Optimization terminated successfully. (HiGHS Status 7: Optimal),1,127.6472102338169,0.0
2030-03-11 20:00:00,True,Optimization terminated successfully. (HiGHS Status 7: Optimal),1,188.1275015510408,0.0
2030-03-11 21:00:00,True,Optimization terminated successfully. (HiGHS Status 7: Optimal),1,199.36553844564918,0.0
2030-03-11 22:00:00,True,Optimization terminated successfully. (HiGHS Status 7: Optimal),1,157.49407824740925,7.105427357601002e-15
2030-03-11 23:00:00,True,Optimization terminated successfully. (HiGHS Status 7: Optimal),1,196.6345645438632,0.0
2030-03-12 00:00:00,True,Optimization terminated successfully. (HiGHS Status 7: Optimal),1,183.40641482619367,0.0
2030-03-12 01:00:00,True,Optimization terminated successfully. (HiGHS Status 7: Optimal),1,159.4000332813416,0.0
2030-03-12 02:00:00,True,Optimization terminated successfully. (HiGHS Status 7: Optimal),1,167.85040084279953,0.0
2030-03-12 03:00:00,True,Optimization terminated successfully. (HiGHS Status 7: Optimal),1,228.72608082973673,0.0
2030-03-12 04:00:00,True,Optimization terminated successfully. (HiGHS Status 7: Optimal),1,245.2378838034978,0.0
2030-03-12 05:00:00,True,Optimization terminated successfully. (HiGHS Status 7: Optimal),1,238.7980785234122,0.0
2030-03-12 06:00:00,True,Optimization terminated successfully. (HiGHS Status 7: Optimal),1,216.53336927142686,0.0
2030-03-12 07:00:00,True,Optimization terminated successfully. (HiGHS Status 7: Optimal),1,187.94725658692383,0.0
2030-03-12 08:00:00,True,Optimization terminated successfully. (HiGHS Status 7: Optimal),1,196.30847518046426,0.0
2030-03-12 09:00:00,True,Optimization terminated successfully. (HiGHS Status 7: Optimal),1,163.5658101159917,0.0
2030-03-12 10:00:00,True,Optimization terminated successfully. (HiGHS Status 7: Optimal),1,167.506737803847,0.0
2030-03-12 11:00:00,True,Optimization terminated successfully. (HiGHS Status 7: Optimal),1,186.58229605441417,0.0
2030-03-12 12:00:00,True,Optimization terminated successfully. (HiGHS Status 7: Optimal),1,207.56704235367917,0.0
2030-03-12 13:00:00,True,Optimization terminated successfully. (HiGHS Status 7: Optimal),1,209.45343556646117,0.0
2030-03-12 14:00:00,True,Optimization terminated successfully. (HiGHS Status 7: Optimal),1,199.62637318684622,0.0
2030-03-12 15:00:00,True,Optimization terminated successfully. (HiGHS Status 7: Optimal),1,194.58767139745078,0.0
2030-03-12 16:00:00,True,Optimization terminated successfully. (HiGHS Status 7: Optimal),1,192.6350497766817,1.4210854715202004e-14
2030-03-12 17:00:00,True,Optimization terminated successfully. (HiGHS Status 7: Optimal),1,169.7046471486929,0.0
2030-03-12 18:00:00,True,Optimization terminated successfully. (HiGHS Status 7: Optimal),1,165.4695214513648,0.0
2030-03-12 19:00:00,True,Optimization terminated successfully. (HiGHS Status 7: Optimal),1,187.25277707678433,0.0
2030-03-12 20:00:00,True,Optimization terminated successfully. (HiGHS Status 7: Optimal),1,197.14868955802103,0.0
2030-03-12 21:00:00,True,Optimization terminated successfully. (HiGHS Status 7: Optimal),1,170.40969933233762,0.0
2030-03-12 22:00:00,True,Optimization terminated successfully. (HiGHS Status 7: Optimal),1,147.7707076251308,0.0
2030-03-12 23:00:00,True,Optimization terminated successfully. (HiGHS Status 7: Optimal),1,221.02411900462906,0.0
2030-03-13 00:00:00,True,Optimization terminated successfully. (HiGHS Status 7: Optimal),1,241.55106572318041,0.0
2030-03-13 01:00:00,True,Optimization terminated successfully. (HiGHS Status 7: Optimal),1,245.8207614170638,7.105427357601002e-15
2030-03-13 02:00:00,True,Optimization terminated successfully. (HiGHS Status 7: Optimal),1,225.8200991521423,0.0
2030-03-13 03:00:00,True,Optimization terminated successfully. (HiGHS Status 7: Optimal),1,194.3653311376736,7.105427357601002e-15
2030-03-13 04:00:00,True,Optimization terminated successfully. (HiGHS Status 7: Optimal),1,234.47361867105266,1.4210854715202004e-14
2030-03-13 05:00:00,True,Optimization terminated successfully. (HiGHS Status 7: Optimal),1,224.67897866254793,0.0
2030-03-13 06:00:00,True,Optimization terminated successfully. (HiGHS Status 7: Optimal),1,212.29610458503834,0.0
2030-03-13 07:00:00,True,Optimization terminated successfully. (HiGHS Status 7: Optimal),1,226.79517523653567,7.105427357601002e-15
2030-03-13 08:00:00,True,Optimization terminated successfully. (HiGHS Status 7: Optimal),1,212.92404935989921,7.105427357601002e-15
2030-03-13 09:00:00,True,Optimization terminated successfully. (HiGHS Status 7: Optimal),1,170.2814761585361,0.0
2030-03-13 10:00:00,True,Optimization terminated successfully. (HiGHS Status 7: Optimal),1,157.1181581384628,0.0
2030-03-13 11:00:00,True,Optimization terminated successfully. (HiGHS Status 7: Optimal),1,147.18416415179954,0.0
2030-03-13 12:00:00,True,Optimization terminated successfully. (HiGHS Status 7: Optimal),1,132.10211636623552,0.0
2030-03-13 13:00:00,True,Optimization terminated successfully. (HiGHS Status 7: Optimal),1,91.23222883527302,0.0
2030-03-13 14:00:00,True,Optimization terminated successfully. (HiGHS Status 7: Optimal),1,48.70530011829959,0.0
2030-03-13 15:00:00,True,Optimization terminated successfully. (HiGHS Status 7: Optimal),1,9.009399328018524,0.0
2030-03-19 17:00:00,True,Optimization terminated successfully. (HiGHS Status 7: Optimal),1,12.44511219644946,0.0
2030-03-19 18:00:00,True,Optimization terminated successfully. (HiGHS Status 7: Optimal),1,21.17581941854676,0.0
2030-03-19 19:00:00,True,Optimization terminated successfully. (HiGHS Status 7: Optimal),1,56.08363596514297,0.0
2030-03-19 20:00:00,True,Optimization terminated successfully. (HiGHS Status 7: Optimal),1,69.93428046993195,0.0
2030-03-19 21:00:00,True,Optimization terminated successfully. (HiGHS Status 7: Optimal),1,153.1061077426671,0.0
2030-03-19 22:00:00,True,Optimization terminated successfully. (HiGHS Status 7: Optimal),1,160.0726871244882,0.0
2030-03-19 23:00:00,True,Optimization terminated successfully. (HiGHS Status 7: Optimal),1,215.89761427574396,0.0
2030-03-20 00:00:00,True,Optimization terminated successfully. (HiGHS Status 7: Optimal),1,170.84479339527147,0.0
2030-03-20 01:00:00,True,Optimization terminated successfully. (HiGHS Status 7: Optimal),1,80.76497962611961,0.0
2030-03-20 02:00:00,True,Optimization terminated successfully. (HiGHS Status 7: Optimal),1,115.63742646014992,7.105427357601002e-15
2030-03-20 03:00:00,True,Optimization terminated successfully. (HiGHS Status 7: Optimal),1,28.44958954061471,0.0
2030-03-20 09:00:00,True,Optimization terminated successfully. (HiGHS Status 7: Optimal),1,116.50305076590249,0.0
2030-03-22 02:00:00,True,Optimization terminated successfully. (HiGHS Status 7: Optimal),1,2.7499202662644517,0.0
2030-03-22 14:00:00,True,Optimization terminated successfully. (HiGHS Status 7: Optimal),1,37.3577002734043,0.0
2030-03-22 15:00:00,True,Optimization terminated successfully. (HiGHS Status 7: Optimal),1,125.19741210414448,3.552713678800501e-15
2030-03-22 16:00:00,True,Optimization terminated successfully. (HiGHS Status 7: Optimal),1,75.0227554548547,0.0
2030-03-22 17:00:00,True,Optimization terminated successfully. (HiGHS Status 7: Optimal),1,6.634527265038999,0.0
2030-03-22 18:00:00,True,Optimization terminated successfully. (HiGHS Status 7: Optimal),1,11.410862694727832,0.0
2030-03-27 17:00:00,True,Optimization terminated successfully. (HiGHS Status 7: Optimal),1,15.034478754574968,0.0
2030-03-27 18:00:00,True,Optimization terminated successfully. (HiGHS Status 7: Optimal),1,54.66744664167006,0.0
2030-03-27 19:00:00,True,Optimization terminated successfully. (HiGHS Status 7: Optimal),1,69.54929753785161,0.0
2030-03-27 20:00:00,True,Optimization terminated successfully. (HiGHS Status 7: Optimal),1,68.1484764621707,0.0
2030-03-27 21:00:00,True,Optimization terminated successfully. (HiGHS Status 7: Optimal),1,157.46044583271686,7.105427357601002e-15
2030-03-27 22:00:00,True,Optimization terminated successfully. (HiGHS Status 7: Optimal),1,55.57258972185453,1.7763568394002505e-15
2030-03-27 23:00:00,True,Optimization terminated successfully. (HiGHS Status 7: Optimal),1,10.692515948565593,4.440892098500626e-16
2030-03-28 00:00:00,True,Optimization terminated successfully. (HiGHS Status 7: Optimal),1,50.98861492272516,0.0
2030-03-28 01:00:00,True,Optimization terminated successfully. (HiGHS Status 7: Optimal),1,42.203068588222465,0.0
2030-03-28 11:00:00,True,Optimization terminated successfully. (HiGHS Status 7: Optimal),1,48.191926376875074,0.0
2030-03-28 12:00:00,True,Optimization terminated successfully. (HiGHS Status 7: Optimal),1,227.25436644481937,0.0
2030-03-28 13:00:00,True,Optimization terminated successfully. (HiGHS Status 7: Optimal),1,85.73725847172297,0.0
2030-03-28 14:00:00,True,Optimization terminated successfully. (HiGHS Status 7: Optimal),1,98.26400110474286,0.0
2030-03-28 15:00:00,True,Optimization terminated successfully. (HiGHS Status 7: Optimal),1,24.578978947350244,0.0
2030-03-28 16:00:00,True,Optimization terminated successfully. (HiGHS Status 7: Optimal),1,60.850323980343724,0.0
2030-03-28 17:00:00,True,Optimization terminated successfully. (HiGHS Status 7: Optimal),1,77.1296691386082,0.0
2030-03-28 18:00:00,True,Optimization terminated successfully. (HiGHS Status 7: Optimal),1,17.611492066608005,0.0
2030-03-28 19:00:00,True,Optimization terminated successfully. (HiGHS Status 7: Optimal),1,65.870947231511,0.0
2030-03-31 06:00:00,True,Optimization terminated successfully. (HiGHS Status 7: Optimal),1,1.9521700055736733,0.0
2030-03-31 07:00:00,True,Optimization terminated successfully. (HiGHS Status 7: Optimal),1,98.389491143937,3.552713678800501e-15
2030-03-31 23:00:00,True,Optimization terminated successfully. (HiGHS Status 7: Optimal),1,10.72752274368803,0.0
2030-04-01 00:00:00,True,Optimization terminated successfully. (HiGHS Status 7: Optimal),1,30.021421121112297,0.0
2030-04-01 02:00:00,True,Optimization terminated successfully. (HiGHS Status 7: Optimal),1,67.91330203448075,0.0
2030-04-01 03:00:00,True,Optimization terminated successfully. (HiGHS Status 7: Optimal),1,86.05008100334581,0.0
2030-04-01 04:00:00,True,Optimization terminated successfully. (HiGHS Status 7: Optimal),1,20.373993099108517,0.0
2030-04-01 05:00:00,True,Optimization terminated successfully. (HiGHS Status 7: Optimal),1,4.469546222699559,0.0
2030-04-01 06:00:00,True,Optimization terminated successfully. (HiGHS Status 7: Optimal),1,85.22306270435746,0.0
2030-04-01 07:00:00,True,Optimization terminated successfully. (HiGHS Status 7: Optimal),1,124.15706048556517,0.0
2030-04-01 08:00:00,True,Optimization terminated successfully. (HiGHS Status 7: Optimal),1,40.112370200620376,0.0
2030-04-01 09:00:00,True,Optimization terminated successfully. (HiGHS Status 7: Optimal),1,90.26922447788816,0.0
2030-04-01 10:00:00,True,Optimization terminated successfully. (HiGHS Status 7: Optimal),1,125.27014611585547,7.105427357601002e-15
2030-04-01 11:00:00,True,Optimization terminated successfully. (HiGHS Status 7: Optimal),1,103.85172237268299,3.552713678800501e-15
2030-04-01 12:00:00,True,Optimization terminated successfully. (HiGHS Status 7: Optimal),1,79.26837073990671,3.552713678800501e-15
2030-04-01 13:00:00,True,Optimization terminated successfully. (HiGHS Status 7: Optimal),1,45.1368616258621,0.0
2030-04-01 14:00:00,True,Optimization terminated successfully. (HiGHS Status 7: Optimal),1,56.04330694271192,0.0
2030-04-01 16:00:00,True,Optimization terminated successfully. (HiGHS Status 7: Optimal),1,43.42293533675378,0.0
2030-04-01 17:00:00,True,Optimization terminated successfully. (HiGHS Status 7: Optimal),1,43.229723954776496,0.0
2030-04-01 18:00:00,True,Optimization terminated successfully. (HiGHS Status 7: Optimal),1,6.392899164093301,0.0
2030-04-01 21:00:00,True,Optimization terminated successfully. (HiGHS Status 7: Optimal),1,69.2680555903927,0.0
2030-04-01 22:00:00,True,Optimization terminated successfully. (HiGHS Status 7: Optimal),1,83.24139002589928,0.0
2030-04-01 23:00:00,True,Optimization terminated successfully. (HiGHS Status 7: Optimal),1,112.4773833713864,0.0
2030-04-02 00:00:00,True,Optimization terminated successfully. (HiGHS Status 7: Optimal),1,130.90227328784184,0.0
2030-04-02 01:00:00,True,Optimization terminated successfully. (HiGHS Status 7: Optimal),1,90.69695173309775,0.0
2030-04-02 02:00:00,True,Optimization terminated successfully. (HiGHS Status 7: Optimal),1,86.32429129569309,0.0
2030-04-02 03:00:00,True,Optimization terminated successfully. (HiGHS Status 7: Optimal),1,70.81209482965534,3.552713678800501e-15
2030-04-02 04:00:00,True,Optimization terminated successfully. (HiGHS Status 7: Optimal),1,45.393053052441736,0.0
2030-04-02 05:00:00,True,Optimization terminated successfully. (HiGHS Status 7: Optimal),1,120.79959398754075,0.0
2030-04-02 06:00:00,True,Optimization terminated successfully. (HiGHS Status 7: Optimal),1,136.89726346287688,0.0
2030-04-02 07:00:00,True,Optimization terminated successfully. (HiGHS Status 7: Optimal),1,126.49683661173474,0.0
2030-04-02 08:00:00,True,Optimization terminated successfully. (HiGHS Status 7: Optimal),1,116.51629113358726,0.0
2030-04-02 09:00:00,True,Optimization terminated successfully. (HiGHS Status 7: Optimal),1,90.24794201428816,0.0
2030-04-02 22:00:00,True,Optimization terminated successfully. (HiGHS Status 7: Optimal),1,59.78479243915564,0.0
2030-04-03 06:00:00,True,Optimization terminated successfully. (HiGHS Status 7: Optimal),1,70.9821523574477,0.0
2030-04-03 07:00:00,True,Optimization terminated successfully. (HiGHS Status 7: Optimal),1,157.58691807683007,0.0
2030-04-03 08:00:00,True,Optimization terminated successfully. (HiGHS Status 7: Optimal),1,33.901031495048564,0.0
2030-04-03 09:00:00,True,Optimization terminated successfully. (HiGHS Status 7: Optimal),1,36.20429214180863,0.0
2030-04-04 12:00:00,True,Optimization terminated successfully. (HiGHS Status 7: Optimal),1,252.53872444270945,0.0
2030-04-04 13:00:00,True,Optimization terminated successfully. (HiGHS Status 7: Optimal),1,129.0829783977001,0.0
2030-04-04 14:00:00,True,Optimization terminated successfully. (HiGHS Status 7: Optimal),1,30.463555560656477,0.0
2030-04-04 15:00:00,True,Optimization terminated successfully. (HiGHS Status 7: Optimal),1,34.501326356065164,1.7763568394002505e-15
2030-04-04 16:00:00,True,Optimization terminated successfully. (HiGHS Status 7: Optimal),1,46.31977393442356,0.0
2030-04-04 17:00:00,True,Optimization terminated successfully. (HiGHS Status 7: Optimal),1,31.41172632417885,0.0
2030-04-04 18:00:00,True,Optimization terminated successfully. (HiGHS Status 7: Optimal),1,40.746183023653,1.7763568394002505e-15
2030-04-04 19:00:00,True,Optimization terminated successfully. (HiGHS Status 7: Optimal),1,87.96204832428617,0.0
2030-04-04 20:00:00,True,Optimization terminated successfully. (HiGHS Status 7: Optimal),1,97.04010382670285,0.0
2030-04-04 21:00:00,True,Optimization terminated successfully. (HiGHS Status 7: Optimal),1,150.31085258789014,0.0
2030-04-04 22:00:00,True,Optimization terminated successfully. (HiGHS Status 7: Optimal),1,179.26011961129402,0.0
2030-04-04 23:00:00,True,Optimization terminated successfully. (HiGHS Status 7: Optimal),1,170.87089533018678,7.105427357601002e-15
2030-04-05 00:00:00,True,Optimization terminated successfully. (HiGHS Status 7: Optimal),1,238.0609603407402,0.0
2030-04-05 01:00:00,True,Optimization terminated successfully. (HiGHS Status 7: Optimal),1,170.23041430012722,0.0
2030-04-05 02:00:00,True,Optimization terminated successfully. (HiGHS Status 7: Optimal),1,160.79004906904592,0.0
2030-04-05 03:00:00,True,Optimization terminated successfully. (HiGHS Status 7: Optimal),1,27.697050410588513,0.0
2030-04-05 04:00:00,True,Optimization terminated successfully. (HiGHS Status 7: Optimal),1,50.94759203730347,0.0
2030-04-05 05:00:00,True,Optimization terminated successfully. (HiGHS Status 7: Optimal),1,173.93663458048619,7.105427357601002e-15
2030-04-05 06:00:00,True,Optimization terminated successfully. (HiGHS Status 7: Optimal),1,172.4608357208181,0.0
2030-04-05 07:00:00,True,Optimization terminated successfully. (HiGHS Status 7: Optimal),1,118.53831783042028,0.0
2030-04-05 08:00:00,True,Optimization terminated successfully. (HiGHS Status 7: Optimal),1,46.89215571507105,0.0
2030-04-05 09:00:00,True,Optimization terminated successfully. (HiGHS Status 7: Optimal),1,140.0328688861448,0.0
2030-04-05 10:00:00,True,Optimization terminated successfully. (HiGHS Status 7: Optimal),1,130.13021874562784,0.0
2030-04-05 16:00:00,True,Optimization terminated successfully. (HiGHS Status 7: Optimal),1,2.8914601770721218,0.0
2030-04-06 07:00:00,True,Optimization terminated successfully. (HiGHS Status 7: Optimal),1,1.52348461641267,0.0
2030-04-06 08:00:00,True,Optimization terminated successfully. (HiGHS Status 7: Optimal),1,19.848214931435663,0.0
2030-04-06 09:00:00,True,Optimization terminated successfully. (HiGHS Status 7: Optimal),1,3.1607154138525027,0.0
2030-04-06 13:00:00,True,Optimization terminated successfully. (HiGHS Status 7: Optimal),1,10.675644068818205,0.0
2030-04-06 14:00:00,True,Optimization terminated successfully. (HiGHS Status 7: Optimal),1,68.93937449214334,0.0
2030-04-06 15:00:00,True,Optimization terminated successfully. (HiGHS Status 7: Optimal),1,91.56301221812174,0.0
2030-04-06 16:00:00,True,Optimization terminated successfully. (HiGHS Status 7: Optimal),1,46.192255499890095,0.0
2030-04-06 18:00:00,True,Optimization terminated successfully. (HiGHS Status 7: Optimal),1,85.58998812239912,0.0
2030-04-06 19:00:00,True,Optimization terminated successfully. (HiGHS Status 7: Optimal),1,154.15994994048393,0.0
2030-04-06 20:00:00,True,Optimization terminated successfully. (HiGHS Status 7: Optimal),1,94.54536033799661,0.0
2030-04-06 21:00:00,True,Optimization terminated successfully. (HiGHS Status 7: Optimal),1,45.62120758364884,0.0
2030-04-06 22:00:00,True,Optimization terminated successfully. (HiGHS Status 7: Optimal),1,187.56176402712933,7.105427357601002e-15
2030-04-06 23:00:00,True,Optimization terminated successfully. (HiGHS Status 7: Optimal),1,142.99863877076774,7.105427357601002e-15
2030-04-07 00:00:00,True,Optimization terminated successfully. (HiGHS Status 7: Optimal),1,76.4767777261673,0.0
2030-04-07 01:00:00,True,Optimization terminated successfully. (HiGHS Status 7: Optimal),1,19.10132223845076,0.0
2030-04-07 02:00:00,True,Optimization terminated successfully. (HiGHS Status 7: Optimal),1,6.761997432048366,0.0
2030-04-07 03:00:00,True,Optimization terminated successfully. (HiGHS Status 7: Optimal),1,42.43660353394684,0.0
2030-04-07 04:00:00,True,Optimization terminated successfully. (HiGHS Status 7: Optimal),1,19.218882226676005,0.0
2030-04-07 05:00:00,True,Optimization terminated successfully. (HiGHS Status 7: Optimal),1,54.18817793856179,1.7763568394002505e-15
2030-04-07 06:00:00,True,Optimization terminated successfully. (HiGHS Status 7: Optimal),1,66.06788294209606,0.0
2030-04-07 07:00:00,True,Optimization terminated successfully. (HiGHS Status 7: Optimal),1,43.09284787565417,0.0
2030-04-07 08:00:00,True,Optimization terminated successfully. (HiGHS Status 7: Optimal),1,36.03016125286061,0.0
2030-04-07 09:00:00,True,Optimization terminated successfully. (HiGHS Status 7: Optimal),1,14.20279358520737,0.0
2030-04-12 11:00:00,True,Optimization terminated successfully. (HiGHS Status 7: Optimal),1,25.2103738009913,0.0
2030-04-13 22:00:00,True,Optimization terminated successfully. (HiGHS Status 7: Optimal),1,112.01714808778807,3.552713678800501e-15
2030-04-13 23:00:00,True,Optimization terminated successfully. (HiGHS Status 7: Optimal),1,81.86418619641478,0.0
2030-04-14 00:00:00,True,Optimization terminated successfully. (HiGHS Status 7: Optimal),1,121.50551379697883,0.0
2030-04-14 01:00:00,True,Optimization terminated successfully. (HiGHS Status 7: Optimal),1,96.63373148824661,0.0
2030-04-14 02:00:00,True,Optimization terminated successfully. (HiGHS Status 7: Optimal),1,22.09915059741119,0.0
2030-04-14 03:00:00,True,Optimization terminated successfully. (HiGHS Status 7: Optimal),1,83.31030459781408,3.552713678800501e-15
2030-04-14 04:00:00,True,Optimization terminated successfully. (HiGHS Status 7: Optimal),1,64.44656736887603,0.0
2030-04-14 05:00:00,True,Optimization terminated successfully. (HiGHS Status 7: Optimal),1,127.7829982720651,7.105427357601002e-15
2030-04-14 06:00:00,True,Optimization terminated successfully. (HiGHS Status 7: Optimal),1,107.81510005847272,0.0
2030-04-14 07:00:00,True,Optimization terminated successfully. (HiGHS Status 7: Optimal),1,44.941818636364616,0.0
2030-04-14 08:00:00,True,Optimization terminated successfully. (HiGHS Status 7: Optimal),1,158.625830476569,0.0
2030-04-14 09:00:00,True,Optimization terminated successfully. (HiGHS Status 7: Optimal),1,114.0732184417781,3.552713678800501e-15
2030-04-14 10:00:00,True,Optimization terminated successfully. (HiGHS Status 7: Optimal),1,149.6262674997682,7.105427357601002e-15
2030-04-14 11:00:00,True,Optimization terminated successfully. (HiGHS Status 7: Optimal),1,159.48813444123545,0.0
2030-04-14 12:00:00,True,Optimization terminated successfully. (HiGHS Status 7: Optimal),1,31.659061981085923,0.0
2030-04-14 13:00:00,True,Optimization terminated successfully. (HiGHS Status 7: Optimal),1,16.217748599890655,0.0
2030-04-14 14:00:00,True,Optimization terminated successfully. (HiGHS Status 7: Optimal),1,21.55503943933176,0.0
2030-04-14 16:00:00,True,Optimization terminated successfully. (HiGHS Status 7: Optimal),1,24.742471970286715,8.881784197001252e-16
2030-04-14 17:00:00,True,Optimization terminated successfully. (HiGHS Status 7: Optimal),1,41.24766870515171,0.0
2030-04-14 18:00:00,True,Optimization terminated successfully. (HiGHS Status 7: Optimal),1,26.74578324577862,0.0
2030-04-14 19:00:00,True,Optimization terminated successfully. (HiGHS Status 7: Optimal),1,10.70883924867459,0.0
2030-04-14 20:00:00,True,Optimization terminated successfully. (HiGHS Status 7: Optimal),1,8.443874824703812,0.0
2030-04-14 21:00:00,True,Optimization terminated successfully. (HiGHS Status 7: Optimal),1,9.249794479447853,0.0
2030-04-15 15:00:00,True,Optimization terminated successfully. (HiGHS Status 7: Optimal),1,104.665592332698,0.0
2030-04-15 16:00:00,True,Optimization terminated successfully. (HiGHS Status 7: Optimal),1,22.70937486406121,0.0
2030-04-15 17:00:00,True,Optimization terminated successfully. (HiGHS Status 7: Optimal),1,143.42465175721802,0.0
2030-04-15 18:00:00,True,Optimization terminated successfully. (HiGHS Status 7: Optimal),1,82.25036656320631,0.0
2030-04-15 19:00:00,True,Optimization terminated successfully. (HiGHS Status 7: Optimal),1,62.713081218561925,0.0
2030-04-15 20:00:00,True,Optimization terminated successfully. (HiGHS Status 7: Optimal),1,137.23606531198558,7.105427357601002e-15
2030-04-15 21:00:00,True,Optimization terminated successfully. (HiGHS Status 7: Optimal),1,87.40325481299902,3.552713678800501e-15
2030-04-16 01:00:00,True,Optimization terminated successfully. (HiGHS Status 7: Optimal),1,26.468826729615273,0.0
2030-04-17 12:00:00,True,Optimization terminated successfully. (HiGHS Status 7: Optimal),1,81.99870151485088,3.552713678800501e-15
2030-04-19 01:00:00,True,Optimization terminated successfully. (HiGHS Status 7: Optimal),1,10.879427966347281,0.0
2030-04-19 03:00:00,True,Optimization terminated successfully. (HiGHS Status 7: Optimal),1,64.59615549434884,0.0
2030-07-03 02:00:00,True,Optimization terminated successfully. (HiGHS Status 7: Optimal),1,41.093927994386085,0.0
2030-07-03 03:00:00,True,Optimization terminated successfully. (HiGHS Status 7: Optimal),1,55.629262233601644,0.0
2030-07-03 04:00:00,True,Optimization terminated successfully. (HiGHS Status 7: Optimal),1,29.993673812926154,0.0
2030-07-03 05:00:00,True,Optimization terminated successfully. (HiGHS Status 7: Optimal),1,61.91831936618433,0.0
2030-07-03 06:00:00,True,Optimization terminated successfully. (HiGHS Status 7: Optimal),1,47.702786981306176,0.0
2030-07-03 07:00:00,True,Optimization terminated successfully. (HiGHS Status 7: Optimal),1,61.4212754890825,0.0
2030-07-03 08:00:00,True,Optimization terminated successfully. (HiGHS Status 7: Optimal),1,46.50075412707912,0.0
2030-07-03 09:00:00,True,Optimization terminated successfully. (HiGHS Status 7: Optimal),1,54.624545625182144,0.0
2030-07-03 10:00:00,True,Optimization terminated successfully. (HiGHS Status 7: Optimal),1,76.44903387799427,0.0
2030-07-03 11:00:00,True,Optimization terminated successfully. (HiGHS Status 7: Optimal),1,38.84608425442068,0.0
2030-07-03 12:00:00,True,Optimization terminated successfully. (HiGHS Status 7: Optimal),1,0.561326773322482,0.0
2030-07-03 17:00:00,True,Optimization terminated successfully. (HiGHS Status 7: Optimal),1,32.03674982433793,0.0
2030-07-03 19:00:00,True,Optimization terminated successfully. (HiGHS Status 7: Optimal),1,37.46181494930487,0.0
2030-07-03 20:00:00,True,Optimization terminated successfully. (HiGHS Status 7: Optimal),1,10.543331227055102,0.0
2030-07-03 21:00:00,True,Optimization terminated successfully. (HiGHS Status 7: Optimal),1,4.901288603366323,0.0
2030-07-03 22:00:00,True,Optimization terminated successfully. (HiGHS Status 7: Optimal),1,27.16612022433932,0.0
2030-07-03 23:00:00,True,Optimization terminated successfully. (HiGHS Status 7: Optimal),1,4.414328521762444,2.220446049250313e-16
2030-07-04 01:00:00,True,Optimization terminated successfully. (HiGHS Status 7: Optimal),1,5.4396142568071095,0.0
2030-07-04 04:00:00,True,Optimization terminated successfully. (HiGHS Status 7: Optimal),1,10.675288183201125,0.0
2030-07-04 05:00:00,True,Optimization terminated successfully. (HiGHS Status 7: Optimal),1,39.21293201524636,0.0
2030-07-04 06:00:00,True,Optimization terminated successfully. (HiGHS Status 7: Optimal),1,40.299755588789296,0.0
2030-07-09 18:00:00,True,Optimization terminated successfully. (HiGHS Status 7: Optimal),1,5.501090898545872,0.0
2030-07-09 19:00:00,True,Optimization terminated successfully. (HiGHS Status 7: Optimal),1,47.64089401688956,0.0
2030-07-09 20:00:00,True,Optimization terminated successfully. (HiGHS Status 7: Optimal),1,48.206977542762814,0.0
2030-07-09 21:00:00,True,Optimization terminated successfully. (HiGHS Status 7: Optimal),1,68.61066030177754,0.0
2030-07-09 22:00:00,True,Optimization terminated successfully. (HiGHS Status 7: Optimal),1,75.98339356589568,0.0
2030-07-09 23:00:00,True,Optimization terminated successfully. (HiGHS Status 7: Optimal),1,84.27934621982033,0.0
2030-07-10 00:00:00,True,Optimization terminated successfully. (HiGHS Status 7: Optimal),1,93.23565303413733,0.0
2030-07-10 01:00:00,True,Optimization terminated successfully. (HiGHS Status 7: Optimal),1,99.95614916146138,0.0
2030-07-10 02:00:00,True,Optimization terminated successfully. (HiGHS Status 7: Optimal),1,96.59473089483318,0.0
2030-07-10 03:00:00,True,Optimization terminated successfully. (HiGHS Status 7: Optimal),1,93.77604446550961,3.552713678800501e-15
2030-07-10 04:00:00,True,Optimization terminated successfully. (HiGHS Status 7: Optimal),1,93.45408724187905,0.0
2030-07-10 05:00:00,True,Optimization terminated successfully. (HiGHS Status 7: Optimal),1,88.33771570486778,0.0
2030-07-10 06:00:00,True,Optimization terminated successfully. (HiGHS Status 7: Optimal),1,35.1629105424883,0.0
2030-07-10 07:00:00,True,Optimization terminated successfully. (HiGHS Status 7: Optimal),1,53.81400974685931,0.0
2030-07-10 08:00:00,True,Optimization terminated successfully. (HiGHS Status 7: Optimal),1,40.649906365603734,0.0
2030-07-10 09:00:00,True,Optimization terminated successfully. (HiGHS Status 7: Optimal),1,1.667920872841592,0.0
2030-07-12 03:00:00,True,Optimization terminated successfully. (HiGHS Status 7: Optimal),1,26.117462505575887,0.0
2030-07-12 04:00:00,True,Optimization terminated successfully. (HiGHS Status 7: Optimal),1,60.40385806849929,0.0
2030-08-03 17:00:00,True,Optimization terminated successfully. (HiGHS Status 7: Optimal),1,13.512712596174438,0.0
2030-08-03 22:00:00,True,Optimization terminated successfully. (HiGHS Status 7: Optimal),1,86.74394385834482,0.0
2030-08-03 23:00:00,True,Optimization terminated successfully. (HiGHS Status 7: Optimal),1,17.068715953844155,8.881784197001252e-16
2030-08-08 12:00:00,True,Optimization terminated successfully. (HiGHS Status 7: Optimal),1,106.66973199023067,0.0
2030-09-05 00:00:00,True,Optimization terminated successfully. (HiGHS Status 7: Optimal),1,17.646631484065693,0.0
2030-09-05 01:00:00,True,Optimization terminated successfully. (HiGHS Status 7: Optimal),1,37.4869065411478,0.0
2030-09-05 02:00:00,True,Optimization terminated successfully. (HiGHS Status 7: Optimal),1,30.448853122267312,0.0
2030-09-05 04:00:00,True,Optimization terminated successfully. (HiGHS Status 7: Optimal),1,20.47581240396419,0.0
2030-09-05 05:00:00,True,Optimization terminated successfully. (HiGHS Status 7: Optimal),1,57.18378468055199,0.0
2030-09-05 06:00:00,True,Optimization terminated successfully. (HiGHS Status 7: Optimal),1,37.35813202213663,0.0
2030-09-05 07:00:00,True,Optimization terminated successfully. (HiGHS Status 7: Optimal),1,86.91193961461876,0.0
2030-09-05 08:00:00,True,Optimization terminated successfully. (HiGHS Status 7: Optimal),1,60.842748667584225,0.0
2030-09-05 12:00:00,True,Optimization terminated successfully. (HiGHS Status 7: Optimal),1,65.10600448431903,0.0
2030-09-06 09:00:00,True,Optimization terminated successfully. (HiGHS Status 7: Optimal),1,24.461918756548016,8.881784197001252e-16
2030-09-06 10:00:00,True,Optimization terminated successfully. (HiGHS Status 7: Optimal),1,60.22561020285189,0.0
2030-09-06 11:00:00,True,Optimization terminated successfully. (HiGHS Status 7: Optimal),1,86.2096350821165,0.0
2030-09-06 12:00:00,True,Optimization terminated successfully. (HiGHS Status 7: Optimal),1,77.94464237688418,0.0
2030-09-06 13:00:00,True,Optimization terminated successfully. (HiGHS Status 7: Optimal),1,56.29808742520595,0.0
2030-09-06 14:00:00,True,Optimization terminated successfully. (HiGHS Status 7: Optimal),1,80.41005379067667,3.552713678800501e-15
2030-09-06 15:00:00,True,Optimization terminated successfully. (HiGHS Status 7: Optimal),1,68.12159288974507,0.0
2030-09-06 16:00:00,True,Optimization terminated successfully. (HiGHS Status 7: Optimal),1,89.10692001663207,3.552713678800501e-15
2030-09-06 17:00:00,True,Optimization terminated successfully. (HiGHS Status 7: Optimal),1,116.70600301569942,0.0
2030-09-06 18:00:00,True,Optimization terminated successfully. (HiGHS Status 7: Optimal),1,81.64693567957019,3.552713678800501e-15
2030-09-06 19:00:00,True,Optimization terminated successfully. (HiGHS Status 7: Optimal),1,136.47791105974295,0.0
2030-09-06 20:00:00,True,Optimization terminated successfully. (HiGHS Status 7: Optimal),1,100.43778674844566,3.552713678800501e-15
2030-09-06 21:00:00,True,Optimization terminated successfully. (HiGHS Status 7: Optimal),1,107.09362601103177,0.0
2030-09-06 22:00:00,True,Optimization terminated successfully. (HiGHS Status 7: Optimal),1,102.9169077192713,0.0
2030-09-06 23:00:00,True,Optimization terminated successfully. (HiGHS Status 7: Optimal),1,83.11002743943203,0.0
2030-09-07 00:00:00,True,Optimization terminated successfully. (HiGHS Status 7: Optimal),1,71.70528882098593,0.0
2030-09-07 01:00:00,True,Optimization terminated successfully. (HiGHS Status 7: Optimal),1,46.07300276472594,0.0
2030-09-07 02:00:00,True,Optimization terminated successfully. (HiGHS Status 7: Optimal),1,25.77321553447989,0.0
2030-09-07 03:00:00,True,Optimization terminated successfully. (HiGHS Status 7: Optimal),1,47.79220596743258,1.7763568394002505e-15
2030-09-07 04:00:00,True,Optimization terminated successfully. (HiGHS Status 7: Optimal),1,5.2946280504813075,0.0
2030-09-07 05:00:00,True,Optimization terminated successfully. (HiGHS Status 7: Optimal),1,96.02680175793748,3.552713678800501e-15
2030-09-07 06:00:00,True,Optimization terminated successfully. (HiGHS Status 7: Optimal),1,157.26363465071756,0.0
2030-09-07 07:00:00,True,Optimization terminated successfully. (HiGHS Status 7: Optimal),1,55.28099572259676,1.7763568394002505e-15
2030-09-07 08:00:00,True,Optimization terminated successfully. (HiGHS Status 7: Optimal),1,49.91503028859147,0.0
2030-09-07 09:00:00,True,Optimization terminated successfully. (HiGHS Status 7: Optimal),1,129.66561640604243,0.0
2030-09-07 10:00:00,True,Optimization terminated successfully. (HiGHS Status 7: Optimal),1,110.82939637445129,3.552713678800501e-15
2030-09-07 11:00:00,True,Optimization terminated successfully. (HiGHS Status 7: Optimal),1,88.92423593203046,0.0
2030-09-07 12:00:00,True,Optimization terminated successfully. (HiGHS Status 7: Optimal),1,104.61500733670275,0.0
2030-09-07 13:00:00,True,Optimization terminated successfully. (HiGHS Status 7: Optimal),1,106.69127025750794,3.552713678800501e-15
2030-09-07 14:00:00,True,Optimization terminated successfully. (HiGHS Status 7: Optimal),1,91.53987294310693,0.0
2030-09-07 15:00:00,True,Optimization terminated successfully. (HiGHS Status 7: Optimal),1,62.08232419043376,0.0
2030-09-07 16:00:00,True,Optimization terminated successfully. (HiGHS Status 7: Optimal),1,10.593079291111536,0.0
2030-09-07 17:00:00,True,Optimization terminated successfully. (HiGHS Status 7: Optimal),1,1.4094933363951627,0.0
2030-09-09 05:00:00,True,Optimization terminated successfully. (HiGHS Status 7: Optimal),1,39.75075774444735,0.0
2030-09-09 06:00:00,True,Optimization terminated successfully. (HiGHS Status 7: Optimal),1,36.51207001276985,0.0
2030-09-09 07:00:00,True,Optimization terminated successfully. (HiGHS Status 7: Optimal),1,52.316644617164044,0.0
2030-09-09 08:00:00,True,Optimization terminated successfully. (HiGHS Status 7: Optimal),1,65.2814750701121,0.0
2030-09-09 09:00:00,True,Optimization terminated successfully. (HiGHS Status 7: Optimal),1,69.03128628826312,0.0
2030-09-09 10:00:00,True,Optimization terminated successfully. (HiGHS Status 7: Optimal),1,67.75362999600623,0.0
2030-09-09 11:00:00,True,Optimization terminated successfully. (HiGHS Status 7: Optimal),1,61.43702524519411,0.0
2030-09-09 12:00:00,True,Optimization terminated successfully. (HiGHS Status 7: Optimal),1,61.6455635904208,0.0
2030-09-09 13:00:00,True,Optimization terminated successfully. (HiGHS Status 7: Optimal),1,71.76295921701691,0.0
2030-09-09 14:00:00,True,Optimization terminated successfully. (HiGHS Status 7: Optimal),1,73.44636077906965,0.0
2030-09-09 15:00:00,True,Optimization terminated successfully. (HiGHS Status 7: Optimal),1,72.09207957490287,0.0
2030-09-09 16:00:00,True,Optimization terminated successfully. (HiGHS Status 7: Optimal),1,95.83222608828697,0.0
2030-09-09 17:00:00,True,Optimization terminated successfully. (HiGHS Status 7: Optimal),1,138.02439969815995,0.0
2030-09-09 18:00:00,True,Optimization terminated successfully. (HiGHS Status 7: Optimal),1,130.62156873602845,7.105427357601002e-15
2030-09-09 19:00:00,True,Optimization terminated successfully. (HiGHS Status 7: Optimal),1,170.25231221034187,0.0
2030-09-10 07:00:00,True,Optimization terminated successfully. (HiGHS Status 7: Optimal),1,48.96288270103236,1.7763568394002505e-15
2030-09-10 08:00:00,True,Optimization terminated successfully. (HiGHS Status 7: Optimal),1,11.434341128954657,0.0
2030-09-10 09:00:00,True,Optimization terminated successfully. (HiGHS Status 7: Optimal),1,44.25933622066767,0.0
2030-09-10 10:00:00,True,Optimization terminated successfully. (HiGHS Status 7: Optimal),1,95.67152641139106,0.0
2030-09-10 11:00:00,True,Optimization terminated successfully. (HiGHS Status 7: Optimal),1,144.4837270977507,0.0
2030-09-10 12:00:00,True,Optimization terminated successfully. (HiGHS Status 7: Optimal),1,140.80506255304368,0.0
2030-09-10 13:00:00,True,Optimization terminated successfully. (HiGHS Status 7: Optimal),1,107.71524526591469,0.0
2030-09-10 14:00:00,True,Optimization terminated successfully. (HiGHS Status 7: Optimal),1,97.99683537523495,0.0
2030-09-10 15:00:00,True,Optimization terminated successfully. (HiGHS Status 7: Optimal),1,140.25628304727869,0.0
2030-09-10 16:00:00,True,Optimization terminated successfully. (HiGHS Status 7: Optimal),1,113.08479687209186,0.0
2030-09-10 17:00:00,True,Optimization terminated successfully. (HiGHS Status 7: Optimal),1,140.26473655603303,7.105427357601002e-15
2030-09-10 18:00:00,True,Optimization terminated successfully. (HiGHS Status 7: Optimal),1,62.66875251697834,0.0
2030-09-10 20:00:00,True,Optimization terminated successfully. (HiGHS Status 7: Optimal),1,104.41449907336946,0.0
2030-09-10 21:00:00,True,Optimization terminated successfully. (HiGHS Status 7: Optimal),1,61.36085539618028,0.0
2030-09-10 22:00:00,True,Optimization terminated successfully. (HiGHS Status 7: Optimal),1,79.75194569581251,0.0
2030-09-11 07:00:00,True,Optimization terminated successfully. (HiGHS Status 7: Optimal),1,28.511880347693427,0.0
2030-09-11 08:00:00,True,Optimization terminated successfully. (HiGHS Status 7: Optimal),1,28.82931716521715,0.0
2030-09-11 09:00:00,True,Optimization terminated successfully. (HiGHS Status 7: Optimal),1,78.32204232136262,0.0
2030-09-11 10:00:00,True,Optimization terminated successfully. (HiGHS Status 7: Optimal),1,84.44967292252954,0.0
2030-09-11 11:00:00,True,Optimization terminated successfully. (HiGHS Status 7: Optimal),1,78.16331172635192,0.0
2030-09-11 12:00:00,True,Optimization terminated successfully. (HiGHS Status 7: Optimal),1,55.712433520123966,0.0
2030-09-11 13:00:00,True,Optimization terminated successfully. (HiGHS Status 7: Optimal),1,27.518498594621363,0.0
2030-09-11 14:00:00,True,Optimization terminated successfully. (HiGHS Status 7: Optimal),1,33.07778735877704,0.0
2030-09-11 15:00:00,True,Optimization terminated successfully. (HiGHS Status 7: Optimal),1,35.51023320169036,0.0
2030-09-11 16:00:00,True,Optimization terminated successfully. (HiGHS Status 7: Optimal),1,24.74308357776532,0.0
2030-09-11 17:00:00,True,Optimization terminated successfully. (HiGHS Status 7: Optimal),1,4.860874424941779,0.0
2030-09-12 12:00:00,True,Optimization terminated successfully. (HiGHS Status 7: Optimal),1,92.12476343148246,0.0
2030-09-12 13:00:00,True,Optimization terminated successfully. (HiGHS Status 7: Optimal),1,31.267633451590832,0.0
2030-09-12 18:00:00,True,Optimization terminated successfully. (HiGHS Status 7: Optimal),1,9.817697386340626,0.0
2030-09-13 07:00:00,True,Optimization terminated successfully. (HiGHS Status 7: Optimal),1,52.613188797424904,0.0
2030-09-13 08:00:00,True,Optimization terminated successfully. (HiGHS Status 7: Optimal),1,16.735426262318143,0.0
2030-09-15 12:00:00,True,Optimization terminated successfully. (HiGHS Status 7: Optimal),1,10.731373512716768,0.0
2030-09-15 13:00:00,True,Optimization terminated successfully. (HiGHS Status 7: Optimal),1,34.0380472596918,0.0
2030-09-15 14:00:00,True,Optimization terminated successfully. (HiGHS Status 7: Optimal),1,61.128061067737505,0.0
2030-09-15 15:00:00,True,Optimization terminated successfully. (HiGHS Status 7: Optimal),1,61.360446315254435,0.0
2030-09-15 16:00:00,True,Optimization terminated successfully. (HiGHS Status 7: Optimal),1,38.60452802759728,0.0
2030-09-15 17:00:00,True,Optimization terminated successfully. (HiGHS Status 7: Optimal),1,53.40505822158828,1.7763568394002505e-15
2030-09-15 18:00:00,True,Optimization terminated successfully. (HiGHS Status 7: Optimal),1,105.03536311586737,0.0
2030-09-15 19:00:00,True,Optimization terminated successfully. (HiGHS Status 7: Optimal),1,90.6227591146446,0.0
2030-09-27 08:00:00,True,Optimization terminated successfully. (HiGHS Status 7: Optimal),1,25.55865689857725,0.0
2030-09-27 14:00:00,True,Optimization terminated successfully. (HiGHS Status 7: Optimal),1,35.08857565222085,0.0
2030-10-02 11:00:00,True,Optimization terminated successfully. (HiGHS Status 7: Optimal),1,3.901383167954532,0.0
2030-10-02 12:00:00,True,Optimization terminated successfully. (HiGHS Status 7: Optimal),1,56.67615040602149,0.0
2030-10-02 13:00:00,True,Optimization terminated successfully. (HiGHS Status 7: Optimal),1,84.08471262766204,0.0
2030-10-02 14:00:00,True,Optimization terminated successfully. (HiGHS Status 7: Optimal),1,3.7744725466654856,0.0
2030-10-03 02:00:00,True,Optimization terminated successfully. (HiGHS Status 7: Optimal),1,16.894795198112607,0.0
2030-10-03 03:00:00,True,Optimization terminated successfully. (HiGHS Status 7: Optimal),1,32.7062028556086,0.0
2030-10-03 04:00:00,True,Optimization terminated successfully. (HiGHS Status 7: Optimal),1,47.203186790545026,1.7763568394002505e-15
2030-10-03 05:00:00,True,Optimization terminated successfully. (HiGHS Status 7: Optimal),1,4.421623163590555,0.0
2030-10-03 06:00:00,True,Optimization terminated successfully. (HiGHS Status 7: Optimal),1,80.12204589536483,0.0
2030-10-03 07:00:00,True,Optimization terminated successfully. (HiGHS Status 7: Optimal),1,91.76111333504066,0.0
2030-10-03 08:00:00,True,Optimization terminated successfully. (HiGHS Status 7: Optimal),1,114.26650387783864,0.0
2030-10-03 09:00:00,True,Optimization terminated successfully. (HiGHS Status 7: Optimal),1,71.94152446772658,0.0
2030-10-03 10:00:00,True,Optimization terminated successfully. (HiGHS Status 7: Optimal),1,17.63498004760241,0.0
2030-10-03 11:00:00,True,Optimization terminated successfully. (HiGHS Status 7: Optimal),1,71.75822181020864,0.0
2030-10-03 12:00:00,True,Optimization terminated successfully. (HiGHS Status 7: Optimal),1,288.8479425345704,2.842170943040401e-14
2030-10-03 13:00:00,True,Optimization terminated successfully. (HiGHS Status 7: Optimal),1,38.08448102271438,0.0
2030-10-03 14:00:00,True,Optimization terminated successfully. (HiGHS Status 7: Optimal),1,101.61135077033134,3.552713678800501e-15
2030-10-03 15:00:00,True,Optimization terminated successfully. (HiGHS Status 7: Optimal),1,95.45707092888706,0.0
2030-10-03 16:00:00,True,Optimization terminated successfully. (HiGHS Status 7: Optimal),1,124.92142824313119,0.0
2030-10-03 17:00:00,True,Optimization terminated successfully. (HiGHS Status 7: Optimal),1,168.22484353641886,0.0
2030-10-03 18:00:00,True,Optimization terminated successfully. (HiGHS Status 7: Optimal),1,168.7677141025768,0.0
2030-10-03 19:00:00,True,Optimization terminated successfully. (HiGHS Status 7: Optimal),1,179.1982481461527,0.0
2030-10-03 20:00:00,True,Optimization terminated successfully. (HiGHS Status 7: Optimal),1,144.47550510567345,0.0
2030-10-03 21:00:00,True,Optimization terminated successfully. (HiGHS Status 7: Optimal),1,131.01806714001,7.105427357601002e-15
2030-10-03 22:00:00,True,Optimization terminated successfully. (HiGHS Status 7: Optimal),1,125.75367892860109,0.0
2030-10-03 23:00:00,True,Optimization terminated successfully. (HiGHS Status 7: Optimal),1,88.9044098095956,0.0
2030-10-04 00:00:00,True,Optimization terminated successfully. (HiGHS Status 7: Optimal),1,48.37627516237569,1.7763568394002505e-15
2030-10-04 01:00:00,True,Optimization terminated successfully. (HiGHS Status 7: Optimal),1,40.246025917138574,1.7763568394002505e-15
2030-10-04 02:00:00,True,Optimization terminated successfully. (HiGHS Status 7: Optimal),1,73.36862054450249,0.0
2030-10-04 03:00:00,True,Optimization terminated successfully. (HiGHS Status 7: Optimal),1,57.18540311386364,0.0
2030-10-04 04:00:00,True,Optimization terminated successfully. (HiGHS Status 7: Optimal),1,59.45431950305608,0.0
2030-10-04 05:00:00,True,Optimization terminated successfully. (HiGHS Status 7: Optimal),1,78.1880770080852,3.552713678800501e-15
2030-10-04 06:00:00,True,Optimization terminated successfully. (HiGHS Status 7: Optimal),1,89.92278945604326,3.552713678800501e-15
2030-10-04 07:00:00,True,Optimization terminated successfully. (HiGHS Status 7: Optimal),1,96.62105462202385,0.0
2030-10-04 08:00:00,True,Optimization terminated successfully. (HiGHS Status 7: Optimal),1,53.682665975283015,0.0
2030-10-04 09:00:00,True,Optimization terminated successfully. (HiGHS Status 7: Optimal),1,28.776393769341123,0.0
2030-10-04 10:00:00,True,Optimization terminated successfully. (HiGHS Status 7: Optimal),1,102.27692516610875,0.0
2030-10-04 11:00:00,True,Optimization terminated successfully. (HiGHS Status 7: Optimal),1,72.26098992111513,0.0
2030-10-04 12:00:00,True,Optimization terminated successfully. (HiGHS Status 7: Optimal),1,28.2551607318167,0.0
2030-10-04 13:00:00,True,Optimization terminated successfully. (HiGHS Status 7: Optimal),1,105.58118143527793,0.0
2030-10-04 14:00:00,True,Optimization terminated successfully. (HiGHS Status 7: Optimal),1,43.09118389421879,0.0
2030-10-04 15:00:00,True,Optimization terminated successfully. (HiGHS Status 7: Optimal),1,27.21248190423441,0.0
2030-10-04 16:00:00,True,Optimization terminated successfully. (HiGHS Status 7: Optimal),1,31.105387378964352,0.0
2030-10-04 17:00:00,True,Optimization terminated successfully. (HiGHS Status 7: Optimal),1,7.101327509511384,0.0
2030-10-04 18:00:00,True,Optimization terminated successfully. (HiGHS Status 7: Optimal),1,43.54328684509862,0.0
2030-10-06 05:00:00,True,Optimization terminated successfully. (HiGHS Status 7: Optimal),1,51.67195675458588,0.0
2030-10-06 07:00:00,True,Optimization terminated successfully. (HiGHS Status 7: Optimal),1,40.67868791128878,0.0
2030-10-06 08:00:00,True,Optimization terminated successfully. (HiGHS Status 7: Optimal),1,14.947976018354833,0.0
2030-10-06 16:00:00,True,Optimization terminated successfully. (HiGHS Status 7: Optimal),1,34.853848260126405,0.0
2030-10-08 23:00:00,True,Optimization terminated successfully. (HiGHS Status 7: Optimal),1,34.386959972759904,0.0
2030-10-09 01:00:00,True,Optimization terminated successfully. (HiGHS Status 7: Optimal),1,91.78478627509189,0.0
2030-10-09 02:00:00,True,Optimization terminated successfully. (HiGHS Status 7: Optimal),1,88.2992135941973,0.0
2030-10-09 03:00:00,True,Optimization terminated successfully. (HiGHS Status 7: Optimal),1,64.46125184732287,0.0
2030-10-09 04:00:00,True,Optimization terminated successfully. (HiGHS Status 7: Optimal),1,99.64286195766948,7.105427357601002e-15
2030-10-09 05:00:00,True,Optimization terminated successfully. (HiGHS Status 7: Optimal),1,141.1105533165515,7.105427357601002e-15
2030-10-09 06:00:00,True,Optimization terminated successfully. (HiGHS Status 7: Optimal),1,115.58074707253922,0.0
2030-10-09 07:00:00,True,Optimization terminated successfully. (HiGHS Status 7: Optimal),1,107.20362344939903,3.552713678800501e-15
2030-10-09 08:00:00,True,Optimization terminated successfully. (HiGHS Status 7: Optimal),1,68.92220759939156,0.0
2030-10-09 09:00:00,True,Optimization terminated successfully. (HiGHS Status 7: Optimal),1,40.16729541748853,1.7763568394002505e-15
2030-10-09 10:00:00,True,Optimization terminated successfully. (HiGHS Status 7: Optimal),1,30.569878694029626,0.0
2030-10-09 11:00:00,True,Optimization terminated successfully. (HiGHS Status 7: Optimal),1,64.06091497662416,0.0
2030-10-09 12:00:00,True,Optimization terminated successfully. (HiGHS Status 7: Optimal),1,81.5936553602053,3.552713678800501e-15
2030-10-09 13:00:00,True,Optimization terminated successfully. (HiGHS Status 7: Optimal),1,9.028523596788794,0.0
2030-10-10 03:00:00,True,Optimization terminated successfully. (HiGHS Status 7: Optimal),1,63.03133561917568,0.0
2030-10-10 04:00:00,True,Optimization terminated successfully. (HiGHS Status 7: Optimal),1,29.125283134784027,0.0
2030-10-10 05:00:00,True,Optimization terminated successfully. (HiGHS Status 7: Optimal),1,36.904544687145716,0.0
2030-10-10 06:00:00,True,Optimization terminated successfully. (HiGHS Status 7: Optimal),1,92.42620818246812,0.0
2030-10-10 07:00:00,True,Optimization terminated successfully. (HiGHS Status 7: Optimal),1,113.62477396795184,0.0
2030-10-10 08:00:00,True,Optimization terminated successfully. (HiGHS Status 7: Optimal),1,154.39050381004384,7.105427357601002e-15
2030-10-10 09:00:00,True,Optimization terminated successfully. (HiGHS Status 7: Optimal),1,148.505849608721,0.0
2030-10-10 10:00:00,True,Optimization terminated successfully. (HiGHS Status 7: Optimal),1,151.00456857559317,7.105427357601002e-15
2030-10-10 11:00:00,True,Optimization terminated successfully. (HiGHS Status 7: Optimal),1,146.64351780906614,0.0
2030-10-10 12:00:00,True,Optimization terminated successfully. (HiGHS Status 7: Optimal),1,321.26935993113665,1.4210854715202004e-14
2030-10-10 13:00:00,True,Optimization terminated successfully. (HiGHS Status 7: Optimal),1,136.2662766857172,7.105427357601002e-15
2030-10-10 14:00:00,True,Optimization terminated successfully. (HiGHS Status 7: Optimal),1,113.28549315174648,3.552713678800501e-15
2030-10-10 15:00:00,True,Optimization terminated successfully. (HiGHS Status 7: Optimal),1,153.40923800236106,0.0
2030-10-10 16:00:00,True,Optimization terminated successfully. (HiGHS Status 7: Optimal),1,138.68705379453516,7.105427357601002e-15
2030-10-10 17:00:00,True,Optimization terminated successfully. (HiGHS Status 7: Optimal),1,166.89767436149396,7.105427357601002e-15
2030-10-10 18:00:00,True,Optimization terminated successfully. (HiGHS Status 7: Optimal),1,154.30410996631255,0.0
2030-10-10 19:00:00,True,Optimization terminated successfully. (HiGHS Status 7: Optimal),1,171.04185342658562,0.0
2030-10-10 20:00:00,True,Optimization terminated successfully. (HiGHS Status 7: Optimal),1,172.59243960662826,0.0
2030-10-10 21:00:00,True,Optimization terminated successfully. (HiGHS Status 7: Optimal),1,150.40220135370305,7.105427357601002e-15
2030-10-10 22:00:00,True,Optimization terminated successfully. (HiGHS Status 7: Optimal),1,162.90295964515545,0.0
2030-10-10 23:00:00,True,Optimization terminated successfully. (HiGHS Status 7: Optimal),1,131.72030965860293,0.0
2030-10-11 00:00:00,True,Optimization terminated successfully. (HiGHS Status 7: Optimal),1,157.090701485316,0.0
2030-10-11 01:00:00,True,Optimization terminated successfully. (HiGHS Status 7: Optimal),1,108.95800471788746,0.0
2030-10-11 02:00:00,True,Optimization terminated successfully. (HiGHS Status 7: Optimal),1,111.47612940434196,0.0
2030-10-11 03:00:00,True,Optimization terminated successfully. (HiGHS Status 7: Optimal),1,85.58977453618823,0.0
2030-10-11 04:00:00,True,Optimization terminated successfully. (HiGHS Status 7: Optimal),1,79.66162130645661,0.0
2030-10-11 05:00:00,True,Optimization terminated successfully. (HiGHS Status 7: Optimal),1,54.11592195451162,0.0
2030-10-11 06:00:00,True,Optimization terminated successfully. (HiGHS Status 7: Optimal),1,139.33263120081136,0.0
2030-10-11 07:00:00,True,Optimization terminated successfully. (HiGHS Status 7: Optimal),1,200.1280809304462,0.0
2030-10-11 08:00:00,True,Optimization terminated successfully. (HiGHS Status 7: Optimal),1,165.49577630195847,0.0
2030-10-11 09:00:00,True,Optimization terminated successfully. (HiGHS Status 7: Optimal),1,116.10556137292915,0.0
2030-10-11 10:00:00,True,Optimization terminated successfully. (HiGHS Status 7: Optimal),1,136.87426833996756,0.0
2030-10-11 11:00:00,True,Optimization terminated successfully. (HiGHS Status 7: Optimal),1,193.09129017530316,0.0
2030-10-11 12:00:00,True,Optimization terminated successfully. (HiGHS Status 7: Optimal),1,190.49573612781015,0.0
2030-10-11 13:00:00,True,Optimization terminated successfully. (HiGHS Status 7: Optimal),1,193.63579105557375,0.0
2030-10-11 14:00:00,True,Optimization terminated successfully. (HiGHS Status 7: Optimal),1,202.586897711648,0.0
2030-10-11 15:00:00,True,Optimization terminated successfully. (HiGHS Status 7: Optimal),1,152.27571670787606,0.0
2030-10-11 16:00:00,True,Optimization terminated successfully. (HiGHS Status 7: Optimal),1,62.516013089717895,0.0
2030-10-17 21:00:00,True,Optimization terminated successfully. (HiGHS Status 7: Optimal),1,73.33107281971603,0.0
2030-10-17 22:00:00,True,Optimization terminated successfully. (HiGHS Status 7: Optimal),1,83.32098671787419,0.0
2030-10-17 23:00:00,True,Optimization terminated successfully. (HiGHS Status 7: Optimal),1,2.6900957391585454,0.0
2030-10-18 07:00:00,True,Optimization terminated successfully. (HiGHS Status 7: Optimal),1,14.023472585958956,0.0
2030-10-18 18:00:00,True,Optimization terminated successfully. (HiGHS Status 7: Optimal),1,2.654766575001721,0.0
2030-10-18 19:00:00,True,Optimization terminated successfully. (HiGHS Status 7: Optimal),1,59.875975836497545,0.0
2030-10-19 00:00:00,True,Optimization terminated successfully. (HiGHS Status 7: Optimal),1,92.73616700717731,3.552713678800501e-15
2030-10-19 01:00:00,True,Optimization terminated successfully. (HiGHS Status 7: Optimal),1,90.32688015843912,0.0
2030-10-19 02:00:00,True,Optimization terminated successfully. (HiGHS Status 7: Optimal),1,53.05567325245535,0.0
2030-10-19 03:00:00,True,Optimization terminated successfully. (HiGHS Status 7: Optimal),1,20.601468821110977,0.0
2030-10-19 04:00:00,True,Optimization terminated successfully. (HiGHS Status 7: Optimal),1,63.98147307515615,0.0
2030-10-19 05:00:00,True,Optimization terminated successfully. (HiGHS Status 7: Optimal),1,35.012571808404864,0.0
2030-10-19 06:00:00,True,Optimization terminated successfully. (HiGHS Status 7: Optimal),1,56.68477620722905,0.0
2030-10-19 07:00:00,True,Optimization terminated successfully. (HiGHS Status 7: Optimal),1,102.13153878366016,0.0
2030-10-19 08:00:00,True,Optimization terminated successfully. (HiGHS Status 7: Optimal),1,69.62614681413608,0.0
2030-10-19 09:00:00,True,Optimization terminated successfully. (HiGHS Status 7: Optimal),1,36.061849514946346,0.0
2030-10-22 16:00:00,True,Optimization terminated successfully. (HiGHS Status 7: Optimal),1,18.525722274944485,0.0
2030-10-22 18:00:00,True,Optimization terminated successfully. (HiGHS Status 7: Optimal),1,68.39886230820342,0.0
2030-10-22 19:00:00,True,Optimization terminated successfully. (HiGHS Status 7: Optimal),1,73.02564963523372,0.0
2030-10-22 20:00:00,True,Optimization terminated successfully. (HiGHS Status 7: Optimal),1,42.97492424450789,0.0
2030-10-22 21:00:00,True,Optimization terminated successfully. (HiGHS Status 7: Optimal),1,39.85036747877831,0.0
2030-10-22 23:00:00,True,Optimization terminated successfully. (HiGHS Status 7: Optimal),1,30.179367727351405,0.0
2030-10-23 00:00:00,True,Optimization terminated successfully. (HiGHS Status 7: Optimal),1,83.14133103804606,0.0
2030-10-23 01:00:00,True,Optimization terminated successfully. (HiGHS Status 7: Optimal),1,12.074055443101981,0.0
2030-11-02 08:00:00,True,Optimization terminated successfully. (HiGHS Status 7: Optimal),1,11.782307410555159,0.0
2030-11-02 09:00:00,True,Optimization terminated successfully. (HiGHS Status 7: Optimal),1,0.8380312487630284,0.0
2030-11-03 13:00:00,True,Optimization terminated successfully. (HiGHS Status 7: Optimal),1,48.95724105533176,0.0
2030-11-03 14:00:00,True,Optimization terminated successfully. (HiGHS Status 7: Optimal),1,107.64852168830065,0.0
2030-11-03 15:00:00,True,Optimization terminated successfully. (HiGHS Status 7: Optimal),1,98.73985195337995,3.552713678800501e-15
2030-11-03 16:00:00,True,Optimization terminated successfully. (HiGHS Status 7: Optimal),1,142.84452908380698,0.0
2030-11-03 17:00:00,True,Optimization terminated successfully. (HiGHS Status 7: Optimal),1,146.6765456409663,0.0
2030-11-03 18:00:00,True,Optimization terminated successfully. (HiGHS Status 7: Optimal),1,156.1181790270784,0.0
2030-11-03 19:00:00,True,Optimization terminated successfully. (HiGHS Status 7: Optimal),1,139.2200546582575,0.0
2030-11-03 20:00:00,True,Optimization terminated successfully. (HiGHS Status 7: Optimal),1,157.44466699810752,0.0
2030-11-03 21:00:00,True,Optimization terminated successfully. (HiGHS Status 7: Optimal),1,113.32305539446163,0.0
2030-11-03 22:00:00,True,Optimization terminated successfully. (HiGHS Status 7: Optimal),1,105.01025459548262,3.552713678800501e-15
2030-11-03 23:00:00,True,Optimization terminated successfully. (HiGHS Status 7: Optimal),1,80.53773261434898,0.0
2030-11-04 00:00:00,True,Optimization terminated successfully. (HiGHS Status 7: Optimal),1,90.22265295901323,0.0
2030-11-04 02:00:00,True,Optimization terminated successfully. (HiGHS Status 7: Optimal),1,19.502570817687435,0.0
2030-11-04 14:00:00,True,Optimization terminated successfully. (HiGHS Status 7: Optimal),1,7.468715429258324,0.0
2030-11-04 15:00:00,True,Optimization terminated successfully. (HiGHS Status 7: Optimal),1,43.47949620753382,0.0
2030-11-04 16:00:00,True,Optimization terminated successfully. (HiGHS Status 7: Optimal),1,26.525733269672344,0.0
2030-11-06 11:00:00,True,Optimization terminated successfully. (HiGHS Status 7: Optimal),1,4.5210561851118625,0.0
2030-11-07 01:00:00,True,Optimization terminated successfully. (HiGHS Status 7: Optimal),1,1.1764733720699734,5.551115123125783e-17
2030-11-07 03:00:00,True,Optimization terminated successfully. (HiGHS Status 7: Optimal),1,73.97572587974395,0.0
2030-11-07 04:00:00,True,Optimization terminated successfully. (HiGHS Status 7: Optimal),1,93.38188635179027,0.0
2030-11-07 05:00:00,True,Optimization terminated successfully. (HiGHS Status 7: Optimal),1,139.95568524442473,0.0
2030-11-07 06:00:00,True,Optimization terminated successfully. (HiGHS Status 7: Optimal),1,120.04566638763112,3.552713678800501e-15
2030-11-07 07:00:00,True,Optimization terminated successfully. (HiGHS Status 7: Optimal),1,151.8843778240127,0.0
2030-11-07 08:00:00,True,Optimization terminated successfully. (HiGHS Status 7: Optimal),1,165.99933652459035,0.0
2030-11-07 09:00:00,True,Optimization terminated successfully. (HiGHS Status 7: Optimal),1,167.99243779895818,0.0
2030-11-07 10:00:00,True,Optimization terminated successfully. (HiGHS Status 7: Optimal),1,132.7078399635031,0.0
2030-11-07 11:00:00,True,Optimization terminated successfully. (HiGHS Status 7: Optimal),1,176.41929523167215,0.0
2030-11-07 12:00:00,True,Optimization terminated successfully. (HiGHS Status 7: Optimal),1,341.16910546405313,0.0
2030-11-07 13:00:00,True,Optimization terminated successfully. (HiGHS Status 7: Optimal),1,138.27023984980653,0.0
2030-11-07 14:00:00,True,Optimization terminated successfully. (HiGHS Status 7: Optimal),1,185.3159095591592,0.0
2030-11-07 15:00:00,True,Optimization terminated successfully. (HiGHS Status 7: Optimal),1,187.01463175412167,7.105427357601002e-15
2030-11-07 16:00:00,True,Optimization terminated successfully. (HiGHS Status 7: Optimal),1,170.47870886099042,0.0
2030-11-07 17:00:00,True,Optimization terminated successfully. (HiGHS Status 7: Optimal),1,166.23513014263426,7.105427357601002e-15
2030-11-07 18:00:00,True,Optimization terminated successfully. (HiGHS Status 7: Optimal),1,161.4144514978706,7.105427357601002e-15
2030-11-07 19:00:00,True,Optimization terminated successfully. (HiGHS Status 7: Optimal),1,169.27253538676086,0.0
2030-11-07 20:00:00,True,Optimization terminated successfully. (HiGHS Status 7: Optimal),1,143.66095587707574,7.105427357601002e-15
2030-11-07 21:00:00,True,Optimization terminated successfully. (HiGHS Status 7: Optimal),1,104.19942233149698,0.0
2030-11-07 22:00:00,True,Optimization terminated successfully. (HiGHS Status 7: Optimal),1,113.25473698193666,3.552713678800501e-15
2030-11-07 23:00:00,True,Optimization terminated successfully. (HiGHS Status 7: Optimal),1,88.75069691826528,3.552713678800501e-15
2030-11-08 00:00:00,True,Optimization terminated successfully. (HiGHS Status 7: Optimal),1,2.161333398208062,0.0
2030-11-08 05:00:00,True,Optimization terminated successfully. (HiGHS Status 7: Optimal),1,13.94869725272168,0.0
2030-11-08 06:00:00,True,Optimization terminated successfully. (HiGHS Status 7: Optimal),1,101.19386178391284,0.0
2030-11-08 07:00:00,True,Optimization terminated successfully. (HiGHS Status 7: Optimal),1,139.62823944856476,0.0
2030-11-08 08:00:00,True,Optimization terminated successfully. (HiGHS Status 7: Optimal),1,161.83916218346937,7.105427357601002e-15
2030-11-08 09:00:00,True,Optimization terminated successfully. (HiGHS Status 7: Optimal),1,161.71426164780226,7.105427357601002e-15
2030-11-08 10:00:00,True,Optimization terminated successfully. (HiGHS Status 7: Optimal),1,168.92891340733152,0.0
2030-11-08 11:00:00,True,Optimization terminated successfully. (HiGHS Status 7: Optimal),1,176.27686240646233,0.0
2030-11-08 12:00:00,True,Optimization terminated successfully. (HiGHS Status 7: Optimal),1,132.85267559604057,0.0
2030-11-08 13:00:00,True,Optimization terminated successfully. (HiGHS Status 7: Optimal),1,120.18665620196964,0.0
2030-11-08 14:00:00,True,Optimization terminated successfully. (HiGHS Status 7: Optimal),1,125.14515486618838,0.0
2030-11-08 15:00:00,True,Optimization terminated successfully. (HiGHS Status 7: Optimal),1,134.5906428858955,0.0
2030-11-08 16:00:00,True,Optimization terminated successfully. (HiGHS Status 7: Optimal),1,116.24346206484186,0.0
2030-11-08 17:00:00,True,Optimization terminated successfully. (HiGHS Status 7: Optimal),1,28.82714165987641,1.7763568394002505e-15
2030-11-09 18:00:00,True,Optimization terminated successfully. (HiGHS Status 7: Optimal),1,34.89846383506396,0.0
2030-11-10 05:00:00,True,Optimization terminated successfully. (HiGHS Status 7: Optimal),1,56.3262570422094,0.0
2030-11-10 06:00:00,True,Optimization terminated successfully. (HiGHS Status 7: Optimal),1,132.69719354745374,7.105427357601002e-15
2030-11-10 07:00:00,True,Optimization terminated successfully. (HiGHS Status 7: Optimal),1,0.9483708772596259,0.0
2030-11-10 13:00:00,True,Optimization terminated successfully. (HiGHS Status 7: Optimal),1,5.064627814600881,0.0
2030-11-10 14:00:00,True,Optimization terminated successfully. (HiGHS Status 7: Optimal),1,36.31461028729613,0.0
2030-11-10 15:00:00,True,Optimization terminated successfully. (HiGHS Status 7: Optimal),1,85.2936018256404,3.552713678800501e-15
2030-11-10 18:00:00,True,Optimization terminated successfully. (HiGHS Status 7: Optimal),1,27.42243853075491,0.0
2030-11-11 18:00:00,True,Optimization terminated successfully. (HiGHS Status 7: Optimal),1,83.51507693082496,3.552713678800501e-15
2030-11-11 19:00:00,True,Optimization terminated successfully. (HiGHS Status 7: Optimal),1,27.824667087427578,0.0
2030-11-11 20:00:00,True,Optimization terminated successfully. (HiGHS Status 7: Optimal),1,104.79932260855384,0.0
2030-11-11 21:00:00,True,Optimization terminated successfully. (HiGHS Status 7: Optimal),1,160.30029290771463,7.105427357601002e-15
2030-11-11 22:00:00,True,Optimization terminated successfully. (HiGHS Status 7: Optimal),1,126.9154645016091,0.0
2030-11-11 23:00:00,True,Optimization terminated successfully. (HiGHS Status 7: Optimal),1,124.71213357454225,0.0
2030-11-12 00:00:00,True,Optimization terminated successfully. (HiGHS Status 7: Optimal),1,61.130630372274155,0.0
2030-11-12 01:00:00,True,Optimization terminated successfully. (HiGHS Status 7: Optimal),1,117.2093379810131,0.0
2030-11-12 02:00:00,True,Optimization terminated successfully. (HiGHS Status 7: Optimal),1,119.78810140014446,0.0
2030-11-12 03:00:00,True,Optimization terminated successfully. (HiGHS Status 7: Optimal),1,88.68727301100954,0.0
2030-11-12 05:00:00,True,Optimization terminated successfully. (HiGHS Status 7: Optimal),1,109.90560731172091,0.0
2030-11-12 06:00:00,True,Optimization terminated successfully. (HiGHS Status 7: Optimal),1,146.9024306464217,0.0
2030-11-12 07:00:00,True,Optimization terminated successfully. (HiGHS Status 7: Optimal),1,56.53698977572647,0.0
2030-11-12 08:00:00,True,Optimization terminated successfully. (HiGHS Status 7: Optimal),1,57.18422948571924,0.0
2030-11-12 09:00:00,True,Optimization terminated successfully. (HiGHS Status 7: Optimal),1,64.27308631851746,0.0
2030-11-12 10:00:00,True,Optimization terminated successfully. (HiGHS Status 7: Optimal),1,126.64321395321878,0.0
2030-11-12 11:00:00,True,Optimization terminated successfully. (HiGHS Status 7: Optimal),1,132.42721086388468,0.0
2030-11-12 12:00:00,True,Optimization terminated successfully. (HiGHS Status 7: Optimal),1,130.97818743614445,0.0
2030-11-12 13:00:00,True,Optimization terminated successfully. (HiGHS Status 7: Optimal),1,170.12595624566885,0.0
2030-11-12 14:00:00,True,Optimization terminated successfully. (HiGHS Status 7: Optimal),1,141.10989434236384,7.105427357601002e-15
2030-11-12 15:00:00,True,Optimization terminated successfully. (HiGHS Status 7: Optimal),1,160.41344984766678,0.0
2030-11-12 16:00:00,True,Optimization terminated successfully. (HiGHS Status 7: Optimal),1,173.1531506091914,0.0
2030-11-12 17:00:00,True,Optimization terminated successfully. (HiGHS Status 7: Optimal),1,162.35333250924026,0.0
2030-11-12 18:00:00,True,Optimization terminated successfully. (HiGHS Status 7: Optimal),1,164.61416742586977,0.0
2030-11-12 19:00:00,True,Optimization terminated successfully. (HiGHS Status 7: Optimal),1,173.3951589754016,0.0
2030-11-12 20:00:00,True,Optimization terminated successfully. (HiGHS Status 7: Optimal),1,175.91676842026993,0.0
2030-11-12 21:00:00,True,Optimization terminated successfully. (HiGHS Status 7: Optimal),1,180.9451320068847,0.0
2030-11-12 22:00:00,True,Optimization terminated successfully. (HiGHS Status 7: Optimal),1,143.87752867674237,0.0
2030-11-12 23:00:00,True,Optimization terminated successfully. (HiGHS Status 7: Optimal),1,149.84520318969396,0.0
2030-11-13 00:00:00,True,Optimization terminated successfully. (HiGHS Status 7: Optimal),1,161.4619432850052,0.0
2030-11-13 01:00:00,True,Optimization terminated successfully. (HiGHS Status 7: Optimal),1,112.03982897694151,0.0
2030-11-13 02:00:00,True,Optimization terminated successfully. (HiGHS Status 7: Optimal),1,111.40703762299007,3.552713678800501e-15
2030-11-13 03:00:00,True,Optimization terminated successfully. (HiGHS Status 7: Optimal),1,103.52707296748206,0.0
2030-11-13 04:00:00,True,Optimization terminated successfully. (HiGHS Status 7: Optimal),1,153.90341401821576,0.0
2030-11-13 05:00:00,True,Optimization terminated successfully. (HiGHS Status 7: Optimal),1,133.59654928767208,0.0
2030-11-13 06:00:00,True,Optimization terminated successfully. (HiGHS Status 7: Optimal),1,34.94158980826847,1.7763568394002505e-15
2030-11-13 07:00:00,True,Optimization terminated successfully. (HiGHS Status 7: Optimal),1,111.72734752297993,0.0
2030-11-13 08:00:00,True,Optimization terminated successfully. (HiGHS Status 7: Optimal),1,66.96005016083635,0.0
2030-11-13 09:00:00,True,Optimization terminated successfully. (HiGHS Status 7: Optimal),1,35.98421606476803,0.0
2030-11-13 11:00:00,True,Optimization terminated successfully. (HiGHS Status 7: Optimal),1,0.21825268661045336,0.0
2030-11-13 12:00:00,True,Optimization terminated successfully. (HiGHS Status 7: Optimal),1,152.3950880248552,0.0
2030-11-13 13:00:00,True,Optimization terminated successfully. (HiGHS Status 7: Optimal),1,164.70630903914656,0.0
2030-11-13 14:00:00,True,Optimization terminated successfully. (HiGHS Status 7: Optimal),1,172.3192651467221,0.0
2030-11-13 15:00:00,True,Optimization terminated successfully. (HiGHS Status 7: Optimal),1,149.02716514615565,0.0
2030-11-13 16:00:00,True,Optimization terminated successfully. (HiGHS Status 7: Optimal),1,103.70765313425186,0.0
2030-11-13 17:00:00,True,Optimization terminated successfully. (HiGHS Status 7: Optimal),1,67.57270456761981,0.0
2030-11-13 18:00:00,True,Optimization terminated successfully. (HiGHS Status 7: Optimal),1,43.18128563779316,0.0
2030-11-13 19:00:00,True,Optimization terminated successfully. (HiGHS Status 7: Optimal),1,77.98831813215133,0.0
2030-11-13 20:00:00,True,Optimization terminated successfully. (HiGHS Status 7: Optimal),1,54.98656379341826,1.7763568394002505e-15
2030-11-13 21:00:00,True,Optimization terminated successfully. (HiGHS Status 7: Optimal),1,106.5112657543948,3.552713678800501e-15
2030-11-13 22:00:00,True,Optimization terminated successfully. (HiGHS Status 7: Optimal),1,122.55571503970725,3.552713678800501e-15
2030-11-13 23:00:00,True,Optimization terminated successfully. (HiGHS Status 7: Optimal),1,167.05616219502446,0.0
2030-11-14 00:00:00,True,Optimization terminated successfully. (HiGHS Status 7: Optimal),1,157.19646083579087,7.105427357601002e-15
2030-11-14 01:00:00,True,Optimization terminated successfully. (HiGHS Status 7: Optimal),1,79.09399254787738,3.552713678800501e-15
2030-11-14 06:00:00,True,Optimization terminated successfully. (HiGHS Status 7: Optimal),1,39.86094521977024,1.7763568394002505e-15
2030-11-14 07:00:00,True,Optimization terminated successfully. (HiGHS Status 7: Optimal),1,130.48125408276724,0.0
2030-11-14 08:00:00,True,Optimization terminated successfully. (HiGHS Status 7: Optimal),1,87.34911139751765,0.0
2030-11-14 11:00:00,True,Optimization terminated successfully. (HiGHS Status 7: Optimal),1,29.820703057921172,0.0
2030-11-14 12:00:00,True,Optimization terminated successfully. (HiGHS Status 7: Optimal),1,333.8279249162191,0.0
2030-11-14 13:00:00,True,Optimization terminated successfully. (HiGHS Status 7: Optimal),1,168.07523656445358,0.0
2030-11-14 14:00:00,True,Optimization terminated successfully. (HiGHS Status 7: Optimal),1,67.40493037176319,0.0
2030-11-14 15:00:00,True,Optimization terminated successfully. (HiGHS Status 7: Optimal),1,170.8489770852053,0.0
2030-11-14 16:00:00,True,Optimization terminated successfully. (HiGHS Status 7: Optimal),1,65.2472367320346,0.0
2030-11-17 06:00:00,True,Optimization terminated successfully. (HiGHS Status 7: Optimal),1,28.90404305467794,0.0
2030-11-17 07:00:00,True,Optimization terminated successfully. (HiGHS Status 7: Optimal),1,63.89996303312014,0.0
2030-11-17 08:00:00,True,Optimization terminated successfully. (HiGHS Status 7: Optimal),1,69.77694132100125,0.0
2030-11-17 09:00:00,True,Optimization terminated successfully. (HiGHS Status 7: Optimal),1,112.12810880838627,0.0
2030-11-17 11:00:00,True,Optimization terminated successfully. (HiGHS Status 7: Optimal),1,34.00843820726551,0.0
2030-11-22 16:00:00,True,Optimization terminated successfully. (HiGHS Status 7: Optimal),1,82.525496661638,0.0
2030-11-22 20:00:00,True,Optimization terminated successfully. (HiGHS Status 7: Optimal),1,44.236532603576094,0.0
2030-11-22 21:00:00,True,Optimization terminated successfully. (HiGHS Status 7: Optimal),1,113.81918250904926,0.0
2030-11-22 22:00:00,True,Optimization terminated successfully. (HiGHS Status 7: Optimal),1,82.7542712954488,3.552713678800501e-15
2030-11-22 23:00:00,True,Optimization terminated successfully. (HiGHS Status 7: Optimal),1,113.39940179674397,3.552713678800501e-15
2030-11-23 01:00:00,True,Optimization terminated successfully. (HiGHS Status 7: Optimal),1,24.484556240234923,0.0
2030-11-23 02:00:00,True,Optimization terminated successfully. (HiGHS Status 7: Optimal),1,90.18272329016187,0.0
2030-11-23 03:00:00,True,Optimization terminated successfully. (HiGHS Status 7: Optimal),1,85.38454290459053,0.0
2030-11-23 04:00:00,True,Optimization terminated successfully. (HiGHS Status 7: Optimal),1,85.41739743822478,0.0
2030-11-23 05:00:00,True,Optimization terminated successfully. (HiGHS Status 7: Optimal),1,113.44295617805548,0.0
2030-11-23 06:00:00,True,Optimization terminated successfully. (HiGHS Status 7: Optimal),1,117.63856079946714,0.0
2030-11-23 07:00:00,True,Optimization terminated successfully. (HiGHS Status 7: Optimal),1,160.6707928442506,0.0
2030-11-23 08:00:00,True,Optimization terminated successfully. (HiGHS Status 7: Optimal),1,172.47152466849158,0.0
2030-11-23 09:00:00,True,Optimization terminated successfully. (HiGHS Status 7: Optimal),1,170.41736137261455,0.0
2030-11-23 10:00:00,True,Optimization terminated successfully. (HiGHS Status 7: Optimal),1,136.6361137848871,0.0
2030-11-23 11:00:00,True,Optimization terminated successfully. (HiGHS Status 7: Optimal),1,108.84722470353827,0.0
2030-11-23 12:00:00,True,Optimization terminated successfully. (HiGHS Status 7: Optimal),1,134.08168787845898,0.0
2030-11-23 13:00:00,True,Optimization terminated successfully. (HiGHS Status 7: Optimal),1,138.57645829356045,0.0
2030-11-23 14:00:00,True,Optimization terminated successfully. (HiGHS Status 7: Optimal),1,129.32378071823672,0.0
2030-11-23 15:00:00,True,Optimization terminated successfully. (HiGHS Status 7: Optimal),1,40.95253833714357,0.0
2030-11-23 17:00:00,True,Optimization terminated successfully. (HiGHS Status 7: Optimal),1,110.87008083512127,3.552713678800501e-15
2030-11-23 18:00:00,True,Optimization terminated successfully. (HiGHS Status 7: Optimal),1,91.83706522904117,0.0
2030-11-23 19:00:00,True,Optimization terminated successfully. (HiGHS Status 7: Optimal),1,62.06220820286229,0.0
2030-11-23 20:00:00,True,Optimization terminated successfully. (HiGHS Status 7: Optimal),1,129.40067533654815,0.0
2030-11-23 21:00:00,True,Optimization terminated successfully. (HiGHS Status 7: Optimal),1,148.23623179753028,0.0
2030-11-23 22:00:00,True,Optimization terminated successfully. (HiGHS Status 7: Optimal),1,146.5352253904137,0.0
2030-11-23 23:00:00,True,Optimization terminated successfully. (HiGHS Status 7: Optimal),1,163.44423514300894,0.0
2030-11-24 00:00:00,True,Optimization terminated successfully. (HiGHS Status 7: Optimal),1,123.96455232482177,0.0
2030-11-24 01:00:00,True,Optimization terminated successfully. (HiGHS Status 7: Optimal),1,98.30000190250699,0.0
2030-11-24 02:00:00,True,Optimization terminated successfully. (HiGHS Status 7: Optimal),1,103.02909464774606,3.552713678800501e-15
2030-11-24 03:00:00,True,Optimization terminated successfully. (HiGHS Status 7: Optimal),1,119.6448067813305,0.0
2030-11-24 04:00:00,True,Optimization terminated successfully. (HiGHS Status 7: Optimal),1,122.08146432550666,0.0
2030-11-24 05:00:00,True,Optimization terminated successfully. (HiGHS Status 7: Optimal),1,142.58123721796755,7.105427357601002e-15
2030-11-24 06:00:00,True,Optimization terminated successfully. (HiGHS Status 7: Optimal),1,183.8559243089591,0.0
2030-11-24 07:00:00,True,Optimization terminated successfully. (HiGHS Status 7: Optimal),1,215.07214425959495,0.0
2030-11-24 08:00:00,True,Optimization terminated successfully. (HiGHS Status 7: Optimal),1,210.3231515679503,0.0
2030-11-24 09:00:00,True,Optimization terminated successfully. (HiGHS Status 7: Optimal),1,196.39966504647828,7.105427357601002e-15
2030-11-24 10:00:00,True,Optimization terminated successfully. (HiGHS Status 7: Optimal),1,174.97155247761873,0.0
2030-11-24 11:00:00,True,Optimization terminated successfully. (HiGHS Status 7: Optimal),1,155.19876845997013,0.0
2030-11-24 12:00:00,True,Optimization terminated successfully. (HiGHS Status 7: Optimal),1,123.82431266872997,7.105427357601002e-15
2030-11-24 13:00:00,True,Optimization terminated successfully. (HiGHS Status 7: Optimal),1,138.88450036840118,0.0
2030-11-24 14:00:00,True,Optimization terminated successfully. (HiGHS Status 7: Optimal),1,168.6593068775947,0.0
2030-11-24 15:00:00,True,Optimization terminated successfully. (HiGHS Status 7: Optimal),1,175.32417439073973,0.0
2030-11-24 16:00:00,True,Optimization terminated successfully. (HiGHS Status 7: Optimal),1,126.77585453959739,0.0
2030-11-24 17:00:00,True,Optimization terminated successfully. (HiGHS Status 7: Optimal),1,100.40366698815171,7.105427357601002e-15
2030-11-24 18:00:00,True,Optimization terminated successfully. (HiGHS Status 7: Optimal),1,147.65793671054158,0.0
2030-11-24 20:00:00,True,Optimization terminated successfully. (HiGHS Status 7: Optimal),1,5.740979007824353,0.0
2030-11-24 21:00:00,True,Optimization terminated successfully. (HiGHS Status 7: Optimal),1,83.36203440917289,0.0
2030-11-24 22:00:00,True,Optimization terminated successfully. (HiGHS Status 7: Optimal),1,25.621977522598343,0.0
2030-11-25 01:00:00,True,Optimization terminated successfully. (HiGHS Status 7: Optimal),1,6.210444589573893,0.0
2030-12-01 10:00:00,True,Optimization terminated successfully. (HiGHS Status 7: Optimal),1,28.193366572888365,0.0
2030-12-01 11:00:00,True,Optimization terminated successfully. (HiGHS Status 7: Optimal),1,69.00825186930999,0.0
2030-12-01 12:00:00,True,Optimization terminated successfully. (HiGHS Status 7: Optimal),1,155.38885243372684,0.0
2030-12-01 13:00:00,True,Optimization terminated successfully. (HiGHS Status 7: Optimal),1,100.98882318636802,0.0
2030-12-01 14:00:00,True,Optimization terminated successfully. (HiGHS Status 7: Optimal),1,96.94600605832969,0.0
2030-12-01 15:00:00,True,Optimization terminated successfully. (HiGHS Status 7: Optimal),1,114.96313560638062,0.0
2030-12-01 16:00:00,True,Optimization terminated successfully. (HiGHS Status 7: Optimal),1,128.15670056425247,7.105427357601002e-15
2030-12-01 17:00:00,True,Optimization terminated successfully. (HiGHS Status 7: Optimal),1,65.74205038188092,0.0
2030-12-01 18:00:00,True,Optimization terminated successfully. (HiGHS Status 7: Optimal),1,91.1751763347381,0.0
2030-12-01 19:00:00,True,Optimization terminated successfully. (HiGHS Status 7: Optimal),1,152.63686790825474,0.0
2030-12-01 20:00:00,True,Optimization terminated successfully. (HiGHS Status 7: Optimal),1,151.63630655784866,0.0
2030-12-01 21:00:00,True,Optimization terminated successfully. (HiGHS Status 7: Optimal),1,96.37030197925037,0.0
2030-12-01 22:00:00,True,Optimization terminated successfully. (HiGHS Status 7: Optimal),1,71.39126258880627,0.0
2030-12-01 23:00:00,True,Optimization terminated successfully. (HiGHS Status 7: Optimal),1,149.68909013342622,0.0
2030-12-02 00:00:00,True,Optimization terminated successfully. (HiGHS Status 7: Optimal),1,128.99115356441385,0.0
2030-12-02 01:00:00,True,Optimization terminated successfully. (HiGHS Status 7: Optimal),1,99.88397476270201,0.0
2030-12-02 02:00:00,True,Optimization terminated successfully. (HiGHS Status 7: Optimal),1,129.0531402027642,0.0
2030-12-02 03:00:00,True,Optimization terminated successfully. (HiGHS Status 7: Optimal),1,165.00236659853317,1.4210854715202004e-14
2030-12-02 04:00:00,True,Optimization terminated successfully. (HiGHS Status 7: Optimal),1,103.71298369231059,0.0
2030-12-02 05:00:00,True,Optimization terminated successfully. (HiGHS Status 7: Optimal),1,96.03723356721468,0.0
2030-12-02 06:00:00,True,Optimization terminated successfully. (HiGHS Status 7: Optimal),1,76.59033259366227,0.0
2030-12-02 07:00:00,True,Optimization terminated successfully. (HiGHS Status 7: Optimal),1,61.92679893551444,0.0
2030-12-02 08:00:00,True,Optimization terminated successfully. (HiGHS Status 7: Optimal),1,16.47553698253206,0.0
2030-12-02 09:00:00,True,Optimization terminated successfully. (HiGHS Status 7: Optimal),1,165.3563629888942,7.105427357601002e-15
2030-12-02 10:00:00,True,Optimization terminated successfully. (HiGHS Status 7: Optimal),1,172.27321083599733,7.105427357601002e-15
2030-12-02 11:00:00,True,Optimization terminated successfully. (HiGHS Status 7: Optimal),1,115.27749733213724,0.0
2030-12-02 12:00:00,True,Optimization terminated successfully. (HiGHS Status 7: Optimal),1,173.1132967271746,1.4210854715202004e-14
2030-12-02 13:00:00,True,Optimization terminated successfully. (HiGHS Status 7: Optimal),1,187.53477574775297,0.0
2030-12-02 14:00:00,True,Optimization terminated successfully. (HiGHS Status 7: Optimal),1,188.7711822708878,0.0
2030-12-02 15:00:00,True,Optimization terminated successfully. (HiGHS Status 7: Optimal),1,189.68414029377473,0.0
2030-12-02 16:00:00,True,Optimization terminated successfully. (HiGHS Status 7: Optimal),1,173.29422764532106,7.105427357601002e-15
2030-12-02 17:00:00,True,Optimization terminated successfully. (HiGHS Status 7: Optimal),1,147.96264671227098,0.0
2030-12-02 18:00:00,True,Optimization terminated successfully. (HiGHS Status 7: Optimal),1,160.64888245536588,0.0
2030-12-02 19:00:00,True,Optimization terminated successfully. (HiGHS Status 7: Optimal),1,171.29847116887677,0.0
2030-12-02 20:00:00,True,Optimization terminated successfully. (HiGHS Status 7: Optimal),1,182.37009306253137,0.0
2030-12-02 21:00:00,True,Optimization terminated successfully. (HiGHS Status 7: Optimal),1,194.20453407337624,7.105427357601002e-15
2030-12-02 22:00:00,True,Optimization terminated successfully. (HiGHS Status 7: Optimal),1,180.40366073688386,0.0
2030-12-02 23:00:00,True,Optimization terminated successfully. (HiGHS Status 7: Optimal),1,180.98808697875296,7.105427357601002e-15
2030-12-03 00:00:00,True,Optimization terminated successfully. (HiGHS Status 7: Optimal),1,154.29925416276674,0.0
2030-12-03 01:00:00,True,Optimization terminated successfully. (HiGHS Status 7: Optimal),1,167.7232413509048,0.0
2030-12-03 02:00:00,True,Optimization terminated successfully. (HiGHS Status 7: Optimal),1,206.45972989343173,0.0
2030-12-03 03:00:00,True,Optimization terminated successfully. (HiGHS Status 7: Optimal),1,197.2005091356104,0.0
2030-12-03 04:00:00,True,Optimization terminated successfully. (HiGHS Status 7: Optimal),1,180.41421643787984,0.0
2030-12-03 05:00:00,True,Optimization terminated successfully. (HiGHS Status 7: Optimal),1,185.84295230258638,0.0
2030-12-03 06:00:00,True,Optimization terminated successfully. (HiGHS Status 7: Optimal),1,163.46415334771146,0.0
2030-12-03 07:00:00,True,Optimization terminated successfully. (HiGHS Status 7: Optimal),1,165.7624108808704,1.4210854715202004e-14
2030-12-03 08:00:00,True,Optimization terminated successfully. (HiGHS Status 7: Optimal),1,117.75175465420057,3.552713678800501e-15
2030-12-03 09:00:00,True,Optimization terminated successfully. (HiGHS Status 7: Optimal),1,30.583046847296302,0.0
2030-12-03 18:00:00,True,Optimization terminated successfully. (HiGHS Status 7: Optimal),1,72.67859344095531,3.552713678800501e-15
2030-12-03 19:00:00,True,Optimization terminated successfully. (HiGHS Status 7: Optimal),1,136.41661755957836,0.0
2030-12-03 20:00:00,True,Optimization terminated successfully. (HiGHS Status 7: Optimal),1,155.1357723167037,0.0
2030-12-03 21:00:00,True,Optimization terminated successfully. (HiGHS Status 7: Optimal),1,191.55974651420806,0.0
2030-12-03 22:00:00,True,Optimization terminated successfully. (HiGHS Status 7: Optimal),1,193.28000397074746,0.0
2030-12-03 23:00:00,True,Optimization terminated successfully. (HiGHS Status 7: Optimal),1,154.43235412233972,0.0
2030-12-04 00:00:00,True,Optimization terminated successfully. (HiGHS Status 7: Optimal),1,199.20744246913017,0.0
2030-12-04 01:00:00,True,Optimization terminated successfully. (HiGHS Status 7: Optimal),1,184.93345030250958,0.0
2030-12-04 02:00:00,True,Optimization terminated successfully. (HiGHS Status 7: Optimal),1,170.8966615016647,7.105427357601002e-15
2030-12-04 03:00:00,True,Optimization terminated successfully. (HiGHS Status 7: Optimal),1,198.05229768849097,0.0
2030-12-04 04:00:00,True,Optimization terminated successfully. (HiGHS Status 7: Optimal),1,179.69051816933126,0.0
2030-12-04 05:00:00,True,Optimization terminated successfully. (HiGHS Status 7: Optimal),1,170.3538439881041,0.0
2030-12-04 06:00:00,True,Optimization terminated successfully. (HiGHS Status 7: Optimal),1,124.2904266732206,0.0
2030-12-04 07:00:00,True,Optimization terminated successfully. (HiGHS Status 7: Optimal),1,120.66298371353025,0.0
2030-12-04 08:00:00,True,Optimization terminated successfully. (HiGHS Status 7: Optimal),1,131.69864178738973,0.0
2030-12-04 09:00:00,True,Optimization terminated successfully. (HiGHS Status 7: Optimal),1,101.34872184755221,3.552713678800501e-15
2030-12-04 10:00:00,True,Optimization terminated successfully. (HiGHS Status 7: Optimal),1,120.00313020167783,0.0
2030-12-04 11:00:00,True,Optimization terminated successfully. (HiGHS Status 7: Optimal),1,93.65439328508717,0.0
2030-12-04 12:00:00,True,Optimization terminated successfully. (HiGHS Status 7: Optimal),1,148.70588147901057,0.0
2030-12-04 13:00:00,True,Optimization terminated successfully. (HiGHS Status 7: Optimal),1,151.647955909356,0.0
2030-12-04 14:00:00,True,Optimization terminated successfully. (HiGHS Status 7: Optimal),1,175.35156374047227,0.0
2030-12-04 15:00:00,True,Optimization terminated successfully. (HiGHS Status 7: Optimal),1,180.4079704319346,0.0
2030-12-04 16:00:00,True,Optimization terminated successfully. (HiGHS Status 7: Optimal),1,167.81246241108883,0.0
2030-12-04 17:00:00,True,Optimization terminated successfully. (HiGHS Status 7: Optimal),1,151.59761796665106,0.0
2030-12-04 18:00:00,True,Optimization terminated successfully. (HiGHS Status 7: Optimal),1,151.30251099357426,0.0
2030-12-04 19:00:00,True,Optimization terminated successfully. (HiGHS Status 7: Optimal),1,164.64172614714815,0.0
2030-12-04 20:00:00,True,Optimization terminated successfully. (HiGHS Status 7: Optimal),1,176.39565489377785,0.0
2030-12-04 21:00:00,True,Optimization terminated successfully. (HiGHS Status 7: Optimal),1,180.47303875964658,7.105427357601002e-15
2030-12-04 22:00:00,True,Optimization terminated successfully. (HiGHS Status 7: Optimal),1,175.963608163442,7.105427357601002e-15
2030-12-04 23:00:00,True,Optimization terminated successfully. (HiGHS Status 7: Optimal),1,146.71243590493305,0.0
2030-12-05 00:00:00,True,Optimization terminated successfully. (HiGHS Status 7: Optimal),1,144.38550783051846,7.105427357601002e-15
2030-12-05 01:00:00,True,Optimization terminated successfully. (HiGHS Status 7: Optimal),1,91.9723392161406,0.0
2030-12-05 03:00:00,True,Optimization terminated successfully. (HiGHS Status 7: Optimal),1,0.49909556283488365,0.0
2030-12-05 04:00:00,True,Optimization terminated successfully. (HiGHS Status 7: Optimal),1,59.7736424761871,0.0
2030-12-05 05:00:00,True,Optimization terminated successfully. (HiGHS Status 7: Optimal),1,116.27020881939181,0.0
2030-12-05 06:00:00,True,Optimization terminated successfully. (HiGHS Status 7: Optimal),1,130.619986882868,0.0
2030-12-05 07:00:00,True,Optimization terminated successfully. (HiGHS Status 7: Optimal),1,207.46017912097784,7.105427357601002e-15
2030-12-05 08:00:00,True,Optimization terminated successfully. (HiGHS Status 7: Optimal),1,192.6623526789343,0.0
2030-12-05 09:00:00,True,Optimization terminated successfully. (HiGHS Status 7: Optimal),1,187.6667057505789,7.105427357601002e-15
2030-12-05 10:00:00,True,Optimization terminated successfully. (HiGHS Status 7: Optimal),1,182.92391055456278,7.105427357601002e-15
2030-12-05 11:00:00,True,Optimization terminated successfully. (HiGHS Status 7: Optimal),1,179.03194876513714,0.0
2030-12-05 12:00:00,True,Optimization terminated successfully. (HiGHS Status 7: Optimal),1,359.5295048949938,1.4210854715202004e-14
2030-12-05 13:00:00,True,Optimization terminated successfully. (HiGHS Status 7: Optimal),1,116.63244930725558,0.0
2030-12-05 14:00:00,True,Optimization terminated successfully. (HiGHS Status 7: Optimal),1,88.11007479627379,0.0
2030-12-05 15:00:00,True,Optimization terminated successfully. (HiGHS Status 7: Optimal),1,43.363602159302616,0.0
2030-12-05 17:00:00,True,Optimization terminated successfully. (HiGHS Status 7: Optimal),1,14.833854236334684,0.0
2030-12-05 19:00:00,True,Optimization terminated successfully. (HiGHS Status 7: Optimal),1,57.197825981886886,0.0
2030-12-05 20:00:00,True,Optimization terminated successfully. (HiGHS Status 7: Optimal),1,164.19626652716718,7.105427357601002e-15
2030-12-05 21:00:00,True,Optimization terminated successfully. (HiGHS Status 7: Optimal),1,178.43857719515918,0.0
2030-12-05 22:00:00,True,Optimization terminated successfully. (HiGHS Status 7: Optimal),1,203.3077167932774,0.0
2030-12-05 23:00:00,True,Optimization terminated successfully. (HiGHS Status 7: Optimal),1,184.48073897598906,7.105427357601002e-15
2030-12-06 00:00:00,True,Optimization terminated successfully. (HiGHS Status 7: Optimal),1,200.67671425537483,0.0
2030-12-06 01:00:00,True,Optimization terminated successfully. (HiGHS Status 7: Optimal),1,181.92710308564864,0.0
2030-12-06 02:00:00,True,Optimization terminated successfully. (HiGHS Status 7: Optimal),1,175.59639653350578,0.0
2030-12-06 03:00:00,True,Optimization terminated successfully. (HiGHS Status 7: Optimal),1,194.65797670407397,0.0
2030-12-06 04:00:00,True,Optimization terminated successfully. (HiGHS Status 7: Optimal),1,165.5853989297682,0.0
2030-12-06 05:00:00,True,Optimization terminated successfully. (HiGHS Status 7: Optimal),1,194.99039163290806,0.0
2030-12-06 06:00:00,True,Optimization terminated successfully. (HiGHS Status 7: Optimal),1,190.91215080118022,7.105427357601002e-15
2030-12-06 07:00:00,True,Optimization terminated successfully. (HiGHS Status 7: Optimal),1,175.15045700365582,0.0
2030-12-06 08:00:00,True,Optimization terminated successfully. (HiGHS Status 7: Optimal),1,164.34760186290603,0.0
2030-12-06 09:00:00,True,Optimization terminated successfully. (HiGHS Status 7: Optimal),1,132.07347078860084,0.0
2030-12-06 10:00:00,True,Optimization terminated successfully. (HiGHS Status 7: Optimal),1,48.80245933266676,0.0
2030-12-06 11:00:00,True,Optimization terminated successfully. (HiGHS Status 7: Optimal),1,132.05619925811234,7.105427357601002e-15
2030-12-06 12:00:00,True,Optimization terminated successfully. (HiGHS Status 7: Optimal),1,177.56852034416622,7.105427357601002e-15
2030-12-06 13:00:00,True,Optimization terminated successfully. (HiGHS Status 7: Optimal),1,150.90294030731283,0.0
2030-12-06 14:00:00,True,Optimization terminated successfully. (HiGHS Status 7: Optimal),1,94.42691270532988,0.0
2030-12-06 15:00:00,True,Optimization terminated successfully. (HiGHS Status 7: Optimal),1,145.67181342379965,7.105427357601002e-15
2030-12-06 16:00:00,True,Optimization terminated successfully. (HiGHS Status 7: Optimal),1,124.68122447691874,0.0
2030-12-06 17:00:00,True,Optimization terminated successfully. (HiGHS Status 7: Optimal),1,111.2656291318463,0.0
2030-12-07 13:00:00,True,Optimization terminated successfully. (HiGHS Status 7: Optimal),1,52.009009433819266,0.0
2030-12-07 14:00:00,True,Optimization terminated successfully. (HiGHS Status 7: Optimal),1,142.76042596417616,7.105427357601002e-15
2030-12-07 15:00:00,True,Optimization terminated successfully. (HiGHS Status 7: Optimal),1,154.40261812514953,0.0
2030-12-07 16:00:00,True,Optimization terminated successfully. (HiGHS Status 7: Optimal),1,169.9695104772748,0.0
2030-12-07 17:00:00,True,Optimization terminated successfully. (HiGHS Status 7: Optimal),1,65.96314532060998,0.0
2030-12-07 18:00:00,True,Optimization terminated successfully. (HiGHS Status 7: Optimal),1,86.96291426615812,0.0
2030-12-07 19:00:00,True,Optimization terminated successfully. (HiGHS Status 7: Optimal),1,94.88059487465348,0.0
2030-12-07 20:00:00,True,Optimization terminated successfully. (HiGHS Status 7: Optimal),1,92.22579910326853,3.552713678800501e-15
2030-12-07 21:00:00,True,Optimization terminated successfully. (HiGHS Status 7: Optimal),1,135.16654683040306,0.0
2030-12-07 22:00:00,True,Optimization terminated successfully. (HiGHS Status 7: Optimal),1,92.17122197871117,0.0
2030-12-07 23:00:00,True,Optimization terminated successfully. (HiGHS Status 7: Optimal),1,114.01607362668841,0.0
2030-12-08 01:00:00,True,Optimization terminated successfully. (HiGHS Status 7: Optimal),1,147.7709446899117,0.0
2030-12-08 02:00:00,True,Optimization terminated successfully. (HiGHS Status 7: Optimal),1,148.22819871875438,0.0
2030-12-08 03:00:00,True,Optimization terminated successfully. (HiGHS Status 7: Optimal),1,26.92203996914826,0.0
2030-12-08 04:00:00,True,Optimization terminated successfully. (HiGHS Status 7: Optimal),1,62.57581841163828,3.552713678800501e-15
2030-12-08 05:00:00,True,Optimization terminated successfully. (HiGHS Status 7: Optimal),1,169.03515240210268,0.0
2030-12-08 06:00:00,True,Optimization terminated successfully. (HiGHS Status 7: Optimal),1,159.2646325699507,7.105427357601002e-15
2030-12-08 07:00:00,True,Optimization terminated successfully. (HiGHS Status 7: Optimal),1,46.17236799014752,0.0
2030-12-08 08:00:00,True,Optimization terminated successfully. (HiGHS Status 7: Optimal),1,73.50668450379082,0.0
2030-12-08 09:00:00,True,Optimization terminated successfully. (HiGHS Status 7: Optimal),1,111.47094863360022,0.0
2030-12-08 10:00:00,True,Optimization terminated successfully. (HiGHS Status 7: Optimal),1,148.66831830642732,0.0
2030-12-08 11:00:00,True,Optimization terminated successfully. (HiGHS Status 7: Optimal),1,131.97552764254348,0.0
2030-12-08 12:00:00,True,Optimization terminated successfully. (HiGHS Status 7: Optimal),1,109.13341587766442,3.552713678800501e-15
2030-12-08 13:00:00,True,Optimization terminated successfully. (HiGHS Status 7: Optimal),1,78.72416737902952,0.0
2030-12-08 17:00:00,True,Optimization terminated successfully. (HiGHS Status 7: Optimal),1,32.05594412770844,0.0
2030-12-08 18:00:00,True,Optimization terminated successfully. (HiGHS Status 7: Optimal),1,67.11182444220552,0.0
2030-12-08 19:00:00,True,Optimization terminated successfully. (HiGHS Status 7: Optimal),1,128.59066583498017,0.0
2030-12-08 20:00:00,True,Optimization terminated successfully. (HiGHS Status 7: Optimal),1,184.48566202491443,0.0
2030-12-08 21:00:00,True,Optimization terminated successfully. (HiGHS Status 7: Optimal),1,169.09646902501515,0.0
2030-12-08 22:00:00,True,Optimization terminated successfully. (HiGHS Status 7: Optimal),1,156.55508647460238,0.0
2030-12-08 23:00:00,True,Optimization terminated successfully. (HiGHS Status 7: Optimal),1,144.41071145718112,0.0
2030-12-09 00:00:00,True,Optimization terminated successfully. (HiGHS Status 7: Optimal),1,141.64120911163127,0.0
2030-12-09 01:00:00,True,Optimization terminated successfully. (HiGHS Status 7: Optimal),1,115.77698478471797,0.0
2030-12-09 02:00:00,True,Optimization terminated successfully. (HiGHS Status 7: Optimal),1,102.86172184420346,0.0
2030-12-09 03:00:00,True,Optimization terminated successfully. (HiGHS Status 7: Optimal),1,161.11472146556628,0.0
2030-12-09 04:00:00,True,Optimization terminated successfully. (HiGHS Status 7: Optimal),1,180.31922719593464,0.0
2030-12-09 05:00:00,True,Optimization terminated successfully. (HiGHS Status 7: Optimal),1,167.91995618921118,0.0
2030-12-09 06:00:00,True,Optimization terminated successfully. (HiGHS Status 7: Optimal),1,182.52999447072662,0.0
2030-12-09 07:00:00,True,Optimization terminated successfully. (HiGHS Status 7: Optimal),1,171.45431803921724,0.0
2030-12-09 08:00:00,True,Optimization terminated successfully. (HiGHS Status 7: Optimal),1,165.12746166345522,0.0
2030-12-09 09:00:00,True,Optimization terminated successfully. (HiGHS Status 7: Optimal),1,153.43495150212632,0.0
2030-12-09 10:00:00,True,Optimization terminated successfully. (HiGHS Status 7: Optimal),1,173.20783330896708,0.0
2030-12-09 11:00:00,True,Optimization terminated successfully. (HiGHS Status 7: Optimal),1,171.36561726642145,7.105427357601002e-15
2030-12-09 12:00:00,True,Optimization terminated successfully. (HiGHS Status 7: Optimal),1,170.0270570936787,0.0
2030-12-09 13:00:00,True,Optimization terminated successfully. (HiGHS Status 7: Optimal),1,158.4626248591049,0.0
2030-12-09 14:00:00,True,Optimization terminated successfully. (HiGHS Status 7: Optimal),1,155.53735665679383,0.0
2030-12-09 15:00:00,True,Optimization terminated successfully. (HiGHS Status 7: Optimal),1,119.93029271886971,0.0
2030-12-09 16:00:00,True,Optimization terminated successfully. (HiGHS Status 7: Optimal),1,119.44651025589582,7.105427357601002e-15
2030-12-09 17:00:00,True,Optimization terminated successfully. (HiGHS Status 7: Optimal),1,61.590883231628304,0.0
2030-12-09 18:00:00,True,Optimization terminated successfully. (HiGHS Status 7: Optimal),1,89.59443064141088,0.0
2030-12-09 19:00:00,True,Optimization terminated successfully. (HiGHS Status 7: Optimal),1,61.32934828156223,0.0
2030-12-09 20:00:00,True,Optimization terminated successfully. (HiGHS Status 7: Optimal),1,60.68099816259088,0.0
2030-12-09 21:00:00,True,Optimization terminated successfully. (HiGHS Status 7: Optimal),1,26.885943907569537,0.0
2030-12-12 04:00:00,True,Optimization terminated successfully. (HiGHS Status 7: Optimal),1,115.31538160173166,0.0
2030-12-12 05:00:00,True,Optimization terminated successfully. (HiGHS Status 7: Optimal),1,17.275330731025917,8.881784197001252e-16
2030-12-12 06:00:00,True,Optimization terminated successfully. (HiGHS Status 7: Optimal),1,76.23531317401505,3.552713678800501e-15
2030-12-12 07:00:00,True,Optimization terminated successfully. (HiGHS Status 7: Optimal),1,30.54408511197834,0.0
2030-12-12 08:00:00,True,Optimization terminated successfully. (HiGHS Status 7: Optimal),1,49.50532315872095,0.0
2030-12-12 09:00:00,True,Optimization terminated successfully. (HiGHS Status 7: Optimal),1,34.10470129565354,0.0
2030-12-12 10:00:00,True,Optimization terminated successfully. (HiGHS Status 7: Optimal),1,11.915610368124291,0.0
2030-12-14 05:00:00,True,Optimization terminated successfully. (HiGHS Status 7: Optimal),1,1.7674961724331502,0.0
2030-12-18 15:00:00,True,Optimization terminated successfully. (HiGHS Status 7: Optimal),1,99.4221243001694,0.0
2030-12-18 16:00:00,True,Optimization terminated successfully. (HiGHS Status 7: Optimal),1,33.444791881750355,0.0
2030-12-20 19:00:00,True,Optimization terminated successfully. (HiGHS Status 7: Optimal),1,98.1309700519914,0.0
2030-12-20 20:00:00,True,Optimization terminated successfully. (HiGHS Status 7: Optimal),1,54.827965073041966,0.0
2030-12-22 11:00:00,True,Optimization terminated successfully. (HiGHS Status 7: Optimal),1,63.90806034588021,0.0
2030-12-22 12:00:00,True,Optimization terminated successfully. (HiGHS Status 7: Optimal),1,4.822223832596129,0.0
2030-12-22 17:00:00,True,Optimization terminated successfully. (HiGHS Status 7: Optimal),1,72.33679306237468,0.0
2030-12-22 18:00:00,True,Optimization terminated successfully. (HiGHS Status 7: Optimal),1,21.589277232628103,8.881784197001252e-16
2030-12-22 19:00:00,True,Optimization terminated successfully. (HiGHS Status 7: Optimal),1,154.62356004328328,0.0
2030-12-22 20:00:00,True,Optimization terminated successfully. (HiGHS Status 7: Optimal),1,134.45861031077,0.0
2030-12-22 21:00:00,True,Optimization terminated successfully. (HiGHS Status 7: Optimal),1,96.58099446253401,3.552713678800501e-15
2030-12-22 22:00:00,True,Optimization terminated successfully. (HiGHS Status 7: Optimal),1,107.2129154841049,0.0
2030-12-22 23:00:00,True,Optimization terminated successfully. (HiGHS Status 7: Optimal),1,96.18972989761357,0.0
2030-12-23 10:00:00,True,Optimization terminated successfully. (HiGHS Status 7: Optimal),1,32.33283629590957,0.0
2030-12-23 11:00:00,True,Optimization terminated successfully. (HiGHS Status 7: Optimal),1,4.2572449850020435,0.0
2030-12-23 12:00:00,True,Optimization terminated successfully. (HiGHS Status 7: Optimal),1,23.073538410363916,0.0
2030-12-23 14:00:00,True,Optimization terminated successfully. (HiGHS Status 7: Optimal),1,61.17863355960773,0.0
2030-12-23 15:00:00,True,Optimization terminated successfully. (HiGHS Status 7: Optimal),1,2.1261736393873267,0.0
2030-12-23 17:00:00,True,Optimization terminated successfully. (HiGHS Status 7: Optimal),1,2.32263392051052,1.1102230246251565e-16
2030-12-24 20:00:00,True,Optimization terminated successfully. (HiGHS Status 7: Optimal),1,148.7989766953636,0.0
2030-12-26 20:00:00,True,Optimization terminated successfully. (HiGHS Status 7: Optimal),1,0.41479756430455944,0.0
2030-12-26 21:00:00,True,Optimization terminated successfully. (HiGHS Status 7: Optimal),1,8.036955022910657,0.0
2030-12-26 22:00:00,True,Optimization terminated successfully. (HiGHS Status 7: Optimal),1,21.205197751344492,0.0
2030-12-26 23:00:00,True,Optimization terminated successfully. (HiGHS Status 7: Optimal),1,54.628423688135705,0.0
2030-12-27 01:00:00,True,Optimization terminated successfully. (HiGHS Status 7: Optimal),1,5.012428113167363,0.0
2030-12-27 04:00:00,True,Optimization terminated successfully. (HiGHS Status 7: Optimal),1,101.32006813956428,0.0
2030-12-27 05:00:00,True,Optimization terminated successfully. (HiGHS Status 7: Optimal),1,102.38735201665796,0.0
2030-12-27 06:00:00,True,Optimization terminated successfully. (HiGHS Status 7: Optimal),1,129.85897512191755,0.0
2030-12-27 07:00:00,True,Optimization terminated successfully. (HiGHS Status 7: Optimal),1,72.11831064085426,0.0
2030-12-27 08:00:00,True,Optimization terminated successfully. (HiGHS Status 7: Optimal),1,127.22125335868319,0.0
2030-12-27 09:00:00,True,Optimization terminated successfully. (HiGHS Status 7: Optimal),1,132.6394827884336,0.0
2030-12-27 10:00:00,True,Optimization terminated successfully. (HiGHS Status 7: Optimal),1,116.3172443711486,3.552713678800501e-15
2030-12-27 11:00:00,True,Optimization terminated successfully. (HiGHS Status 7: Optimal),1,142.8569074944651,0.0
2030-12-27 12:00:00,True,Optimization terminated successfully. (HiGHS Status 7: Optimal),1,153.49965061339614,0.0
2030-12-27 13:00:00,True,Optimization terminated successfully. (HiGHS Status 7: Optimal),1,138.58228637021685,0.0
2030-12-27 14:00:00,True,Optimization terminated successfully. (HiGHS Status 7: Optimal),1,155.1062128371555,0.0
2030-12-27 15:00:00,True,Optimization terminated successfully. (HiGHS Status 7: Optimal),1,153.1293122525776,0.0
2030-12-27 16:00:00,True,Optimization terminated successfully. (HiGHS Status 7: Optimal),1,135.57371248383924,0.0
2030-12-27 17:00:00,True,Optimization terminated successfully. (HiGHS Status 7: Optimal),1,94.7315926268046,0.0
2030-12-27 18:00:00,True,Optimization terminated successfully. (HiGHS Status 7: Optimal),1,60.65517606416367,0.0
2030-12-27 19:00:00,True,Optimization terminated successfully. (HiGHS Status 7: Optimal),1,26.37837715990228,0.0
2030-12-27 20:00:00,True,Optimization terminated successfully. (HiGHS Status 7: Optimal),1,24.197320482655265,0.0
2030-12-28 11:00:00,True,Optimization terminated successfully. (HiGHS Status 7: Optimal),1,12.595883864445671,0.0
2030-12-28 12:00:00,True,Optimization terminated successfully. (HiGHS Status 7: Optimal),1,29.431134456150026,0.0
2030-12-28 17:00:00,True,Optimization terminated successfully. (HiGHS Status 7: Optimal),1,38.90886453110104,0.0
2030-12-28 18:00:00,True,Optimization terminated successfully. (HiGHS Status 7: Optimal),1,12.82807112075873,0.0
2030-12-29 06:00:00,True,Optimization terminated successfully. (HiGHS Status 7: Optimal),1,22.39437058399728,0.0
2030-12-29 07:00:00,True,Optimization terminated successfully. (HiGHS Status 7: Optimal),1,36.65347533274824,0.0
2030-12-29 23:00:00,True,Optimization terminated successfully. (HiGHS Status 7: Optimal),1,2.7849112980239252,0.0
2030-12-30 01:00:00,True,Optimization terminated successfully. (HiGHS Status 7: Optimal),1,33.1604251633019,0.0
2030-12-30 02:00:00,True,Optimization terminated successfully. (HiGHS Status 7: Optimal),1,16.517685449098167,0.0
2030-12-31 22:00:00,True,Optimization terminated successfully. (HiGHS Status 7: Optimal),1,25.786191983222857,0.0
