hour,F_FLG_SLIGO_N1,O_FLG_SLIGO_N1,F_T25221_N1,O_T25221_N1,F_T25222_N1,O_T25222_N1,F_FLG_SLIGO_N0,O_FLG_SLIGO_N0,n_rows_over
2030-01-01 00:00:00,-85.20070610255587,0.0,57.26341531779938,0.0,55.0692498923992,0.0,-52.1787492064527,0.0,0
2030-01-01 02:00:00,-96.23516489035205,0.0,71.91004465318706,0.0,69.15466352823424,0.0,-58.208797022411645,0.0,0
2030-01-01 04:00:00,-92.26755172745516,0.0,62.164729090038755,0.0,59.78275975601037,0.0,-56.510715121043944,0.0,0
2030-01-01 06:00:00,-117.46865972781325,0.0,81.11111323470595,0.0,78.00317426027317,0.0,-71.43974482282799,0.0,0
2030-01-01 08:00:00,-58.38503005689067,0.0,20.872693874389306,0.0,20.072913718421034,0.0,-38.61049766733126,0.0,0
2030-01-01 10:00:00,-47.99186366255,0.0,17.285372794943434,0.0,16.623048217526357,0.0,-31.819511658526316,0.0,0
2030-01-01 12:00:00,-36.55273291348713,0.0,13.505264685643478,0.0,12.987782717974302,0.0,-24.344984834434264,0.0,0
2030-01-01 14:00:00,-92.51919078979151,0.0,71.27852608413792,0.0,68.54734289083137,0.0,-55.47874232157002,0.0,0
2030-01-01 16:00:00,-105.63957760830462,0.0,71.15832977459807,0.0,68.43175214987652,0.0,-64.94541436328096,0.0,0
2030-01-01 18:00:00,-118.97330795178462,0.0,84.7359445898961,0.0,81.4891127536191,0.0,-72.91154580731836,0.0,0
2030-01-01 20:00:00,-144.3855597928449,23.3855597928449,114.40008343795799,0.0,110.01660916648098,0.0,-86.8466178271085,0.0,1
2030-01-01 22:00:00,-143.35643581875306,22.356435818753056,102.73983406727683,0.0,98.80314621045412,0.0,-87.62908354814212,0.0,1
2030-01-02 00:00:00,-125.1376377530382,4.137637753038206,97.83799856700736,0.0,94.08913460989442,0.0,-75.42383788989694,0.0,1
2030-01-02 02:00:00,-172.5393912331661,51.5393912331661,155.87964080119337,30.879640801193375,149.90679205524245,24.906792055242448,-100.0715559548218,0.0,3
2030-01-02 04:00:00,-188.16457976890095,67.16457976890095,174.66786497152088,49.667864971520885,167.97510680957683,42.97510680957683,-107.9109169689412,0.0,3
2030-01-02 06:00:00,-181.6714963319363,60.67149633193631,161.54594526695422,36.54594526695422,155.35598042201468,30.35598042201468,-105.15916577854198,0.0,3
2030-01-02 08:00:00,-164.2935772704841,43.29357727048409,152.84724926987846,27.84724926987846,146.9905928365474,21.990592836547393,-94.64665610620717,0.0,3
2030-01-02 10:00:00,-183.0058343176466,62.00583431764659,169.58795815317305,44.58795815317305,163.0898470594003,38.08984705940031,-105.15615085351891,0.0,3
2030-01-02 12:00:00,-203.1136826589527,82.11368265895271,182.75301559452362,57.75301559452362,175.75045827271947,50.75045827271947,-118.33906281087121,0.0,3
2030-01-02 14:00:00,-202.15189270593436,81.15189270593436,167.09958931997284,42.099589319972836,160.6968251912587,35.69682519125871,-118.99842419663689,0.0,3
2030-01-02 16:00:00,-135.03119465497818,14.03119465497818,105.77881589648126,0.0,101.7256832062329,0.0,-80.7691356870516,0.0,1
2030-01-02 18:00:00,-120.52101732986391,0.0,91.46410728832555,0.0,87.95947207292022,0.0,-72.04283169861552,0.0,0
2030-01-02 20:00:00,-150.09324440250072,29.093244402500716,111.67032089259338,0.0,107.39144308228379,0.0,-90.38194237523025,0.0,1
2030-01-02 22:00:00,-137.52006620452562,16.52006620452562,98.36969390083267,0.0,94.60045694445215,0.0,-83.21451130116806,0.0,1
2030-01-03 00:00:00,-160.3970214993425,39.397021499342486,136.30270131506143,11.302701315061427,131.07998323311702,6.079983233117019,-93.63061230777198,0.0,3
2030-01-03 02:00:00,-144.78864808962857,23.788648089628566,139.51970676344536,14.519706763445356,134.17372250729534,9.173722507295338,-82.43916173169993,0.0,3
2030-01-03 04:00:00,-129.02708721953374,8.02708721953374,95.59526252779844,0.0,91.93233361050497,0.0,-77.27698289752102,0.0,1
2030-01-03 06:00:00,-133.1592507423601,12.159250742360086,98.23678457375752,0.0,94.4726403113522,0.0,-79.64559275406563,0.0,1
2030-01-03 08:00:00,-120.96228632006714,0.0,85.31856461298548,0.0,82.04940849332942,0.0,-73.14862799081507,0.0,0
2030-01-03 10:00:00,-109.04348041586684,0.0,78.82975671350388,0.0,75.80923260201726,0.0,-66.4694359838473,0.0,0
2030-01-03 12:00:00,-60.07739420830347,0.0,32.369275382539755,0.0,31.128980082382412,0.0,-38.002883035644075,0.0,0
2030-01-03 14:00:00,-25.379578966911808,0.0,25.793587504927572,0.0,24.805253197826715,0.0,-15.097787924016801,0.0,0
2030-01-03 16:00:00,-84.76841322129658,0.0,73.35057312125957,0.0,70.53999518798832,0.0,-50.23758355321099,0.0,0
2030-01-03 18:00:00,-111.95494798095216,0.0,88.75176797731771,0.0,85.35106161605322,0.0,-67.09663073298393,0.0,0
2030-01-03 20:00:00,-159.8751487898823,38.8751487898823,134.37613557883333,9.376135578833328,129.2272378218684,4.227237821868414,-94.28701923754417,0.0,3
2030-01-03 22:00:00,-148.27292204379737,27.272922043797365,137.60658324944364,12.606583249443645,132.33390425190683,7.33390425190683,-85.64636134347073,0.0,3
2030-01-04 00:00:00,-146.47810897903307,25.478108979033067,130.40683508669963,5.40683508669963,125.41002923439189,0.4100292343918852,-85.34805203586765,0.0,3
2030-01-04 02:00:00,-155.14872440772368,34.14872440772368,112.70035832831684,0.0,108.38201251708914,0.0,-93.264978516985,0.0,1
2030-01-04 04:00:00,-191.08755110703234,70.08755110703234,169.40348796516108,44.40348796516108,162.91244522569997,37.91244522569997,-111.18357100300003,0.0,3
2030-01-04 06:00:00,-186.61393938990963,65.61393938990963,150.76787694662812,25.76787694662812,144.99089593665224,19.990895936652237,-110.59489691523734,0.0,3
2030-01-04 08:00:00,-186.69148041974773,65.69148041974773,139.92712733988753,14.927127339887534,134.56553192716467,9.56553192716467,-111.34616161911093,0.0,3
2030-01-04 10:00:00,-143.55350396723065,22.553503967230654,104.91065655828322,0.0,100.89078917701178,0.0,-86.41301801640012,0.0,1
2030-01-04 12:00:00,-153.3193740899216,32.31937408992161,103.27954834768995,0.0,99.32218022918343,0.0,-93.36172139787354,0.0,1
2030-01-04 14:00:00,-153.87068841497577,32.870688414975774,110.50927854553024,0.0,106.2748884585114,0.0,-92.17082994771152,0.0,1
2030-01-04 16:00:00,-153.9351693963572,32.935169396357196,114.59820729355147,0.0,110.20714149943345,0.0,-91.99004284622447,0.0,1
2030-01-04 18:00:00,-149.1939039447964,28.193903944796403,101.59098333210898,0.0,97.69831605191555,0.0,-89.96770698963826,0.0,1
2030-01-04 20:00:00,-165.36851794644716,44.368517946447156,102.60183284560654,0.0,98.67043278916336,0.0,-101.72495949195729,0.0,1
2030-01-04 22:00:00,-184.9867031109735,63.98670311097351,129.41744962027775,4.4174496202777505,124.45855410515078,0.0,-111.60682791688866,0.0,2
2030-01-05 00:00:00,-192.04333982808726,71.04333982808726,142.13313215323103,17.13313215323103,136.68700913308464,11.687009133084644,-114.27291494083171,0.0,3
2030-01-05 02:00:00,-190.4727335740425,69.47273357404251,144.8578854399089,19.857885439908898,139.3073578986352,14.307357898635189,-112.7921041380281,0.0,3
2030-01-05 04:00:00,-199.1000290252693,78.1000290252693,157.5960992620351,32.596099262035096,151.55748088309917,26.557480883099174,-117.16056316890315,0.0,3
2030-01-05 06:00:00,-189.0025392004335,68.00253920043349,137.41006869275077,12.41006869275077,132.14491955426075,7.144919554260753,-112.86596834028006,0.0,3
2030-01-05 08:00:00,-194.94496017760173,73.94496017760173,149.3631182888974,24.363118288897397,143.63996349345518,18.639963493455184,-115.29735460406685,0.0,3
2030-01-05 10:00:00,-149.44388198798885,28.443881987988846,121.67417622879358,0.0,117.01198014489557,0.0,-87.57308183333502,0.0,1
2030-01-05 12:00:00,-149.40666137056803,28.40666137056803,128.921615120277,3.9216151202770106,123.98171852288121,0.0,-86.98752101227696,0.0,2
2030-01-05 14:00:00,-208.86554058182597,87.86554058182597,173.5932425546481,48.5932425546481,166.9416607587902,41.94166075879019,-122.06548784962624,1.065487849626237,4
2030-01-05 16:00:00,-202.15869304269427,81.15869304269427,159.30364441993,34.30364441993001,153.19959793952722,28.199597939527223,-119.38617879453753,0.0,3
2030-01-05 18:00:00,-111.32992390673796,0.0,59.27274048876148,0.0,57.00158364058208,0.0,-69.61704822341915,0.0,0
2030-01-05 20:00:00,-166.63334710666408,45.633347106664075,108.75285713461832,0.0,104.58576794313421,0.0,-101.24076506906178,0.0,1
2030-01-05 22:00:00,-117.07552458963957,0.0,74.7637929991712,0.0,71.89906464232843,0.0,-71.51058994072662,0.0,0
2030-01-06 00:00:00,-99.18526185847142,0.0,60.856989380833056,0.0,58.52512878096651,0.0,-61.020784980159775,0.0,0
2030-01-06 02:00:00,-88.85197838392554,0.0,46.27902563697048,0.0,44.505749673420205,0.0,-55.79162991867416,0.0,0
2030-01-06 04:00:00,-76.98492292168406,0.0,55.10639972281009,0.0,52.99488478226674,0.0,-46.11788011422424,0.0,0
2030-01-06 06:00:00,-137.70837410307297,16.70837410307297,97.98764983054274,0.0,94.23305167775717,0.0,-82.82370404595417,0.0,1
2030-01-06 08:00:00,-145.5593300043857,24.559330004385714,95.2044114171224,0.0,91.55645876327327,0.0,-88.77373576235075,0.0,1
2030-01-06 10:00:00,-107.42333657540605,0.0,78.87207880047809,0.0,75.84993303126367,0.0,-64.56978073667338,0.0,0
2030-01-06 12:00:00,-92.43530023792935,0.0,69.47174427190797,0.0,66.80979163639529,0.0,-54.82154352994807,0.0,0
2030-01-06 14:00:00,-122.89213409136113,1.8921340913611289,83.26004373110581,0.0,80.06976406898235,0.0,-73.95923948340463,0.0,1
2030-01-06 16:00:00,-112.7317861196976,0.0,61.910766281280736,0.0,59.53852805412422,0.0,-70.07438259380753,0.0,0
2030-01-06 18:00:00,-111.62440926297504,0.0,61.181126183663366,0.0,58.83684561614524,0.0,-69.33795489389803,0.0,0
2030-01-06 20:00:00,-125.2045664054057,4.2045664054057,73.6516349162955,0.0,70.82952118171173,0.0,-76.62362476599752,0.0,1
2030-01-06 22:00:00,-80.49168245564195,0.0,41.91171028598184,0.0,40.305776984265094,0.0,-50.66298957120731,0.0,0
2030-01-07 00:00:00,-74.89164971804232,0.0,43.88113738278479,0.0,42.19974143498469,0.0,-46.183603011616654,0.0,0
2030-01-07 02:00:00,-66.0495040463267,0.0,32.46768928448891,0.0,31.223623053452933,0.0,-41.87564148692155,0.0,0
2030-01-07 04:00:00,-41.00250554543955,0.0,12.563239225099958,0.0,12.08185289866859,0.0,-27.147391554833302,0.0,0
2030-01-07 06:00:00,-30.428268784195506,0.0,-1.110586593084328,0.0,-1.068032185685814,0.0,-22.086345254313173,0.0,0
2030-01-07 08:00:00,-10.691734594975912,0.0,-11.31712061222609,0.0,-10.883481881028816,0.0,-9.519183062373475,0.0,0
2030-01-07 10:00:00,-9.651315273703995,0.0,-20.341818228928016,0.0,-19.562379664183222,0.0,-9.997466250038865,0.0,0
2030-01-07 12:00:00,-17.07028781613147,0.0,-2.559130901427644,0.0,-2.461072542319534,0.0,-12.602419873124507,0.0,0
2030-01-07 14:00:00,-21.837273567786696,0.0,-1.967183548526358,0.0,-1.891806868605305,0.0,-15.915630496244134,0.0,0
2030-01-07 16:00:00,-24.776162739035914,0.0,-1.3091402367738052,0.0,-1.2589778385202521,0.0,-17.88610217803248,0.0,0
2030-01-07 18:00:00,-27.149848278921592,0.0,-8.561679279250784,0.0,-8.233620944733989,0.0,-20.8058597909153,0.0,0
2030-01-07 20:00:00,-41.84234469868618,0.0,12.751140207681058,0.0,12.262554068994582,0.0,-27.661748825556877,0.0,0
2030-01-07 22:00:00,-39.80663105950556,0.0,19.664748892316165,0.0,18.91125363047688,0.0,-25.184512012006724,0.0,0
2030-01-08 00:00:00,-87.16051638521225,0.0,58.71570867640325,0.0,56.46589564672891,0.0,-52.59046950388609,0.0,0
2030-01-08 02:00:00,-52.61775624740162,0.0,21.07343086480776,0.0,20.265959058567987,0.0,-33.593085814515256,0.0,0
2030-01-08 04:00:00,-58.854248285737164,0.0,37.711128646130625,0.0,36.26614926149311,0.0,-35.60462892670704,0.0,0
2030-01-08 06:00:00,-76.78256754436873,0.0,52.977967527541864,0.0,50.948007840160514,0.0,-45.627405283179115,0.0,0
2030-01-08 08:00:00,-125.1579970253654,4.157997025365404,98.88471683548758,0.0,95.0957457170731,0.0,-72.94216201950726,0.0,1
2030-01-08 10:00:00,-129.23809622622207,8.23809622622207,82.54164915003096,0.0,79.37889625247163,0.0,-78.08104397008964,0.0,1
2030-01-08 12:00:00,-128.11654091024016,7.116540910240161,84.40815934011766,0.0,81.17388726923417,0.0,-77.57464410494707,0.0,1
2030-01-08 14:00:00,-118.72078014294199,0.0,74.16699815441544,0.0,71.32513721837107,0.0,-72.20034340801783,0.0,0
2030-01-08 16:00:00,-105.32480744948681,0.0,55.75776053164272,0.0,53.62128736326273,0.0,-65.05346999708426,0.0,0
2030-01-08 18:00:00,-107.16432727694723,0.0,57.192662465748484,0.0,55.00120808126081,0.0,-66.67590900814596,0.0,0
2030-01-08 20:00:00,-121.94496045321812,0.9449604532181155,67.91619779178275,0.0,65.31384911606453,0.0,-75.41194591333463,0.0,1
2030-01-08 22:00:00,-110.14615317367517,0.0,73.9996404024379,0.0,71.16419212255485,0.0,-66.07424818434029,0.0,0
2030-01-09 00:00:00,-58.537284517413596,0.0,25.49317153651151,0.0,24.516348284549053,0.0,-37.331457489373584,0.0,0
2030-01-09 02:00:00,-70.13718324558457,0.0,42.21257762218708,0.0,40.595115970247605,0.0,-42.902789810563014,0.0,0
2030-01-09 04:00:00,-77.87471440007047,0.0,50.69358202045926,0.0,48.75115325784218,0.0,-47.516834806610376,0.0,0
2030-01-09 06:00:00,-52.85514614207694,0.0,9.877670500631801,0.0,9.499187258308623,0.0,-35.38307080650117,0.0,0
2030-01-09 08:00:00,-49.84413309677386,0.0,4.1835771834622015,0.0,4.023274827071095,0.0,-33.928545675349206,0.0,0
2030-01-09 10:00:00,-17.170246360671737,0.0,-8.73795061101514,0.0,-8.403138078211372,0.0,-13.595203952048886,0.0,0
2030-01-09 12:00:00,-78.02661299268007,0.0,39.563588201578405,0.0,38.0476280225548,0.0,-49.16761013884992,0.0,0
2030-01-09 14:00:00,-54.94653175540799,0.0,22.438289365507238,0.0,21.578520201239144,0.0,-35.57635256724298,0.0,0
2030-01-09 16:00:00,-31.043039034240998,0.0,5.406989999546171,0.0,5.199810067181874,0.0,-21.377823121716457,0.0,0
2030-01-09 18:00:00,-74.68871205367732,0.0,26.92732932798389,0.0,25.89555337326783,0.0,-48.18962740678203,0.0,0
2030-01-09 20:00:00,-76.28189513852072,0.0,43.39468710482018,0.0,41.73193049900063,0.0,-47.24423026938234,0.0,0
2030-01-09 22:00:00,-53.762640032550316,0.0,33.11395610110869,0.0,31.845126829015182,0.0,-32.97730660774488,0.0,0
2030-01-10 00:00:00,-20.71198923290136,0.0,6.959031953085723,0.0,6.692382344064472,0.0,-13.99153643875215,0.0,0
2030-01-10 02:00:00,-106.47613392495106,0.0,72.46898708374013,0.0,69.69218893101984,0.0,-64.59235767819604,0.0,0
2030-01-10 04:00:00,-124.30916425209237,3.3091642520923727,91.69279232939863,0.0,88.17939457673202,0.0,-74.1275167429483,0.0,1
2030-01-10 06:00:00,-83.85349476810426,0.0,51.54500319614308,0.0,49.569950481640284,0.0,-51.97275636357652,0.0,0
2030-01-10 08:00:00,-80.6614418470545,0.0,62.48786432312901,0.0,60.09351339865155,0.0,-47.843131117760436,0.0,0
2030-01-10 10:00:00,-92.36333335241994,0.0,76.69215397654185,0.0,73.75353650636639,0.0,-54.20411142531958,0.0,0
2030-01-10 12:00:00,-90.68171318355027,0.0,70.35574836350212,0.0,67.65992329472778,0.0,-53.551700503593246,0.0,0
2030-01-10 14:00:00,-69.15807397110333,0.0,50.96966465369176,0.0,49.01665721767509,0.0,-40.93312746705084,0.0,0
2030-01-10 16:00:00,-141.23469705078867,20.234697050788668,105.33628455937409,0.0,101.30010836664081,0.0,-83.79363822740423,0.0,1
2030-01-10 18:00:00,-156.07210955828032,35.07210955828032,120.10191836332166,0.0,115.49996657028692,0.0,-92.23808076473097,0.0,1
2030-01-10 20:00:00,-167.3301864586002,46.330186458600195,125.35411458573876,0.3541145857387562,120.5509141019877,0.0,-99.6758657650539,0.0,2
2030-01-10 22:00:00,-192.58494402877176,71.58494402877176,158.14291860199444,33.14291860199444,152.0833477164186,27.083347716418587,-113.71055746685904,0.0,3
2030-01-11 00:00:00,-206.11985926721775,85.11985926721775,172.8108272782938,47.8108272782938,166.18922533149242,41.18922533149242,-121.20885935893591,0.20885935893591068,4
2030-01-11 02:00:00,-198.4435906166286,77.4435906166286,163.6494880025889,38.649488002588896,157.378921595277,32.378921595277006,-117.52235887315167,0.0,3
2030-01-11 04:00:00,-174.9977907238317,53.99779072383171,145.2662986589187,20.266298658918714,139.70012192593248,14.700121925932478,-103.49375659690402,0.0,3
2030-01-11 06:00:00,-172.49438240026544,51.49438240026544,142.8116219412653,17.811621941265287,137.3395011906986,12.339501190698599,-102.24514598751259,0.0,3
2030-01-11 08:00:00,-187.519528639668,66.51952863966801,147.39876884505287,22.39876884505287,141.7508821349872,16.750882134987194,-112.06829897947877,0.0,3
2030-01-11 10:00:00,-169.93339273947618,48.933392739476176,143.1936549789063,18.193654978906295,137.70689584748322,12.706895847483224,-100.10412718987183,0.0,3
2030-01-11 12:00:00,-120.20328454454537,0.0,91.40121297894696,0.0,87.89898768824358,0.0,-72.52025298114621,0.0,0
2030-01-11 14:00:00,-160.5195706289324,39.5195706289324,148.20808250353792,23.208082503537923,142.52918527763245,17.52918527763245,-92.77242872982777,0.0,3
2030-01-11 16:00:00,-114.46460899340741,0.0,114.57180109191438,0.0,110.18174710567276,0.0,-65.62916804682219,0.0,0
2030-01-11 18:00:00,-166.64067114429312,45.64067114429312,152.29061273966096,27.290612739660958,146.45528497878757,21.455284978787574,-96.35765170226281,0.0,3
2030-01-11 20:00:00,-178.85833233768813,57.858332337688125,165.57157177535208,40.57157177535208,159.22735677870082,34.22735677870082,-103.01014158821546,0.0,3
2030-01-11 22:00:00,-166.14062329700653,45.14062329700653,154.38787835165462,29.38787835165462,148.47218954929986,23.472189549299856,-95.82642066109679,0.0,3
2030-01-12 00:00:00,-159.4787561824861,38.47875618248611,154.50050023791306,29.50050023791306,148.58049609656564,23.58049609656564,-91.30552657998193,0.0,3
2030-01-12 02:00:00,-186.29352814027897,65.29352814027897,176.7216175160849,51.721617516084905,169.95016560525073,44.95016560525073,-106.8485440962161,0.0,3
2030-01-12 04:00:00,-169.11566281710077,48.11566281710077,159.88037066112526,34.880370661125255,153.75422572970797,28.75422572970797,-97.32171733302611,0.0,3
2030-01-12 06:00:00,-186.86518832676938,65.86518832676938,178.8015479959531,53.80154799595309,171.95039927484595,46.95039927484595,-106.8634407887115,0.0,3
2030-01-12 08:00:00,-173.71768497668296,52.71768497668296,150.56585929896247,25.565859298962465,144.7966190102721,19.79661901027211,-102.14475817654048,0.0,3
2030-01-12 10:00:00,-186.54122666231456,65.54122666231456,168.7089518784761,43.708951878476114,162.24452171634078,37.244521716340785,-108.24339916956546,0.0,3
2030-01-12 12:00:00,-192.67364603300547,71.67364603300547,166.28459190233468,41.28459190233468,159.91305607437164,34.91305607437164,-113.13028877368367,0.0,3
2030-01-12 14:00:00,-136.47921949953192,15.479219499531922,130.3035908462752,5.303590846275199,125.31074100919056,0.3107410091905649,-78.96038428011596,0.0,3
2030-01-12 16:00:00,-190.04270619948417,69.04270619948417,160.2372513894992,35.23725138949919,154.09743183963874,29.097431839638745,-112.11043567684398,0.0,3
2030-01-12 18:00:00,-218.19756511185147,97.19756511185147,173.57233096834153,48.57233096834153,166.921550442883,41.92155044288299,-130.5649068157318,9.564906815731803,4
2030-01-12 20:00:00,-209.07940651401674,88.07940651401674,164.52669078920295,39.526690789202945,158.22251255460557,33.22251255460557,-125.38486869673984,4.384868696739844,4
2030-01-12 22:00:00,-201.3706790980524,80.37067909805239,155.8041067734778,30.8041067734778,149.8341522690096,24.834152269009593,-121.66761395981,0.6676139598099979,4
2030-01-13 00:00:00,-195.33730782178628,74.33730782178628,163.17062649199505,38.17062649199505,156.91840864744844,31.918408647448445,-115.80122461595329,0.0,3
2030-01-13 02:00:00,-210.4908667034799,89.4908667034799,163.9864257899198,38.98642578991979,157.70294891893124,32.70294891893124,-126.621123435756,5.6211234357560045,4
2030-01-13 04:00:00,-193.92473951400086,72.92473951400086,150.0919607408459,25.091960740845906,144.3408788491983,19.340878849198305,-116.81834115928802,0.0,3
2030-01-13 06:00:00,-194.23425377456397,73.23425377456397,155.7037775438492,30.703777543849213,149.73766735997526,24.737667359975262,-116.40119009182578,0.0,3
2030-01-13 08:00:00,-230.4980392848728,109.49803928487279,195.01756364323901,70.01756364323901,187.5450649611917,62.54506496119171,-136.1967429823769,15.19674298237689,4
2030-01-13 10:00:00,-202.80244429816992,81.80244429816992,155.97680252432949,30.976802524329486,150.00023082730428,25.00023082730428,-121.35585748091638,0.35585748091638436,4
2030-01-13 12:00:00,-180.90972103874077,59.90972103874077,149.7834300198043,24.783430019804314,144.04417011671646,19.044170116716458,-106.94139493434099,0.0,3
2030-01-13 14:00:00,-129.2614704560041,8.261470456004105,109.03716539421501,0.0,104.85918234755479,0.0,-76.29049299160833,0.0,1
2030-01-13 16:00:00,-222.08889542428457,101.08889542428457,182.067196118337,57.067196118336994,175.09091737901701,50.090917379017014,-131.93883506211478,10.938835062114777,4
2030-01-13 18:00:00,-219.9166956277844,98.9166956277844,176.45407302003548,51.45407302003548,169.69287262633037,44.69287262633037,-130.56708278735533,9.567082787355332,4
2030-01-13 20:00:00,-195.44541688354246,74.44541688354246,150.80782033003504,25.807820330035042,145.02930880724668,20.02930880724668,-117.41743946914916,0.0,3
2030-01-13 22:00:00,-96.39957544250198,0.0,60.57966524751877,0.0,58.258430891678536,0.0,-59.766199401966574,0.0,0
2030-01-14 00:00:00,-78.61966934835202,0.0,51.42710087177709,0.0,49.456565827103525,0.0,-48.63544425130248,0.0,0
2030-01-14 02:00:00,-84.5731458684669,0.0,46.89332130042652,0.0,45.096507336247925,0.0,-52.887176424209855,0.0,0
2030-01-14 04:00:00,-71.85861082414715,0.0,42.40136720517775,0.0,40.776671692432494,0.0,-45.00715248099394,0.0,0
2030-01-14 06:00:00,-98.6832800111671,0.0,64.6498435883776,0.0,62.17265198581774,0.0,-61.23440992926431,0.0,0
2030-01-14 08:00:00,-104.40571501903713,0.0,72.57428279103276,0.0,69.793450016921,0.0,-64.10451471154319,0.0,0
2030-01-14 10:00:00,-95.69935016062826,0.0,71.31515383379934,0.0,68.58256717300021,0.0,-57.50971188231377,0.0,0
2030-01-14 12:00:00,-159.41199219694002,38.41199219694002,129.17814815540632,4.178148155406319,124.22842196763347,0.0,-94.93384964556937,0.0,2
2030-01-14 14:00:00,-142.74750634176561,21.747506341765614,113.70030585416339,0.0,109.34364499874474,0.0,-85.78632196868311,0.0,1
2030-01-14 16:00:00,-65.3593272728743,0.0,35.012779056671334,0.0,33.6711924812468,0.0,-41.589391639709234,0.0,0
2030-01-14 18:00:00,-67.27746425760392,0.0,38.119634267100224,0.0,36.659002150179056,0.0,-42.09512207596531,0.0,0
2030-01-14 20:00:00,-41.84009753576281,0.0,24.44573139782895,0.0,23.509042967108403,0.0,-26.914785264327058,0.0,0
2030-01-14 22:00:00,-119.287982397525,0.0,85.49614881173056,0.0,82.22018818859146,0.0,-72.59592482382918,0.0,0
2030-01-15 00:00:00,-149.86432649020503,28.86432649020503,119.36646832333024,0.0,114.7926968098144,0.0,-89.56206472802658,0.0,1
2030-01-15 02:00:00,-214.41404249699585,93.41404249699585,190.60384942261942,65.60384942261942,183.30047127043807,58.30047127043807,-124.92829007601581,3.928290076015813,4
2030-01-15 04:00:00,-205.88176203813885,84.88176203813885,180.25381795670197,55.253817956701965,173.3470225278578,48.3470225278578,-120.4553304262288,0.0,3
2030-01-15 06:00:00,-168.95973321652838,47.95973321652838,133.14978162254394,8.14978162254394,128.04787413738268,3.047874137382678,-100.75354246604195,0.0,3
2030-01-15 08:00:00,-169.24505804681252,48.24505804681252,143.83919383339895,18.83919383339895,138.32769955428313,13.327699554283129,-99.14425431984779,0.0,3
2030-01-15 10:00:00,-219.76028885194216,98.76028885194216,197.09041854458428,72.09041854458428,189.5384941675943,64.53849416759431,-127.5282588785024,6.528258878502399,4
2030-01-15 12:00:00,-145.3191170756221,24.319117075622103,134.85643233005425,9.856432330054247,129.68913101613026,4.689131016130261,-83.80627095535614,0.0,3
2030-01-15 14:00:00,-223.30975282553686,102.30975282553686,193.592658960351,68.592658960351,186.17475842918822,61.174758429188216,-130.57046928929302,9.570469289293015,4
2030-01-15 16:00:00,-219.0728271321056,98.0728271321056,189.6077315846274,64.6077315846274,182.34252173427745,57.342521734277454,-127.84948700993358,6.849487009933583,4
2030-01-15 18:00:00,-179.2421041865729,58.2421041865729,165.16392245910913,40.16392245910913,158.83532738366625,33.835327383666254,-103.59237895887344,0.0,3
2030-01-15 20:00:00,-217.53737954899992,96.53737954899992,192.19490495136444,67.19490495136444,184.83056223722517,59.830562237225166,-126.3566359851479,5.3566359851479035,4
2030-01-15 22:00:00,-156.209634752907,35.20963475290699,155.63613347920432,30.636133479204318,149.67261521666558,24.672615216665577,-88.57592578435649,0.0,3
2030-01-16 00:00:00,-157.9364690099651,36.936469009965094,152.02734168316155,27.027341683161552,146.20210169379922,21.20210169379922,-90.43780696979672,0.0,3
2030-01-16 02:00:00,-162.74191536478855,41.741915364788554,156.4784986645975,31.47849866459751,150.4827034490496,25.48270344904961,-93.12691625580034,0.0,3
2030-01-16 04:00:00,-186.69631942987925,65.69631942987925,170.23083382637785,45.23083382637785,163.70808963017566,38.708089630175664,-107.22128047680769,0.0,3
2030-01-16 06:00:00,-178.93980958567772,57.93980958567772,161.0803128614395,36.080312861439495,154.9081896789201,29.90818967892011,-102.88695853392056,0.0,3
2030-01-16 08:00:00,-170.4742225603082,49.47422256030819,151.01280826202492,26.01280826202492,145.22644220540343,20.22644220540343,-98.24385321020405,0.0,3
2030-01-16 10:00:00,-168.51552295171163,47.51552295171163,156.93220730989287,31.932207309892874,150.91902731529905,25.919027315299047,-96.4555372612263,0.0,3
2030-01-16 12:00:00,-169.2540661509741,48.2540661509741,159.19884707465303,34.19884707465303,153.0988161198768,28.0988161198768,-96.48244143829385,0.0,3
2030-01-16 14:00:00,-170.4369800757255,49.4369800757255,148.33505039266453,23.335050392664527,142.65128813118764,17.65128813118764,-97.87973650819386,0.0,3
2030-01-16 16:00:00,-185.85506836875604,64.85506836875604,149.68844799715518,24.68844799715518,143.95282752543858,18.95282752543858,-108.16238967398468,0.0,3
2030-01-16 18:00:00,-171.37052678551368,50.370526785513675,126.16216874949666,1.162168749496658,121.3280060100344,0.0,-101.397743375841,0.0,2
2030-01-16 20:00:00,-136.58619020664707,15.586190206647075,93.0128081192311,0.0,89.44883124914793,0.0,-81.21141124913787,0.0,1
2030-01-16 22:00:00,-103.63817757199314,0.0,66.33402025601312,0.0,63.79229596370918,0.0,-62.67183448667189,0.0,0
2030-01-17 00:00:00,-79.54115084745047,0.0,54.79027938881994,0.0,52.69087724845197,0.0,-47.44276338039866,0.0,0
2030-01-17 02:00:00,-81.43170689656415,0.0,52.3357155674245,0.0,50.33036508362389,0.0,-49.33200273110159,0.0,0
2030-01-17 04:00:00,-112.46623740555134,0.0,93.25640960167976,0.0,89.683098640233,0.0,-65.78482645708152,0.0,0
2030-01-17 06:00:00,-98.55861959691353,0.0,72.88654817937801,0.0,70.0937503152546,0.0,-59.259960157224015,0.0,0
2030-01-17 08:00:00,-97.13619624689619,0.0,69.46730608873006,0.0,66.8055235113257,0.0,-59.17209310190184,0.0,0
2030-01-17 10:00:00,-41.38683259156753,0.0,16.88613209647712,0.0,16.23910524680003,0.0,-27.179026697414916,0.0,0
2030-01-17 12:00:00,-57.306155450979674,0.0,36.206254128854496,0.0,34.8189371036317,0.0,-35.77409793348652,0.0,0
2030-01-17 14:00:00,-12.690019882880241,0.0,1.5616998395542585,0.0,1.5018601011491772,0.0,-9.584330963447755,0.0,0
2030-01-17 16:00:00,-49.04557399929223,0.0,20.645777489202022,0.0,19.854692100810393,0.0,-32.05549699839397,0.0,0
2030-01-17 18:00:00,-40.341546768124275,0.0,9.79855738246878,0.0,9.423105521833271,0.0,-27.21669087635157,0.0,0
2030-01-17 20:00:00,-41.551452557407735,0.0,17.21296127895439,0.0,16.55341129756698,0.0,-26.739643649621584,0.0,0
2030-01-17 22:00:00,-58.01367299788855,0.0,23.742420717040872,0.0,22.832681080249834,0.0,-38.32104434957952,0.0,0
2030-01-18 00:00:00,-69.24917593392826,0.0,40.259927862825876,0.0,38.71728599881082,0.0,-43.39394005924845,0.0,0
2030-01-18 02:00:00,-93.91210637813683,0.0,64.84392131768193,0.0,62.35929322812379,0.0,-57.179405774952556,0.0,0
2030-01-18 04:00:00,-90.40914240091564,0.0,59.02308057532761,0.0,56.76148995974414,0.0,-54.603449808544894,0.0,0
2030-01-18 06:00:00,-139.81073582207114,18.810735822071138,107.22214489719224,0.0,103.113708090463,0.0,-82.42275441206297,0.0,1
2030-01-18 08:00:00,-142.48833294171754,21.488332941717545,122.66249559567623,0.0,117.962430024392,0.0,-82.72705750742499,0.0,1
2030-01-18 10:00:00,-145.67672928135693,24.676729281356927,133.69448024412864,8.694480244128641,128.57170151200955,3.571701512009554,-83.37053991080519,0.0,3
2030-01-18 12:00:00,-134.61166100152823,13.611661001528233,127.32737307852344,2.3273730785234363,122.44856314087917,0.0,-76.32908256856862,0.0,2
2030-01-18 14:00:00,-142.9198528465614,21.91985284656141,122.80871969610891,0.0,118.10305124794863,0.0,-82.33949511358223,0.0,1
2030-01-18 16:00:00,-104.46869518907192,0.0,75.21959217121747,0.0,72.33739893250075,0.0,-61.95434742460016,0.0,0
2030-01-18 18:00:00,-156.16846082061969,35.168460820619686,120.22069378391568,0.0,115.61419086657573,0.0,-93.01757220719173,0.0,1
2030-01-18 20:00:00,-144.41753554899455,23.41753554899455,132.93608569840598,7.936085698405975,127.84236641169038,2.842366411690378,-83.45915159682399,0.0,3
2030-01-18 22:00:00,-138.20957325313898,17.209573253138984,129.8216984956386,4.8216984956386,124.84731335418293,0.0,-78.84915159391947,0.0,2
2030-01-19 00:00:00,-126.63116951367317,5.631169513673171,121.78073251160649,0.0,117.11445350477567,0.0,-71.58764695893962,0.0,1
2030-01-19 02:00:00,-131.70268859015812,10.702688590158118,126.66252848138875,1.6625284813887475,121.8091934306369,0.0,-74.51746859899205,0.0,2
2030-01-19 04:00:00,-131.39648913583775,10.396489135837754,115.13586808581749,0.0,110.72420071363368,0.0,-75.57474112865066,0.0,1
2030-01-19 06:00:00,-127.91622919279172,6.916229192791718,122.61246568118719,0.0,117.91431710888031,0.0,-72.36064015446121,0.0,1
2030-01-19 08:00:00,-138.57322562754194,17.573225627541945,132.93791862897464,7.937918628974643,127.84412910975767,2.8441291097576737,-78.48020788280057,0.0,3
2030-01-19 10:00:00,-132.652386412652,11.652386412651992,129.02703757323297,4.027037573232974,124.08310149792507,0.0,-74.67967829100155,0.0,2
2030-01-19 12:00:00,-145.0635989290994,24.063598929099413,142.05021375798088,17.050213757980885,136.6072679265332,11.607267926533211,-81.90827030460913,0.0,3
2030-01-19 14:00:00,-142.95452062247537,21.95452062247537,132.35619203366107,7.356192033661074,127.2846925643023,2.284692564302304,-81.80881341785148,0.0,3
2030-01-19 16:00:00,-142.89160461796138,21.891604617961377,134.32702934984712,9.327029349847123,129.18001319895149,4.180013198951485,-81.82657917929748,0.0,3
2030-01-19 18:00:00,-150.7334785103812,29.73347851038119,143.3788994004831,18.378899400483107,137.88504224839855,12.885042248398548,-86.58928078133816,0.0,3
2030-01-19 20:00:00,-147.4609885941759,26.460988594175888,143.94673615963276,18.946736159632763,138.43112117530438,13.431121175304384,-83.6414009628151,0.0,3
2030-01-19 22:00:00,-128.58232320390613,7.582323203906128,124.38951841147991,0.0,119.62327841224219,0.0,-72.7124700504409,0.0,1
2030-01-20 00:00:00,-163.11915498288727,42.11915498288727,155.38090130840894,30.380901308408937,149.42716279095688,24.427162790956885,-93.74682673183503,0.0,3
2030-01-20 02:00:00,-163.9659954178719,42.96599541787191,159.0134584191676,34.01345841916759,152.92053101167136,27.920531011671358,-93.57559257297991,0.0,3
2030-01-20 04:00:00,-166.4895397768822,45.4895397768822,159.5530211748133,34.553021174813296,153.43941931161623,28.439419311616234,-95.45772438240228,0.0,3
2030-01-20 06:00:00,-155.84924905138394,34.849249051383936,151.66764239462933,26.667642394629326,145.85618502263387,20.856185022633866,-88.54548658701388,0.0,3
2030-01-20 08:00:00,-193.7093337277862,72.7093337277862,172.18537528598955,47.18537528598955,165.5877388174806,40.58773881748061,-112.69131506645401,0.0,3
2030-01-20 10:00:00,-192.23963876742704,71.23963876742704,172.04924310288914,47.049243102889136,165.4568228187066,40.4568228187066,-111.61490982607502,0.0,3
2030-01-20 12:00:00,-169.8254252754189,48.825425275418894,161.35315257254587,36.353152572545866,155.17057497585188,30.170574975851878,-97.52257408103063,0.0,3
2030-01-20 14:00:00,-172.82645834006664,51.82645834006664,160.3751518655032,35.3751518655032,154.23004837554038,29.230048375540377,-99.83948787613325,0.0,3
2030-01-20 16:00:00,-164.28494854891898,43.284948548918976,148.175809944697,23.175809944696994,142.49814930819844,17.498149308198435,-95.7745333789323,0.0,3
2030-01-20 18:00:00,-147.32741303803178,26.32741303803178,130.0890769698393,5.0890769698393115,125.10444667272304,0.10444667272304287,-86.23055685018149,0.0,3
2030-01-20 20:00:00,-108.91874624658521,0.0,93.34393628858109,0.0,89.76727156227192,0.0,-64.41714374470793,0.0,0
2030-01-20 22:00:00,-122.84277366975004,1.842773669750045,114.08053641423174,0.0,109.70930624358877,0.0,-71.24051758900791,0.0,1
2030-01-21 00:00:00,-130.8069790312907,9.806979031290695,119.97509986553302,0.0,115.37800738383346,0.0,-75.96108010548262,0.0,1
2030-01-21 02:00:00,-54.588452497385624,0.0,52.94537058260743,0.0,50.91665991415299,0.0,-32.53240344013418,0.0,0
2030-01-21 04:00:00,-60.885221318741685,0.0,59.91939378363995,0.0,57.62345908569441,0.0,-36.126077599838425,0.0,0
2030-01-21 06:00:00,-100.96742317162654,0.0,105.03220969567946,0.0,101.0076847561757,0.0,-57.818684315383855,0.0,0
2030-01-21 08:00:00,-113.29985791033806,0.0,102.55181303611202,0.0,98.62232959145278,0.0,-66.79307533109694,0.0,0
2030-01-21 10:00:00,-44.87546306579318,0.0,24.02478908810245,0.0,23.10422992695053,0.0,-29.3598473291978,0.0,0
2030-01-21 12:00:00,-53.47071212677217,0.0,41.17481476802743,0.0,39.59711713228785,0.0,-32.543503343466845,0.0,0
2030-01-21 14:00:00,5.64436434592324,0.0,-10.66083047604001,0.0,-10.252338849985875,0.0,1.2443964598304946,0.0,0
2030-01-21 16:00:00,-68.29616570590983,0.0,52.631708645921506,0.0,50.615016579098096,0.0,-42.0496780115648,0.0,0
2030-01-21 18:00:00,-73.80362077805934,0.0,69.93894450598314,0.0,67.2590901334774,0.0,-43.41559348484615,0.0,0
2030-01-21 20:00:00,-88.10929690654783,0.0,74.15857769965969,0.0,71.31703941064242,0.0,-52.79261450534439,0.0,0
2030-01-21 22:00:00,-111.45805424669082,0.0,100.87958159866344,0.0,97.014173137708,0.0,-65.74777576782483,0.0,0
2030-01-22 00:00:00,-92.96563331066285,0.0,76.89636966947381,0.0,73.94992725539197,0.0,-56.513547416530024,0.0,0
2030-01-22 02:00:00,-91.40985109044826,0.0,68.39625729939635,0.0,65.7755141571956,0.0,-56.39625746404112,0.0,0
2030-01-22 04:00:00,-68.13994182376415,0.0,59.60728887519194,0.0,57.323313118141115,0.0,-41.60494614678946,0.0,0
2030-01-22 06:00:00,-65.97986683536485,0.0,57.14627462383222,0.0,54.956597684827386,0.0,-40.187058350651895,0.0,0
2030-01-22 08:00:00,-15.834293500973832,0.0,-16.234696588949372,0.0,-15.612630829342564,0.0,-13.268584301704113,0.0,0
2030-01-22 10:00:00,-23.53426182302539,0.0,7.876765996351839,0.0,7.574951521660694,0.0,-15.479600255250809,0.0,0
2030-01-22 12:00:00,-48.22712181742667,0.0,37.484328757375195,0.0,36.048039676514115,0.0,-29.137731694028652,0.0,0
2030-01-22 14:00:00,-66.53082378980076,0.0,55.6977431842119,0.0,53.563569703825195,0.0,-39.65591066458942,0.0,0
2030-01-22 16:00:00,-36.756179325701986,0.0,23.25162515986761,0.0,22.360691363358754,0.0,-22.64781860119577,0.0,0
2030-01-22 18:00:00,-25.717893915701502,0.0,-7.002383898631853,0.0,-6.73407317073534,0.0,-19.566657050763432,0.0,0
2030-01-22 20:00:00,-26.432327193643474,0.0,1.8755385140134218,0.0,1.803673401906213,0.0,-18.9091718817194,0.0,0
2030-01-22 22:00:00,-42.56565800476675,0.0,9.068892277649493,0.0,8.721399034854553,0.0,-29.214611885597794,0.0,0
2030-01-23 00:00:00,-37.65911526515563,0.0,11.309502873044176,0.0,10.876156031177,0.0,-25.308974799825315,0.0,0
2030-01-23 02:00:00,10.518598412003703,0.0,-16.33926889764571,0.0,-15.713196235151447,0.0,4.309177534088351,0.0,0
2030-01-23 04:00:00,-32.72954056557665,0.0,14.576192743081918,0.0,14.017675966299668,0.0,-21.382471707444207,0.0,0
2030-01-23 06:00:00,32.04876774847591,0.0,-43.05280578639764,0.0,-41.403149065806836,0.0,15.750070429836587,0.0,0
2030-01-23 08:00:00,-5.686384659875458,0.0,-16.233484251184116,0.0,-15.611464944790153,0.0,-6.505778336649523,0.0,0
2030-01-23 10:00:00,-16.241075877477925,0.0,1.8686328658236775,0.0,1.7970323578169607,0.0,-11.547787202041231,0.0,0
2030-01-23 12:00:00,-18.378422515833932,0.0,-5.6327393053591885,0.0,-5.416909324462592,0.0,-14.49594013891722,0.0,0
2030-01-23 14:00:00,-26.524651724842094,0.0,9.339395051233847,0.0,8.981536938827539,0.0,-17.889694662045464,0.0,0
2030-01-23 16:00:00,24.800732775223416,0.0,-36.33250878485444,0.0,-34.94035405305314,0.0,11.353549216885403,0.0,0
2030-01-23 18:00:00,-22.241314613921325,0.0,-0.5323476071526247,0.0,-0.5119496146922105,0.0,-16.164209309241762,0.0,0
2030-01-23 20:00:00,-22.37641638872432,0.0,-3.7917111350017434,0.0,-3.6464239314817277,0.0,-16.90538193046564,0.0,0
2030-01-23 22:00:00,-37.543510148617884,0.0,17.129046004517317,0.0,16.47271140930294,0.0,-24.756044701011593,0.0,0
2030-01-24 00:00:00,-34.02229614816168,0.0,8.028292537562926,0.0,7.720672012081592,0.0,-23.460829994336166,0.0,0
2030-01-24 02:00:00,-29.719411910953447,0.0,8.788654206285553,0.0,8.45189886104104,0.0,-20.196670538969222,0.0,0
2030-01-24 04:00:00,-22.24698993791675,0.0,1.0787946032053446,0.0,1.0374583712268057,0.0,-16.106033703371637,0.0,0
2030-01-24 06:00:00,-30.93004859940774,0.0,9.250444443903753,0.0,8.895994656797024,0.0,-21.01304779269932,0.0,0
2030-01-24 08:00:00,-42.48914209794569,0.0,22.028822211746593,0.0,21.184742622866793,0.0,-26.86699166578838,0.0,0
2030-01-24 10:00:00,-34.72140688544605,0.0,14.051586864859889,0.0,13.513171440285998,0.0,-22.993972729677754,0.0,0
2030-01-24 12:00:00,-27.82784923297101,0.0,12.85584475047718,0.0,12.363246642081718,0.0,-17.937943146292692,0.0,0
2030-01-24 14:00:00,-33.32035388786984,0.0,16.685564318452442,0.0,16.046222635326167,0.0,-21.743352109666166,0.0,0
2030-01-24 16:00:00,-18.659956821938984,0.0,4.194682736873773,0.0,4.033954848383448,0.0,-13.156088673313993,0.0,0
2030-01-24 18:00:00,-6.900597013565749,0.0,-7.0209981600083795,0.0,-6.751974188437814,0.0,-6.015702734385586,0.0,0
2030-01-24 20:00:00,-21.106227053911294,0.0,23.302601610462865,0.0,22.40971454650086,0.0,-11.649807731679696,0.0,0
2030-01-24 22:00:00,-23.9543791722015,0.0,10.631821101401934,0.0,10.224441029146888,0.0,-16.2120159001534,0.0,0
2030-01-25 00:00:00,-18.901341615858176,0.0,3.4458263896024413,0.0,3.3137924708423467,0.0,-12.935415655608256,0.0,0
2030-01-25 02:00:00,-28.900327573158414,0.0,15.627999300847943,0.0,15.029180394504442,0.0,-18.396955384879824,0.0,0
2030-01-25 04:00:00,-51.81442660531144,0.0,49.45328138058356,0.0,47.55837728561008,0.0,-30.03701665398871,0.0,0
2030-01-25 06:00:00,-37.76136248978513,0.0,39.89945347865739,0.0,38.37062393139104,0.0,-21.28372337276756,0.0,0
2030-01-25 08:00:00,-33.12563287373487,0.0,28.17755825880145,0.0,27.09787721357317,0.0,-19.12170155978919,0.0,0
2030-01-25 10:00:00,-53.067147792608395,0.0,57.91373349614834,0.0,55.694649793441044,0.0,-29.656456161911592,0.0,0
2030-01-25 12:00:00,-75.06016953509888,0.0,67.43029232624903,0.0,64.84656211690373,0.0,-43.66818382095517,0.0,0
2030-01-25 14:00:00,-51.31491604764178,0.0,39.93088407047512,0.0,38.40085019549836,0.0,-30.99892262170252,0.0,0
2030-01-25 16:00:00,-83.91923680881223,0.0,78.04920558636744,0.0,75.05858989522946,0.0,-48.97476016584391,0.0,0
2030-01-25 18:00:00,-93.91523698646591,0.0,76.8479145871627,0.0,73.90332882912725,0.0,-55.635073926270096,0.0,0
2030-01-25 20:00:00,-103.62849200499471,0.0,87.89032094024688,0.0,84.52262269234873,0.0,-61.57319706901681,0.0,0
2030-01-25 22:00:00,-78.59142661993414,0.0,70.37154556957715,0.0,67.67511519839135,0.0,-47.551361359910494,0.0,0
2030-01-26 00:00:00,-39.70159024972969,0.0,26.305261097052178,0.0,25.297320964858677,0.0,-24.958643070272686,0.0,0
2030-01-26 02:00:00,-46.25715380148122,0.0,36.78231573387157,0.0,35.37292572453468,0.0,-28.032780390394834,0.0,0
2030-01-26 04:00:00,-60.13620416849679,0.0,69.06124528986341,0.0,66.41502176636016,0.0,-33.22786436875679,0.0,0
2030-01-26 06:00:00,-104.39635230695927,0.0,119.67434552336303,0.0,115.08877706228755,0.0,-57.71253708956014,0.0,0
2030-01-26 08:00:00,-89.53743227997447,0.0,103.045084224732,0.0,99.09670008088437,0.0,-49.724152922988345,0.0,0
2030-01-26 10:00:00,-61.67964929786488,0.0,73.87308318316985,0.0,71.0424842031987,0.0,-34.179843957817994,0.0,0
2030-01-26 12:00:00,-53.8636853354768,0.0,76.4551108525477,0.0,73.52557617675524,0.0,-28.389186935521632,0.0,0
2030-01-26 14:00:00,-70.6035424043938,0.0,92.06447426499295,0.0,88.536834755215,0.0,-38.13824993540086,0.0,0
2030-01-26 16:00:00,-48.28040815373674,0.0,72.23065477372032,0.0,69.46298881319474,0.0,-25.454794999276157,0.0,0
2030-01-26 18:00:00,-71.01125434403353,0.0,92.14781747680505,0.0,88.61698450060892,0.0,-38.5411051580505,0.0,0
2030-01-26 20:00:00,-43.31171143873081,0.0,66.70968789729055,0.0,64.15356912737208,0.0,-22.51908998344462,0.0,0
2030-01-26 22:00:00,-59.07540110083589,0.0,82.77347927895924,0.0,79.60184333363486,0.0,-31.344244954033908,0.0,0
2030-01-27 00:00:00,-43.82126759106342,0.0,59.244241241930254,0.0,56.97417640095473,0.0,-23.562284137978008,0.0,0
2030-01-27 02:00:00,-40.26381753100226,0.0,65.87793684013297,0.0,63.35368832108958,0.0,-20.07313916836275,0.0,0
2030-01-27 04:00:00,-52.52967606209722,0.0,77.67929802569012,0.0,74.70285610284253,0.0,-27.318144235202144,0.0,0
2030-01-27 06:00:00,-47.56130153586955,0.0,55.40428125627452,0.0,53.28135237267571,0.0,-26.582038209480658,0.0,0
2030-01-27 08:00:00,-63.11919529637149,0.0,74.72043446466965,0.0,71.85736747917149,0.0,-35.019174208376214,0.0,0
2030-01-27 10:00:00,8.459808471631153,0.0,22.079777813371212,0.0,21.233745755909112,0.0,7.821776107943057,0.0,0
2030-01-27 12:00:00,-76.29889903691685,0.0,92.77545667346257,0.0,89.22057441174474,0.0,-41.269136563131696,0.0,0
2030-01-27 14:00:00,-60.15209335982003,0.0,52.85659153770676,0.0,50.831282620784876,0.0,-35.513507358634705,0.0,0
2030-01-27 16:00:00,-73.62989925095138,0.0,76.15173931784757,0.0,73.23382894578883,0.0,-42.0251554349352,0.0,0
2030-01-27 18:00:00,-81.89875688337911,0.0,68.253689100482,0.0,65.6384087517784,0.0,-49.25328347901153,0.0,0
2030-01-27 20:00:00,-80.82974865239937,0.0,86.81661572017693,0.0,83.49005869408452,0.0,-46.095909990103884,0.0,0
2030-01-27 22:00:00,-117.0291992510509,0.0,114.16989873688928,0.0,109.79524446522791,0.0,-67.57530168627542,0.0,0
2030-01-28 00:00:00,-118.05392360000069,0.0,101.46746475666646,0.0,97.57953034450276,0.0,-69.67671219507422,0.0,0
2030-01-28 02:00:00,-136.2761659273008,15.27616592730081,134.58310479714305,9.58310479714305,129.42627658928868,4.426276589288676,-77.281685769064,0.0,3
2030-01-28 04:00:00,-118.19050077117103,0.0,116.17274388065395,0.0,111.72134648177092,0.0,-66.74295916831699,0.0,0
2030-01-28 06:00:00,-126.24934627378894,5.2493462737889445,120.48261946311732,0.0,115.86608032516179,0.0,-71.6886979557679,0.0,1
2030-01-28 08:00:00,-137.68054387173794,16.68054387173794,131.98256005443722,6.982560054437215,126.92537706211843,1.9253770621184287,-79.2245798290966,0.0,3
2030-01-28 10:00:00,-100.69143177783364,0.0,108.33858196141705,0.0,104.18736657446571,0.0,-56.78279990984926,0.0,0
2030-01-28 12:00:00,-148.56180340042573,27.56180340042573,139.7168369646869,14.716836964686905,134.36329925980414,9.363299259804137,-85.52810976704038,0.0,3
2030-01-28 14:00:00,-153.1848352542707,32.184835254270695,143.549825679043,18.54982567904301,138.04941913536834,13.049419135368339,-88.0442518584037,0.0,3
2030-01-28 16:00:00,-165.37629019550303,44.37629019550303,151.06749685570327,26.06749685570327,145.27903529323845,20.27903529323845,-95.10547032854687,0.0,3
2030-01-28 18:00:00,-156.3515226198914,35.3515226198914,129.64652001891915,4.646520018919148,124.6788472007638,0.0,-91.35140810382201,0.0,2
2030-01-28 20:00:00,-154.0254163869919,33.02541638699191,137.29922896632803,12.29922896632803,132.0383268797146,7.038326879714589,-88.63373397436419,0.0,3
2030-01-28 22:00:00,-117.76629560860553,0.0,108.1783529719331,0.0,104.03327708795979,0.0,-66.93252432836859,0.0,0
2030-01-29 00:00:00,-92.05652274363932,0.0,86.19352210744671,0.0,82.89084019348752,0.0,-51.874096798179195,0.0,0
2030-01-29 02:00:00,-123.03862061101101,2.0386206110110123,122.09429074440257,0.0,117.4159971095684,0.0,-69.55175396837863,0.0,1
2030-01-29 04:00:00,-159.47952333905027,38.479523339050274,157.39903413168386,32.39903413168386,151.3679667081559,26.367966708155905,-90.7224232376013,0.0,3
2030-01-29 06:00:00,-163.47703034825963,42.47703034825963,158.8255951748836,33.8255951748836,152.73986613362206,27.73986613362206,-93.28296804654862,0.0,3
2030-01-29 08:00:00,-181.07173012137326,60.071730121373264,169.6247010323692,44.62470103236919,163.12518205967905,38.12518205967905,-103.79106335657217,0.0,3
2030-01-29 10:00:00,-156.3895060581657,35.38950605816569,148.67171191521697,23.671711915216974,142.9750497757159,17.97504977571589,-89.80769605653234,0.0,3
2030-01-29 12:00:00,-162.7013936531108,41.70139365311081,156.63172542792495,31.63172542792495,150.6300590140826,25.630059014082605,-92.99148096472234,0.0,3
2030-01-29 14:00:00,-148.7937004005691,27.793700400569094,146.60819121893286,21.60819121893286,140.9905971151269,15.990597115126889,-84.74192021864563,0.0,3
2030-01-29 16:00:00,-165.69189199935994,44.69189199935994,159.26250291507478,34.262502915074776,153.16003285596997,28.160032855969973,-94.57546607825748,0.0,3
2030-01-29 18:00:00,-166.6437736986841,45.6437736986841,156.58404987610834,31.584049876108338,150.58421024899997,25.584210248999966,-95.54944481736491,0.0,3
2030-01-29 20:00:00,-148.33894854657146,27.33894854657146,131.18693773381142,6.186937733811419,126.16024064558883,1.1602406455888286,-86.58843775494954,0.0,3
2030-01-29 22:00:00,-125.7934493775854,4.793449377585404,114.71963129342399,0.0,110.32391288924333,0.0,-73.2116887717489,0.0,1
2030-01-30 00:00:00,-114.05521756146075,0.0,108.53119033523492,0.0,104.37259476266027,0.0,-66.06362683918563,0.0,0
2030-01-30 02:00:00,-142.3644813716681,21.36448137166809,140.9037500965424,15.90375009654241,135.50473337608872,10.504733376088723,-80.56415598573146,0.0,3
2030-01-30 04:00:00,-121.39967747568518,0.39967747568518064,118.51318293906496,0.0,113.9721068084173,0.0,-68.652839551861,0.0,1
2030-01-30 06:00:00,-143.59809610093566,22.598096100935663,139.2893882236056,14.289388223605613,133.95222909557876,8.952229095578758,-81.7216691768814,0.0,3
2030-01-30 08:00:00,-146.5264315933054,25.526431593305404,136.9979007444072,11.99790074440719,131.74854466779956,6.748544667799564,-84.74215717882865,0.0,3
2030-01-30 10:00:00,-141.97065234910588,20.970652349105876,137.5280759917084,12.528075991708391,132.2584051610719,7.258405161071892,-80.44384837914137,0.0,3
2030-01-30 12:00:00,-119.2043576459593,0.0,119.97953795548565,0.0,115.38227541924996,0.0,-66.43764345380073,0.0,0
2030-01-30 14:00:00,-118.38877096111611,0.0,118.10214844824836,0.0,113.57682194872874,0.0,-66.21901385384194,0.0,0
2030-01-30 16:00:00,-112.3699010155824,0.0,115.85746091348051,0.0,111.41814422934274,0.0,-63.847768809031855,0.0,0
2030-01-30 18:00:00,-104.92837812119369,0.0,94.51263105056904,0.0,90.89118538296705,0.0,-62.21355347378727,0.0,0
2030-01-30 20:00:00,-82.70179988290906,0.0,78.42476431843724,0.0,75.4197583227648,0.0,-48.70668673081095,0.0,0
2030-01-30 22:00:00,-93.14260334522206,0.0,87.68081261329431,0.0,84.32114210745081,0.0,-54.75669486281277,0.0,0
2030-01-31 00:00:00,-141.90615492894196,20.90615492894196,137.60931123196264,12.609311231962636,132.33652770617,7.3365277061699885,-81.68349293961951,0.0,3
2030-01-31 02:00:00,-104.99687201136229,0.0,111.54402057390502,0.0,107.2699822198336,0.0,-59.593317302497034,0.0,0
2030-01-31 04:00:00,-84.87608145196594,0.0,96.28757506731904,0.0,92.598118772478,0.0,-48.055834384374045,0.0,0
2030-01-31 06:00:00,-107.8748900318121,0.0,117.3536991173757,0.0,112.85705099191668,0.0,-60.821757077772006,0.0,0
2030-01-31 08:00:00,-121.28153159979844,0.28153159979844133,121.11711628349869,0.0,116.47626509607686,0.0,-69.46659137657645,0.0,1
2030-01-31 10:00:00,-97.51146517367046,0.0,103.08159799704062,0.0,99.13181475297674,0.0,-55.48507994260083,0.0,0
2030-01-31 12:00:00,-84.57095672903098,0.0,94.99868110417407,0.0,91.3586114300098,0.0,-47.682394156248904,0.0,0
2030-01-31 14:00:00,-135.78859186165576,14.78859186165576,133.33156877799973,8.331568777999735,128.22269574443268,3.2226957444326843,-77.68302904547527,0.0,3
2030-01-31 16:00:00,-131.27173218152896,10.27173218152896,128.57678165870487,3.576781658704874,123.65009806396884,0.0,-75.22230105083986,0.0,2
2030-01-31 18:00:00,-150.31281747972287,29.312817479722867,144.83141130606847,19.831411306068475,139.28189817563322,14.281898175633216,-86.03148378699747,0.0,3
2030-01-31 20:00:00,-129.67419898113653,8.674198981136527,130.1510837562643,5.151083756264313,125.16407754171179,0.1640775417117908,-74.00063785492164,0.0,3
2030-01-31 22:00:00,-109.43572901384648,0.0,116.91792106838956,0.0,112.43797067433417,0.0,-61.77582451260588,0.0,0
2030-02-01 00:00:00,-137.1435491027512,16.143549102751194,138.91196230178974,13.911962301789742,133.5892650235093,8.589265023509313,-77.86081264044913,0.0,3
2030-02-01 02:00:00,-131.31462778448804,10.314627784488039,136.36992412173709,11.369924121737085,131.1446302598223,6.144630259822293,-73.60754417236807,0.0,3
2030-02-01 04:00:00,-136.72093151534006,15.720931515340055,128.348819629233,3.3488196292329917,123.43087086808285,0.0,-77.75310414572274,0.0,2
2030-02-01 06:00:00,-142.9201612517291,21.9201612517291,135.11072064199462,10.110720641994618,129.93367574887557,4.933675748875572,-81.74611981137669,0.0,3
2030-02-01 08:00:00,-160.8416020694694,39.84160206946939,139.75531656126032,14.755316561260315,134.40030443156533,9.400304431565331,-93.9338897436416,0.0,3
2030-02-01 10:00:00,-133.49776366740832,12.497763667408321,129.95440197545065,4.954401975450651,124.97493202748092,0.0,-76.53014278644706,0.0,2
2030-02-01 12:00:00,-131.28220878805737,10.282208788057375,130.88291629566507,5.882916295665069,125.86786841356223,0.8678684135622348,-74.82778376945997,0.0,3
2030-02-01 14:00:00,-136.84336581964845,15.843365819648454,136.6427789997307,11.642778999730695,131.40703014249095,6.407030142490953,-78.16321130919525,0.0,3
2030-02-01 16:00:00,-131.1057801974363,10.105780197436303,128.14577506813484,3.1457750681348386,123.23560637656863,0.0,-75.38129048240184,0.0,2
2030-02-01 18:00:00,-139.65564386572234,18.65564386572234,128.0391336933551,3.0391336933550974,123.13305118519531,0.0,-81.33593828662694,0.0,2
2030-02-01 20:00:00,-123.17261997692032,2.1726199769203163,117.16221309766607,0.0,112.67290215252655,0.0,-71.59617514112121,0.0,1
2030-02-01 22:00:00,-98.04470021623206,0.0,109.26744687331941,0.0,105.0806401185943,0.0,-55.09998429452377,0.0,0
2030-02-02 00:00:00,-76.54552847121167,0.0,93.02423412321295,0.0,89.45981944230851,0.0,-42.29615835032806,0.0,0
2030-02-02 02:00:00,-34.38359381387794,0.0,52.31040713677421,0.0,50.30602639749885,0.0,-18.25455652045532,0.0,0
2030-02-02 04:00:00,-54.510762994611525,0.0,78.20004317985226,0.0,75.20364783637183,0.0,-29.14049335470067,0.0,0
2030-02-02 06:00:00,-114.11713615069237,0.0,121.1251121148095,0.0,116.48395455068083,0.0,-64.55924197436003,0.0,0
2030-02-02 08:00:00,-146.42896546068326,25.42896546068326,140.78728409110926,15.787284091109257,135.39273000497383,10.392730004973828,-84.26572889096083,0.0,3
2030-02-02 10:00:00,-143.0221751954299,22.022175195429895,138.68352401857334,13.683524018573337,133.36957982252005,8.369579822520052,-82.11141625156496,0.0,3
2030-02-02 12:00:00,-87.3690270671468,0.0,97.45554187228853,0.0,93.72133252932338,0.0,-47.67306536093589,0.0,0
2030-02-02 14:00:00,-101.3712768347134,0.0,102.40385258424773,0.0,98.4800385483374,0.0,-56.924085830925875,0.0,0
2030-02-02 16:00:00,-119.03081348546476,0.0,118.86746921367549,0.0,114.31281787641214,0.0,-68.06353616231972,0.0,0
2030-02-02 18:00:00,-105.71007640356031,0.0,104.60710198560467,0.0,100.59886592154324,0.0,-61.13809043909245,0.0,0
2030-02-02 20:00:00,-97.36026048758367,0.0,97.82340986179968,0.0,94.07510490090431,0.0,-56.44850951858385,0.0,0
2030-02-02 22:00:00,-98.97989208133234,0.0,102.1425541618834,0.0,98.228752311954,0.0,-56.394027760384475,0.0,0
2030-02-03 00:00:00,-107.83609189238123,0.0,109.20857889469538,0.0,105.02402778753591,0.0,-60.63653998699254,0.0,0
2030-02-03 02:00:00,-112.94290082563381,0.0,113.87875910303569,0.0,109.51526044469254,0.0,-63.53967907652773,0.0,0
2030-02-03 04:00:00,-90.68714158667947,0.0,95.01360084640868,0.0,91.372959491663,0.0,-50.73690864635489,0.0,0
2030-02-03 06:00:00,-82.36957553185235,0.0,86.41916956240176,0.0,83.10784150253521,0.0,-46.47955520369959,0.0,0
2030-02-03 08:00:00,-62.60002202576081,0.0,62.19458535350434,0.0,59.811472015391146,0.0,-36.00640175672529,0.0,0
2030-02-03 10:00:00,17.852126640016788,0.0,-10.45328167210105,0.0,-10.05274270495068,0.0,10.358784402570972,0.0,0
2030-02-03 12:00:00,19.644874653104964,0.0,-14.5200685080037,0.0,-13.963702246615117,0.0,10.82533852644193,0.0,0
2030-02-03 14:00:00,-23.1017265698065,0.0,-3.6352480678355796,0.0,-3.4959560682415356,0.0,-16.998716808623367,0.0,0
2030-02-03 16:00:00,-56.12705961028851,0.0,32.44453247890917,0.0,31.20135354846276,0.0,-36.238417538383445,0.0,0
2030-02-03 18:00:00,-41.11867506978635,0.0,19.692300999854645,0.0,18.93775002239967,0.0,-26.96606364136495,0.0,0
2030-02-03 20:00:00,-56.14903513276254,0.0,41.63963989078676,0.0,40.044131525324666,0.0,-34.55358810345864,0.0,0
2030-02-03 22:00:00,-86.42595895140617,0.0,86.61171008381024,0.0,83.29300443822476,0.0,-50.13104058656095,0.0,0
2030-02-04 00:00:00,-60.063094941883406,0.0,55.673164486951165,0.0,53.53993278985555,0.0,-35.69765651229371,0.0,0
2030-02-04 02:00:00,-108.38722072247742,0.0,97.91325960620617,0.0,94.16151186772663,0.0,-63.75540781773944,0.0,0
2030-02-04 04:00:00,-108.8924534568647,0.0,97.77163030292674,0.0,94.02530938222861,0.0,-64.17569730581651,0.0,0
2030-02-04 06:00:00,-126.23774342821204,5.237743428212042,113.1436689744168,0.0,108.8083368048487,0.0,-74.02650769810481,0.0,1
2030-02-04 08:00:00,-83.66122604928977,0.0,74.22018932269712,0.0,71.37629025774056,0.0,-50.02385931240309,0.0,0
2030-02-04 10:00:00,-49.07282497110342,0.0,42.22820768094539,0.0,40.61014713118717,0.0,-29.38518480251039,0.0,0
2030-02-04 12:00:00,-68.0128267061796,0.0,47.67213860023881,0.0,45.845482650868334,0.0,-41.91027433586953,0.0,0
2030-02-04 14:00:00,-41.550502103248036,0.0,26.87224014694117,0.0,25.842575047396505,0.0,-26.54197247363434,0.0,0
2030-02-04 16:00:00,-58.038657457918525,0.0,36.79043260113276,0.0,35.38073157734779,0.0,-36.47398469525732,0.0,0
2030-02-04 18:00:00,-38.02243356205835,0.0,7.258746984541143,0.0,6.9806131782213905,0.0,-26.77509479185202,0.0,0
2030-02-04 20:00:00,-62.12976220716054,0.0,39.383424782794094,0.0,37.87436793536927,0.0,-39.084612951851696,0.0,0
2030-02-04 22:00:00,-55.03749376240905,0.0,33.4308100593727,0.0,32.14983987678217,0.0,-34.97578777179589,0.0,0
2030-02-05 00:00:00,-44.8079600945842,0.0,27.235289100459045,0.0,26.191713034250665,0.0,-28.61524898223864,0.0,0
2030-02-05 02:00:00,-73.49816751331329,0.0,57.49337722682017,0.0,55.29040033833955,0.0,-44.837667661222554,0.0,0
2030-02-05 04:00:00,-91.1431392433706,0.0,79.56146847968348,0.0,76.51290732832081,0.0,-54.39745713048939,0.0,0
2030-02-05 06:00:00,-107.05198024539055,0.0,86.10586921336453,0.0,82.80654590015523,0.0,-64.31770210035253,0.0,0
2030-02-05 08:00:00,-132.8243456070154,11.824345607015402,105.93231549366374,0.0,101.87330115093141,0.0,-78.98736474721062,0.0,1
2030-02-05 10:00:00,-65.22105488496783,0.0,47.037589377034834,0.0,45.23524748505237,0.0,-40.0230290565952,0.0,0
2030-02-05 12:00:00,-68.15038894673015,0.0,58.658784677485286,0.0,56.411152807799496,0.0,-40.183279146970726,0.0,0
2030-02-05 14:00:00,-19.89120076390625,0.0,23.495639453138324,0.0,22.595355747571073,0.0,-12.557571878228055,0.0,0
2030-02-05 16:00:00,22.753415254652516,0.0,-24.568205541242023,0.0,-23.626824262050967,0.0,11.472345423456954,0.0,0
2030-02-05 18:00:00,-13.791918162171548,0.0,-10.640517506424192,0.0,-10.232804213540861,0.0,-11.87939667663918,0.0,0
2030-02-05 20:00:00,-13.67739222297463,0.0,-0.20011494917978423,0.0,-0.19244713369659427,0.0,-9.900254428969216,0.0,0
2030-02-05 22:00:00,-18.44628188971714,0.0,3.5372573164447356,0.0,3.401720033846188,0.0,-12.955561622650174,0.0,0
2030-02-06 00:00:00,-32.67185208749069,0.0,16.024639975782016,0.0,15.410622966942949,0.0,-20.64696590007467,0.0,0
2030-02-06 02:00:00,-19.32503182109886,0.0,4.482499665826246,0.0,4.310743480283714,0.0,-12.652874350733887,0.0,0
2030-02-06 04:00:00,-19.930824406350116,0.0,12.704750145674089,0.0,12.217941537537845,0.0,-12.381075236445056,0.0,0
2030-02-06 06:00:00,-24.093455726982178,0.0,18.949231471218262,0.0,18.22315272964638,0.0,-14.568426863961077,0.0,0
2030-02-06 08:00:00,-21.905623230360366,0.0,14.362643811041394,0.0,13.812309600400479,0.0,-13.380430405948708,0.0,0
2030-02-06 10:00:00,-29.517968844157622,0.0,24.35657466170166,0.0,23.423302454529065,0.0,-17.686558329117567,0.0,0
2030-02-06 12:00:00,-18.60883317137755,0.0,16.494884906124092,0.0,15.862849496498082,0.0,-11.12728556156573,0.0,0
2030-02-06 14:00:00,-1.1878291291827976,0.0,-7.637278219888954,0.0,-7.344640211463399,0.0,-1.6659861580087634,0.0,0
2030-02-06 16:00:00,1.9698375374020407,0.0,-24.68872431200723,0.0,-23.742725108466786,0.0,-2.2003825293272263,0.0,0
2030-02-06 18:00:00,0.34762033210121324,0.0,-25.682516652310337,0.0,-24.69843825316096,0.0,-3.954394262395244,0.0,0
2030-02-06 20:00:00,-14.35836841061965,0.0,2.530799553630021,0.0,2.4338267683294266,0.0,-10.550061557543968,0.0,0
2030-02-06 22:00:00,19.845101598031103,0.0,-16.81923716544383,0.0,-16.17477353250799,0.0,10.551358367506603,0.0,0
2030-02-07 00:00:00,13.100355169039965,0.0,-24.571486270381904,0.0,-23.62997928331245,0.0,5.042567770680257,0.0,0
2030-02-07 02:00:00,14.118247447665144,0.0,-11.803309695924657,0.0,-11.351041630941804,0.0,7.458000260970753,0.0,0
2030-02-07 04:00:00,14.117804653717343,0.0,-9.801973113444536,0.0,-9.426390372057867,0.0,7.8192019577724965,0.0,0
2030-02-07 06:00:00,3.0195867041953437,0.0,-7.502372524401027,0.0,-7.214903704908517,0.0,0.2042051944922349,0.0,0
2030-02-07 08:00:00,18.58093976452632,0.0,-23.116982554772953,0.0,-22.23120786634811,0.0,9.182922742953323,0.0,0
2030-02-07 10:00:00,42.23180081763415,0.0,-41.27457267539187,0.0,-39.69305261044443,0.0,22.828149896906982,0.0,0
2030-02-07 12:00:00,62.15175129176587,0.0,-40.93386192559437,0.0,-39.36539689313362,0.0,36.551761510640326,0.0,0
2030-02-07 14:00:00,21.909344412824517,0.0,-24.45136671908286,0.0,-23.51446235944848,0.0,11.281823144296453,0.0,0
2030-02-07 16:00:00,-15.619815455794306,0.0,2.494906905673223,0.0,2.3993094209329784,0.0,-11.68300689713325,0.0,0
2030-02-07 18:00:00,-7.35004504003765,0.0,-14.95504506315945,0.0,-14.382011781250288,0.0,-7.823443562549365,0.0,0
2030-02-07 20:00:00,-13.076213182508384,0.0,-3.545481262823032,0.0,-3.409628862820019,0.0,-10.053998178877675,0.0,0
2030-02-07 22:00:00,-20.3339649595289,0.0,-2.230651904468857,0.0,-2.145179893102944,0.0,-15.322651840810332,0.0,0
2030-02-08 00:00:00,-19.3609878504846,0.0,3.7194346453183895,0.0,3.576916864017692,0.0,-13.376549034273102,0.0,0
2030-02-08 02:00:00,-21.927593988703048,0.0,5.388989909250861,0.0,5.182499687333682,0.0,-15.313041674183127,0.0,0
2030-02-08 04:00:00,-21.066302817325372,0.0,6.177265865459742,0.0,5.940571230494759,0.0,-14.689032312614865,0.0,0
2030-02-08 06:00:00,-8.23260631192462,0.0,-9.670802211485857,0.0,-9.300245552743636,0.0,-7.494043090478193,0.0,0
2030-02-08 08:00:00,-4.442897860968042,0.0,-15.327641334128526,0.0,-14.740331260469212,0.0,-5.702107432786814,0.0,0
2030-02-08 10:00:00,1.8743010507818922,0.0,-19.56993116495143,0.0,-18.820069039171972,0.0,-1.505001094765104,0.0,0
2030-02-08 12:00:00,29.94074228058261,0.0,-39.163372946950616,0.0,-37.66274783778877,0.0,15.3665171389189,0.0,0
2030-02-08 14:00:00,27.706625962257732,0.0,-29.03752399146167,0.0,-27.924891592089384,0.0,15.275183925140203,0.0,0
2030-02-08 16:00:00,33.545585738064815,0.0,-42.60888130188022,0.0,-40.97623446011026,0.0,17.14302551372915,0.0,0
2030-02-08 18:00:00,1.2907143419347427,0.0,-16.587096193500315,0.0,-15.951527518918354,0.0,-1.902294835744331,0.0,0
2030-02-08 20:00:00,21.64416678401973,0.0,-21.399381274496307,0.0,-20.5794200085314,0.0,11.87898157301702,0.0,0
2030-02-08 22:00:00,15.078828243090681,0.0,-13.861097561527796,0.0,-13.329981126037223,0.0,8.323048062610544,0.0,0
2030-02-09 00:00:00,4.976231597432754,0.0,-7.628798053423536,0.0,-7.336484980001579,0.0,2.0586813091105913,0.0,0
2030-02-09 02:00:00,-28.105523537656538,0.0,23.051958994106414,0.0,22.168675817022006,0.0,-17.23417118482579,0.0,0
2030-02-09 04:00:00,-24.35546494669992,0.0,16.0625115169925,0.0,15.447043382231739,0.0,-15.273797270851516,0.0,0
2030-02-09 06:00:00,-8.679244522137498,0.0,14.442292727946638,0.0,13.888906605388174,0.0,-5.046583710305178,0.0,0
2030-02-09 08:00:00,-29.583697395922123,0.0,25.69525664558266,0.0,24.710690087412416,0.0,-17.89172113829304,0.0,0
2030-02-09 10:00:00,-27.773464489189294,0.0,27.007583546523723,0.0,25.972732486514214,0.0,-16.30979576600828,0.0,0
2030-02-09 12:00:00,-15.926234675199467,0.0,10.845723801143578,0.0,10.430147607410806,0.0,-9.793002357199557,0.0,0
2030-02-09 14:00:00,33.39916078009482,0.0,-21.3904279199043,0.0,-20.57080972011829,0.0,19.981124945996374,0.0,0
2030-02-09 16:00:00,-18.533554708168367,0.0,7.959947532737473,0.0,7.654945786554332,0.0,-12.660219234395809,0.0,0
2030-02-09 18:00:00,-32.35915248634022,0.0,22.697245663361862,0.0,21.82755405642616,0.0,-20.81837148715899,0.0,0
2030-02-09 20:00:00,-17.832259689625186,0.0,-5.3145351863816295,0.0,-5.110897850164186,0.0,-14.282068529997433,0.0,0
2030-02-09 22:00:00,-21.40698184521115,0.0,8.287799746389094,0.0,7.970235668954267,0.0,-14.786590868480138,0.0,0
2030-02-10 00:00:00,-16.063955319450884,0.0,-6.926825065337717,0.0,-6.661409529400693,0.0,-12.946616717934955,0.0,0
2030-02-10 02:00:00,-6.995830920061825,0.0,-15.495520896561246,0.0,-14.901778172500665,0.0,-7.216758970370698,0.0,0
2030-02-10 04:00:00,-18.691216028373283,0.0,0.7231065268899792,0.0,0.6953992144396208,0.0,-13.689111112108154,0.0,0
2030-02-10 06:00:00,-14.714513616746677,0.0,-0.09474803637110885,0.0,-0.09111757066492387,0.0,-10.758396289960642,0.0,0
2030-02-10 08:00:00,-11.9584180826827,0.0,-4.997116093733212,0.0,-4.805641322297843,0.0,-9.816933326972073,0.0,0
2030-02-10 10:00:00,-11.555704282314093,0.0,-0.49065853577215046,0.0,-0.4718579457463261,0.0,-8.751318576205398,0.0,0
2030-02-10 12:00:00,-4.201178073541567,0.0,-1.7121860597395582,0.0,-1.64658013258194,0.0,-2.9403795372409505,0.0,0
2030-02-10 14:00:00,34.13119405364006,0.0,-36.27102080336194,0.0,-34.881222109919776,0.0,17.884235486003472,0.0,0
2030-02-10 16:00:00,-14.370330301362547,0.0,1.785008639144313,0.0,1.7166123652177023,0.0,-10.584508537853043,0.0,0
2030-02-10 18:00:00,-16.093731790091866,0.0,-8.891729615160752,0.0,-8.551024723820994,0.0,-13.29662287695206,0.0,0
2030-02-10 20:00:00,-15.57722451442262,0.0,-7.196600918030464,0.0,-6.920848365949597,0.0,-12.775383737156092,0.0,0
2030-02-10 22:00:00,-18.444897992543197,0.0,-0.9641924634153307,0.0,-0.9272474479124604,0.0,-14.158359452025097,0.0,0
2030-02-11 00:00:00,-18.217787394020355,0.0,4.285681195211949,0.0,4.12146651380268,0.0,-12.758347080050155,0.0,0
2030-02-11 02:00:00,-13.580224664835555,0.0,-6.002374552417859,0.0,-5.772381237486731,0.0,-10.778171605269105,0.0,0
2030-02-11 04:00:00,-14.725475032648971,0.0,-2.779983542420243,0.0,-2.673462760554356,0.0,-11.132595064765583,0.0,0
2030-02-11 06:00:00,-11.179681165127041,0.0,-12.597030904046742,0.0,-12.114349779999836,0.0,-10.131417366303994,0.0,0
2030-02-11 08:00:00,-11.305138026399579,0.0,-14.220931091116666,0.0,-13.676026894537442,0.0,-10.655093221138644,0.0,0
2030-02-11 10:00:00,-8.595212568174334,0.0,-12.569495705302039,0.0,-12.087869648975612,0.0,-8.523289662490956,0.0,0
2030-02-11 12:00:00,-10.383438011788556,0.0,-0.5497124061144691,0.0,-0.528649045699841,0.0,-7.738667590051885,0.0,0
2030-02-11 14:00:00,-11.780739351568092,0.0,-3.0262462981177083,0.0,-2.910289452735323,0.0,-9.127944274259756,0.0,0
2030-02-11 16:00:00,41.82082591648286,0.0,-44.47184151901981,0.0,-42.76781152843378,0.0,22.400070366412113,0.0,0
2030-02-11 18:00:00,-6.3125677553685176,0.0,-18.000534149414868,0.0,-17.310806695154824,0.0,-7.4976279460296595,0.0,0
2030-02-11 20:00:00,-11.995378395088485,0.0,-16.29579231514205,0.0,-15.671385547244068,0.0,-11.467714750531131,0.0,0
2030-02-11 22:00:00,-9.334315944693673,0.0,-16.4944215752009,0.0,-15.862403919051154,0.0,-9.208354079586565,0.0,0
2030-02-12 00:00:00,-12.841354903482614,0.0,-8.702377174547214,0.0,-8.368927711059651,0.0,-10.550477105138196,0.0,0
2030-02-12 02:00:00,-16.068571625302656,0.0,2.060251420243733,0.0,1.9813086535777718,0.0,-11.171927542817585,0.0,0
2030-02-12 04:00:00,-17.045565519546123,0.0,3.4508203906319466,0.0,3.318595116460523,0.0,-11.886364097742579,0.0,0
2030-02-12 06:00:00,-8.748032418372201,0.0,-15.502526191577942,0.0,-14.908515045243998,0.0,-8.152842505479256,0.0,0
2030-02-12 08:00:00,-16.30585651536246,0.0,-1.027437624598336,0.0,-0.9880692407857232,0.0,-12.616828203087962,0.0,0
2030-02-12 10:00:00,-28.14229574918317,0.0,10.916074773078355,0.0,10.497802937295484,0.0,-19.47495637325328,0.0,0
2030-02-12 12:00:00,-18.223826065154192,0.0,13.207855357689276,0.0,12.701769239550966,0.0,-11.057735711172613,0.0,0
2030-02-12 14:00:00,-29.17032244181268,0.0,21.251344610235165,0.0,20.43705567325405,0.0,-18.053659847159462,0.0,0
2030-02-12 16:00:00,-27.68158702889957,0.0,13.009690998905024,0.0,12.511197955370712,0.0,-18.664749941029008,0.0,0
2030-02-12 18:00:00,-23.04944889876856,0.0,10.400727245086461,0.0,10.002202008798502,0.0,-15.579495036583802,0.0,0
2030-02-12 20:00:00,-27.84712364572611,0.0,16.4588926263959,0.0,15.82823633492626,0.0,-18.446378527441556,0.0,0
2030-02-12 22:00:00,-14.748117184343911,0.0,26.8505798156754,0.0,25.821744676231873,0.0,-8.091145424507964,0.0,0
2030-02-13 00:00:00,-16.488381582507692,0.0,26.16205741845186,0.0,25.159604429465404,0.0,-10.275995032792723,0.0,0
2030-02-13 02:00:00,-38.644928536292745,0.0,35.53495891895214,0.0,34.17336394910506,0.0,-24.32365935541721,0.0,0
2030-02-13 04:00:00,-56.016596702336926,0.0,59.338152574475544,0.0,57.06448932782051,0.0,-33.8561228716954,0.0,0
2030-02-13 06:00:00,-42.74244951936012,0.0,36.351370875053966,0.0,34.95849340350795,0.0,-27.204403133623135,0.0,0
2030-02-13 08:00:00,-40.95174080062873,0.0,41.29020145695043,0.0,39.70808254312288,0.0,-25.255095770237535,0.0,0
2030-02-13 10:00:00,-50.437270263110335,0.0,63.06247147633724,0.0,60.646103298055365,0.0,-29.32553010673176,0.0,0
2030-02-13 12:00:00,-67.82542306597276,0.0,80.13417922663831,0.0,77.06367348617367,0.0,-39.11204687550465,0.0,0
2030-02-13 14:00:00,-82.93520714120248,0.0,91.41478896226315,0.0,87.91204347986255,0.0,-47.375644398568426,0.0,0
2030-02-13 16:00:00,-36.96846123225872,0.0,36.64307215422639,0.0,35.23901754876763,0.0,-22.56778361283925,0.0,0
2030-02-13 18:00:00,-78.39912929940647,0.0,71.13606083297594,0.0,68.410336488512,0.0,-47.052895215656136,0.0,0
2030-02-13 20:00:00,-87.97208494764294,0.0,80.50822320785582,0.0,77.42338520364814,0.0,-52.868339458151816,0.0,0
2030-02-13 22:00:00,-43.5792728326804,0.0,31.345101385990766,0.0,30.144049417031045,0.0,-27.288890291579296,0.0,0
2030-02-14 00:00:00,-27.693562997547723,0.0,13.808175156209247,0.0,13.27908655142588,0.0,-18.53508738125809,0.0,0
2030-02-14 02:00:00,-9.925818034023413,0.0,8.292700275338444,0.0,7.974948424066998,0.0,-6.693344396270649,0.0,0
2030-02-14 04:00:00,-12.985714451996293,0.0,20.318679232574784,0.0,19.54012728602237,0.0,-7.338589407757103,0.0,0
2030-02-14 06:00:00,-13.04361366804368,0.0,2.888655338782328,0.0,2.7779705737352427,0.0,-9.711553106157764,0.0,0
2030-02-14 08:00:00,-20.180442519024723,0.0,7.013305760130731,0.0,6.7445765386683,0.0,-14.20235067937809,0.0,0
2030-02-14 10:00:00,-45.51209291600142,0.0,37.201307625247075,0.0,35.7758630806284,0.0,-28.02425636607115,0.0,0
2030-02-14 12:00:00,-11.286490426084773,0.0,13.97220595865051,0.0,13.436832176613603,0.0,-6.780246057716106,0.0,0
2030-02-14 14:00:00,-45.315043358859434,0.0,48.11525273836322,0.0,46.271617960259235,0.0,-25.80391742591171,0.0,0
2030-02-14 16:00:00,-52.66901896572897,0.0,36.57317537241204,0.0,35.17179900577632,0.0,-32.741011213795154,0.0,0
2030-02-14 18:00:00,-57.86324956261089,0.0,42.25284188088563,0.0,40.63383742113722,0.0,-36.21028308101917,0.0,0
2030-02-14 20:00:00,-64.42822808190556,0.0,39.691221587425396,0.0,38.17037087295616,0.0,-41.13688017903516,0.0,0
2030-02-14 22:00:00,-80.4833079516666,0.0,62.85444133064753,0.0,60.44604425486783,0.0,-49.29860541695156,0.0,0
2030-02-15 00:00:00,-91.1107522979409,0.0,78.56349284035895,0.0,75.55317117630312,0.0,-54.40125203285671,0.0,0
2030-02-15 02:00:00,-92.93915936122801,0.0,81.8579264225043,0.0,78.72137176619503,0.0,-55.5999519547283,0.0,0
2030-02-15 04:00:00,-66.34327160648934,0.0,46.54772448087954,0.0,44.764152768990144,0.0,-41.52456643349067,0.0,0
2030-02-15 06:00:00,-64.2226621164273,0.0,45.49658794280502,0.0,43.75329268729564,0.0,-40.107675212296805,0.0,0
2030-02-15 08:00:00,-43.211635739132284,0.0,24.918413890833293,0.0,23.963613659103466,0.0,-28.337511050283418,0.0,0
2030-02-15 10:00:00,-2.862182389169134,0.0,-8.416102041242755,0.0,-8.093621797739095,0.0,-4.667997188346905,0.0,0
2030-02-15 12:00:00,-39.33465689180899,0.0,15.236122521784264,0.0,14.65231917947705,0.0,-26.5710494048204,0.0,0
2030-02-15 14:00:00,-35.404163425442924,0.0,9.669251665094013,0.0,9.298754418723075,0.0,-24.320446697359724,0.0,0
2030-02-15 16:00:00,-66.8890530864289,0.0,37.75776169855344,0.0,36.31099547268859,0.0,-43.08608970893817,0.0,0
2030-02-15 18:00:00,-35.88506847311422,0.0,5.822412696649857,0.0,5.5993149900164125,0.0,-24.91378330613285,0.0,0
2030-02-15 20:00:00,-63.73215164746327,0.0,28.00419518214195,0.0,26.931156899430285,0.0,-41.18535049277753,0.0,0
2030-02-15 22:00:00,-36.96114072479168,0.0,4.8588518059085715,0.0,4.67267491477309,0.0,-25.585041365447363,0.0,0
2030-02-16 00:00:00,-54.64242785372132,0.0,24.13715519046083,0.0,23.212290491202026,0.0,-35.25335914592531,0.0,0
2030-02-16 02:00:00,-42.32287480028427,0.0,14.668541553343143,0.0,14.1064862421332,0.0,-28.142409409817894,0.0,0
2030-02-16 04:00:00,-35.85155802956747,0.0,6.115127967505952,0.0,5.8808142737848605,0.0,-24.653931079175333,0.0,0
2030-02-16 06:00:00,-34.93862802645221,0.0,8.3625819805515,0.0,8.042152468148647,0.0,-23.883497821244745,0.0,0
2030-02-16 08:00:00,-47.031598366236125,0.0,12.081924556362294,0.0,11.618980790491209,0.0,-31.913698532273028,0.0,0
2030-02-16 10:00:00,-34.7059420626443,0.0,10.051860179853678,0.0,9.666702502038094,0.0,-23.235771701797844,0.0,0
2030-02-16 12:00:00,-30.363099736554787,0.0,-0.9432429545860757,0.0,-0.9071006625620939,0.0,-21.5519388522714,0.0,0
2030-02-16 14:00:00,-80.23954073556183,0.0,45.174766794504286,0.0,43.44380277758493,0.0,-50.108768295843454,0.0,0
2030-02-16 16:00:00,-52.663824545265555,0.0,22.52927850376941,0.0,21.66602290370017,0.0,-34.49327135936862,0.0,0
2030-02-16 18:00:00,-95.21460527625496,0.0,40.13649339275484,0.0,38.598581174099344,0.0,-61.36811024482817,0.0,0
2030-02-16 20:00:00,-108.05311616172001,0.0,63.65012692540566,0.0,61.21124152105139,0.0,-67.20684487579598,0.0,0
2030-02-16 22:00:00,-120.9018068788016,0.0,75.84905516096809,0.0,72.94274275434951,0.0,-74.5263318999932,0.0,0
2030-02-17 00:00:00,-112.747661335352,0.0,64.91717086689599,0.0,62.42973607034328,0.0,-69.8942614030117,0.0,0
2030-02-17 02:00:00,-82.66014044288188,0.0,46.088863688535206,0.0,44.32287417079269,0.0,-51.442948627914625,0.0,0
2030-02-17 04:00:00,-58.518293385550265,0.0,27.254760031720288,0.0,26.210437896770877,0.0,-37.303166094648965,0.0,0
2030-02-17 06:00:00,-74.10063648380681,0.0,31.122599389203284,0.0,29.930073041457685,0.0,-47.775482792083324,0.0,0
2030-02-17 08:00:00,-104.18739192808758,0.0,57.76687316178882,0.0,55.553416714567845,0.0,-64.4115079793917,0.0,0
2030-02-17 10:00:00,-47.385890297051866,0.0,24.467250729164505,0.0,23.529737741044762,0.0,-29.87188636039436,0.0,0
2030-02-17 12:00:00,-122.19804380074149,1.1980438007414875,81.15013697699649,0.0,78.04070272769012,0.0,-73.00492939142026,0.0,1
2030-02-17 14:00:00,-108.69362902964272,0.0,67.89202417231313,0.0,65.29060175849808,0.0,-65.97046932705867,0.0,0
2030-02-17 16:00:00,-138.284153734159,17.28415373415899,86.62316346840589,0.0,83.30401896285471,0.0,-84.18001128134537,0.0,1
2030-02-17 18:00:00,-120.8277102829571,0.0,69.30140727341862,0.0,66.64598145001946,0.0,-74.21039831639197,0.0,0
2030-02-17 20:00:00,-160.85806819382933,39.858068193829325,103.94724248540055,0.0,99.96429029399914,0.0,-98.04809879415683,0.0,1
2030-02-17 22:00:00,-122.36602590404557,1.3660259040455713,80.33068750669389,0.0,77.25265214768456,0.0,-74.25344946807034,0.0,1
2030-02-18 00:00:00,-77.3913396205356,0.0,22.605164121488702,0.0,21.739000808043265,0.0,-50.85659062004221,0.0,0
2030-02-18 02:00:00,-55.78360857769718,0.0,25.732150044985175,0.0,24.746169840406456,0.0,-35.38002495846439,0.0,0
2030-02-18 04:00:00,-34.45705317360381,0.0,5.712923302309996,0.0,5.494020906804568,0.0,-23.886288557028024,0.0,0
2030-02-18 06:00:00,-36.20415095676552,0.0,10.827801622676333,0.0,10.412912154038864,0.0,-24.2707090397671,0.0,0
2030-02-18 08:00:00,-13.749237699014518,0.0,-6.270461382519255,0.0,-6.030195769815652,0.0,-10.89337301484428,0.0,0
2030-02-18 10:00:00,-10.477513587443568,0.0,-12.979484532758097,0.0,-12.48214891204383,0.0,-9.630231481387527,0.0,0
2030-02-18 12:00:00,-9.14039640475898,0.0,-15.522638094953123,0.0,-14.927856319714465,0.0,-9.135021611284747,0.0,0
2030-02-18 14:00:00,-11.063796946073053,0.0,-11.354171087314239,0.0,-10.919112691030996,0.0,-9.864535833164847,0.0,0
2030-02-18 16:00:00,-4.8636595988308455,0.0,-14.996734223725168,0.0,-14.422103535964128,0.0,-5.986430117464027,0.0,0
2030-02-18 18:00:00,-5.662987914985566,0.0,-20.950698619572446,0.0,-20.147929551504646,0.0,-7.214173000020002,0.0,0
2030-02-18 20:00:00,-12.815983154733217,0.0,-7.863295071981134,0.0,-7.56199676343785,0.0,-10.517911161804642,0.0,0
2030-02-18 22:00:00,-14.474039848359133,0.0,-10.985362205856337,0.0,-10.564435479711541,0.0,-12.141804958444022,0.0,0
2030-02-19 00:00:00,-23.69708933771923,0.0,-5.608227904628731,0.0,-5.3933371284182945,0.0,-18.03447455132897,0.0,0
2030-02-19 02:00:00,-34.78285663962426,0.0,14.427388131794693,0.0,13.8745731094645,0.0,-22.802017950240113,0.0,0
2030-02-19 04:00:00,-33.26660268094744,0.0,8.141905187166799,0.0,7.829931359559378,0.0,-23.015552145234068,0.0,0
2030-02-19 06:00:00,-23.278440838577627,0.0,2.0183913307484778,0.0,1.9410525194275499,0.0,-16.526561574277704,0.0,0
2030-02-19 08:00:00,-9.42850507099762,0.0,-17.814155107265034,0.0,-17.131569148985143,0.0,-9.005303070473985,0.0,0
2030-02-19 10:00:00,-10.7774721090665,0.0,-6.63813862737584,0.0,-6.383784705515403,0.0,-8.922059432566083,0.0,0
2030-02-19 12:00:00,-33.18736149449002,0.0,7.83041180100367,0.0,7.530373482558042,0.0,-22.953102784868854,0.0,0
2030-02-19 14:00:00,-54.68412968112473,0.0,33.71588418975492,0.0,32.42399080607535,0.0,-34.786398526732185,0.0,0
2030-02-19 16:00:00,-30.700205312633386,0.0,6.809527846995886,0.0,6.548606795007391,0.0,-21.511338586598296,0.0,0
2030-02-19 18:00:00,-50.10725523114909,0.0,28.62864449389104,0.0,27.531679152652536,0.0,-31.77307377459956,0.0,0
2030-02-19 20:00:00,-43.94720191742523,0.0,14.624009999507193,0.0,14.06366100628797,0.0,-29.79829164328926,0.0,0
2030-02-19 22:00:00,-37.00989277595265,0.0,7.604497891956125,0.0,7.313115929153986,0.0,-25.87621994958351,0.0,0
2030-02-20 00:00:00,-55.548398646402006,0.0,22.903441372447958,0.0,22.025848953218276,0.0,-36.62560546932783,0.0,0
2030-02-20 02:00:00,-113.0982214651678,0.0,72.01720849752523,0.0,69.25772116967117,0.0,-70.21656497285419,0.0,0
2030-02-20 04:00:00,-120.79804477331562,0.0,80.17462617723294,0.0,77.10257062874405,0.0,-74.85575776098868,0.0,0
2030-02-20 06:00:00,-109.36640488721913,0.0,62.722465045178744,0.0,60.3191249119676,0.0,-68.90888075386854,0.0,0
2030-02-20 08:00:00,-107.72938233869058,0.0,69.41628083150763,0.0,66.75645339168287,0.0,-67.22385484645167,0.0,0
2030-02-20 10:00:00,-54.85257982223741,0.0,33.237631230251104,0.0,31.96406309145101,0.0,-36.160643087609394,0.0,0
2030-02-20 12:00:00,-125.44985658552686,4.4498565855268595,101.80681166204627,0.0,97.90587447589725,0.0,-75.94827352962992,0.0,1
2030-02-20 14:00:00,-134.97785010888907,13.977850108889072,109.58075587038812,0.0,105.38194403763853,0.0,-81.03759684871544,0.0,1
2030-02-20 16:00:00,-68.33539190958612,0.0,39.53446296923078,0.0,38.019618783332454,0.0,-43.365922388439614,0.0,0
2030-02-20 18:00:00,-75.65090947147725,0.0,36.883333917134905,0.0,35.47007318852953,0.0,-49.42526827744125,0.0,0
2030-02-20 20:00:00,-105.73868861897718,0.0,78.64347439232402,0.0,75.63008807075482,0.0,-64.71380510416087,0.0,0
2030-02-20 22:00:00,-77.6747119067694,0.0,55.01103346089996,0.0,52.90317267464466,0.0,-48.45585991385877,0.0,0
2030-02-21 00:00:00,-49.256477990690456,0.0,23.146847803482576,0.0,22.259928766684958,0.0,-32.36915867284163,0.0,0
2030-02-21 02:00:00,-32.195408558036796,0.0,9.694954289014788,0.0,9.323472193793362,0.0,-22.04666872120327,0.0,0
2030-02-21 04:00:00,-36.505781732527055,0.0,18.64347771805432,0.0,17.929114559811815,0.0,-23.80010489225703,0.0,0
2030-02-21 06:00:00,-23.075847551491727,0.0,-1.1369661201939216,0.0,-1.0934009270084157,0.0,-17.05106387102409,0.0,0
2030-02-21 08:00:00,-9.581661801043442,0.0,-21.484041750431814,0.0,-20.660836544367193,0.0,-9.966018385489045,0.0,0
2030-02-21 10:00:00,-16.980467898039297,0.0,-2.4199813213525907,0.0,-2.3272547643360513,0.0,-12.747051541908712,0.0,0
2030-02-21 12:00:00,-35.70018699883468,0.0,17.05000413595092,0.0,16.396698192349564,0.0,-22.77819963522419,0.0,0
2030-02-21 14:00:00,14.428532708897343,0.0,-20.881318179353812,0.0,-20.081207565419135,0.0,6.5679497287102695,0.0,0
2030-02-21 16:00:00,-54.8406482696176,0.0,28.250269707048567,0.0,27.167802573269924,0.0,-34.47012885632235,0.0,0
2030-02-21 18:00:00,-86.1875905516047,0.0,53.460271162001234,0.0,51.411831019806044,0.0,-53.969031467613206,0.0,0
2030-02-21 20:00:00,-123.77380591291522,2.773805912915222,89.92144826982972,0.0,86.4759232046447,0.0,-75.05575319518027,0.0,1
2030-02-21 22:00:00,-170.0760661392758,49.07606613927581,138.83654533211075,13.836545332110745,133.51673780999403,8.516737809994027,-100.88983738120879,0.0,3
2030-02-22 00:00:00,-166.44844400995484,45.44844400995484,157.19397718239844,32.19397718239844,151.1707669372429,26.170766937242888,-95.59928688627217,0.0,3
2030-02-22 02:00:00,-185.34844720468413,64.34844720468413,178.86103425724662,53.861034257246615,172.00760619780314,47.00760619780314,-105.56639890158836,0.0,3
2030-02-22 04:00:00,-163.269340259094,42.26934025909401,158.8387408929692,33.83874089296921,152.75250814650695,27.752508146506955,-93.12817265334621,0.0,3
2030-02-22 06:00:00,-191.73695405324233,70.73695405324233,182.42309496811652,57.423094968116516,175.43317923304977,50.43317923304977,-109.49468916206621,0.0,3
2030-02-22 08:00:00,-182.8322667774563,61.83226677745631,172.19039771256567,47.19039771256567,165.59256879946224,40.59256879946224,-104.67243624161202,0.0,3
2030-02-22 10:00:00,-148.4196379677387,27.41963796773871,145.0985028213729,20.098502821372904,139.53875553069682,14.538755530696818,-84.56549100922118,0.0,3
2030-02-22 12:00:00,-169.47746635691783,48.47746635691783,169.20383647076216,44.203836470762155,162.72044378856174,37.72044378856174,-95.50629010521159,0.0,3
2030-02-22 14:00:00,-149.39451701881904,28.394517018819045,148.87955834583906,23.879558345839058,143.17493214325629,18.174932143256285,-84.6986197774828,0.0,3
2030-02-22 16:00:00,-167.04337020361496,46.043370203614955,160.63317544944118,35.63317544944118,154.478185255661,29.478185255661003,-95.04050918455349,0.0,3
2030-02-22 18:00:00,-163.34015044641743,42.340150446417425,143.7986084016316,18.79860840163161,138.2886692367308,13.288669236730811,-94.13488406229813,0.0,3
2030-02-22 20:00:00,-155.01731667562368,34.017316675623675,135.01189389440339,10.011893894403386,129.83863575119182,4.838635751191816,-89.404552365847,0.0,3
2030-02-22 22:00:00,-138.08209251103165,17.082092511031647,114.53926031701626,0.0,110.15045319743177,0.0,-79.97358650570693,0.0,1
2030-02-23 00:00:00,-147.10025703909997,26.100257039099972,121.68069703779742,0.0,117.018251095703,0.0,-85.4346044728414,0.0,1
2030-02-23 02:00:00,-142.4600646594464,21.460064659446402,107.0255084711001,0.0,102.92460619309406,0.0,-84.56852899987734,0.0,1
2030-02-23 04:00:00,-157.08878995251462,36.08878995251462,110.57557769873571,0.0,106.3386472234273,0.0,-93.98515039566209,0.0,1
2030-02-23 06:00:00,-179.57575963003762,58.57575963003762,142.15140290149682,17.151402901496823,136.70457980008717,11.704579800087174,-105.29323173667191,0.0,3
2030-02-23 08:00:00,-154.32708984681625,33.32708984681625,110.94927315295018,0.0,106.69802376842702,0.0,-92.243521915103,0.0,1
2030-02-23 10:00:00,-108.94107251766852,0.0,77.92099745612106,0.0,74.93529432294147,0.0,-65.14231541909959,0.0,0
2030-02-23 12:00:00,-61.68164101975047,0.0,50.67012535551443,0.0,48.72859538321451,0.0,-36.570922107294265,0.0,0
2030-02-23 14:00:00,-54.254167681607136,0.0,44.02241668727143,0.0,42.335607332612646,0.0,-31.95213972914481,0.0,0
2030-02-23 16:00:00,-112.32888589404793,0.0,108.07470772409344,0.0,103.93360322076612,0.0,-64.42996244578455,0.0,0
2030-02-23 18:00:00,-87.04454987668102,0.0,68.9618204286486,0.0,66.31940657300555,0.0,-51.99448098755781,0.0,0
2030-02-23 20:00:00,-127.15626638082543,6.1562663808254285,93.84819228900126,0.0,90.25220595786753,0.0,-77.3212203462524,0.0,1
2030-02-23 22:00:00,-76.07117211434183,0.0,46.50545608061535,0.0,44.72350396933723,0.0,-47.790593966239115,0.0,0
2030-02-24 00:00:00,-84.65218939325693,0.0,52.3446751361559,0.0,50.33898134806885,0.0,-52.885271058485635,0.0,0
2030-02-24 02:00:00,-93.15012086731059,0.0,68.79208611149244,0.0,66.15617597498903,0.0,-56.60375103210542,0.0,0
2030-02-24 04:00:00,-78.91085008586205,0.0,52.13850889098735,0.0,50.14071478622378,0.0,-48.79839046292932,0.0,0
2030-02-24 06:00:00,-31.462274430651092,0.0,14.465197852322042,0.0,13.910934072856719,0.0,-20.153687906276545,0.0,0
2030-02-24 08:00:00,-26.38171233354373,0.0,1.0773383762192132,0.0,1.0360579425699505,0.0,-19.006737000910697,0.0,0
2030-02-24 10:00:00,-34.50778362909604,0.0,7.9309928361539175,0.0,7.627100548667979,0.0,-23.829510316842526,0.0,0
2030-02-24 12:00:00,-75.53726586234008,0.0,48.930549190082104,0.0,47.055674653121756,0.0,-46.96249133282655,0.0,0
2030-02-24 14:00:00,-58.993512796170734,0.0,26.22093219968177,0.0,25.216223302473885,0.0,-38.097469294345636,0.0,0
2030-02-24 16:00:00,-43.32732129683252,0.0,17.286190887545324,0.0,16.62383496322922,0.0,-28.52212912151194,0.0,0
2030-02-24 18:00:00,-136.695252147505,15.695252147504988,92.42581950000836,0.0,88.88433430504193,0.0,-83.6990610715366,0.0,1
2030-02-24 20:00:00,-97.36737987575465,0.0,57.95167861770051,0.0,55.73114096968948,0.0,-60.772215511748115,0.0,0
2030-02-24 22:00:00,-61.331542063317485,0.0,35.986998439310824,0.0,34.60808264636957,0.0,-38.674357713226804,0.0,0
2030-02-25 00:00:00,-65.91430908791891,0.0,44.97543185918246,0.0,43.25210576991259,0.0,-41.358074233503665,0.0,0
2030-02-25 02:00:00,-42.90321169436402,0.0,17.51861954918448,0.0,16.84735764309254,0.0,-28.7688559057338,0.0,0
2030-02-25 04:00:00,-40.71432551672236,0.0,27.598823287398297,0.0,26.541317661810602,0.0,-25.825130518523885,0.0,0
2030-02-25 06:00:00,-36.68814255973301,0.0,11.59821962271069,0.0,11.153810005311568,0.0,-25.28982801063455,0.0,0
2030-02-25 08:00:00,-22.913937238140687,0.0,4.20782339409769,0.0,4.046591994323873,0.0,-16.702082610101186,0.0,0
2030-02-25 10:00:00,-23.087705275148746,0.0,15.049989434170854,0.0,14.473318163590315,0.0,-15.116830495913485,0.0,0
2030-02-25 12:00:00,-16.620432679772332,0.0,7.818285688917334,0.0,7.518712007373587,0.0,-11.22314064723169,0.0,0
2030-02-25 14:00:00,-13.508285611770237,0.0,-2.7705379861634962,0.0,-2.6643791301948196,0.0,-10.68396299575777,0.0,0
2030-02-25 16:00:00,33.4938536879189,0.0,-40.162307367437265,0.0,-38.62340603329798,0.0,16.85832135822643,0.0,0
2030-02-25 18:00:00,-21.384836016324076,0.0,-8.494261467865375,0.0,-8.168786385325127,0.0,-16.855478113108166,0.0,0
2030-02-25 20:00:00,-18.02835779922613,0.0,-5.152150502763154,0.0,-4.954735269374008,0.0,-13.803096730239606,0.0,0
2030-02-25 22:00:00,-39.08890853762057,0.0,11.692818463414365,0.0,11.244784097047702,0.0,-26.403806522225437,0.0,0
2030-02-26 00:00:00,-38.85705608457883,0.0,14.89034972865015,0.0,14.319795381421644,0.0,-25.671562931688968,0.0,0
2030-02-26 02:00:00,-34.55560909727962,0.0,14.861378713799047,0.0,14.291934450535567,0.0,-22.430696480299588,0.0,0
2030-02-26 04:00:00,-78.28571030423211,0.0,79.36957653016403,0.0,76.32836811315556,0.0,-45.09566345789702,0.0,0
2030-02-26 06:00:00,-97.07257335207515,0.0,88.90771285847308,0.0,85.50103114864413,0.0,-57.13924573697804,0.0,0
2030-02-26 08:00:00,-86.69667314700152,0.0,79.56233725262342,0.0,76.51374281244031,0.0,-50.904149117057884,0.0,0
2030-02-26 10:00:00,-83.19223236580476,0.0,88.08489813235876,0.0,84.70974425951864,0.0,-46.849922998534936,0.0,0
2030-02-26 12:00:00,-71.04206951798488,0.0,68.69169493683285,0.0,66.05963149447507,0.0,-41.18995932961809,0.0,0
2030-02-26 14:00:00,-48.133981714781434,0.0,43.14459978775222,0.0,41.4914257913771,0.0,-28.897148951802002,0.0,0
2030-02-26 16:00:00,-47.45207825588825,0.0,29.639982129248033,0.0,28.504265308367817,0.0,-30.006578026096598,0.0,0
2030-02-26 18:00:00,-60.99880589821582,0.0,35.61936073501853,0.0,34.2545317361561,0.0,-39.73274766058358,0.0,0
2030-02-26 20:00:00,-92.7354392094127,0.0,65.18970287138163,0.0,62.69182545106578,0.0,-57.71350374213446,0.0,0
2030-02-26 22:00:00,-127.39959112814444,6.399591128144436,99.413155677959,0.0,95.60393633943472,0.0,-77.26581920143177,0.0,1
2030-02-27 00:00:00,-148.95528763226122,27.955287632261218,127.23046761374272,2.230467613742718,122.35537080810728,0.0,-88.41414435362093,0.0,2
2030-02-27 02:00:00,-144.98926934571628,23.98926934571628,125.73711283743043,0.7371128374304305,120.91923698866347,0.0,-85.88642688056788,0.0,2
2030-02-27 04:00:00,-115.72593986883726,0.0,96.01829362787078,0.0,92.33915540471435,0.0,-70.21749149327492,0.0,0
2030-02-27 06:00:00,-139.5664239967318,18.5664239967318,114.89083185057225,0.0,110.48855354525367,0.0,-83.64940351504703,0.0,1
2030-02-27 08:00:00,-99.35069880181015,0.0,88.61941296165514,0.0,85.22377805478484,0.0,-59.47761592514653,0.0,0
2030-02-27 10:00:00,-156.73538295032287,35.73538295032287,133.6773483650963,8.677348365096293,128.55522607612568,3.5552260761256775,-92.77382427841928,0.0,3
2030-02-27 12:00:00,-170.3604911763278,49.3604911763278,147.7850502582994,22.785050258299407,142.12236238213632,17.122362382136316,-101.07916298945351,0.0,3
2030-02-27 14:00:00,-145.0519759421493,24.051975942149312,119.49067290848905,0.0,114.91214224107159,0.0,-87.48103345603705,0.0,1
2030-02-27 16:00:00,-141.54976815015084,20.54976815015084,117.84188873733594,0.0,113.32653462343376,0.0,-85.1058477861791,0.0,1
2030-02-27 18:00:00,-154.5482093927035,33.54820939270351,117.18353152365775,0.0,112.69340371922021,0.0,-93.8578416066851,0.0,1
2030-02-27 20:00:00,-82.69034067982307,0.0,73.28609278222856,0.0,70.47798554564424,0.0,-50.19749995788288,0.0,0
2030-02-27 22:00:00,-119.6023195063884,0.0,108.34240725370645,0.0,104.19104529282066,0.0,-70.72009379788477,0.0,0
2030-02-28 00:00:00,-110.9272158946053,0.0,107.14377377314807,0.0,103.03833991707708,0.0,-64.7240597346874,0.0,0
2030-02-28 02:00:00,-109.7366983100745,0.0,100.83787699151888,0.0,96.97406652828278,0.0,-65.07690693698908,0.0,0
2030-02-28 04:00:00,-139.6764727502972,18.676472750297194,133.67074580539884,8.670745805398838,128.54887650707025,3.548876507070247,-80.87238121817262,0.0,3
2030-02-28 06:00:00,-140.39313448199903,19.393134481999027,134.8116653063395,9.811665306339506,129.6460793329187,4.646079332918703,-79.2419708210774,0.0,3
2030-02-28 08:00:00,-157.89779683911303,36.89779683911303,145.0068153421525,20.006815342152493,139.4505812456463,14.450581245646305,-91.6991909449512,0.0,3
2030-02-28 10:00:00,-140.97149495978047,19.971494959780472,137.97251795774332,12.972517957743321,132.68581741991866,7.6858174199186635,-79.88556556307806,0.0,3
2030-02-28 12:00:00,-119.73853406720887,0.0,117.13632459471071,0.0,112.64800562075862,0.0,-67.24908513256243,0.0,0
2030-02-28 14:00:00,-88.20323853701036,0.0,96.59948091697132,0.0,92.89807330858255,0.0,-48.10363101452313,0.0,0
2030-02-28 16:00:00,-165.08795255942573,44.08795255942573,159.75744378523223,34.757443785232226,153.63600904966,28.636009049660004,-92.90189194805436,0.0,3
2030-02-28 18:00:00,-174.04167588266512,53.04167588266512,162.14672737804946,37.14672737804946,155.9337423320087,30.933742332008705,-99.62464833014887,0.0,3
2030-02-28 20:00:00,-161.33918164615957,40.339181646159574,153.9258438466947,28.925843846694704,148.02785884580715,23.027858845807145,-92.05653943440261,0.0,3
2030-02-28 22:00:00,-144.90068763715118,23.90068763715118,137.56258145408015,12.562581454080146,132.29158847574956,7.291588475749563,-82.31340284374744,0.0,3
2030-03-01 00:00:00,-147.27174295763777,26.27174295763777,144.78193561307296,19.78193561307296,139.2343182454797,14.234318245479699,-82.83106273950396,0.0,3
2030-03-01 02:00:00,-126.3012558097187,5.301255809718697,126.70782557840225,1.7078255784022502,121.85275487629973,0.0,-70.62166649305932,0.0,2
2030-03-01 04:00:00,-121.55082043700398,0.5508204370039778,128.77214521458797,3.7721452145879653,123.83797586376602,0.0,-67.90881964333036,0.0,2
2030-03-01 06:00:00,-151.93284122293167,30.93284122293167,151.05508849583623,26.05508849583623,145.26710238517703,20.267102385177026,-86.02851758411495,0.0,3
2030-03-01 08:00:00,-98.91796182630935,0.0,108.77261613175142,0.0,104.6047698336904,0.0,-55.65708834707761,0.0,0
2030-03-01 10:00:00,-110.09377996655279,0.0,112.4269199011479,0.0,108.11905144513105,0.0,-62.95161048910467,0.0,0
2030-03-01 12:00:00,-134.6627119308789,13.662711930878913,131.96142032190522,6.961420321905223,126.90504734187735,1.9050473418773493,-76.3230666384042,0.0,3
2030-03-01 14:00:00,-118.5453714758206,0.0,115.64470040602407,0.0,111.21353607791964,0.0,-66.81420575738527,0.0,0
2030-03-01 16:00:00,-143.23558185657043,22.235581856570434,138.0512796042113,13.051279604211288,132.76156115205896,7.76156115205896,-81.47658662205514,0.0,3
2030-03-01 18:00:00,-145.67246202683958,24.672462026839582,135.28109865566208,10.281098655662078,130.09752537884876,5.097525378848758,-84.33546853538398,0.0,3
2030-03-01 20:00:00,-142.63264642924594,21.632646429245938,136.47848458542927,11.478484585429271,131.24903100627307,6.249031006273071,-81.3900552307457,0.0,3
2030-03-01 22:00:00,-123.99338486363024,2.99338486363024,116.95918410499365,0.0,112.47765263290161,0.0,-70.6242776900226,0.0,1
2030-03-02 00:00:00,-132.57391075770562,11.573910757705619,129.7321844838934,4.7321844838934055,124.76122925573515,0.0,-74.81991956544627,0.0,2
2030-03-02 02:00:00,-133.24497971611734,12.244979716117342,131.19542329463104,6.195423294631041,126.16840106470914,1.168401064709144,-75.09029933918538,0.0,3
2030-03-02 04:00:00,-134.88917887581943,13.889178875819425,132.57390175709136,7.573901757091363,127.49406029231952,2.494060292319517,-76.0420962206337,0.0,3
2030-03-02 06:00:00,-131.556674494346,10.556674494345998,128.44166043139634,3.4416604313963433,123.52015428413794,0.0,-74.2899875885072,0.0,2
2030-03-02 08:00:00,-125.11273188625384,4.11273188625384,119.18085348944307,0.0,114.61419418969737,0.0,-71.08966376472418,0.0,1
2030-03-02 10:00:00,-74.70455049139247,0.0,83.73985955162485,0.0,80.53119476039063,0.0,-40.99704792265617,0.0,0
2030-03-02 12:00:00,-76.94002475479962,0.0,93.41146741010704,0.0,89.83221509011044,0.0,-40.93958539161767,0.0,0
2030-03-02 14:00:00,-125.56312337291416,4.563123372914163,124.55934550702344,0.0,119.78659823365152,0.0,-70.41005983544903,0.0,1
2030-03-02 16:00:00,-117.48576510673935,0.0,113.47752592768182,0.0,109.12940134292478,0.0,-66.24770118422508,0.0,0
2030-03-02 18:00:00,-137.58679614895775,16.586796148957745,130.3880142316708,5.388014231670809,125.39192953909753,0.39192953909753214,-78.44068999127319,0.0,3
2030-03-02 20:00:00,-123.97513864666965,2.975138646669649,117.18099983315727,0.0,112.69096903564346,0.0,-70.46686487864858,0.0,1
2030-03-02 22:00:00,-126.55953763461685,5.559537634616845,120.24828344950842,0.0,115.6407233774388,0.0,-71.79043653233643,0.0,1
2030-03-03 00:00:00,-124.7490656465344,3.7490656465344046,119.01566912302134,0.0,114.45533920170357,0.0,-70.62594839051214,0.0,1
2030-03-03 02:00:00,-126.99359587431378,5.993595874313783,121.4717353422285,0.0,116.81729619688394,0.0,-71.86121787414073,0.0,1
2030-03-03 04:00:00,-112.96276224429882,0.0,96.79025103398847,0.0,93.08153367656297,0.0,-65.6183541323023,0.0,0
2030-03-03 06:00:00,-127.19582641108546,6.195826411085463,102.44117739347958,0.0,98.51593318080684,0.0,-74.92194496702407,0.0,1
2030-03-03 08:00:00,-64.7749574714743,0.0,57.51601036888282,0.0,55.312166245056375,0.0,-37.308792719907906,0.0,0
2030-03-03 10:00:00,-130.4250843989854,9.425084398985405,117.01347406434141,0.0,112.52986236089932,0.0,-75.18224213899454,0.0,1
2030-03-03 12:00:00,-127.19869506781728,6.198695067817283,110.2348648397134,0.0,106.01098947771094,0.0,-74.16385692630541,0.0,1
2030-03-03 14:00:00,-115.66478069517422,0.0,111.61692368094083,0.0,107.34009189451868,0.0,-65.59978874066243,0.0,0
2030-03-03 16:00:00,-121.62793098973907,0.6279309897390704,117.34250691776603,0.0,112.84628764443323,0.0,-68.8548965157184,0.0,1
2030-03-03 18:00:00,-144.2893619783607,23.289361978360688,138.89042887438904,13.890428874389045,133.5685566936274,8.568556693627386,-82.2290768342053,0.0,3
2030-03-03 20:00:00,-125.06618965475477,4.066189654754766,118.76108050358391,0.0,114.21050566836027,0.0,-71.11522573313725,0.0,1
2030-03-03 22:00:00,-128.51899754448993,7.518997544489935,120.74929494123637,0.0,116.12253758435962,0.0,-73.39235840290152,0.0,1
2030-03-04 00:00:00,-146.82146343642012,25.821463436420117,137.39468141253093,12.394681412530929,132.13012186930092,7.130121869300922,-84.5085701375035,0.0,3
2030-03-04 02:00:00,-139.86129560913008,18.86129560913008,126.40026345853477,1.4002634585347664,121.55697763104772,0.0,-81.95928070682297,0.0,2
2030-03-04 04:00:00,-140.7367745940434,19.736774594043396,122.34067198905754,0.0,117.65293775055872,0.0,-83.02753428148638,0.0,1
2030-03-04 06:00:00,-149.2623383427977,28.262338342797705,136.12470902902334,11.124709029023336,130.90881108726518,5.908811087265178,-86.92036815316233,0.0,3
2030-03-04 08:00:00,-91.83911347916255,0.0,89.31816478806155,0.0,85.8957557691352,0.0,-53.18302318035263,0.0,0
2030-03-04 10:00:00,-47.31627306375594,0.0,42.02974372369626,0.0,40.41928772827292,0.0,-28.70203411196515,0.0,0
2030-03-04 12:00:00,-144.83565694021055,23.835656940210555,125.32855247231734,0.32855247231734097,120.52633145346832,0.0,-85.3630922570312,0.0,2
2030-03-04 14:00:00,-146.62971766107722,25.629717661077223,138.93130126558475,13.93130126558475,133.6078629751679,8.607862975167905,-83.83819572528877,0.0,3
2030-03-04 16:00:00,-100.08847182201292,0.0,103.73877936379763,0.0,99.76381486525996,0.0,-56.81083593289655,0.0,0
2030-03-04 18:00:00,-168.38074844461642,47.380748444616415,151.95620621132326,26.956206211323263,146.1336919237369,21.133691923736905,-97.58367334317771,0.0,3
2030-03-04 20:00:00,-150.3869559398077,29.386955939807706,138.2956931677906,13.295693167790603,132.99660950771755,7.996609507717551,-87.20477503988955,0.0,3
2030-03-04 22:00:00,-156.0325782601462,35.03257826014621,146.21459567497396,21.214595674973964,140.61208299321328,15.612082993213278,-90.10478202829637,0.0,3
2030-03-05 00:00:00,-160.3242561167297,39.324256116729714,145.08753467707044,20.087534677070437,139.52820765338117,14.528207653381173,-93.48822098776792,0.0,3
2030-03-05 02:00:00,-133.45764637524562,12.457646375245616,129.16875444814823,4.168754448148235,124.21938819957167,0.0,-75.51372105498214,0.0,2
2030-03-05 04:00:00,-130.73431817120866,9.734318171208656,131.44076802069688,6.440768020696879,126.40434490345007,1.4043449034500668,-73.59382643548155,0.0,3
2030-03-05 06:00:00,-144.48641810536103,23.486418105361025,142.28375458977285,17.283754589772855,136.83186016146468,11.831860161464675,-81.97677006640453,0.0,3
2030-03-05 08:00:00,-148.2873677277299,27.2873677277299,140.405142367731,15.405142367731003,135.02523082696914,10.025230826969135,-85.47638105934786,0.0,3
2030-03-05 10:00:00,-150.40658949411636,29.40658949411636,143.30353032746274,18.303530327462738,137.81256109628276,12.812561096282764,-86.47743940018202,0.0,3
2030-03-05 12:00:00,-152.3995263705795,31.39952637057951,141.15024507186368,16.15024507186368,135.74178338992175,10.74178338992175,-88.27323390173316,0.0,3
2030-03-05 14:00:00,-155.866917495402,34.86691749540199,144.7582159599787,19.758215959978713,139.21150745963402,14.21150745963402,-90.16790560104813,0.0,3
2030-03-05 16:00:00,-162.45802982098823,41.45802982098823,141.51404659498724,16.514046594987235,136.09164511013057,11.091645110130571,-95.18135768461916,0.0,3
2030-03-05 18:00:00,-146.30704235348367,25.307042353483666,115.40646611871789,0.0,110.98443022686632,0.0,-87.74512421582239,0.0,1
2030-03-05 20:00:00,-164.55628680258434,43.55628680258434,138.9785187457577,13.978518745757697,133.65327122056345,8.653271220563454,-96.87895271458241,0.0,3
2030-03-05 22:00:00,-130.8798705061107,9.879870506110706,109.14116911831093,0.0,104.95920095525017,0.0,-76.82263395881625,0.0,1
2030-03-06 00:00:00,-100.3612668841757,0.0,70.69234192081521,0.0,67.98361957824467,0.0,-60.606478087857646,0.0,0
2030-03-06 02:00:00,-95.64123167004146,0.0,53.40695030280512,0.0,51.360553258895976,0.0,-59.47687344190757,0.0,0
2030-03-06 04:00:00,-81.87937623053237,0.0,52.83044893523284,0.0,50.806141725843815,0.0,-50.403222568882484,0.0,0
2030-03-06 06:00:00,-69.09451788902389,0.0,37.576455478633974,0.0,36.13663637314167,0.0,-43.66562637617303,0.0,0
2030-03-06 08:00:00,-117.99455293941054,0.0,82.48225550606365,0.0,79.32177839801771,0.0,-71.5989775332811,0.0,0
2030-03-06 10:00:00,-31.14737203682606,0.0,13.73813468409286,0.0,13.211729823921024,0.0,-19.958414183349774,0.0,0
2030-03-06 12:00:00,-77.48600411942061,0.0,59.61037983671821,0.0,57.326285643125004,0.0,-45.730705723165556,0.0,0
2030-03-06 14:00:00,15.120647852422668,0.0,-12.282364673884818,0.0,-11.811740633037257,0.0,8.463285841601193,0.0,0
2030-03-06 16:00:00,26.536858657162323,0.0,-39.445047916957485,0.0,-37.933629852521115,0.0,13.151684969904807,0.0,0
2030-03-06 18:00:00,-21.646589341548427,0.0,6.239253304084354,0.0,6.000183493033787,0.0,-14.590568418226166,0.0,0
2030-03-06 20:00:00,-65.60020534381266,0.0,42.41572172311446,0.0,40.79047618751805,0.0,-40.53586332477489,0.0,0
2030-03-06 22:00:00,-55.787248104431775,0.0,29.97096592437467,0.0,28.82256677926344,0.0,-35.69942747103782,0.0,0
2030-03-07 00:00:00,-68.00676738733344,0.0,37.17026715039404,0.0,35.74601198535285,0.0,-42.91790428609683,0.0,0
2030-03-07 02:00:00,-74.19326957676472,0.0,50.80715885998396,0.0,48.86037816737763,0.0,-45.34391374131673,0.0,0
2030-03-07 04:00:00,-86.30981992298969,0.0,58.698468753468305,0.0,56.44931630686668,0.0,-53.012155506361104,0.0,0
2030-03-07 06:00:00,-102.58880950908349,0.0,67.11777734970165,0.0,64.54602179385282,0.0,-62.68447367443275,0.0,0
2030-03-07 08:00:00,-90.51510829657977,0.0,59.08484119225175,0.0,56.82088409172225,0.0,-54.87187472190327,0.0,0
2030-03-07 10:00:00,-142.4808439332688,21.4808439332688,119.8692755216998,0.0,115.27623791718698,0.0,-82.8106499815537,0.0,1
2030-03-07 12:00:00,-119.51039975774717,0.0,94.15179323219772,0.0,90.54417380707227,0.0,-70.26283687558012,0.0,0
2030-03-07 14:00:00,-60.05176141031388,0.0,44.015027465288625,0.0,42.32850124385388,0.0,-36.144287451424084,0.0,0
2030-03-07 16:00:00,-145.07070619801266,24.070706198012658,100.18156811650809,0.0,96.34290547643155,0.0,-87.14905435109813,0.0,1
2030-03-07 18:00:00,-151.70981263525204,30.709812635252035,121.1351522109231,0.0,116.49360993988117,0.0,-89.7423376214754,0.0,1
2030-03-07 20:00:00,-179.77199652302676,58.77199652302676,161.17381638495556,36.17381638495556,154.9981104227973,29.99811042279731,-104.18734837891971,0.0,3
2030-03-07 22:00:00,-185.36835762066247,64.36835762066247,160.781511259267,35.781511259267006,154.62083727412613,29.62083727412613,-108.17822331355868,0.0,3
2030-03-08 00:00:00,-187.2201963624953,66.2201963624953,159.56198938133127,34.56198938133127,153.44804388287315,28.44804388287315,-109.75930609184631,0.0,3
2030-03-08 02:00:00,-198.7027984683535,77.7027984683535,162.39744993379028,37.397449933790284,156.17485793782996,31.174857937829955,-117.08101620627542,0.0,3
2030-03-08 04:00:00,-180.07382645722683,59.07382645722683,147.1001907067171,22.100190706717086,141.46374463155377,16.463744631553766,-106.5717944737963,0.0,3
2030-03-08 06:00:00,-123.08985634565286,2.089856345652862,92.02764358530536,0.0,88.50141531870091,0.0,-73.94193946143723,0.0,1
2030-03-08 08:00:00,-186.27485086806576,65.27485086806576,162.42405108934125,37.42405108934125,156.20043981544467,31.200439815444668,-108.61251215581946,0.0,3
2030-03-08 10:00:00,-193.7783924107521,72.7783924107521,151.80069296282562,26.80069296282562,145.98413748491137,20.984137484911372,-114.34513062822127,0.0,3
2030-03-08 12:00:00,-138.14583232022125,17.145832320221245,92.26484087330701,0.0,88.7295239052089,0.0,-82.91206373371074,0.0,1
2030-03-08 14:00:00,-103.693269460906,0.0,80.56183424782877,0.0,77.47494202646195,0.0,-61.19665241040482,0.0,0
2030-03-08 16:00:00,-118.73474241208675,0.0,84.07122371029476,0.0,80.8498620204187,0.0,-71.32883731462385,0.0,0
2030-03-08 18:00:00,-137.20295881323167,16.202958813231675,100.74339980240703,0.0,96.88320942680767,0.0,-81.6255322402776,0.0,1
2030-03-08 20:00:00,-139.53692688328675,18.536926883286753,110.9672840213805,0.0,106.7153445134238,0.0,-82.5338252853804,0.0,1
2030-03-08 22:00:00,-159.16356882202945,38.16356882202945,115.34008344006688,0.0,110.92059113695399,0.0,-95.39399674288758,0.0,1
2030-03-09 00:00:00,-158.41737035735548,37.41737035735548,140.11678338598102,15.116783385981023,134.74792091213817,9.74792091213817,-91.60921151563024,0.0,3
2030-03-09 02:00:00,-162.18125714515372,41.18125714515372,151.35976178651413,26.359761786514127,145.5601014926659,20.560101492665893,-93.49017526727613,0.0,3
2030-03-09 04:00:00,-145.04884214249486,24.048842142494863,139.81862176974636,14.818621769746358,134.46118397090572,9.461183970905722,-82.0052812152411,0.0,3
2030-03-09 06:00:00,-130.3352300278744,9.335230027874388,128.15663415077367,3.1566341507736695,123.24604937114228,0.0,-73.43207435740274,0.0,2
2030-03-09 08:00:00,-126.32168684777639,5.321686847776391,122.18645611162661,0.0,117.50463097136162,0.0,-71.45014047300754,0.0,1
2030-03-09 10:00:00,-125.02201544860634,4.022015448606339,122.16232758023432,0.0,117.48142697422992,0.0,-70.4932729784505,0.0,1
2030-03-09 12:00:00,-120.89444338648497,0.0,122.05234497652008,0.0,117.3756585799743,0.0,-67.57952730814378,0.0,0
2030-03-09 14:00:00,-114.51363090601406,0.0,119.57494679091637,0.0,114.99318699652358,0.0,-63.37261781311211,0.0,0
2030-03-09 16:00:00,-99.04545098063474,0.0,100.18966661467985,0.0,96.35069366400468,0.0,-54.85354772429429,0.0,0
2030-03-09 18:00:00,-77.85360235254966,0.0,92.8454718044882,0.0,89.28790676915477,0.0,-42.42010740319186,0.0,0
2030-03-09 20:00:00,-120.39291637720984,0.0,116.60814632780274,0.0,112.14006558947227,0.0,-68.17226928251245,0.0,0
2030-03-09 22:00:00,-117.34756557415231,0.0,116.40681988882235,0.0,111.9464533866961,0.0,-66.07750578608385,0.0,0
2030-03-10 00:00:00,-123.31794958395227,2.31794958395227,123.68612860006053,0.0,118.94684042680501,0.0,-69.15235111286417,0.0,1
2030-03-10 02:00:00,-126.0953283370663,5.095328337066306,127.55939304460207,2.559393044602075,122.67169278519219,0.0,-70.56618762682622,0.0,2
2030-03-10 04:00:00,-134.5068200092021,13.506820009202102,134.14418685858053,9.144186858580525,129.00417669345097,4.004176693450972,-75.47600825267027,0.0,3
2030-03-10 06:00:00,-129.3964323334746,8.396432333474593,127.79171887244621,2.7917188724462108,122.89511657154861,0.0,-72.82442247840264,0.0,2
2030-03-10 08:00:00,-78.38584484795999,0.0,88.50392476123818,0.0,85.11271502207728,0.0,-42.91040607216738,0.0,0
2030-03-10 10:00:00,-115.66627798080384,0.0,113.42272636991956,0.0,109.07670154282275,0.0,-65.21743205254262,0.0,0
2030-03-10 12:00:00,-49.65150190753222,0.0,68.96957626595257,0.0,66.32686522946614,0.0,-25.192361574184,0.0,0
2030-03-10 14:00:00,-109.42759544706672,0.0,112.33416021071861,0.0,108.02984603284742,0.0,-60.851500954035025,0.0,0
2030-03-10 16:00:00,-109.66057149491479,0.0,108.32828647804996,0.0,104.17746558369956,0.0,-61.51129782949276,0.0,0
2030-03-10 18:00:00,-67.22280722337311,0.0,64.22745122492469,0.0,61.76644445372173,0.0,-37.722231446189646,0.0,0
2030-03-10 20:00:00,-37.08222713916868,0.0,33.284460879672494,0.0,32.00909836662723,0.0,-20.38358540850937,0.0,0
2030-03-10 22:00:00,-20.58796473962917,0.0,19.774397402536767,0.0,19.016700732717553,0.0,-10.798039241966874,0.0,0
2030-03-11 00:00:00,-19.922069580306616,0.0,22.642032934667228,0.0,21.774456916885107,0.0,-10.02682583561812,0.0,0
2030-03-11 02:00:00,-23.598336169204778,0.0,27.171549340821556,0.0,26.13041559447906,0.0,-12.006771406441455,0.0,0
2030-03-11 04:00:00,-14.82437239216392,0.0,13.029270849526355,0.0,12.530027563781946,0.0,-7.825983395437564,0.0,0
2030-03-11 06:00:00,-18.499070315603483,0.0,13.763796659773156,0.0,13.236408508271728,0.0,-10.25566084822593,0.0,0
2030-03-11 08:00:00,31.068276967412352,0.0,-34.91512911289771,0.0,-33.57728419572437,0.0,17.209422871109705,0.0,0
2030-03-11 10:00:00,-37.16364285440862,0.0,30.566375520842954,0.0,29.395162033568006,0.0,-20.619246368218295,0.0,0
2030-03-11 12:00:00,-33.58219660053053,0.0,24.56478977953016,0.0,23.623539382267943,0.0,-18.989128945454343,0.0,0
2030-03-11 14:00:00,-41.544384089511475,0.0,35.62443530879418,0.0,34.259411867210076,0.0,-23.101706490698856,0.0,0
2030-03-11 16:00:00,-66.90828330929612,0.0,58.55273769740062,0.0,56.309169235667056,0.0,-37.48921106578775,0.0,0
2030-03-11 18:00:00,-96.54357325583305,0.0,84.41096749276096,0.0,81.17658782173864,0.0,-55.097658813481644,0.0,0
2030-03-11 20:00:00,-69.61477058348487,0.0,54.599834101168064,0.0,52.507729263332195,0.0,-40.01046173927641,0.0,0
2030-03-11 22:00:00,-79.33759636618481,0.0,63.546319949543935,0.0,61.11141212277709,0.0,-45.66388782283619,0.0,0
2030-03-12 00:00:00,-60.057581969026586,0.0,40.895955529317845,0.0,39.32894295832226,0.0,-35.6336655575583,0.0,0
2030-03-12 02:00:00,-85.46059009821707,0.0,64.12042610428966,0.0,61.66352022050401,0.0,-49.91373880981419,0.0,0
2030-03-12 04:00:00,-93.41924633825926,0.0,70.17803651398836,0.0,67.48902083989871,0.0,-54.64419010083763,0.0,0
2030-03-12 06:00:00,-111.38943191234661,0.0,87.59405020951796,0.0,84.2377041834583,0.0,-64.80137158887547,0.0,0
2030-03-12 08:00:00,-114.06318160839467,0.0,81.78764754205847,0.0,78.65378576546573,0.0,-67.26764802865905,0.0,0
2030-03-12 10:00:00,-60.682050514020446,0.0,22.536411151276134,0.0,21.67288224916113,0.0,-38.72628627811131,0.0,0
2030-03-12 12:00:00,19.243769363428598,0.0,-32.42541624179121,0.0,-31.18296978925079,0.0,8.761884164018342,0.0,0
2030-03-12 14:00:00,-18.85717215058459,0.0,7.568958725782138,0.0,7.278938519159373,0.0,-12.689339363380606,0.0,0
2030-03-12 16:00:00,-107.72494092092812,0.0,65.81193126223883,0.0,63.29021188254382,0.0,-66.224891012259,0.0,0
2030-03-12 18:00:00,-136.74677998384476,15.74677998384476,84.34194903801759,0.0,81.11021395091117,0.0,-83.5173776866894,0.0,1
2030-03-12 20:00:00,-113.30832819522838,0.0,70.85272880780545,0.0,68.13786091208942,0.0,-69.25170573372621,0.0,0
2030-03-12 22:00:00,-115.29829838130715,0.0,71.54658873646271,0.0,68.8051341718049,0.0,-70.77300146039674,0.0,0
2030-03-13 00:00:00,-95.83008734567574,0.0,66.74358670912152,0.0,64.18616903657075,0.0,-58.621660203237354,0.0,0
2030-03-13 02:00:00,-78.0438816788035,0.0,51.90405941924115,0.0,49.915248727745045,0.0,-47.9420320816219,0.0,0
2030-03-13 04:00:00,-81.98308870423323,0.0,52.37726476295666,0.0,50.370322236352024,0.0,-50.689071060922906,0.0,0
2030-03-13 06:00:00,-79.63742809271847,0.0,48.23433036268581,0.0,46.38613288071971,0.0,-50.09649166573665,0.0,0
2030-03-13 08:00:00,-56.46393098355484,0.0,22.60772278844835,0.0,21.741461434420838,0.0,-37.2434859514361,0.0,0
2030-03-13 10:00:00,-59.72853971398762,0.0,30.156464803911167,0.0,29.000957888058927,0.0,-38.21580829077205,0.0,0
2030-03-13 12:00:00,-39.148341130498544,0.0,22.216475040762592,0.0,21.36520514814139,0.0,-24.788346952827098,0.0,0
2030-03-13 14:00:00,-36.09409111833146,0.0,3.8738149777500333,0.0,3.7253817967844807,0.0,-25.162959729309648,0.0,0
2030-03-13 16:00:00,-35.58003065170867,0.0,11.845873969036441,0.0,11.391974966466334,0.0,-24.26660749017004,0.0,0
2030-03-13 18:00:00,-21.48081822692191,0.0,-2.4625087597279167,0.0,-2.368152676522709,0.0,-16.156406974657262,0.0,0
2030-03-13 20:00:00,-19.703056862220222,0.0,-10.412186430676147,0.0,-10.013222112145309,0.0,-16.112095263914217,0.0,0
2030-03-13 22:00:00,-17.80142042314434,0.0,-4.306609762505366,0.0,-4.141593160035138,0.0,-13.766439939743313,0.0,0
2030-03-14 00:00:00,-26.726683424044737,0.0,4.906333605678235,0.0,4.718337351816801,0.0,-18.975003963214974,0.0,0
2030-03-14 02:00:00,-27.965492271431135,0.0,11.080250957165013,0.0,10.655688373532069,0.0,-18.648307703800697,0.0,0
2030-03-14 04:00:00,-33.95598799803892,0.0,12.555828762395693,0.0,12.074726383070205,0.0,-22.599883932993784,0.0,0
2030-03-14 06:00:00,-50.45429183143446,0.0,12.826350526990439,0.0,12.334882550374015,0.0,-34.21221805831951,0.0,0
2030-03-14 08:00:00,4.7667330492763975,0.0,-13.512139605460149,0.0,-12.994394211111118,0.0,0.018445255934857293,0.0,0
2030-03-14 10:00:00,24.28322847859122,0.0,-28.109149970592497,0.0,-27.0320901294954,0.0,11.802152849471497,0.0,0
2030-03-14 12:00:00,-32.17581055569164,0.0,8.419281067454001,0.0,8.096679013028783,0.0,-22.521902460514784,0.0,0
2030-03-14 14:00:00,20.16196074682768,0.0,-11.305386616462506,0.0,-10.872197497424423,0.0,12.066123106295127,0.0,0
2030-03-14 16:00:00,-54.060643985004454,0.0,30.379362556719325,0.0,29.215314855447595,0.0,-34.67845529344313,0.0,0
2030-03-14 18:00:00,-43.49396587211826,0.0,19.727085869902627,0.0,18.97120203867427,0.0,-28.681508768864514,0.0,0
2030-03-14 20:00:00,-61.22455920318875,0.0,38.424424735735506,0.0,36.95211394571116,0.0,-38.969753801127816,0.0,0
2030-03-14 22:00:00,-71.4704978910473,0.0,48.82218492671749,0.0,46.951462589179904,0.0,-45.012259280865784,0.0,0
2030-03-15 00:00:00,-71.77100426927328,0.0,44.244788958960875,0.0,42.549458953771584,0.0,-45.42962841118007,0.0,0
2030-03-15 02:00:00,-63.259406241424166,0.0,38.66765239972251,0.0,37.1860218419571,0.0,-40.23307585595641,0.0,0
2030-03-15 04:00:00,-64.61233805826882,0.0,45.96894469654352,0.0,44.20755012139443,0.0,-39.72475657927444,0.0,0
2030-03-15 06:00:00,-43.60537650975567,0.0,21.676637275327238,0.0,20.846052375972242,0.0,-28.63011523211722,0.0,0
2030-03-15 08:00:00,-41.87299588056124,0.0,22.63409427115281,0.0,21.766822439575954,0.0,-26.57911274335232,0.0,0
2030-03-15 10:00:00,-92.05663928498095,0.0,71.39368009257456,0.0,68.65808453681109,0.0,-55.00479061110265,0.0,0
2030-03-15 12:00:00,-16.78843416398273,0.0,7.648729521328698,0.0,7.355652732757954,0.0,-11.71636441960604,0.0,0
2030-03-15 14:00:00,-105.36453131988422,0.0,80.59216699807683,0.0,77.50411251505514,0.0,-63.35916234798177,0.0,0
2030-03-15 16:00:00,-128.65307198938962,7.653071989389616,90.37251616420932,0.0,86.90970750577617,0.0,-78.22287116782589,0.0,1
2030-03-15 18:00:00,-126.30227425061295,5.302274250612953,80.26513160154776,0.0,77.18960815175157,0.0,-77.54481234940495,0.0,1
2030-03-15 20:00:00,-151.39730380607534,30.397303806075342,115.77454224488531,0.0,111.33840275991986,0.0,-90.58011292732338,0.0,1
2030-03-15 22:00:00,-120.89969574822308,0.0,92.9874854871141,0.0,89.42447890571464,0.0,-72.41215449673182,0.0,0
2030-03-16 00:00:00,-126.63154942438305,5.631549424383053,97.04671302772549,0.0,93.32816880202007,0.0,-75.85099473110195,0.0,1
2030-03-16 02:00:00,-135.1648021071172,14.164802107117197,107.98178951141638,0.0,103.84424536034038,0.0,-80.60405879098296,0.0,1
2030-03-16 04:00:00,-157.7858129444748,36.7858129444748,125.17345580524926,0.17345580524926163,120.37717763389857,0.0,-93.7127244738314,0.0,2
2030-03-16 06:00:00,-132.14861443285008,11.148614432850081,95.63177994182084,0.0,91.96745178477138,0.0,-79.9521207516946,0.0,1
2030-03-16 08:00:00,-102.93880146157602,0.0,70.07909763837051,0.0,67.39387301060431,0.0,-62.99349833905222,0.0,0
2030-03-16 10:00:00,-94.73722865453627,0.0,77.28228840259831,0.0,74.32105871925313,0.0,-55.069098727892225,0.0,0
2030-03-16 12:00:00,-70.62370284965891,0.0,72.87555504953318,0.0,70.08317840976898,0.0,-40.07441458938099,0.0,0
2030-03-16 14:00:00,-107.90962572082088,0.0,92.99046961622452,0.0,89.4273486917862,0.0,-63.13720978314747,0.0,0
2030-03-16 16:00:00,-119.33099518978335,0.0,110.7038337730717,0.0,106.46198890272878,0.0,-67.92031532586006,0.0,0
2030-03-16 18:00:00,-114.28062664836094,0.0,97.86617262036049,0.0,94.1162291165,0.0,-66.43359880154739,0.0,0
2030-03-16 20:00:00,-73.8198347617826,0.0,72.28410615216507,0.0,69.51439209223986,0.0,-42.742739611543236,0.0,0
2030-03-16 22:00:00,-129.9860330712051,8.9860330712051,116.33959866038079,0.0,111.8818078777517,0.0,-75.68884697219863,0.0,1
2030-03-17 00:00:00,-99.32666276848849,0.0,100.82456143660255,0.0,96.96126118621427,0.0,-56.64161265610416,0.0,0
2030-03-17 02:00:00,-100.44787725984051,0.0,87.64285014459233,0.0,84.28463424874394,0.0,-59.13069173496099,0.0,0
2030-03-17 04:00:00,-114.33721138189583,0.0,95.44528608051604,0.0,91.78810381897864,0.0,-67.61229367623129,0.0,0
2030-03-17 06:00:00,-125.42068071302742,4.420680713027423,96.15459905062622,0.0,92.47023800511022,0.0,-74.83064094922389,0.0,1
2030-03-17 08:00:00,-97.78632585033225,0.0,61.36843851057937,0.0,59.01698068635737,0.0,-60.02168505139604,0.0,0
2030-03-17 10:00:00,-29.65940015374761,0.0,12.154930852264508,0.0,11.689189700149228,0.0,-19.336585495829404,0.0,0
2030-03-17 12:00:00,-28.357626621958744,0.0,14.989309155663197,0.0,14.414962974642293,0.0,-17.719406896178896,0.0,0
2030-03-17 14:00:00,-63.805181922625025,0.0,40.19591696106133,0.0,38.655727806279884,0.0,-38.698200745403874,0.0,0
2030-03-17 16:00:00,-76.67473180215677,0.0,48.36095166671625,0.0,46.50790242929888,0.0,-46.58232963884718,0.0,0
2030-03-17 18:00:00,-39.20465269849737,0.0,29.081825255577115,0.0,27.967495362237976,0.0,-23.23239005077366,0.0,0
2030-03-17 20:00:00,-23.381834272706204,0.0,-1.9808973111183956,0.0,-1.9049951602040114,0.0,-16.83164897343428,0.0,0
2030-03-17 22:00:00,-20.38390902513003,0.0,-1.1501563890070683,0.0,-1.1060857835680018,0.0,-14.852242411207293,0.0,0
2030-03-18 00:00:00,-21.204771049313564,0.0,11.060758180147232,0.0,10.636942502320483,0.0,-13.607241282930215,0.0,0
2030-03-18 02:00:00,-24.636952157620883,0.0,11.38281337145397,0.0,10.946657487198403,0.0,-15.881258543991322,0.0,0
2030-03-18 04:00:00,-56.783955273296584,0.0,55.34499778009436,0.0,53.224340464703914,0.0,-32.58176764445961,0.0,0
2030-03-18 06:00:00,-62.536750382092194,0.0,48.06480941383534,0.0,46.22310747536389,0.0,-37.49586606427444,0.0,0
2030-03-18 08:00:00,-50.36033048101767,0.0,37.39880158106885,0.0,35.965789649713145,0.0,-30.476220054925417,0.0,0
2030-03-18 10:00:00,-46.59018875747936,0.0,42.19763066378241,0.0,40.58074173526792,0.0,-27.029336543325375,0.0,0
2030-03-18 12:00:00,-94.87635073889462,0.0,94.4406916976159,0.0,90.82200253414607,0.0,-53.8804596093267,0.0,0
2030-03-18 14:00:00,-104.33583206998189,0.0,102.34847900014174,0.0,98.42678671689075,0.0,-60.083799038793074,0.0,0
2030-03-18 16:00:00,-42.21445881081344,0.0,54.767428908316134,0.0,52.668902331062746,0.0,-23.35858321661551,0.0,0
2030-03-18 18:00:00,-92.22580798241646,0.0,84.63015350752242,0.0,81.38737527395092,0.0,-54.104774987610746,0.0,0
2030-03-18 20:00:00,-107.33245042557331,0.0,95.39904942100048,0.0,91.74363881208183,0.0,-63.04582167351315,0.0,0
2030-03-18 22:00:00,-111.39032081962714,0.0,108.11968374735439,0.0,103.97685589527708,0.0,-64.11912245033558,0.0,0
2030-03-19 00:00:00,-135.46049811314,14.460498113140005,130.0428232320836,5.042823232083606,125.05996524197376,0.05996524197375663,-78.0424763909813,0.0,3
2030-03-19 02:00:00,-149.2266815627543,28.226681562754294,142.81734802026563,17.817348020265626,137.3450078632157,12.345007863215699,-85.75313800510642,0.0,3
2030-03-19 04:00:00,-143.29362278107067,22.293622781070667,135.95161699182043,10.95161699182043,130.74235142714517,5.7423514271451666,-82.79288392060694,0.0,3
2030-03-19 06:00:00,-137.67983257085515,16.679832570855154,114.41210054830131,0.0,110.02816581654828,0.0,-81.69369091340754,0.0,1
2030-03-19 08:00:00,-165.29866303651679,44.298663036516785,127.49512676097125,2.495126760971246,122.60988899627596,0.0,-98.5890041990254,0.0,2
2030-03-19 10:00:00,-147.33162582644493,26.331625826444935,114.68874518647553,0.0,110.29421024694864,0.0,-88.04996760538098,0.0,1
2030-03-19 12:00:00,-136.5226117279446,15.522611727944593,113.33599990196804,0.0,108.99329817770042,0.0,-80.6683158447445,0.0,1
2030-03-19 14:00:00,-79.54460631787063,0.0,81.43619315217302,0.0,78.3157980727133,0.0,-46.05857237512845,0.0,0
2030-03-19 16:00:00,-130.68520659699755,9.685206596997546,122.37634715857715,0.0,117.68724595265121,0.0,-75.99255042924149,0.0,1
2030-03-19 18:00:00,-159.0852372706637,38.0852372706637,145.46201472367684,20.462014723676845,139.88833872750325,14.888338727503253,-92.35614038560601,0.0,3
2030-03-19 20:00:00,-183.5138884387481,62.5138884387481,154.0644176146324,29.06441761463239,148.16112287507866,23.16112287507866,-108.32430156211142,0.0,3
2030-03-19 22:00:00,-154.96411180706514,33.96411180706514,137.48353064744106,12.483530647441057,132.21556666320424,7.215566663204243,-90.40702957854721,0.0,3
2030-03-20 00:00:00,-152.6451413637028,31.645141363702805,145.25082316554784,20.250823165547843,139.6852394078898,14.68523940788981,-87.91294633216167,0.0,3
2030-03-20 02:00:00,-138.52678255435944,17.526782554359443,135.30994027690804,10.309940276908037,130.12526187411154,5.125261874111544,-78.9604265768833,0.0,3
2030-03-20 04:00:00,-103.91959645372782,0.0,106.77995078375673,0.0,102.68845755312452,0.0,-58.704183684107164,0.0,0
2030-03-20 06:00:00,-78.73523427029602,0.0,67.79064474416141,0.0,65.19310689145512,0.0,-46.45187425136785,0.0,0
2030-03-20 08:00:00,-61.26172577160245,0.0,47.27075892121519,0.0,45.45948265901998,0.0,-37.41425052891106,0.0,0
2030-03-20 10:00:00,5.5139862934890616,0.0,-2.3945768362833553,0.0,-2.302823704314528,0.0,2.818298781852828,0.0,0
2030-03-20 12:00:00,-34.11434959020424,0.0,35.269470209731125,0.0,33.91804798531621,0.0,-19.07637113720863,0.0,0
2030-03-20 14:00:00,38.638571074085405,0.0,-34.923624864718604,0.0,-33.58545441535673,0.0,22.41015292828189,0.0,0
2030-03-20 16:00:00,40.26281189253399,0.0,-37.732833834011146,0.0,-36.28702277049908,0.0,22.33202767544364,0.0,0
2030-03-20 18:00:00,-12.556460317571839,0.0,-9.404250002705771,0.0,-9.04390683956675,0.0,-10.60826194094364,0.0,0
2030-03-20 20:00:00,-19.08463961603286,0.0,4.355801405965374,0.0,4.188899924594745,0.0,-13.149898247115635,0.0,0
2030-03-20 22:00:00,-53.280662667910434,0.0,35.97695187512078,0.0,34.59842103693062,0.0,-33.059459757993835,0.0,0
2030-03-21 00:00:00,-37.55275590715275,0.0,14.111644032743724,0.0,13.570927394374145,0.0,-24.800104639459708,0.0,0
2030-03-21 02:00:00,-16.186414124823244,0.0,-9.413265918521367,0.0,-9.052577292041583,0.0,-12.621612784741034,0.0,0
2030-03-21 04:00:00,-25.11232970305423,0.0,4.908029226369155,0.0,4.719968001316704,0.0,-17.53390726450165,0.0,0
2030-03-21 06:00:00,-19.712690334135697,0.0,-0.0282473820619078,0.0,-0.027165025574184654,0.0,-14.419727136292352,0.0,0
2030-03-21 08:00:00,-11.278814105325344,0.0,-9.04649403903287,0.0,-8.699859030775407,0.0,-9.712589111905745,0.0,0
2030-03-21 10:00:00,-13.169037930837936,0.0,-10.212627693768747,0.0,-9.821309878304977,0.0,-11.339615114719784,0.0,0
2030-03-21 12:00:00,-13.101130084645723,0.0,-2.5655946681061343,0.0,-2.467288636495697,0.0,-9.88833955399009,0.0,0
2030-03-21 14:00:00,-19.21638315627854,0.0,5.601746422144287,0.0,5.3871039972537185,0.0,-12.912976212114103,0.0,0
2030-03-21 16:00:00,1.781120540052263,0.0,-18.31510866378306,0.0,-17.613327640602783,0.0,-1.5312137197152094,0.0,0
2030-03-21 18:00:00,-8.209674579384721,0.0,-12.720234306556703,0.0,-12.232832390978627,0.0,-7.760473498331942,0.0,0
2030-03-21 20:00:00,-35.250433082019775,0.0,11.141808124115094,0.0,10.71488685113998,0.0,-23.508731308018476,0.0,0
2030-03-21 22:00:00,-32.20575560554796,0.0,4.97400651255658,0.0,4.783417232210684,0.0,-21.78146581160376,0.0,0
2030-03-22 00:00:00,-33.1390106224859,0.0,7.952177614882007,0.0,7.647473589067632,0.0,-22.061183297462538,0.0,0
2030-03-22 02:00:00,-53.11494348655282,0.0,38.67766442068013,0.0,37.19565023175856,0.0,-32.28629016337655,0.0,0
2030-03-22 04:00:00,-81.71328785049047,0.0,65.67330940134201,0.0,63.156901603093885,0.0,-48.90633535500287,0.0,0
2030-03-22 06:00:00,-78.57020469102963,0.0,68.5606158692464,0.0,65.93357499071038,0.0,-46.58781049399167,0.0,0
2030-03-22 08:00:00,-78.95922427718176,0.0,68.42734796608927,0.0,65.80541352110777,0.0,-47.04612108353221,0.0,0
2030-03-22 10:00:00,-81.87769481127629,0.0,69.10397345054565,0.0,66.45611270976588,0.0,-49.40826930533216,0.0,0
2030-03-22 12:00:00,21.39292395437966,0.0,-15.43062859401134,0.0,-14.839372351866592,0.0,11.577973494360341,0.0,0
2030-03-22 14:00:00,31.178384233543714,0.0,-26.129774860322215,0.0,-25.12855884388611,0.0,17.19023555643194,0.0,0
2030-03-22 16:00:00,-46.48347927458772,0.0,21.754421797484945,0.0,20.920856424328143,0.0,-29.55495839149726,0.0,0
2030-03-22 18:00:00,-34.55818587621947,0.0,2.350120469248731,0.0,2.2600707743338546,0.0,-24.363308679990514,0.0,0
2030-03-22 20:00:00,-24.704905045280988,0.0,3.065922214274832,0.0,2.948445104636961,0.0,-17.467276207653494,0.0,0
2030-03-22 22:00:00,-30.51259919767148,0.0,6.545355381603278,0.0,6.294556640459996,0.0,-20.645102772873162,0.0,0
2030-03-23 00:00:00,-36.677812844270235,0.0,13.038699887847924,0.0,12.539095309125026,0.0,-24.350395814946072,0.0,0
2030-03-23 02:00:00,-30.07411189509345,0.0,9.971435322576204,0.0,9.589359288427957,0.0,-20.46947955462038,0.0,0
2030-03-23 04:00:00,-33.67654993564426,0.0,24.89576751373311,0.0,23.941835024476674,0.0,-20.703339173174008,0.0,0
2030-03-23 06:00:00,-32.85741879908868,0.0,11.789244605224436,0.0,11.337515473093436,0.0,-22.336086377643984,0.0,0
2030-03-23 08:00:00,-61.87525772090977,0.0,48.11227379313008,0.0,46.26875315943388,0.0,-38.21561641587636,0.0,0
2030-03-23 10:00:00,-55.9168435635157,0.0,40.258207632932475,0.0,38.71563168306065,0.0,-34.081851321669575,0.0,0
2030-03-23 12:00:00,17.870794132357553,0.0,-16.209754994437382,0.0,-15.588644923275561,0.0,9.371202600561906,0.0,0
2030-03-23 14:00:00,-31.26259095333307,0.0,24.573749081077217,0.0,23.632155389766226,0.0,-18.913248930629624,0.0,0
2030-03-23 16:00:00,-41.584173311628135,0.0,22.016097004301155,0.0,21.172505007892934,0.0,-26.27713220766496,0.0,0
2030-03-23 18:00:00,16.116644796044234,0.0,-23.353801171971387,0.0,-22.458952291602852,0.0,7.228738159838043,0.0,0
2030-03-23 20:00:00,-26.031879663860956,0.0,8.926803585924361,0.0,8.584754763323271,0.0,-17.535931665250967,0.0,0
2030-03-23 22:00:00,-26.800941192010384,0.0,5.211245972887259,0.0,5.01156637512827,0.0,-18.5055617945427,0.0,0
2030-03-24 00:00:00,-42.775360064156196,0.0,24.837952699157512,0.0,23.886235503322055,0.0,-26.861278668594256,0.0,0
2030-03-24 02:00:00,-39.69403157477188,0.0,26.610456782812527,0.0,25.5908224507889,0.0,-24.685786583525072,0.0,0
2030-03-24 04:00:00,-48.48030500457549,0.0,29.64769086679974,0.0,28.51167866979995,0.0,-30.293669043732688,0.0,0
2030-03-24 06:00:00,-70.21905566944677,0.0,61.470257188456436,0.0,59.1148979723701,0.0,-41.76285937625264,0.0,0
2030-03-24 08:00:00,-24.465315238672012,0.0,20.91034695301251,0.0,20.109124041965444,0.0,-15.164257135107903,0.0,0
2030-03-24 10:00:00,-30.819660121050134,0.0,46.549188963329,0.0,44.76556113678515,0.0,-16.39772748375502,0.0,0
2030-03-24 12:00:00,-92.4188805218669,0.0,91.39306723183796,0.0,87.89115406217338,0.0,-52.10055928231449,0.0,0
2030-03-24 14:00:00,-103.35352206256596,0.0,106.63320732773721,0.0,102.54733687415758,0.0,-57.493764538485436,0.0,0
2030-03-24 16:00:00,-121.89669396281411,0.896693962814112,122.31073604173591,0.0,117.62414886057255,0.0,-68.2832931836972,0.0,1
2030-03-24 18:00:00,-117.31177776588015,0.0,115.0192256232584,0.0,110.61202764670992,0.0,-66.23134495370405,0.0,0
2030-03-24 20:00:00,-124.6351738652576,3.635173865257599,123.3907211203117,0.0,118.66275209165971,0.0,-70.26879784248112,0.0,1
2030-03-24 22:00:00,-127.38338760415576,6.383387604155757,126.29034324492329,1.2903432449232923,121.45126923628976,0.0,-71.71045832995533,0.0,2
2030-03-25 00:00:00,-122.8814682725141,1.8814682725140983,123.00089947224978,0.0,118.28786726106671,0.0,-69.07380265129602,0.0,1
2030-03-25 02:00:00,-117.3341423371582,0.0,121.48871166600406,0.0,116.83362203793047,0.0,-67.18658089647992,0.0,0
2030-03-25 04:00:00,-100.54706065879796,0.0,101.03868093354262,0.0,97.16717625464675,0.0,-58.25441993532856,0.0,0
2030-03-25 06:00:00,-83.31979106324457,0.0,85.01847031453362,0.0,81.76081292457037,0.0,-48.07591915585925,0.0,0
2030-03-25 08:00:00,-31.933469289341595,0.0,45.02098181186544,0.0,43.295910382560436,0.0,-17.807466507556214,0.0,0
2030-03-25 10:00:00,-62.592525283324115,0.0,60.36245202092778,0.0,58.04954063620414,0.0,-36.39257815496753,0.0,0
2030-03-25 12:00:00,-53.813774156233976,0.0,60.26143004004787,0.0,57.952389520106195,0.0,-30.159129969385955,0.0,0
2030-03-25 14:00:00,-86.51433489046217,0.0,89.81894328027563,0.0,86.3773459043974,0.0,-48.952267895150186,0.0,0
2030-03-25 16:00:00,-128.58403081388678,7.584030813886784,126.66177551112342,1.6617755111234231,121.80846931197448,0.0,-72.9120311864696,0.0,2
2030-03-25 18:00:00,-144.1400779639897,23.14007796398971,123.0916227632193,0.0,118.3751143027205,0.0,-84.87343429252293,0.0,1
2030-03-25 20:00:00,-141.83587901152956,20.835879011529556,127.43211330667495,2.4321133066749496,122.54929003196393,0.0,-82.55135191980847,0.0,2
2030-03-25 22:00:00,-134.47136622443847,13.47136622443847,126.82694349487714,1.826943494877142,121.96730854503595,0.0,-77.0497525165711,0.0,2
2030-03-26 00:00:00,-155.90528896109356,34.90528896109356,148.42664489349505,23.42664489349505,142.73937300050616,17.739373000506163,-89.32093902884019,0.0,3
2030-03-26 02:00:00,-157.2866519661975,36.286651966197496,142.95018802342463,17.95018802342463,137.47275782868786,12.472757828687861,-90.44154743099102,0.0,3
2030-03-26 04:00:00,-109.34133574127267,0.0,79.15253215359347,0.0,76.1196402378661,0.0,-64.95481780090483,0.0,0
2030-03-26 06:00:00,-100.52695790011782,0.0,68.81153452854946,0.0,66.17487918598306,0.0,-59.80919511298902,0.0,0
2030-03-26 08:00:00,-133.61492744893073,12.614927448930729,100.59977506369944,0.0,96.74508796509048,0.0,-78.81142503276398,0.0,1
2030-03-26 10:00:00,-101.9843314094039,0.0,88.1035549005968,0.0,84.72768615534491,0.0,-57.95596553001504,0.0,0
2030-03-26 12:00:00,-143.15529233005915,22.155292330059154,114.62313564502531,0.0,110.23111466989698,0.0,-83.39765750930574,0.0,1
2030-03-26 14:00:00,-140.9184846220615,19.9184846220615,121.921091025206,0.0,117.24943389351137,0.0,-80.93187326646023,0.0,1
2030-03-26 16:00:00,-127.19079586666243,6.190795866662427,96.58669683459036,0.0,92.88577907458736,0.0,-74.70591250145111,0.0,1
2030-03-26 18:00:00,-141.57371602681764,20.573716026817635,106.23947103253076,0.0,102.16868739416941,0.0,-83.75954603919286,0.0,1
2030-03-26 20:00:00,-135.01476377179227,14.014763771792275,115.25454702182006,0.0,110.83833222233633,0.0,-77.64757621765796,0.0,1
2030-03-26 22:00:00,-174.60838034817397,53.60838034817397,147.5104997980828,22.510499798082805,141.85833188696174,16.858331886961736,-101.3807160484759,0.0,3
2030-03-27 00:00:00,-158.14897481251973,37.148974812519725,143.98508718983837,18.985087189838367,138.46800270698213,13.468002706982134,-89.87321644910168,0.0,3
2030-03-27 02:00:00,-176.96244340774993,55.96244340774993,155.65626982591823,30.65626982591823,149.69197999787792,24.691979997877922,-101.37865187934412,0.0,3
2030-03-27 04:00:00,-173.8134203468042,52.81342034680421,161.61472313607027,36.61472313607027,155.4221229257476,30.4221229257476,-98.74486321859081,0.0,3
2030-03-27 06:00:00,-145.6916525265255,24.691652526525502,140.29804089310431,15.298040893104314,134.92223316541975,9.922233165419755,-82.65959622811437,0.0,3
2030-03-27 08:00:00,-153.64475443305335,32.64475443305335,148.01032214585064,23.010322145850637,142.33900251441693,17.339002514416933,-87.68796866521379,0.0,3
2030-03-27 10:00:00,-155.98565253417715,34.98565253417715,152.39110054745504,27.39110054745504,146.551922389739,21.55192238973899,-88.78588617868783,0.0,3
2030-03-27 12:00:00,-103.7465248414302,0.0,113.6275730371128,0.0,109.27369908903415,0.0,-57.57544517194727,0.0,0
2030-03-27 14:00:00,-104.46114930804927,0.0,112.02922080098696,0.0,107.73659100320313,0.0,-58.23407986324981,0.0,0
2030-03-27 16:00:00,-157.83013636486663,36.83013636486663,151.28281178033347,26.282811780333475,145.48609998409236,20.486099984092363,-90.31125058838008,0.0,3
2030-03-27 18:00:00,-177.13510592714113,56.135105927141126,166.0196208241787,41.0196208241787,159.65823790754985,34.65823790754985,-101.71476283260428,0.0,3
2030-03-27 20:00:00,-139.64031959909454,18.64031959909454,134.76959348490237,9.769593484902373,129.6056195797711,4.605619579771087,-80.56424773400421,0.0,3
2030-03-27 22:00:00,-149.61224442910407,28.612244429104067,142.0234965894738,17.023496589473808,136.58157448123714,11.58157448123714,-86.4250757403561,0.0,3
2030-03-28 00:00:00,-137.56173622875517,16.561736228755166,126.54085149485239,1.5408514948523901,121.69217874786725,0.0,-79.14718335357564,0.0,2
2030-03-28 02:00:00,-153.9035121575684,32.9035121575684,151.23541619280974,26.235416192809737,145.44052045589524,20.44052045589524,-86.8575826765684,0.0,3
2030-03-28 04:00:00,-158.83448609509887,37.83448609509887,154.23556655935582,29.235566559355817,148.3257138963002,23.325713896300186,-90.23272510677624,0.0,3
2030-03-28 06:00:00,-154.65891580996583,33.65891580996583,142.3108274990159,17.310827499015886,136.85789571655945,11.857895716559455,-88.41795652248219,0.0,3
2030-03-28 08:00:00,-153.41968391874707,32.41968391874707,141.33564598449564,16.335645984495642,135.9200802856157,10.920080285615711,-87.88847978387514,0.0,3
2030-03-28 10:00:00,-144.22356180639088,23.223561806390876,139.2074798460168,14.20747984601681,133.8734592057865,8.873459205786503,-81.54219169580736,0.0,3
2030-03-28 12:00:00,-140.27154085702676,19.271540857026764,130.6505930006971,5.650593000697114,125.64444706302957,0.644447063029574,-79.0514718526112,0.0,3
2030-03-28 14:00:00,-116.85313171056907,0.0,124.38991267046933,0.0,119.62365756438832,0.0,-64.25840022742105,0.0,0
2030-03-28 16:00:00,-165.56097938291623,44.56097938291623,146.0906356072337,21.090635607233708,140.49287271018733,15.492872710187328,-94.4439773094186,0.0,3
2030-03-28 18:00:00,-128.57332370410728,7.573323704107281,131.4812681982424,6.48126819824239,126.44329323347128,1.4432932334712802,-72.12016957972925,0.0,3
2030-03-28 20:00:00,-171.48227625866895,50.482276258668946,162.35805980238868,37.35805980238868,156.1369771202536,31.13697712025359,-97.58015493055223,0.0,3
2030-03-28 22:00:00,-156.47447700383566,35.47447700383566,151.98145054577668,26.98145054577668,146.1579689696426,21.15796896964261,-88.97544625953734,0.0,3
2030-03-29 00:00:00,-153.2926764522328,32.2926764522328,153.11294571636597,28.11294571636597,147.2461085777224,22.246108577722396,-86.05147821038743,0.0,3
2030-03-29 02:00:00,-142.2504753493312,21.250475349331197,135.8993139136311,10.89931391363109,130.69205244887138,5.6920524488713795,-80.5928815867084,0.0,3
2030-03-29 04:00:00,-62.86397881886664,0.0,58.10027631687683,0.0,55.87404484267651,0.0,-35.6308441378675,0.0,0
2030-03-29 06:00:00,-64.67799425171765,0.0,51.70521941035504,0.0,49.72402768238514,0.0,-37.97294369574162,0.0,0
2030-03-29 08:00:00,-15.55530118047638,0.0,19.02674717862037,0.0,18.297698263436608,0.0,-7.657127799532789,0.0,0
2030-03-29 10:00:00,-44.54805829827704,0.0,41.055871297528626,0.0,39.48273122527164,0.0,-25.501358714936238,0.0,0
2030-03-29 12:00:00,16.9266232477986,0.0,-5.777000636695533,0.0,-5.55564298645397,0.0,11.177121648534944,0.0,0
2030-03-29 14:00:00,-42.06290316400904,0.0,44.393368469819805,0.0,42.69234533536387,0.0,-23.08079549495179,0.0,0
2030-03-29 16:00:00,-65.07436120290436,0.0,52.54928400164293,0.0,50.5357502044351,0.0,-38.33314501700846,0.0,0
2030-03-29 18:00:00,-63.386946124322904,0.0,49.956429552504034,0.0,48.04224630143132,0.0,-37.81539792547364,0.0,0
2030-03-29 20:00:00,-86.2578361415535,0.0,76.61399521486211,0.0,73.67837255824466,0.0,-49.88302368846434,0.0,0
2030-03-29 22:00:00,-64.0829693027284,0.0,61.761874419150644,0.0,59.39534128964162,0.0,-36.50215585399102,0.0,0
2030-03-30 00:00:00,-85.10817680026406,0.0,90.44034332619727,0.0,86.97493573067811,0.0,-47.580459197805155,0.0,0
2030-03-30 02:00:00,-86.44365875412288,0.0,95.46673628632728,0.0,91.80873211607738,0.0,-47.918038879869094,0.0,0
2030-03-30 04:00:00,-104.63929713658712,0.0,112.4242308041998,0.0,108.11646538645815,0.0,-58.87784111129623,0.0,0
2030-03-30 06:00:00,-99.65741087737806,0.0,100.14074524876807,0.0,96.3036468207537,0.0,-56.952984127771145,0.0,0
2030-03-30 08:00:00,-41.86258291906993,0.0,44.988570197138785,0.0,43.26474068545296,0.0,-24.435886114998944,0.0,0
2030-03-30 10:00:00,-61.99607059627794,0.0,50.07052201229363,0.0,48.15196707418183,0.0,-36.99229948708767,0.0,0
2030-03-30 12:00:00,-83.7199136074439,0.0,79.93171614331898,0.0,76.86896819192205,0.0,-48.34130716967026,0.0,0
2030-03-30 14:00:00,-62.664404742915295,0.0,58.46754923466325,0.0,56.22724494392865,0.0,-36.10662967104312,0.0,0
2030-03-30 16:00:00,-42.06400526948123,0.0,39.32673657872403,0.0,37.81985185632371,0.0,-24.363797726667325,0.0,0
2030-03-30 18:00:00,-28.134075833231265,0.0,21.710493640740808,0.0,20.87861146517526,0.0,-16.96617988557598,0.0,0
2030-03-30 20:00:00,-25.30391268148178,0.0,9.469511107378775,0.0,9.10666733091273,0.0,-16.6568635919849,0.0,0
2030-03-30 22:00:00,-27.057381217699348,0.0,8.876473443012445,0.0,8.536353123257713,0.0,-17.84457525420187,0.0,0
2030-03-31 00:00:00,-43.174838125162175,0.0,26.645871289021336,0.0,25.62487997742101,0.0,-26.56952781513571,0.0,0
2030-03-31 02:00:00,-56.973929524449446,0.0,50.02156474839021,0.0,48.10488570844447,0.0,-33.14017244170636,0.0,0
2030-03-31 04:00:00,-90.46246347899609,0.0,77.35602913440437,0.0,74.39197392339425,0.0,-52.63870161094131,0.0,0
2030-03-31 06:00:00,-60.531536315553346,0.0,52.06615343701566,0.0,50.071131780150324,0.0,-35.254839424349036,0.0,0
2030-03-31 08:00:00,-88.55691461998825,0.0,71.78029768897292,0.0,69.02988808556383,0.0,-51.81021877649517,0.0,0
2030-03-31 10:00:00,-43.05926129082296,0.0,46.39126952204264,0.0,44.61369270339192,0.0,-23.553313243157486,0.0,0
2030-03-31 12:00:00,-70.37671731508155,0.0,52.37599165344551,0.0,50.36909790864787,0.0,-41.533682598155565,0.0,0
2030-03-31 14:00:00,-93.66358603911857,0.0,82.12535250779452,0.0,78.97855087150796,0.0,-54.483730148867444,0.0,0
2030-03-31 16:00:00,-95.2930002909532,0.0,79.18816068195179,0.0,76.15390358594918,0.0,-55.68622735030947,0.0,0
2030-03-31 18:00:00,-119.60990091203558,0.0,91.97607780848068,0.0,88.45182539057507,0.0,-71.1994049997573,0.0,0
2030-03-31 20:00:00,-62.695079898063895,0.0,33.79371222299487,0.0,32.49883669829714,0.0,-39.561179854864484,0.0,0
2030-03-31 22:00:00,-48.0377378910829,0.0,23.639350782994697,0.0,22.733560482519376,0.0,-31.086231728714633,0.0,0
2030-04-01 00:00:00,-63.64982290140484,0.0,25.400416995545996,0.0,24.427147824416956,0.0,-41.09518436859319,0.0,0
2030-04-01 02:00:00,-98.3903905547121,0.0,67.05186928595259,0.0,64.48263913299725,0.0,-59.44769795220437,0.0,0
2030-04-01 04:00:00,-80.86749584313228,0.0,57.9656269418262,0.0,55.7445548351147,0.0,-48.82764160006762,0.0,0
2030-04-01 06:00:00,-81.9323090810474,0.0,63.867889414833485,0.0,61.420659993228284,0.0,-48.5302743350484,0.0,0
2030-04-01 08:00:00,2.0093233087830367,0.0,-9.519976834082428,0.0,-9.15519935959843,0.0,-0.7488968604758869,0.0,0
2030-04-01 10:00:00,0.5939556327233877,0.0,-8.2652845718055,0.0,-7.948583209549988,0.0,-0.7879391258509361,0.0,0
2030-04-01 12:00:00,-37.21935490346381,0.0,22.642854944007716,0.0,21.775247429248637,0.0,-23.025930388388232,0.0,0
2030-04-01 14:00:00,7.919938128089678,0.0,-7.416338186624488,0.0,-7.132165949571221,0.0,4.111535597636453,0.0,0
2030-04-01 16:00:00,-65.58504180037079,0.0,45.880990194721505,0.0,44.1229657770425,0.0,-39.07728307828733,0.0,0
2030-04-01 18:00:00,-129.66049545274058,8.660495452740577,99.16110135257661,0.0,95.36153999346222,0.0,-76.17565627051417,0.0,1
2030-04-01 20:00:00,-153.7498744074659,32.74987440746591,104.15379917789136,0.0,100.1629323423749,0.0,-92.13016330173078,0.0,1
2030-04-01 22:00:00,-164.8165838567243,43.81658385672429,124.13609071840163,0.0,119.37956132197917,0.0,-97.14092370180374,0.0,1
2030-04-02 00:00:00,-137.74708841332608,16.747088413326082,98.27122425190827,0.0,94.50576036246636,0.0,-82.1366409483939,0.0,1
2030-04-02 02:00:00,-115.39832235977792,0.0,75.16914010244352,0.0,72.288880038413,0.0,-69.5660547495118,0.0,0
2030-04-02 04:00:00,-116.25822625794342,0.0,92.915991206028,0.0,89.3557240749182,0.0,-68.1226414230608,0.0,0
2030-04-02 06:00:00,-61.52615381209553,0.0,34.814354201996636,0.0,33.480370682611415,0.0,-38.45557374617198,0.0,0
2030-04-02 08:00:00,-98.61603630583252,0.0,54.97991949981609,0.0,52.87325090891409,0.0,-60.94423574477776,0.0,0
2030-04-02 10:00:00,-114.65848222739379,0.0,77.21698572709633,0.0,74.25825824994996,0.0,-69.7379407800942,0.0,0
2030-04-02 12:00:00,-117.0068453465639,0.0,90.53905689856802,0.0,87.06986688968229,0.0,-69.29438041812591,0.0,0
2030-04-02 14:00:00,-91.98213159618967,0.0,68.60858650236494,0.0,65.97970753044872,0.0,-55.17665853350626,0.0,0
2030-04-02 16:00:00,-133.79361985052734,12.793619850527335,118.76948901476469,0.0,114.21859199015691,0.0,-77.17948645380802,0.0,1
2030-04-02 18:00:00,-148.18926507591402,27.189265075914022,118.6127709616597,0.0,114.06787891128818,0.0,-87.4134417336533,0.0,1
2030-04-02 20:00:00,-66.86458349172406,0.0,38.69476831440282,0.0,37.2120987546474,0.0,-41.84057498399704,0.0,0
2030-04-02 22:00:00,-56.48824665105057,0.0,37.01533220758014,0.0,35.59701369324006,0.0,-34.91627531347336,0.0,0
2030-04-03 00:00:00,-61.71371036949607,0.0,48.14438367324502,0.0,46.29963268351142,0.0,-36.75388555610949,0.0,0
2030-04-03 02:00:00,-50.76718633140209,0.0,37.00316675800593,0.0,35.58531438786453,0.0,-30.486119192406733,0.0,0
2030-04-03 04:00:00,-50.93482791890831,0.0,54.812714908795144,0.0,52.71245310537772,0.0,-28.36923870600554,0.0,0
2030-04-03 06:00:00,-68.63810078956386,0.0,72.7258257612625,0.0,69.93918630684907,0.0,-38.31828700009706,0.0,0
2030-04-03 08:00:00,-95.56677659458323,0.0,89.50894759695285,0.0,86.07922834267453,0.0,-54.36626669511584,0.0,0
2030-04-03 10:00:00,-70.39827880291904,0.0,85.25697687205925,0.0,81.99018061325008,0.0,-38.39366866941561,0.0,0
2030-04-03 12:00:00,-113.86770812744248,0.0,122.39251845166376,0.0,117.7027976094138,0.0,-63.081069956846456,0.0,0
2030-04-03 14:00:00,-29.04781759924468,0.0,49.96952023469073,0.0,48.05483538723088,0.0,-14.327732342669007,0.0,0
2030-04-03 16:00:00,-98.56958180276708,0.0,111.4829099324268,0.0,107.21121315815662,0.0,-54.18003986703835,0.0,0
2030-04-03 18:00:00,-96.20061360905136,0.0,96.74002900480426,0.0,93.03323600762552,0.0,-54.6904855864719,0.0,0
2030-04-03 20:00:00,-49.46713859630769,0.0,29.61565600620512,0.0,28.48087129071571,0.0,-30.825059648266762,0.0,0
2030-04-03 22:00:00,-41.604398509088085,0.0,23.971928919727677,0.0,23.053395204546614,0.0,-26.299278768935324,0.0,0
2030-04-04 00:00:00,-45.27662117700952,0.0,26.928936461501284,0.0,25.897098926162034,0.0,-27.610539162795423,0.0,0
2030-04-04 02:00:00,-48.8622314050688,0.0,36.50733510322759,0.0,35.10848154179668,0.0,-28.59566566050828,0.0,0
2030-04-04 04:00:00,-35.235057591793534,0.0,23.22864972532754,0.0,22.33859627980412,0.0,-20.910662371789076,0.0,0
2030-04-04 06:00:00,-39.85123555104534,0.0,36.683526901806125,0.0,35.277922189566254,0.0,-22.31144612406584,0.0,0
2030-04-04 08:00:00,-21.439253973137163,0.0,33.602812726554724,0.0,32.315251908332144,0.0,-9.673522420905806,0.0,0
2030-04-04 10:00:00,49.09339149086222,0.0,-20.81495841725055,0.0,-20.01739051395996,0.0,31.996320006340046,0.0,0
2030-04-04 12:00:00,-19.81433685929158,0.0,38.860885384859586,0.0,37.37185070820475,0.0,-7.939286740168804,0.0,0
2030-04-04 14:00:00,-5.351613138945774,0.0,25.397821194890163,0.0,24.42465148719716,0.0,0.3595525133563008,0.0,0
2030-04-04 16:00:00,-8.747634773814303,0.0,25.05011003983753,0.0,24.090263599543256,0.0,-2.197131112838979,0.0,0
2030-04-04 18:00:00,-9.745369310219779,0.0,21.770946527851233,0.0,20.93674797569468,0.0,-3.312629039764298,0.0,0
2030-04-04 20:00:00,-36.007453574335564,0.0,49.45552761208384,0.0,47.56053744813475,0.0,-18.369420172247736,0.0,0
2030-04-04 22:00:00,-37.2656006155981,0.0,49.78062560174067,0.0,47.87317864029161,0.0,-18.878638131026392,0.0,0
2030-04-05 00:00:00,-27.624028999154948,0.0,40.402569040093944,0.0,38.85446158626621,0.0,-13.400838052342403,0.0,0
2030-04-05 02:00:00,-40.96712554869366,0.0,51.8103076409252,0.0,49.82508924146087,0.0,-21.56880259678776,0.0,0
2030-04-05 04:00:00,-48.624342283475045,0.0,61.29798180129714,0.0,58.94922367066902,0.0,-26.140413861677153,0.0,0
2030-04-05 06:00:00,-59.63113212413847,0.0,72.02506916336665,0.0,69.26528063794844,0.0,-32.07789249208465,0.0,0
2030-04-05 08:00:00,-7.88313966063804,0.0,12.794227696050894,0.0,12.303990571709459,0.0,-4.190781562514494,0.0,0
2030-04-05 10:00:00,1.231741690107,0.0,-3.5608720054416874,0.0,-3.4244298775096285,0.0,0.11508453301802458,0.0,0
2030-04-05 12:00:00,-30.516351421320117,0.0,38.22646443241019,0.0,36.761738898185634,0.0,-16.417416556325684,0.0,0
2030-04-05 14:00:00,27.785033867044604,0.0,-7.594953181344564,0.0,-7.30393694374228,0.0,18.03829458148355,0.0,0
2030-04-05 16:00:00,4.296466614492572,0.0,0.35040350605371384,0.0,0.3369770756940811,0.0,3.2554671145339285,0.0,0
2030-04-05 18:00:00,4.487205648526114,0.0,-5.192469748030405,0.0,-4.99350959990893,0.0,2.1599268155759987,0.0,0
2030-04-05 20:00:00,-7.162444892359565,0.0,6.02643634804634,0.0,5.795521055972403,0.0,-4.7787105349249535,0.0,0
2030-04-05 22:00:00,-46.50687790590631,0.0,38.08811744026116,0.0,36.62869295532258,0.0,-27.59330527782805,0.0,0
2030-04-06 00:00:00,-38.16727144698437,0.0,15.66981441925356,0.0,15.069393280724718,0.0,-24.668710033152163,0.0,0
2030-04-06 02:00:00,-52.95704858663183,0.0,34.00316418139133,0.0,32.700263074516116,0.0,-32.67964926501279,0.0,0
2030-04-06 04:00:00,-68.7817259529582,0.0,32.21796623034319,0.0,30.983468651269213,0.0,-43.97970929943882,0.0,0
2030-04-06 06:00:00,-68.83865672511178,0.0,37.47475730126043,0.0,36.03883497040826,0.0,-43.35977209849802,0.0,0
2030-04-06 08:00:00,-53.74645123227593,0.0,23.931065514880924,0.0,23.01409756502459,0.0,-34.603451814859575,0.0,0
2030-04-06 10:00:00,-37.765595319243644,0.0,13.928481118761228,0.0,13.394782743812508,0.0,-25.244213829835093,0.0,0
2030-04-06 12:00:00,13.75981587112898,0.0,-20.72960961585941,0.0,-19.935312027272815,0.0,6.088691261736975,0.0,0
2030-04-06 14:00:00,-29.169847741593298,0.0,13.646470772774581,0.0,13.123578203720175,0.0,-18.880542410163457,0.0,0
2030-04-06 16:00:00,-27.81901644833577,0.0,13.36966504039213,0.0,12.857378851767029,0.0,-18.34847616864958,0.0,0
2030-04-06 18:00:00,-38.1998638863547,0.0,30.301015818705444,0.0,29.1399701336912,0.0,-23.411763862964357,0.0,0
2030-04-06 20:00:00,-34.51953888972441,0.0,29.802475194928235,0.0,28.66053211833824,0.0,-20.33427576330267,0.0,0
2030-04-06 22:00:00,-43.14745307125207,0.0,41.571644544453854,0.0,39.97874156040645,0.0,-24.522717300653188,0.0,0
2030-04-07 00:00:00,-51.40189532789761,0.0,58.89243554654354,0.0,56.63585086369324,0.0,-27.425200930582996,0.0,0
2030-04-07 02:00:00,-39.477617648270304,0.0,45.530200311758875,0.0,43.78561712926489,0.0,-21.377371312189858,0.0,0
2030-04-07 04:00:00,-94.39672266522284,0.0,99.44175721554544,0.0,95.63144195033676,0.0,-51.75057193089994,0.0,0
2030-04-07 06:00:00,-113.20458994591797,0.0,115.05562873064551,0.0,110.64703589423475,0.0,-63.00464174246908,0.0,0
2030-04-07 08:00:00,-119.28483412111892,0.0,117.11281826153493,0.0,112.62539998104043,0.0,-66.940346106462,0.0,0
2030-04-07 10:00:00,-124.09171694613545,3.091716946135449,121.91281059621755,0.0,117.24147074617474,0.0,-69.72762002812615,0.0,1
2030-04-07 12:00:00,-112.00289586965998,0.0,108.37088518257661,0.0,104.21843203132843,0.0,-63.015086476275926,0.0,0
2030-04-07 14:00:00,-94.72618910405335,0.0,85.64222255928881,0.0,82.36066482035294,0.0,-54.55407059955648,0.0,0
2030-04-07 16:00:00,-120.3856227804495,0.0,96.55327300035484,0.0,92.85363594324136,0.0,-71.46469298918628,0.0,0
2030-04-07 18:00:00,-102.54055170552141,0.0,83.7790107713112,0.0,80.56884582064495,0.0,-60.82620954667779,0.0,0
2030-04-07 20:00:00,-143.4404881340233,22.440488134023298,134.00659180124487,9.006591801244866,128.87185387347378,3.871853873473782,-83.06297688626198,0.0,3
2030-04-07 22:00:00,-154.2085765518353,33.20857655183531,136.28440311049027,11.284403110490274,131.0623861618541,6.062386161854107,-90.48278661580682,0.0,3
2030-04-08 00:00:00,-94.62824475950049,0.0,73.24787614577681,0.0,70.44123325814753,0.0,-57.27692344675758,0.0,0
2030-04-08 02:00:00,-139.00109500200423,18.001095002004234,114.62327183940602,0.0,110.23124564570992,0.0,-82.76001165602855,0.0,1
2030-04-08 04:00:00,-112.92330579178513,0.0,105.02404540378255,0.0,100.9998332958992,0.0,-66.28615974312696,0.0,0
2030-04-08 06:00:00,-86.39492741088443,0.0,84.40689448528704,0.0,81.17267087991567,0.0,-50.548742103716826,0.0,0
2030-04-08 08:00:00,-67.02056863648727,0.0,69.5687457159269,0.0,66.90307627076373,0.0,-39.031050949379704,0.0,0
2030-04-08 10:00:00,-70.2866928538283,0.0,67.680084725655,0.0,65.08678320724151,0.0,-41.16156827650244,0.0,0
2030-04-08 12:00:00,12.896919752449872,0.0,2.8180169682541036,0.0,2.7100388575248058,0.0,7.827688849279003,0.0,0
2030-04-08 14:00:00,-38.11528897898479,0.0,33.33115864408081,0.0,32.054006810235535,0.0,-23.58293124230006,0.0,0
2030-04-08 16:00:00,-32.3857887010266,0.0,23.55906853641581,0.0,22.65635441518573,0.0,-21.115431366795065,0.0,0
2030-04-08 18:00:00,4.330908542906062,0.0,-3.8962912570391355,0.0,-3.7469968512471308,0.0,0.347557892415594,0.0,0
2030-04-08 20:00:00,-50.92626672770093,0.0,17.68308843579141,0.0,17.00552456635092,0.0,-33.95764851901832,0.0,0
2030-04-08 22:00:00,-33.46070836018369,0.0,13.997156355914347,0.0,13.460826548137014,0.0,-21.953396092558332,0.0,0
2030-04-09 00:00:00,-21.796011822566527,0.0,0.8212346626199984,0.0,0.7897673690110123,0.0,-15.708145222459985,0.0,0
2030-04-09 02:00:00,-20.498786789617956,0.0,1.2275934834304403,0.0,1.18055571659725,0.0,-14.705196774334208,0.0,0
2030-04-09 04:00:00,-23.196220283604365,0.0,8.937287044431697,0.0,8.594836526575964,0.0,-15.439420005207438,0.0,0
2030-04-09 06:00:00,-18.47163580201831,0.0,-7.29332992223249,0.0,-7.013870999592456,0.0,-14.192872708592587,0.0,0
2030-04-09 08:00:00,-50.77847716328535,0.0,40.449614229143506,0.0,38.899704142226696,0.0,-31.005241741353096,0.0,0
2030-04-09 10:00:00,-56.9672301848068,0.0,52.40928449536484,0.0,50.40111506691736,0.0,-33.55211019055523,0.0,0
2030-04-09 12:00:00,-89.54554800294373,0.0,72.2669138358891,0.0,69.4978585348896,0.0,-53.10625344929738,0.0,0
2030-04-09 14:00:00,-101.48235713735164,0.0,85.53705326802512,0.0,82.25952530659069,0.0,-59.49722603283367,0.0,0
2030-04-09 16:00:00,-91.40538874782865,0.0,76.34933755896759,0.0,73.42385580426638,0.0,-54.04575595817218,0.0,0
2030-04-09 18:00:00,-113.10436617010856,0.0,99.27877395356793,0.0,95.47470372694735,0.0,-66.78124128225936,0.0,0
2030-04-09 20:00:00,-138.37882288688428,17.37882288688428,119.72602820603247,0.0,115.13847941677056,0.0,-82.01063275408538,0.0,1
2030-04-09 22:00:00,-144.4262289292949,23.426228929294894,116.56370131708519,0.0,112.09732358066796,0.0,-87.06327370690383,0.0,1
2030-04-10 00:00:00,-172.1783992065484,51.17839920654839,145.40542244210158,20.40542244210158,139.8339148954846,14.833914895484611,-102.22440071376678,0.0,3
2030-04-10 02:00:00,-152.1765647296016,31.17656472960161,126.92189925300559,1.9218992530055914,122.05862587817225,0.0,-90.07362175371676,0.0,2
2030-04-10 04:00:00,-121.5577075125151,0.5577075125150941,95.18239118816871,0.0,91.53528228464012,0.0,-73.09016970480208,0.0,1
2030-04-10 06:00:00,-131.7170090317619,10.717009031761904,107.27999372072398,0.0,103.16934031745066,0.0,-78.49283162570632,0.0,1
2030-04-10 08:00:00,-33.99826544145366,0.0,39.29717576973786,0.0,37.79142373047668,0.0,-19.244563273989503,0.0,0
2030-04-10 10:00:00,-95.78824884524028,0.0,94.50298731835456,0.0,90.88191117016817,0.0,-54.666041036588624,0.0,0
2030-04-10 12:00:00,-122.59852117515968,1.598521175159675,125.0583997637699,0.05839976376989853,120.26653020107108,0.0,-69.44473992143865,0.0,2
2030-04-10 14:00:00,-94.32214657739705,0.0,88.30663053715321,0.0,84.9229805315974,0.0,-54.79817687048076,0.0,0
2030-04-10 16:00:00,-112.01532046446329,0.0,98.99362147477751,0.0,95.20047745132632,0.0,-66.41101226428664,0.0,0
2030-04-10 18:00:00,-95.46371080162719,0.0,75.80265571915547,0.0,72.89812120249363,0.0,-57.714401409765,0.0,0
2030-04-10 20:00:00,-99.57009763526949,0.0,71.34739469164384,0.0,68.61357265612632,0.0,-61.4686774530647,0.0,0
2030-04-10 22:00:00,-124.94561693314262,3.9456169331426167,96.9737062110931,0.0,93.25795939158473,0.0,-75.50180407600877,0.0,1
2030-04-11 00:00:00,-84.4290792808404,0.0,58.779726909052826,0.0,56.52746088924695,0.0,-51.8880431279705,0.0,0
2030-04-11 02:00:00,-80.25318615498634,0.0,54.91899696212051,0.0,52.81466274343677,0.0,-49.55161755218103,0.0,0
2030-04-11 04:00:00,-72.98765416065945,0.0,46.24018720535126,0.0,44.46839941611542,0.0,-45.53585590447873,0.0,0
2030-04-11 06:00:00,-55.81192686507353,0.0,39.28903414125081,0.0,37.78359406521493,0.0,-33.915299408154475,0.0,0
2030-04-11 08:00:00,-94.38450011420335,0.0,63.99563172004967,0.0,61.54350758952943,0.0,-58.13610077010048,0.0,0
2030-04-11 10:00:00,-70.66422213714327,0.0,53.82244222845152,0.0,51.76012475763935,0.0,-42.115342445289585,0.0,0
2030-04-11 12:00:00,-31.565497123602654,0.0,15.64154431102548,0.0,15.042206399784137,0.0,-19.97966941308339,0.0,0
2030-04-11 14:00:00,4.334273822681203,0.0,-6.26185268232841,0.0,-6.021916929662252,0.0,2.016680776373094,0.0,0
2030-04-11 16:00:00,-31.04163902227092,0.0,15.57304357525435,0.0,14.976330410462474,0.0,-19.75792646858947,0.0,0
2030-04-11 18:00:00,-35.950288982942354,0.0,12.305970394966831,0.0,11.834441852409956,0.0,-23.8062769962242,0.0,0
2030-04-11 20:00:00,-27.319310882103455,0.0,1.2009729200704022,0.0,1.1549551748235487,0.0,-19.67690939746797,0.0,0
2030-04-11 22:00:00,-53.676732351877945,0.0,27.348512857623447,0.0,26.300598390501936,0.0,-34.264339414715046,0.0,0
2030-04-12 00:00:00,-55.00584842954325,0.0,27.07568756554761,0.0,26.03822696010588,0.0,-36.041239126606364,0.0,0
2030-04-12 02:00:00,-76.61797770608061,0.0,51.453625632084695,0.0,49.482074236715604,0.0,-47.23347552069578,0.0,0
2030-04-12 04:00:00,-85.04800346266971,0.0,58.287922521346744,0.0,56.054500997238065,0.0,-52.290045835629485,0.0,0
2030-04-12 06:00:00,-61.710135705130064,0.0,38.96742678921818,0.0,37.47430975972899,0.0,-38.459498207456306,0.0,0
2030-04-12 08:00:00,6.107075433022152,0.0,-26.9776381602261,0.0,-25.943934519225657,0.0,-0.07896055346125327,0.0,0
2030-04-12 10:00:00,23.91764622661885,0.0,-28.595592271122932,0.0,-27.499893393717016,0.0,12.123842401456745,0.0,0
2030-04-12 12:00:00,25.019193855432945,0.0,-21.202791426903744,0.0,-20.39036290491119,0.0,13.891771746957694,0.0,0
2030-04-12 14:00:00,-19.161939058748896,0.0,-0.29605740432159244,0.0,-0.2847133565225981,0.0,-13.374321337366368,0.0,0
2030-04-12 16:00:00,-14.223039975867927,0.0,7.4819279072983305,0.0,7.1952424653206775,0.0,-9.123146057085801,0.0,0
2030-04-12 18:00:00,-12.392757118412366,0.0,-9.495539134659495,0.0,-9.13169804084459,0.0,-10.61388497120005,0.0,0
2030-04-12 20:00:00,-12.561167027196783,0.0,-6.928321552577238,0.0,-6.662848675656491,0.0,-10.41019591713497,0.0,0
2030-04-12 22:00:00,35.9176145455297,0.0,-43.04516099547591,0.0,-41.39579720075822,0.0,18.428237497621566,0.0,0
2030-04-13 00:00:00,-6.974148084505876,0.0,-19.176658618489583,0.0,-18.441865538442272,0.0,-7.794045250996163,0.0,0
2030-04-13 02:00:00,-6.393072497755515,0.0,-17.78744085512258,0.0,-17.10587850830718,0.0,-7.2125564611793225,0.0,0
2030-04-13 04:00:00,-12.848463880711947,0.0,-6.1550801387704315,0.0,-5.919235595511737,0.0,-10.548001138266953,0.0,0
2030-04-13 06:00:00,-10.355030932220815,0.0,-5.4311459120503365,0.0,-5.223040396261798,0.0,-8.666639104655037,0.0,0
2030-04-13 08:00:00,21.812029458403217,0.0,-30.59807970262446,0.0,-29.42565140447732,0.0,10.735943800319383,0.0,0
2030-04-13 10:00:00,17.202751503523515,0.0,-18.308505644064937,0.0,-17.606977629153327,0.0,9.330972668479683,0.0,0
2030-04-13 12:00:00,20.56531520795371,0.0,-27.530748850917245,0.0,-26.475851637245647,0.0,10.237646409345173,0.0,0
2030-04-13 14:00:00,22.334001801076226,0.0,-18.463811925213726,0.0,-17.75633303100947,0.0,12.946392019357269,0.0,0
2030-04-13 16:00:00,17.34863884567435,0.0,-16.387957083591576,0.0,-15.760018833205999,0.0,9.598217771869132,0.0,0
2030-04-13 18:00:00,-13.505362249281202,0.0,-6.8078347987568115,0.0,-6.546978619390436,0.0,-11.21329567551339,0.0,0
2030-04-13 20:00:00,-10.070908793476065,0.0,-11.304919393774766,0.0,-10.871748177334052,0.0,-9.112736307359057,0.0,0
2030-04-13 22:00:00,-3.9292422894093395,0.0,-22.73174454860893,0.0,-21.860731045995063,0.0,-6.076601177137643,0.0,0
2030-04-14 00:00:00,-20.10142645538128,0.0,13.170948892093339,0.0,12.666276921021392,0.0,-12.415433178532478,0.0,0
2030-04-14 02:00:00,-15.767242837635173,0.0,-2.3634469416056048,0.0,-2.272886615518545,0.0,-11.743626687346303,0.0,0
2030-04-14 04:00:00,-13.81058237452237,0.0,-2.748303289151399,0.0,-2.6429964012875797,0.0,-10.427664466215656,0.0,0
2030-04-14 06:00:00,37.17101676440981,0.0,-39.0550928842313,0.0,-37.558616748171346,0.0,19.892624088824373,0.0,0
2030-04-14 08:00:00,-12.033199934386797,0.0,1.6691564462759443,0.0,1.6051992871775118,0.0,-8.542787374168414,0.0,0
2030-04-14 10:00:00,-14.076766047527109,0.0,-3.031137591921187,0.0,-2.914993326565793,0.0,-10.82402901561774,0.0,0
2030-04-14 12:00:00,-8.252184951411673,0.0,-12.19830983800649,0.0,-11.730906530915341,0.0,-7.936291028200203,0.0,0
2030-04-14 14:00:00,-11.228050276095686,0.0,0.5330287739622257,0.0,0.5126046811958291,0.0,-8.247814605598588,0.0,0
2030-04-14 16:00:00,-13.640867962118957,0.0,-4.686219226395226,0.0,-4.506657107277176,0.0,-10.700856739977104,0.0,0
2030-04-14 18:00:00,-9.299843881413391,0.0,-13.499607106359813,0.0,-12.982341920466187,0.0,-8.8127390914723,0.0,0
2030-04-14 20:00:00,-26.397461853570423,0.0,3.7428439685929336,0.0,3.599429210968407,0.0,-18.606485176141966,0.0,0
2030-04-14 22:00:00,-28.022676948238566,0.0,5.969782007416302,0.0,5.741037542819634,0.0,-19.523754630952098,0.0,0
2030-04-15 00:00:00,-18.89232346593697,0.0,-4.197962894559803,0.0,-4.0371093200875565,0.0,-13.817228006136526,0.0,0
2030-04-15 02:00:00,-42.25907105125123,0.0,13.642430357615007,0.0,13.119692605369854,0.0,-28.267008994281735,0.0,0
2030-04-15 04:00:00,-37.3449623582725,0.0,14.38761128789099,0.0,13.83632039707027,0.0,-24.752013771636815,0.0,0
2030-04-15 06:00:00,-73.16469943603182,0.0,44.71118322648308,0.0,42.997982366565246,0.0,-45.47350984278209,0.0,0
2030-04-15 08:00:00,-50.40607543210426,0.0,29.525958978700103,0.0,28.39461118913311,0.0,-31.518199223307615,0.0,0
2030-04-15 10:00:00,-100.71875395424685,0.0,87.34296569806109,0.0,83.99624049099796,0.0,-58.5868719157149,0.0,0
2030-04-15 12:00:00,-83.66558057025438,0.0,86.49342668493632,0.0,83.17925331083293,0.0,-47.62936543641343,0.0,0
2030-04-15 14:00:00,-125.56373416014182,4.56373416014182,103.18914332185813,0.0,99.2352392576848,0.0,-73.74630482476965,0.0,1
2030-04-15 16:00:00,-144.42287159507262,23.42287159507262,135.11548138290436,10.115481382904363,129.9382540722147,4.938254072214704,-82.35419141914616,0.0,3
2030-04-15 18:00:00,-160.2462282222973,39.246228222297304,127.99367756375672,2.9936775637567195,123.08933680060765,0.0,-94.32758687046463,0.0,2
2030-04-15 20:00:00,-155.153889160275,34.153889160275014,140.64552537314657,15.645525373146569,135.2564030635821,10.256403063582098,-90.05844558654015,0.0,3
2030-04-15 22:00:00,-129.98371308490402,8.983713084904025,120.21279643296941,0.0,115.60659611885875,0.0,-74.32182908231984,0.0,1
2030-04-16 00:00:00,-130.43547829506971,9.435478295069714,123.04338133720276,0.0,118.32872134607032,0.0,-74.129817502071,0.0,1
2030-04-16 02:00:00,-131.1669938110941,10.166993811094102,122.33521827919814,0.0,117.64769301079923,0.0,-74.6789382548097,0.0,1
2030-04-16 04:00:00,-122.99335424857311,1.9933542485731124,108.98785305498629,0.0,104.81175951193288,0.0,-70.64881764675008,0.0,1
2030-04-16 06:00:00,-69.70359592594289,0.0,73.24978165329873,0.0,70.4430657522332,0.0,-38.542156998494406,0.0,0
2030-04-16 08:00:00,-111.43825562775133,0.0,97.83884522278109,0.0,94.08994882431244,0.0,-63.78236952107857,0.0,0
2030-04-16 10:00:00,-99.67784593088186,0.0,81.9791679393847,0.0,78.83796766522349,0.0,-57.2828708854011,0.0,0
2030-04-16 12:00:00,-93.1408309698048,0.0,79.39860995775493,0.0,76.35628906530908,0.0,-53.0630892442292,0.0,0
2030-04-16 14:00:00,-92.61022867234368,0.0,76.71768197515381,0.0,73.7780863472554,0.0,-52.9522155930084,0.0,0
2030-04-16 16:00:00,-95.25156333960189,0.0,84.20688931259946,0.0,80.98032931639924,0.0,-54.20276963417071,0.0,0
2030-04-16 18:00:00,-106.68801963595321,0.0,94.14930944011645,0.0,90.54178518658846,0.0,-61.61742648070163,0.0,0
2030-04-16 20:00:00,-110.4602669738244,0.0,98.77498331646503,0.0,94.99021686331727,0.0,-63.893001180925594,0.0,0
2030-04-16 22:00:00,-91.02237328089922,0.0,78.51913393673019,0.0,75.5105119752177,0.0,-52.79768497810569,0.0,0
2030-04-17 00:00:00,-95.88876405285714,0.0,87.60630649010169,0.0,84.2494908394668,0.0,-55.18456772389666,0.0,0
2030-04-17 02:00:00,-71.48608157384605,0.0,49.86692263338888,0.0,47.956169023845156,0.0,-43.60597630935099,0.0,0
2030-04-17 04:00:00,-124.04850665235826,3.048506652358256,109.29542388206838,0.0,105.10754513076458,0.0,-71.42256047736882,0.0,1
2030-04-17 06:00:00,-86.73631157381102,0.0,86.98848485728351,0.0,83.65534231203827,0.0,-49.36171229151102,0.0,0
2030-04-17 08:00:00,-110.99299433944466,0.0,97.31508930899537,0.0,93.58626169460118,0.0,-63.71703683818651,0.0,0
2030-04-17 10:00:00,-99.54352973432745,0.0,81.93980773799134,0.0,78.80011563082567,0.0,-57.76739811405737,0.0,0
2030-04-17 12:00:00,-112.9541128980521,0.0,104.47592899028703,0.0,100.47271908908147,0.0,-63.90564268930087,0.0,0
2030-04-17 14:00:00,-100.94742528754432,0.0,91.47519757746795,0.0,87.97013741484525,0.0,-57.346538701460936,0.0,0
2030-04-17 16:00:00,-104.63746090031285,0.0,86.26409137451112,0.0,82.95870545407539,0.0,-61.297740241396916,0.0,0
2030-04-17 18:00:00,-135.50793244475332,14.507932444753322,111.68242129480663,0.0,107.40307983272174,0.0,-79.81073862294595,0.0,1
2030-04-17 20:00:00,-152.84093962687007,31.840939626870068,135.44349585857003,10.443495858570031,130.253699999226,5.253699999226001,-89.20521187779883,0.0,3
2030-04-17 22:00:00,-146.47802877191367,25.47802877191367,132.66839758993012,7.668397589930123,127.58493532314856,2.5849353231485566,-84.34112285851305,0.0,3
2030-04-18 00:00:00,-162.27593546541976,41.275935465419764,151.8781555896266,26.8781555896266,146.05863197199267,21.058631971992668,-93.50422081829088,0.0,3
2030-04-18 02:00:00,-135.83961975975376,14.83961975975376,132.14092335728375,7.140923357283754,127.07767234960428,2.077672349604285,-76.723452245595,0.0,3
2030-04-18 04:00:00,-146.43400148030133,25.434001480301333,144.80321458233203,19.803214582332032,139.2547818673067,14.25478186730669,-83.68309116209777,0.0,3
2030-04-18 06:00:00,-173.66822063812373,52.66822063812373,142.91958535691214,17.919585356912137,137.4433277662269,12.4433277662269,-103.00185892373324,0.0,3
2030-04-18 08:00:00,-147.0211020034657,26.0211020034657,120.43708179055892,0.0,115.82228752210041,0.0,-88.21548867905722,0.0,1
2030-04-18 10:00:00,-115.5257406596553,0.0,106.6257457257794,0.0,102.54016117881119,0.0,-68.00892197905749,0.0,0
2030-04-18 12:00:00,-136.82951757050955,15.829517570509552,109.08502256759868,0.0,104.90520577500118,0.0,-82.43795965769374,0.0,1
2030-04-18 14:00:00,-160.85186974445958,39.85186974445958,128.8614776473255,3.8614776473255006,123.92388534077882,0.0,-96.47030954083517,0.0,2
2030-04-18 16:00:00,-130.32196326305024,9.321963263050236,116.21093326078989,0.0,111.75807255733369,0.0,-77.0758273039522,0.0,1
2030-04-18 18:00:00,-169.95263393935213,48.952633939352125,136.7429578702199,11.742957870219897,131.50337045370514,6.503370453705145,-102.38520423746743,0.0,3
2030-04-18 20:00:00,-179.0735507908843,58.0735507908843,143.9203986857476,18.920398685747614,138.40579287585058,13.40579287585058,-107.28586602475927,0.0,3
2030-04-18 22:00:00,-190.28994656448594,69.28994656448594,158.60495765012362,33.60495765012362,152.5276827889997,27.527682788999698,-113.00111792045368,0.0,3
2030-04-19 00:00:00,-194.5293023369788,73.52930233697879,169.18865210456957,44.18865210456957,162.70584124256158,37.705841242561576,-114.31974556209015,0.0,3
2030-04-19 02:00:00,-180.83120582766134,59.831205827661336,169.28630412118395,44.286304121183946,162.79975152149927,37.799751521499275,-104.44169649431345,0.0,3
2030-04-19 04:00:00,-166.67659195764583,45.676591957645826,159.3575078430826,34.3575078430826,153.25139747494066,28.25139747494066,-95.87129402945466,0.0,3
2030-04-19 06:00:00,-113.45527481201921,0.0,119.7872988466107,0.0,115.1974023468533,0.0,-64.44760946778149,0.0,0
2030-04-19 08:00:00,-145.7144036126992,24.714403612699186,136.79703117376238,11.797031173762377,131.5553718275101,6.5553718275101005,-83.72065528417701,0.0,3
2030-04-19 10:00:00,-123.21623779456914,2.216237794569139,123.02771487596156,0.0,118.31365517748392,0.0,-70.11326916741544,0.0,1
2030-04-19 12:00:00,-83.7061772893478,0.0,95.5538668793892,0.0,91.89252412142619,0.0,-47.212107072056114,0.0,0
2030-04-19 14:00:00,-135.40098107612008,14.400981076120075,120.35722840740499,0.0,115.7454938854083,0.0,-79.5102760154396,0.0,1
2030-04-19 16:00:00,-159.84933286108057,38.84933286108057,151.26816302274125,26.26816302274125,145.47201252374833,20.472012523748333,-92.16272299189352,0.0,3
2030-04-19 18:00:00,-113.26800296901055,0.0,117.97700453097679,0.0,113.45647317779896,0.0,-64.55446208304255,0.0,0
2030-04-19 20:00:00,-157.2575477452069,36.25754774520689,148.4478073610544,23.4478073610544,142.7597245846354,17.759724584635393,-90.70987377870597,0.0,3
2030-04-19 22:00:00,-145.46023788945172,24.46023788945172,140.87976607201085,15.879766072010852,135.48166834874078,10.481668348740783,-83.53172618936877,0.0,3
2030-04-20 00:00:00,-134.52420710054298,13.52420710054298,137.07530373718032,12.07530373718032,131.8229818058534,6.822981805853402,-75.09037549479773,0.0,3
2030-04-20 02:00:00,-131.73456636497264,10.734566364972636,134.04096938531964,9.040969385319642,128.90491420977403,3.9049142097740344,-73.69580164899084,0.0,3
2030-04-20 04:00:00,-132.78185729079644,11.781857290796438,135.28047905975515,10.280479059755152,130.09692952403213,5.096929524032134,-74.24215023885608,0.0,3
2030-04-20 06:00:00,-139.32774438424877,18.327744384248774,144.41209396292373,19.412093962923734,138.8786478381236,13.878647838123612,-77.81573108590459,0.0,3
2030-04-20 08:00:00,-126.60860784982734,5.608607849827337,125.14751993116909,0.1475199311690858,120.35223554612803,0.0,-71.03406078354985,0.0,2
2030-04-20 10:00:00,-124.25134126253009,3.25134126253009,124.48511234493955,0.0,119.71520946771045,0.0,-69.6872796271338,0.0,1
2030-04-20 12:00:00,-114.71026398288146,0.0,115.6898487278233,0.0,111.25695444899631,0.0,-64.47279663856607,0.0,0
2030-04-20 14:00:00,-121.52558589744251,0.5255858974425109,122.62826241261143,0.0,117.92950855608007,0.0,-69.12391837706812,0.0,1
2030-04-20 16:00:00,-111.52843148561121,0.0,107.20631343025987,0.0,103.0984832387175,0.0,-65.33905264829481,0.0,0
2030-04-20 18:00:00,-121.52405502141816,0.5240550214181638,110.03197637546545,0.0,105.81587510187535,0.0,-71.90093842329951,0.0,1
2030-04-20 20:00:00,-91.92607738898057,0.0,67.59053920132888,0.0,65.00066880368226,0.0,-56.6908811068807,0.0,0
2030-04-20 22:00:00,-59.915817557632835,0.0,45.250832184515104,0.0,43.5169535658748,0.0,-37.423602327982174,0.0,0
2030-04-21 00:00:00,-39.01888570328609,0.0,16.795210354721178,0.0,16.151667358409668,0.0,-26.179190857925704,0.0,0
2030-04-21 02:00:00,-31.093704974600136,0.0,17.229503360799633,0.0,16.56931953555485,0.0,-20.399452094756565,0.0,0
2030-04-21 04:00:00,-19.68851810954519,0.0,4.236518714769835,0.0,4.074187794819988,0.0,-13.76914531587703,0.0,0
2030-04-21 06:00:00,-22.323039009859983,0.0,6.30621122439869,0.0,6.064575783043099,0.0,-15.404511742795306,0.0,0
2030-04-21 08:00:00,-16.287832489124654,0.0,11.141629741054588,0.0,10.714715303193016,0.0,-10.199941333033891,0.0,0
2030-04-21 10:00:00,-20.440369167382112,0.0,10.579614413581172,0.0,10.17423474784658,0.0,-13.343469909984341,0.0,0
2030-04-21 12:00:00,-18.803149016893283,0.0,11.466006472568104,0.0,11.026662873694393,0.0,-11.734746420872458,0.0,0
2030-04-21 14:00:00,-3.656423051077616,0.0,-5.523256600144862,0.0,-5.311621674068705,0.0,-2.8317733583774833,0.0,0
2030-04-21 16:00:00,-13.069827924401897,0.0,9.782188532850842,0.0,9.407363878323924,0.0,-7.961235789925162,0.0,0
2030-04-21 18:00:00,-15.978084492498425,0.0,-4.287548267804487,0.0,-4.123262045672252,0.0,-12.37283138205437,0.0,0
2030-04-21 20:00:00,-19.222538265159923,0.0,8.100036785072033,0.0,7.789667231323987,0.0,-12.581467246461662,0.0,0
2030-04-21 22:00:00,-17.905731187022553,0.0,2.467084154615932,0.0,2.37255275575385,0.0,-12.685088235053657,0.0,0
2030-04-22 00:00:00,-17.779006684145727,0.0,-0.0489410235829828,0.0,-0.047065747698103344,0.0,-13.065311352004127,0.0,0
2030-04-22 02:00:00,-21.62040950620549,0.0,7.4102456065378925,0.0,7.126306819210059,0.0,-14.545830551020869,0.0,0
2030-04-22 04:00:00,-11.49474580552251,0.0,-14.536718595367827,0.0,-13.979714351668504,0.0,-10.172338732102764,0.0,0
2030-04-22 06:00:00,-16.556465262593207,0.0,1.4548722561492227,0.0,1.3991258361164496,0.0,-11.893658937156774,0.0,0
2030-04-22 08:00:00,35.888621245243094,0.0,-31.666100692600217,0.0,-30.452748975603495,0.0,20.21221094639889,0.0,0
2030-04-22 10:00:00,-11.396334912491081,0.0,-3.1248148410644867,0.0,-3.005081139415816,0.0,-8.873725738766522,0.0,0
2030-04-22 12:00:00,-17.415814728209174,0.0,10.824408358010121,0.0,10.409648909280993,0.0,-11.060985053300083,0.0,0
2030-04-22 14:00:00,-6.6067512230426955,0.0,-2.3447519265984558,0.0,-2.254907938426742,0.0,-4.692535551185325,0.0,0
2030-04-22 16:00:00,-5.380780641067496,0.0,-6.847284331273118,0.0,-6.584916562005679,0.0,-4.6841694650479155,0.0,0
2030-04-22 18:00:00,-8.390844992441558,0.0,-12.538696205552956,0.0,-12.058250295347694,0.0,-7.910180045418222,0.0,0
2030-04-22 20:00:00,-26.098675310216475,0.0,4.149219287717651,0.0,3.9902334247022093,0.0,-17.69063945569296,0.0,0
2030-04-22 22:00:00,-18.041724927191716,0.0,9.345838497286806,0.0,8.987733491004626,0.0,-11.54219321949344,0.0,0
2030-04-23 00:00:00,-18.680946479879452,0.0,13.435219120676486,0.0,12.920421092761806,0.0,-11.363891819062104,0.0,0
2030-04-23 02:00:00,-24.138084926118175,0.0,19.593679852431585,0.0,18.842907746891463,0.0,-13.869350619114782,0.0,0
2030-04-23 04:00:00,-43.13232425186666,0.0,30.0347631447291,0.0,28.883919478026495,0.0,-25.534423404827532,0.0,0
2030-04-23 06:00:00,-26.99202128458109,0.0,14.170043404344923,0.0,13.62708907405071,0.0,-16.43448316472483,0.0,0
2030-04-23 08:00:00,-10.594548792761769,0.0,7.313260301336141,0.0,7.033037705266941,0.0,-5.77234866936696,0.0,0
2030-04-23 10:00:00,-29.098861797694283,0.0,33.9712422764552,0.0,32.66956432296217,0.0,-14.865985178950734,0.0,0
2030-04-23 12:00:00,-25.824526934907126,0.0,39.01598724359975,0.0,37.521009520516714,0.0,-11.751941774789302,0.0,0
2030-04-23 14:00:00,-48.020405252859746,0.0,55.472223409359536,0.0,53.346691182554636,0.0,-25.130710939466663,0.0,0
2030-04-23 16:00:00,-12.935435748267334,0.0,2.3040657837765552,0.0,2.21578076877089,0.0,-8.580346387541866,0.0,0
2030-04-23 18:00:00,-42.09725370461804,0.0,35.30941872908319,0.0,33.956465795061305,0.0,-24.233884723410355,0.0,0
2030-04-23 20:00:00,-37.43949260337079,0.0,31.740241864195163,0.0,30.524049275860037,0.0,-21.200746775967733,0.0,0
2030-04-23 22:00:00,-18.565272235055225,0.0,17.303326336890276,0.0,16.64031383262172,0.0,-10.114441713202053,0.0,0
2030-04-24 00:00:00,4.8209508183324274,0.0,-4.544358086747371,0.0,-4.370231668697661,0.0,3.0065206093921724,0.0,0
2030-04-24 02:00:00,-0.769920013648922,0.0,4.925536713395506,0.0,4.7368046530024515,0.0,0.6204647748387492,0.0,0
2030-04-24 04:00:00,-9.461367379564972,0.0,6.093019210080404,0.0,5.859552658830176,0.0,-5.377789705105682,0.0,0
2030-04-24 06:00:00,-12.61851622255476,0.0,3.774054595692661,0.0,3.6294439387578405,0.0,-8.02991157432082,0.0,0
2030-04-24 08:00:00,-3.4503239504760415,0.0,-6.814317581098457,0.0,-6.553213000605552,0.0,-3.091537176911442,0.0,0
2030-04-24 10:00:00,-10.316357698541877,0.0,9.10050940597289,0.0,8.75180468793792,0.0,-5.318153659314759,0.0,0
2030-04-24 12:00:00,-7.399370750790837,0.0,4.0509106707201985,0.0,3.895691704374064,0.0,-4.093384196988403,0.0,0
2030-04-24 14:00:00,-7.931285908648677,0.0,8.445056006949876,0.0,8.121466332754187,0.0,-4.422224752888675,0.0,0
2030-04-24 16:00:00,-40.13736545098143,0.0,26.915900084781477,0.0,25.88456206500396,0.0,-24.40639516637165,0.0,0
2030-04-24 18:00:00,-34.96094878071591,0.0,23.273345581707574,0.0,22.381579522603886,0.0,-21.312048412220825,0.0,0
2030-04-24 20:00:00,-50.50770333281022,0.0,43.77826623490422,0.0,42.100812006519554,0.0,-29.710223152964065,0.0,0
2030-04-24 22:00:00,-44.783842390790554,0.0,34.11361743701371,0.0,32.80648408668509,0.0,-27.30587077734926,0.0,0
2030-04-25 00:00:00,-36.35205918157668,0.0,24.132651709805096,0.0,23.2079595706616,0.0,-22.47630458165412,0.0,0
2030-04-25 02:00:00,-31.828203627024216,0.0,24.04134372654917,0.0,23.120150240407952,0.0,-19.569356526084324,0.0,0
2030-04-25 04:00:00,-31.08459008255658,0.0,23.68251187109746,0.0,22.775067764842127,0.0,-18.856700048797034,0.0,0
2030-04-25 06:00:00,-37.30731954833842,0.0,24.76425912564923,0.0,23.815365650511733,0.0,-23.42360485683058,0.0,0
2030-04-25 08:00:00,-63.1984621801511,0.0,57.37620023851291,0.0,55.17771322712001,0.0,-36.94877754047954,0.0,0
2030-04-25 10:00:00,-53.192866522069394,0.0,44.28642536694094,0.0,42.58949997722351,0.0,-31.625389732844297,0.0,0
2030-04-25 12:00:00,-99.45189431687483,0.0,93.17204126483583,0.0,89.60196304957925,0.0,-57.273678105889104,0.0,0
2030-04-25 14:00:00,-10.692259248290167,0.0,21.466457628018166,0.0,20.64392619373654,0.0,-4.983021825149644,0.0,0
2030-04-25 16:00:00,-55.47136553369744,0.0,44.41110912866826,0.0,42.70940622441431,0.0,-33.15109270879651,0.0,0
2030-04-25 18:00:00,-50.483853942565545,0.0,35.96515371272031,0.0,34.58707494536594,0.0,-30.818020125235286,0.0,0
2030-04-25 20:00:00,-47.451578215256774,0.0,30.372141725699407,0.0,29.20837070540589,0.0,-28.80869943995754,0.0,0
2030-04-25 22:00:00,-34.354235048167155,0.0,29.180995460723658,0.0,28.06286565719509,0.0,-20.036320237436673,0.0,0
2030-04-26 00:00:00,-35.67892816521205,0.0,20.269378776682416,0.0,19.492715878402365,0.0,-22.22769884881616,0.0,0
2030-04-26 02:00:00,-62.985678793494785,0.0,57.12693140091845,0.0,54.93799563724698,0.0,-36.284394585222586,0.0,0
2030-04-26 04:00:00,-40.459315146753966,0.0,30.060452651295243,0.0,28.908624638360592,0.0,-24.17700163875404,0.0,0
2030-04-26 06:00:00,-27.69979396624577,0.0,15.551221915183392,0.0,14.955344892137372,0.0,-17.595872585756624,0.0,0
2030-04-26 08:00:00,-21.771441293855936,0.0,6.661429825466115,0.0,6.406183453491115,0.0,-14.570344106037657,0.0,0
2030-04-26 10:00:00,-7.832411526758838,0.0,1.2713923644883702,0.0,1.2226763535276395,0.0,-4.754241936040326,0.0,0
2030-04-26 12:00:00,17.881695298201176,0.0,-9.782107322593859,0.0,-9.407285779804745,0.0,11.306452930456809,0.0,0
2030-04-26 14:00:00,28.08095476589419,0.0,-25.73641655550594,0.0,-24.75027287080961,0.0,15.603362979351498,0.0,0
2030-04-26 16:00:00,-15.514406944393437,0.0,2.7421545963960554,0.0,2.637083308329821,0.0,-10.701560432712103,0.0,0
2030-04-26 18:00:00,34.905877656044126,0.0,-40.71666768111531,0.0,-39.156524892432415,0.0,18.012045884578217,0.0,0
2030-04-26 20:00:00,-9.994932371910275,0.0,-12.370248252624178,0.0,-11.896256771869973,0.0,-9.032914480764385,0.0,0
2030-04-26 22:00:00,-19.22876094937211,0.0,-6.9051741965835784,0.0,-6.640588258172055,0.0,-15.101377479502673,0.0,0
2030-04-27 00:00:00,-18.56985153983336,0.0,-6.0350423794053665,0.0,-5.803797329555878,0.0,-14.29671650522805,0.0,0
2030-04-27 02:00:00,-23.31242563401378,0.0,9.163363557935497,0.0,8.812250453912425,0.0,-15.435823581042921,0.0,0
2030-04-27 04:00:00,-30.270259413555493,0.0,14.006803077083651,0.0,13.470103635362227,0.0,-19.64636918042527,0.0,0
2030-04-27 06:00:00,-24.83647835272124,0.0,9.981383947117124,0.0,9.598926710976697,0.0,-16.384951535785635,0.0,0
2030-04-27 08:00:00,-18.67048415246569,0.0,3.2013325644463437,0.0,3.0786669289942674,0.0,-12.64795353741312,0.0,0
2030-04-27 10:00:00,26.27468090244339,0.0,-25.26430205615857,0.0,-24.29624840862729,0.0,14.355305367616948,0.0,0
2030-04-27 12:00:00,27.024374973276654,0.0,-27.83980159551608,0.0,-26.773062390879524,0.0,14.425556872415882,0.0,0
2030-04-27 14:00:00,-17.66391387920303,0.0,11.816822784982701,0.0,11.364036938225288,0.0,-10.76762557091053,0.0,0
2030-04-27 16:00:00,-15.523562706592799,0.0,4.57029189917267,0.0,4.395171773809975,0.0,-10.447157830328468,0.0,0
2030-04-27 18:00:00,-17.876305749153563,0.0,-1.0593344194763725,0.0,-1.018743844425063,0.0,-13.116561044858862,0.0,0
2030-04-27 20:00:00,-18.292836153838348,0.0,-6.015846222822176,0.0,-5.78533671315732,0.0,-14.060737522699705,0.0,0
2030-04-27 22:00:00,-19.17079404586459,0.0,1.10702559945402,0.0,1.0646076388438876,0.0,-13.894333108439973,0.0,0
2030-04-28 00:00:00,-20.451895596880085,0.0,4.394921981959191,0.0,4.2265215153326805,0.0,-14.27533877156053,0.0,0
2030-04-28 02:00:00,-20.88972443647493,0.0,4.269588650583131,0.0,4.105990588089007,0.0,-14.634975615017916,0.0,0
2030-04-28 04:00:00,-19.670881340779697,0.0,3.1596415697498124,0.0,3.038573410428092,0.0,-13.58247356973635,0.0,0
2030-04-28 06:00:00,-22.439044561730128,0.0,4.770400268754764,0.0,4.587612580019589,0.0,-15.600814059340344,0.0,0
2030-04-28 08:00:00,-16.41639473249586,0.0,9.766454741468511,0.0,9.392232959488904,0.0,-10.26154828557994,0.0,0
2030-04-28 10:00:00,26.654875546429906,0.0,-21.28317542116069,0.0,-20.467666821251413,0.0,15.318667638333768,0.0,0
2030-04-28 12:00:00,-27.581838176741435,0.0,16.1504959099008,0.0,15.53165647233136,0.0,-17.188041163007227,0.0,0
2030-04-28 14:00:00,-28.14332065986626,0.0,21.235549060741878,0.0,20.42186536269689,0.0,-16.827237741600374,0.0,0
2030-04-28 16:00:00,-42.06004449215533,0.0,30.050187328769915,0.0,28.89875265276149,0.0,-24.683070195271853,0.0,0
2030-04-28 18:00:00,-62.010347035095045,0.0,37.31633744262646,0.0,35.88648529418627,0.0,-38.47742549279124,0.0,0
2030-04-28 20:00:00,-42.86013925432536,0.0,17.7229366679348,0.0,17.04384593159775,0.0,-27.99417065763776,0.0,0
2030-04-28 22:00:00,-51.8178176752594,0.0,26.346093659592675,0.0,25.336588943860715,0.0,-32.9004825030342,0.0,0
2030-04-29 00:00:00,-42.05528219389148,0.0,20.87506210897301,0.0,20.075191209230294,0.0,-27.067409164951428,0.0,0
2030-04-29 02:00:00,-53.32902145998178,0.0,27.77820151224127,0.0,26.713822641374087,0.0,-33.8736274936139,0.0,0
2030-04-29 04:00:00,-72.82641227455078,0.0,56.09618031698061,0.0,53.94673989912488,0.0,-43.58275528714361,0.0,0
2030-04-29 06:00:00,-44.711160322988064,0.0,20.34602692694374,0.0,19.566427097286336,0.0,-29.067533548797094,0.0,0
2030-04-29 08:00:00,-33.948433102604056,0.0,13.0505297404927,0.0,12.55047187665718,0.0,-22.367035037216635,0.0,0
2030-04-29 10:00:00,-51.000543493702544,0.0,30.634995114002088,0.0,29.461152326012574,0.0,-32.02706136209436,0.0,0
2030-04-29 12:00:00,-64.5491717564956,0.0,53.12019652695918,0.0,51.084787043206404,0.0,-38.327231420097085,0.0,0
2030-04-29 14:00:00,-52.582352618573296,0.0,48.56513106721225,0.0,46.704258276507666,0.0,-30.13587849240603,0.0,0
2030-04-29 16:00:00,-49.666811277648236,0.0,41.094986852483046,0.0,39.520347987361674,0.0,-29.047353610598694,0.0,0
2030-04-29 18:00:00,-38.38567937466765,0.0,21.847923501385978,0.0,21.01077541831261,0.0,-24.085710168216515,0.0,0
2030-04-29 20:00:00,-20.107732706736336,0.0,2.084792338359292,0.0,2.004909235987922,0.0,-14.153818441416176,0.0,0
2030-04-29 22:00:00,-15.203336790985258,0.0,-1.8799687115795587,0.0,-1.807933847349248,0.0,-11.157094080443345,0.0,0
2030-04-30 00:00:00,-23.47935651529795,0.0,13.34231857887537,0.0,12.831080226116187,0.0,-15.056361501361406,0.0,0
2030-04-30 02:00:00,-36.18021110911762,0.0,23.451967630771954,0.0,22.553357300817538,0.0,-22.881424254318855,0.0,0
2030-04-30 04:00:00,-39.385652328306776,0.0,15.262405980949493,0.0,14.677595533895873,0.0,-25.977992689462553,0.0,0
2030-04-30 06:00:00,-54.96717655543297,0.0,39.24101089255146,0.0,37.73741092596983,0.0,-33.813305889880866,0.0,0
2030-04-30 08:00:00,-54.965701459903244,0.0,24.829840905836154,0.0,23.878434530030297,0.0,-35.00741118272334,0.0,0
2030-04-30 10:00:00,-61.10187453610288,0.0,33.801209203257706,0.0,32.506046416356064,0.0,-38.70936347485144,0.0,0
2030-04-30 12:00:00,-57.625888641112994,0.0,39.25247658937946,0.0,37.74843729106371,0.0,-35.613591041932345,0.0,0
2030-04-30 14:00:00,-30.80369221078363,0.0,10.903983292927455,0.0,10.486174767052725,0.0,-19.94347266281316,0.0,0
2030-04-30 16:00:00,-46.1764633609516,0.0,26.15042141676001,0.0,25.148414285088563,0.0,-29.034194836284655,0.0,0
2030-04-30 18:00:00,5.865412944859587,0.0,-11.889244651004507,0.0,-11.433683811634689,0.0,1.8019100178172258,0.0,0
2030-04-30 20:00:00,-54.749248833669945,0.0,24.858984913556903,0.0,23.90646182520878,0.0,-35.42333442030148,0.0,0
2030-04-30 22:00:00,-43.36031435653931,0.0,21.47385656677322,0.0,20.651041626949443,0.0,-27.824512816935872,0.0,0
2030-05-01 00:00:00,-25.91155084254128,0.0,0.3001000903234665,0.0,0.2886011387032852,0.0,-18.547789870845683,0.0,0
2030-05-01 02:00:00,-33.104402991862955,0.0,9.835994516821863,0.0,9.459108175456098,0.0,-22.44568964781387,0.0,0
2030-05-01 04:00:00,-32.99880985626784,0.0,15.75131621478905,0.0,15.147772167490624,0.0,-21.366655356159285,0.0,0
2030-05-01 06:00:00,-28.07374704842225,0.0,3.226640822473944,0.0,3.103005449110925,0.0,-19.92702765818383,0.0,0
2030-05-01 08:00:00,-25.962721332604023,0.0,9.35395597434382,0.0,8.995539930247979,0.0,-17.198764377030898,0.0,0
2030-05-01 10:00:00,15.788599503336428,0.0,-24.8951034003317,0.0,-23.941196357944804,0.0,6.733898596143054,0.0,0
2030-05-01 12:00:00,-33.16434837671665,0.0,21.151901790097615,0.0,20.34142320910967,0.0,-20.460185001529133,0.0,0
2030-05-01 14:00:00,-47.84537295113488,0.0,27.73999388595459,0.0,26.67707901879928,0.0,-29.9150634341723,0.0,0
2030-05-01 16:00:00,-63.96606589001145,0.0,44.85940844090844,0.0,43.14052802732,0.0,-38.54767921945349,0.0,0
2030-05-01 18:00:00,-46.524828752665655,0.0,27.502550280207075,0.0,26.44873355271611,0.0,-29.046583485688554,0.0,0
2030-05-01 20:00:00,-78.67106708713196,0.0,57.8059701008676,0.0,55.59101557408758,0.0,-46.786793722387365,0.0,0
2030-05-01 22:00:00,-81.1926216737239,0.0,55.913271751318305,0.0,53.77083985100492,0.0,-49.413952505882115,0.0,0
2030-05-02 00:00:00,-67.36896413172947,0.0,39.50952033750568,0.0,37.995631879795184,0.0,-41.85574336027764,0.0,0
2030-05-02 02:00:00,-55.73846739120944,0.0,32.74526927814237,0.0,31.49056699926545,0.0,-34.483172688756675,0.0,0
2030-05-02 04:00:00,-50.117664746667394,0.0,27.59234369775968,0.0,26.53508635096353,0.0,-31.23090177375705,0.0,0
2030-05-02 06:00:00,-41.468211848501994,0.0,33.4703465895966,0.0,32.18786148360908,0.0,-24.936629243415226,0.0,0
2030-05-02 08:00:00,-31.713973796276434,0.0,15.366977091894185,0.0,14.778159787847146,0.0,-20.44842414439159,0.0,0
2030-05-02 10:00:00,6.962310145532051,0.0,-0.46534957756257933,0.0,-0.44751875227650606,0.0,4.177601035726671,0.0,0
2030-05-02 12:00:00,-31.368500425471176,0.0,21.83922047730833,0.0,21.00240586848586,0.0,-18.76480102924414,0.0,0
2030-05-02 14:00:00,-41.53652057702665,0.0,33.54555671332464,0.0,32.260189776901214,0.0,-25.018974769236287,0.0,0
2030-05-02 16:00:00,-27.273392993601085,0.0,21.761155967846694,0.0,20.92733256111491,0.0,-16.779276335312332,0.0,0
2030-05-02 18:00:00,-21.40074477532601,0.0,1.911461216860789,0.0,1.8382196525783892,0.0,-15.452626019461636,0.0,0
2030-05-02 20:00:00,-8.53919954976444,0.0,-11.822531169039108,0.0,-11.369526593816659,0.0,-7.7166841620321165,0.0,0
2030-05-02 22:00:00,-20.81868693276343,0.0,8.944303884064201,0.0,8.601584501579381,0.0,-13.666616853909796,0.0,0
2030-05-03 00:00:00,-12.3474561503607,0.0,-12.026550227009135,0.0,-11.565728242352865,0.0,-10.355987223114546,0.0,0
2030-05-03 02:00:00,-25.76088617844722,0.0,15.681088141908468,0.0,15.080235027530314,0.0,-16.12174998568322,0.0,0
2030-05-03 04:00:00,-39.65301380492882,0.0,23.851320738907923,0.0,22.93740837400615,0.0,-24.455079361395537,0.0,0
2030-05-03 06:00:00,-23.58234455293811,0.0,13.823775145107714,0.0,13.29408879469419,0.0,-15.066966020342829,0.0,0
2030-05-03 08:00:00,-22.358948194387178,0.0,12.54965365485423,0.0,12.068787887463223,0.0,-14.578440252919009,0.0,0
2030-05-03 10:00:00,-30.463198406354003,0.0,25.377226736060898,0.0,24.404846147376432,0.0,-18.338022598262555,0.0,0
2030-05-03 12:00:00,15.694718370624237,0.0,-5.182180581259241,0.0,-4.983614683705372,0.0,9.578457992886836,0.0,0
2030-05-03 14:00:00,-24.490280556453015,0.0,24.51355247965441,0.0,23.57426534482167,0.0,-14.194665938967637,0.0,0
2030-05-03 16:00:00,-39.96199455654596,0.0,35.21363345271132,0.0,33.86435072837757,0.0,-24.030347737508617,0.0,0
2030-05-03 18:00:00,-0.18621146712190295,0.0,10.974742904982017,0.0,10.55422307917133,0.0,0.8192379260129944,0.0,0
2030-05-03 20:00:00,-64.34786934765805,0.0,63.419861157407986,0.0,60.98979885911515,0.0,-37.06178494543566,0.0,0
2030-05-03 22:00:00,-45.78740437563394,0.0,37.568624322004794,0.0,36.12910528337055,0.0,-27.676172754594948,0.0,0
2030-05-04 00:00:00,-45.1179943875663,0.0,44.902462929386324,0.0,43.181932794601494,0.0,-26.063795908382588,0.0,0
2030-05-04 02:00:00,-48.588174568661614,0.0,46.09519074586993,0.0,44.32895879392447,0.0,-28.410119237756955,0.0,0
2030-05-04 04:00:00,-104.04716807833653,0.0,96.25865520541535,0.0,92.57030703450923,0.0,-60.163185265973,0.0,0
2030-05-04 06:00:00,-35.4565913720936,0.0,38.79715657127696,0.0,37.310563795067324,0.0,-20.40807556882551,0.0,0
2030-05-04 08:00:00,-101.56020337263675,0.0,90.53299815853201,0.0,87.0640403027206,0.0,-58.918044953942676,0.0,0
2030-05-04 10:00:00,-83.50564421391468,0.0,69.35895930751894,0.0,66.70132825967264,0.0,-49.08708970086113,0.0,0
2030-05-04 12:00:00,-43.74194852324852,0.0,46.78951031284394,0.0,44.99667407997017,0.0,-24.145390799414244,0.0,0
2030-05-04 14:00:00,-114.89563620271434,0.0,116.7612532363683,0.0,112.287305892225,0.0,-63.84265003125314,0.0,0
2030-05-04 16:00:00,-112.56843815322061,0.0,113.98871855913644,0.0,109.62100657828304,0.0,-62.54572684345444,0.0,0
2030-05-04 18:00:00,-122.16784650039938,1.1678465003993779,115.2154288085234,0.0,110.8007129037641,0.0,-69.49335823732527,0.0,1
2030-05-04 20:00:00,-110.91874912262224,0.0,101.99135136748657,0.0,98.08334316332301,0.0,-63.01397638584256,0.0,0
2030-05-04 22:00:00,-100.34811281954421,0.0,80.8822893177448,0.0,77.78311820188839,0.0,-58.648172334485146,0.0,0
2030-05-05 00:00:00,-124.1234192447304,3.1234192447303997,110.75519750745491,0.0,106.51138453008441,0.0,-70.84869719507704,0.0,1
2030-05-05 02:00:00,-59.74335321263917,0.0,51.18478574041768,0.0,49.22353549792234,0.0,-34.38860259870521,0.0,0
2030-05-05 04:00:00,-50.377283671777576,0.0,41.64033257058073,0.0,40.044797663668916,0.0,-29.37965594069073,0.0,0
2030-05-05 06:00:00,-66.42889430146016,0.0,56.61721607442895,0.0,54.447811100878255,0.0,-38.46559240070323,0.0,0
2030-05-05 08:00:00,-35.17950291886548,0.0,36.27998320283932,0.0,34.88984109664493,0.0,-19.37011924319315,0.0,0
2030-05-05 10:00:00,-29.081918219881064,0.0,43.21290204999779,0.0,41.55711091209409,0.0,-14.032524642427376,0.0,0
2030-05-05 12:00:00,-66.32102351233095,0.0,64.51794322405864,0.0,62.045805654992606,0.0,-37.03796160818341,0.0,0
2030-05-05 14:00:00,-132.93513676632287,11.93513676632287,134.09272312528253,9.092723125282532,128.9546848988444,3.9546848988443912,-74.25567825216379,0.0,3
2030-05-05 16:00:00,-162.51749518281963,41.51749518281963,153.9570370315077,28.957037031507696,148.0578567996468,23.0578567996468,-92.64057221654708,0.0,3
2030-05-05 18:00:00,-130.77074333347676,9.770743333476759,110.45058331278642,0.0,106.21844225421998,0.0,-76.03137036950447,0.0,1
2030-05-05 20:00:00,-59.86949708114963,0.0,58.487171792105,0.0,56.24611562276071,0.0,-34.2423388591638,0.0,0
2030-05-05 22:00:00,-100.88264786746005,0.0,93.5863066082655,0.0,90.00035496512396,0.0,-58.04050850194322,0.0,0
2030-05-06 00:00:00,-121.50193757434647,0.5019375743464707,120.0724761541995,0.0,115.47165249990712,0.0,-69.09090024290005,0.0,1
2030-05-06 02:00:00,-135.04979024334276,14.049790243342756,131.69815350769557,6.698153507695565,126.6518681366269,1.6518681366269021,-77.37322809880718,0.0,3
2030-05-06 04:00:00,-127.91618853838881,6.916188538388809,126.31929934734995,1.3192993473499541,121.47911582615183,0.0,-72.66734615021345,0.0,2
2030-05-06 06:00:00,-100.0054399764204,0.0,112.29847917588836,0.0,107.99553219018563,0.0,-54.913088052526696,0.0,0
2030-05-06 08:00:00,-147.21213403897298,26.212134038972977,140.62445833695332,15.624458336953325,135.2361432541701,10.236143254170088,-83.3303198838673,0.0,3
2030-05-06 10:00:00,-131.41988678566202,10.419886785662015,131.89883377225726,6.898833772257262,126.84485892448495,1.844858924484953,-72.76641581122145,0.0,3
2030-05-06 12:00:00,-129.1011452776418,8.101145277641791,132.25387561542613,7.253875615426125,127.18629660987646,2.1862966098764645,-71.79616157011588,0.0,3
2030-05-06 14:00:00,-117.4131656081193,0.0,126.24246023998978,1.2424602399897822,121.40522096708276,0.0,-64.60828840651898,0.0,1
2030-05-06 16:00:00,-47.537094084643634,0.0,46.600363823537954,0.0,44.8147751270689,0.0,-26.910354647187873,0.0,0
2030-05-06 18:00:00,-12.091447306298026,0.0,32.08223250506338,0.0,30.85293584258543,0.0,-5.407923815923248,0.0,0
2030-05-06 20:00:00,-31.125167820342412,0.0,38.5940529674778,0.0,37.115242523194325,0.0,-17.13117967998686,0.0,0
2030-05-06 22:00:00,-65.203224950003,0.0,68.4766136457025,0.0,65.85279148497307,0.0,-37.07721606021788,0.0,0
2030-05-07 00:00:00,-50.982167755539734,0.0,59.72057440811244,0.0,57.432257883083345,0.0,-28.736720560788985,0.0,0
2030-05-07 02:00:00,-41.71071211717794,0.0,44.03585910101672,0.0,42.348534672653344,0.0,-24.36980484642368,0.0,0
2030-05-07 04:00:00,-44.836736228464744,0.0,42.30482428174278,0.0,40.68382800948994,0.0,-26.7961924905131,0.0,0
2030-05-07 06:00:00,-72.8616988671424,0.0,61.268628059895846,0.0,58.920994678186986,0.0,-43.884993873620225,0.0,0
2030-05-07 08:00:00,-64.19049461256962,0.0,53.548347375562855,0.0,51.496532412261836,0.0,-38.774583904548734,0.0,0
2030-05-07 10:00:00,-80.00257045232598,0.0,59.298725255213164,0.0,57.02657274731243,0.0,-48.911809120913055,0.0,0
2030-05-07 12:00:00,0.18632488800399918,0.0,6.214340883602069,0.0,5.976225643133507,0.0,-0.1515034909228465,0.0,0
2030-05-07 14:00:00,-60.96725743566438,0.0,50.930122435066856,0.0,48.97863014040999,0.0,-36.916949885924616,0.0,0
2030-05-07 16:00:00,-81.34253546768478,0.0,53.872322266487544,0.0,51.80809353952222,0.0,-50.24969801630765,0.0,0
2030-05-07 18:00:00,-111.7749191363031,0.0,92.45507241866758,0.0,88.91246633801236,0.0,-66.83783961914219,0.0,0
2030-05-07 20:00:00,-60.96175367697535,0.0,42.61242870682137,0.0,40.979645938941886,0.0,-37.985595697302536,0.0,0
2030-05-07 22:00:00,-41.705645500655635,0.0,30.72116990120868,0.0,29.54402514917144,0.0,-25.77506608240168,0.0,0
2030-05-08 00:00:00,-21.975154434391314,0.0,17.97583483166146,0.0,17.287053782514462,0.0,-13.657769831799328,0.0,0
2030-05-08 02:00:00,-21.524897587520968,0.0,15.856954345713962,0.0,15.249362556359056,0.0,-13.244108354619227,0.0,0
2030-05-08 04:00:00,-37.73593794311486,0.0,18.276681276421574,0.0,17.576372677550438,0.0,-24.285647401774373,0.0,0
2030-05-08 06:00:00,-47.43533838861977,0.0,36.76146554706506,0.0,35.35287445547951,0.0,-28.65163448273513,0.0,0
2030-05-08 08:00:00,-30.332207412258683,0.0,16.86803505027492,0.0,16.221701626109652,0.0,-19.220039942831992,0.0,0
2030-05-08 10:00:00,-54.249572018798496,0.0,32.92800423110235,0.0,31.6663000870106,0.0,-33.96310927930376,0.0,0
2030-05-08 12:00:00,-69.80663700845095,0.0,49.22885872875264,0.0,47.34255384883805,0.0,-42.298477561253044,0.0,0
2030-05-08 14:00:00,-14.792139845292027,0.0,2.900731420663406,0.0,2.789583935724405,0.0,-10.793063307609938,0.0,0
2030-05-08 16:00:00,-38.43913818565652,0.0,19.72359122550462,0.0,18.967841298757257,0.0,-24.76608621988367,0.0,0
2030-05-08 18:00:00,-29.60593006960451,0.0,9.399248475487747,0.0,9.03909695614153,0.0,-20.002018289728642,0.0,0
2030-05-08 20:00:00,-43.781297039535055,0.0,25.873133568929752,0.0,24.881751290931717,0.0,-27.554242976488183,0.0,0
2030-05-08 22:00:00,-47.41720909707165,0.0,15.154341355837708,0.0,14.573671626951361,0.0,-31.70098303776906,0.0,0
2030-05-09 00:00:00,-69.47199852264305,0.0,39.58035785695968,0.0,38.06375511413109,0.0,-43.7556778083909,0.0,0
2030-05-09 02:00:00,-86.27160844352872,0.0,55.55509342918025,0.0,53.4263858672808,0.0,-53.25277476369817,0.0,0
2030-05-09 04:00:00,-68.42619131006344,0.0,44.90678145525729,0.0,43.18608584727984,0.0,-42.28090208145107,0.0,0
2030-05-09 06:00:00,-47.18719130917923,0.0,24.644839785348687,0.0,23.700522107623055,0.0,-30.349350126957944,0.0,0
2030-05-09 08:00:00,-59.398720029450075,0.0,39.05207625388479,0.0,37.555715706215366,0.0,-36.49941720500655,0.0,0
2030-05-09 10:00:00,-7.0416538349606705,0.0,7.9352291135194495,0.0,7.631174504361475,0.0,-4.920312147363439,0.0,0
2030-05-09 12:00:00,-57.76891248308732,0.0,41.96354936329356,0.0,40.35562974080817,0.0,-35.605244730270755,0.0,0
2030-05-09 14:00:00,-42.98320624257674,0.0,28.58611396639011,0.0,27.490778269706524,0.0,-26.712652524507284,0.0,0
2030-05-09 16:00:00,-36.45325757363082,0.0,16.425302778672318,0.0,15.795933551240163,0.0,-24.214228353775493,0.0,0
2030-05-09 18:00:00,-135.60934417471873,14.609344174718728,99.58995673583124,0.0,95.77396290147558,0.0,-82.7823656148792,0.0,1
2030-05-09 20:00:00,-99.98844882107736,0.0,70.29034224593079,0.0,67.59702334695075,0.0,-61.816419381528895,0.0,0
2030-05-09 22:00:00,-78.55862870474786,0.0,50.48792016545258,0.0,48.55337175941358,0.0,-49.70084591900273,0.0,0
2030-05-10 00:00:00,-53.53191976077845,0.0,29.11545338740238,0.0,27.999834963091875,0.0,-34.757237236705066,0.0,0
2030-05-10 02:00:00,-29.802087486550626,0.0,7.669392911160465,0.0,7.37552436234817,0.0,-20.785230542811217,0.0,0
2030-05-10 04:00:00,-19.98286723280814,0.0,1.0940636992457193,0.0,1.0521424004767583,0.0,-13.80073772964282,0.0,0
2030-05-10 06:00:00,-33.879922196528895,0.0,14.163371522356133,0.0,13.620672838930087,0.0,-22.396644485038557,0.0,0
2030-05-10 08:00:00,-25.51814726261494,0.0,2.091274838708351,0.0,2.011143346015558,0.0,-17.513973496006507,0.0,0
2030-05-10 10:00:00,-45.05068698560302,0.0,26.42304923494197,0.0,25.410595808208726,0.0,-28.13193458087103,0.0,0
2030-05-10 12:00:00,-66.35607941374481,0.0,43.0899228135646,0.0,41.43884387780819,0.0,-40.85113074135,0.0,0
2030-05-10 14:00:00,-45.49094675249187,0.0,31.05004069320993,0.0,29.860294580998357,0.0,-27.77286413336175,0.0,0
2030-05-10 16:00:00,-101.66756447920037,0.0,70.16060613745128,0.0,67.47225834405545,0.0,-61.4249428933065,0.0,0
2030-05-10 18:00:00,-72.59126561879998,0.0,39.15507289270577,0.0,37.65476581717756,0.0,-45.621322141532175,0.0,0
2030-05-10 20:00:00,-121.65052914450115,0.6505291445011494,82.6510955706966,0.0,79.48414900863393,0.0,-73.79606436467442,0.0,1
2030-05-10 22:00:00,-83.3336197043703,0.0,50.581620072225604,0.0,48.64348136171965,0.0,-51.606980437055505,0.0,0
2030-05-11 00:00:00,-45.79432359924259,0.0,26.867302088777258,0.0,25.837826201078244,0.0,-28.35188924483262,0.0,0
2030-05-11 02:00:00,-31.288731979653733,0.0,15.949485349825775,0.0,15.338348044911353,0.0,-19.8491356267655,0.0,0
2030-05-11 04:00:00,-36.43696175387639,0.0,11.529192788055507,0.0,11.08742807566574,0.0,-24.64758019440372,0.0,0
2030-05-11 06:00:00,-38.037870483486344,0.0,20.369987926490396,0.0,19.58946998189912,0.0,-24.207924009499177,0.0,0
2030-05-11 08:00:00,-45.33410828289216,0.0,19.567592937390984,0.0,18.817820405605215,0.0,-29.489266131025882,0.0,0
2030-05-11 10:00:00,-39.00299577827724,0.0,22.994407389000386,0.0,22.11332941992523,0.0,-24.402352046381903,0.0,0
2030-05-11 12:00:00,-46.82404256080884,0.0,29.37687237282587,0.0,28.251237142913013,0.0,-28.926296384534815,0.0,0
2030-05-11 14:00:00,-46.94860187328052,0.0,23.744244378045664,0.0,22.83443486393578,0.0,-29.671267937777525,0.0,0
2030-05-11 16:00:00,-53.97587900168365,0.0,26.552787799126996,0.0,25.535363172714227,0.0,-34.62029877922286,0.0,0
2030-05-11 18:00:00,-38.25371449489322,0.0,15.716526886650428,0.0,15.114315863946345,0.0,-25.007072276522877,0.0,0
2030-05-11 20:00:00,-53.96677518757849,0.0,29.405631226754302,0.0,28.278894042258095,0.0,-34.36556335569879,0.0,0
2030-05-11 22:00:00,-56.91782891497346,0.0,32.54912108759967,0.0,31.30193462969768,0.0,-36.18356177648651,0.0,0
2030-05-12 00:00:00,-46.5328855292078,0.0,20.081307708489962,0.0,19.311851139644762,0.0,-30.576147380451413,0.0,0
2030-05-12 02:00:00,-30.67677173084833,0.0,7.128728235832554,0.0,6.855576365038088,0.0,-21.094260079348473,0.0,0
2030-05-12 04:00:00,-74.24745632482997,0.0,52.664779848739784,0.0,50.646820590824234,0.0,-45.20523082068609,0.0,0
2030-05-12 06:00:00,-79.67214620684013,0.0,41.30967981706715,0.0,39.726814549846765,0.0,-50.16982989699676,0.0,0
2030-05-12 08:00:00,-57.693781408450306,0.0,36.22246720913199,0.0,34.83452894642304,0.0,-35.249877334438914,0.0,0
2030-05-12 10:00:00,-37.84497080841308,0.0,29.701430003889982,0.0,28.56335868142687,0.0,-22.215856998983554,0.0,0
2030-05-12 12:00:00,-100.34420739759429,0.0,78.59531706516827,0.0,75.583775990545,0.0,-58.60455438923615,0.0,0
2030-05-12 14:00:00,-129.47362808520734,8.473628085207338,103.68901847464545,0.0,99.7159606668266,0.0,-75.68346586784705,0.0,1
2030-05-12 16:00:00,-90.4964245742409,0.0,75.00745376591166,0.0,72.13338904610589,0.0,-53.23259315701704,0.0,0
2030-05-12 18:00:00,-91.39588820282958,0.0,70.74346813387746,0.0,68.03278678539692,0.0,-54.68129227603715,0.0,0
2030-05-12 20:00:00,-167.9440860273887,46.94408602738869,122.70589472574252,0.0,118.00416622761124,0.0,-100.62496513287655,0.0,1
2030-05-12 22:00:00,-125.23829672961307,4.238296729613069,90.21196958757344,0.0,86.75531260112257,0.0,-75.0934104235278,0.0,1
2030-05-13 00:00:00,-106.81187058175473,0.0,67.93613752855785,0.0,65.33302482085205,0.0,-65.59152342494458,0.0,0
2030-05-13 02:00:00,-55.192502641194075,0.0,27.386216219132205,0.0,26.336857070239905,0.0,-35.078913679111906,0.0,0
2030-05-13 04:00:00,-63.43440105888188,0.0,27.05231997138516,0.0,26.015754743330614,0.0,-40.50218164033751,0.0,0
2030-05-13 06:00:00,-53.14952401352198,0.0,27.592172963674315,0.0,26.534922158905495,0.0,-33.731369733688126,0.0,0
2030-05-13 08:00:00,19.961247224099253,0.0,-17.540179516147752,0.0,-16.868091495619105,0.0,11.192072768511776,0.0,0
2030-05-13 10:00:00,6.327781982868881,0.0,-7.557621906217762,0.0,-7.268036093131997,0.0,3.0285006786036903,0.0,0
2030-05-13 12:00:00,-39.2529264410602,0.0,22.190327563926168,0.0,21.340059565608936,0.0,-24.57534773838497,0.0,0
2030-05-13 14:00:00,-36.93277463453259,0.0,22.236036523131276,0.0,21.38401709211724,0.0,-22.93653112764924,0.0,0
2030-05-13 16:00:00,-22.822038095777064,0.0,19.160307738695536,0.0,18.426141176206066,0.0,-13.178923494381028,0.0,0
2030-05-13 18:00:00,-29.457088896251115,0.0,8.446040212856577,0.0,8.12241282678924,0.0,-19.942318756524404,0.0,0
2030-05-13 20:00:00,8.790616862584159,0.0,-19.15452014749699,0.0,-18.42057534845687,0.0,2.603365961757589,0.0,0
2030-05-13 22:00:00,-22.179001695501093,0.0,3.4557453191213776,0.0,3.323331336194882,0.0,-15.253899863464458,0.0,0
2030-05-14 00:00:00,-19.065989742741802,0.0,-3.4620003990230064,0.0,-3.329346739856846,0.0,-14.274887331225289,0.0,0
2030-05-14 02:00:00,-26.727273845743156,0.0,13.155498836928516,0.0,12.651418866467747,0.0,-17.231987972743024,0.0,0
2030-05-14 04:00:00,-22.125737801243027,0.0,3.135796179326152,0.0,3.0156417051371216,0.0,-15.266625688637008,0.0,0
2030-05-14 06:00:00,-19.31228213870321,0.0,7.346101909602431,0.0,7.064620919828041,0.0,-12.797318821336779,0.0,0
2030-05-14 08:00:00,-7.177079661006669,0.0,-22.3943265121021,0.0,-21.536241874899083,0.0,-8.012059747873671,0.0,0
2030-05-14 10:00:00,39.28952749463277,0.0,-39.488932275716365,0.0,-37.97583269189856,0.0,21.53001097352781,0.0,0
2030-05-14 12:00:00,-15.543289290121294,0.0,-0.40372954393364235,0.0,-0.3882598168557214,0.0,-11.388656683125967,0.0,0
2030-05-14 14:00:00,-17.26873413139572,0.0,7.383654598072388,0.0,7.10073469987429,0.0,-11.353842130106287,0.0,0
2030-05-14 16:00:00,32.88486796356127,0.0,-31.887252712766315,0.0,-30.665427101683555,0.0,17.890182639393938,0.0,0
2030-05-14 18:00:00,-20.083653082476104,0.0,0.9441712382332028,0.0,0.9079933771138045,0.0,-14.461381699660988,0.0,0
2030-05-14 20:00:00,31.70305259386435,0.0,-32.8594673839777,0.0,-31.60038937001609,0.0,16.879870044665832,0.0,0
2030-05-14 22:00:00,-17.715224470283268,0.0,-5.828560700343955,0.0,-5.605227420315696,0.0,-14.020686838881646,0.0,0
2030-05-15 00:00:00,-20.171203329893945,0.0,2.0245485457218866,0.0,1.9469738080571029,0.0,-14.169344465625871,0.0,0
2030-05-15 02:00:00,-20.55648565312093,0.0,0.5082843657382297,0.0,0.4888084058188884,0.0,-14.85918362610938,0.0,0
2030-05-15 04:00:00,-26.541809354633713,0.0,-3.140240820546702,0.0,-3.0199160407961907,0.0,-19.47073019425639,0.0,0
2030-05-15 06:00:00,-62.87774848078301,0.0,42.95573759541608,0.0,41.30980024202303,0.0,-38.801298811534004,0.0,0
2030-05-15 08:00:00,-69.8540738146288,0.0,43.01427362175151,0.0,41.36609334022689,0.0,-43.56327496940944,0.0,0
2030-05-15 10:00:00,-57.4088210080692,0.0,57.21249425804413,0.0,55.020279977683366,0.0,-33.38283502485879,0.0,0
2030-05-15 12:00:00,-103.20455168398395,0.0,83.15518443952706,0.0,79.96892267663011,0.0,-60.54925008207341,0.0,0
2030-05-15 14:00:00,-123.31948461438594,2.3194846143859422,95.89059130751133,0.0,92.21634626116796,0.0,-73.27427752337837,0.0,1
2030-05-15 16:00:00,-154.08976064932182,33.08976064932182,115.42341094699646,0.0,111.00072577923035,0.0,-91.3010593242177,0.0,1
2030-05-15 18:00:00,-134.86533189388348,13.865331893883479,102.83943769417357,0.0,98.89893331971658,0.0,-79.2708632345352,0.0,1
2030-05-15 20:00:00,-138.1314385504281,17.1314385504281,106.86981798631408,0.0,102.77488130915268,0.0,-81.49522884625408,0.0,1
2030-05-15 22:00:00,-144.794092120779,23.794092120779,121.5962623630943,0.0,116.93705170906146,0.0,-84.32414651554905,0.0,1
2030-05-16 00:00:00,-138.55372058000643,17.553720580006427,110.2667921544601,0.0,106.04169343178742,0.0,-81.75299114364674,0.0,1
2030-05-16 02:00:00,-100.02526146768696,0.0,70.03420847836037,0.0,67.35070387100023,0.0,-60.60771602354355,0.0,0
2030-05-16 04:00:00,-125.52308585028709,4.523085850287089,102.1530033860122,0.0,98.23880115258889,0.0,-74.0448232877751,0.0,1
2030-05-16 06:00:00,-106.37787479092236,0.0,80.66222605410971,0.0,77.57148711439562,0.0,-63.34375323358951,0.0,0
2030-05-16 08:00:00,-40.08947411989681,0.0,27.977589598139364,0.0,26.90557076304918,0.0,-24.832738756779413,0.0,0
2030-05-16 10:00:00,-96.9357832888871,0.0,70.11909221658773,0.0,67.43233511437447,0.0,-58.4739297803407,0.0,0
2030-05-16 12:00:00,-79.28716214773138,0.0,60.56536305830852,0.0,58.24467672023666,0.0,-46.75886280165621,0.0,0
2030-05-16 14:00:00,-75.72770656676263,0.0,52.837581377477434,0.0,50.813000873907654,0.0,-46.18274426358501,0.0,0
2030-05-16 16:00:00,-42.87488894953226,0.0,30.52915466976761,0.0,29.359367375884766,0.0,-26.112463757265687,0.0,0
2030-05-16 18:00:00,-35.81902873028045,0.0,27.11785905872052,0.0,26.078782565861957,0.0,-21.60489605707535,0.0,0
2030-05-16 20:00:00,-63.673366415359475,0.0,47.855254748479865,0.0,46.021582327614006,0.0,-38.690514728424965,0.0,0
2030-05-16 22:00:00,-92.96147776140383,0.0,64.11632768628371,0.0,61.65957884180559,0.0,-56.47122891988552,0.0,0
2030-05-17 00:00:00,-103.22208326024656,0.0,77.3606683918695,0.0,74.3964354181766,0.0,-61.86136795701451,0.0,0
2030-05-17 02:00:00,-80.00604636452857,0.0,49.09995464406147,0.0,47.218588989029854,0.0,-49.25462937955231,0.0,0
2030-05-17 04:00:00,-101.93355377807129,0.0,81.83653456928474,0.0,78.70079958578853,0.0,-60.27420123789802,0.0,0
2030-05-17 06:00:00,-28.346959396012767,0.0,17.512944033970363,0.0,16.84189959690613,0.0,-18.173387050821162,0.0,0
2030-05-17 08:00:00,-82.78695007584068,0.0,69.5420420303225,0.0,66.87739579174523,0.0,-48.55472972590532,0.0,0
2030-05-17 10:00:00,-78.9066700567216,0.0,69.15230493646183,0.0,66.50259227548553,0.0,-45.03561419487186,0.0,0
2030-05-17 12:00:00,-53.42470622833535,0.0,51.31991293270936,0.0,49.353485014175824,0.0,-30.421622849895726,0.0,0
2030-05-17 14:00:00,-132.4849844255318,11.484984425531792,123.72799207983846,0.0,118.98709982133234,0.0,-75.80079657719969,0.0,1
2030-05-17 16:00:00,-114.21877344812088,0.0,105.35537387777515,0.0,101.31846623858178,0.0,-65.89039166288235,0.0,0
2030-05-17 18:00:00,-111.02171722823273,0.0,78.52682533775624,0.0,75.51790866440874,0.0,-67.22719618819029,0.0,0
2030-05-17 20:00:00,-81.99115240881959,0.0,66.37734935943125,0.0,63.83396482349513,0.0,-49.424949237166715,0.0,0
2030-05-17 22:00:00,-109.91678284819199,0.0,82.4782917891029,0.0,79.31796655901712,0.0,-66.24825300771128,0.0,0
2030-05-18 00:00:00,-100.40323089832043,0.0,75.33048392994203,0.0,72.4440416456243,0.0,-60.37137110445831,0.0,0
2030-05-18 02:00:00,-79.1617124788482,0.0,65.63051885859021,0.0,63.11575066791545,0.0,-46.772260883614365,0.0,0
2030-05-18 04:00:00,-73.66874653679832,0.0,45.7685168108852,0.0,44.014802042023405,0.0,-45.4125752770315,0.0,0
2030-05-18 06:00:00,-59.127637725359705,0.0,47.68105620635959,0.0,45.85405856058621,0.0,-35.23341207058924,0.0,0
2030-05-18 08:00:00,-65.18985645496394,0.0,54.84424317888357,0.0,52.74277330501203,0.0,-38.319198365917565,0.0,0
2030-05-18 10:00:00,-65.92298008151096,0.0,57.23948065004217,0.0,55.04623233061912,0.0,-39.0053708437769,0.0,0
2030-05-18 12:00:00,-4.014579801076516,0.0,6.558068563101776,0.0,6.306782690285689,0.0,-3.1487608846459594,0.0,0
2030-05-18 14:00:00,-57.11528031547946,0.0,45.41839967711817,0.0,43.67810036567333,0.0,-34.31501391801252,0.0,0
2030-05-18 16:00:00,-77.04954335067043,0.0,73.11970046036066,0.0,70.3179688874994,0.0,-44.720488017931196,0.0,0
2030-05-18 18:00:00,-78.16381238610593,0.0,78.37094223112167,0.0,75.3679985393207,0.0,-44.69089792601245,0.0,0
2030-05-18 20:00:00,-80.99947355183133,0.0,76.71459951868604,0.0,73.7751220014411,0.0,-47.1652988664139,0.0,0
2030-05-18 22:00:00,-50.63618958281927,0.0,39.86987619001113,0.0,38.34217995733614,0.0,-30.55048564027662,0.0,0
2030-05-19 00:00:00,-22.272665511558074,0.0,15.974968875670566,0.0,15.362855117098698,0.0,-13.97496486393277,0.0,0
2030-05-19 02:00:00,-27.025668783958693,0.0,12.213831913842775,0.0,11.745833846520462,0.0,-17.471488243490157,0.0,0
2030-05-19 04:00:00,-34.18623340612432,0.0,23.1489072629162,0.0,22.261909313698553,0.0,-21.678613022960466,0.0,0
2030-05-19 06:00:00,-28.07131894532788,0.0,17.277509560842226,0.0,16.61548627939751,0.0,-17.890800108649145,0.0,0
2030-05-19 08:00:00,-26.482706856786862,0.0,27.613861526817267,0.0,26.555779680184923,0.0,-14.894904180440705,0.0,0
2030-05-19 10:00:00,-33.50722440065156,0.0,29.976581463946673,0.0,28.82796714789764,0.0,-19.572434650131378,0.0,0
2030-05-19 12:00:00,-43.3360690173747,0.0,36.70072361094586,0.0,35.29445997145814,0.0,-25.75618898498702,0.0,0
2030-05-19 14:00:00,-34.34266412613728,0.0,23.519082975230866,0.0,22.617900982941812,0.0,-20.85325449088398,0.0,0
2030-05-19 16:00:00,-27.56115107832906,0.0,13.1831055774345,0.0,12.677967797983607,0.0,-17.982794890228845,0.0,0
2030-05-19 18:00:00,-26.713023338293894,0.0,17.172275522298662,0.0,16.514284499280468,0.0,-16.75355975790576,0.0,0
2030-05-19 20:00:00,16.77940093990107,0.0,-22.92018702587019,0.0,-22.041952962519737,0.0,7.607753463342769,0.0,0
2030-05-19 22:00:00,-42.591040458244045,0.0,20.017495443100984,0.0,19.250483972328528,0.0,-27.588580088097686,0.0,0
2030-05-20 00:00:00,-30.881764670603484,0.0,6.2280501379597855,0.0,5.989409599240076,0.0,-21.36054119974705,0.0,0
2030-05-20 02:00:00,-33.035677322409896,0.0,15.992020622894142,0.0,15.379253491588697,0.0,-21.43974327803788,0.0,0
2030-05-20 04:00:00,-26.54899213423448,0.0,2.9806011159637595,0.0,2.8663932595293655,0.0,-18.783018228031164,0.0,0
2030-05-20 06:00:00,-22.594520797890958,0.0,7.465910296997138,0.0,7.1798386026720085,0.0,-15.233049102270453,0.0,0
2030-05-20 08:00:00,-31.279148747670575,0.0,12.432213491522838,0.0,11.95584768531128,0.0,-20.24873207603592,0.0,0
2030-05-20 10:00:00,-29.848826062231467,0.0,16.462421082592904,0.0,15.831629591073625,0.0,-18.912658782792352,0.0,0
2030-05-20 12:00:00,-23.18130678918931,0.0,15.094668124167889,0.0,14.516284897772287,0.0,-14.31680453449394,0.0,0
2030-05-20 14:00:00,-27.60190175735128,0.0,18.026801809797686,0.0,17.336067856154088,0.0,-16.9997412387359,0.0,0
2030-05-20 16:00:00,-32.23769515145707,0.0,18.445797478020403,0.0,17.73900884437722,0.0,-20.204985903527984,0.0,0
2030-05-20 18:00:00,-26.333618147635345,0.0,5.7019969661498,0.0,5.483513235666255,0.0,-18.042016375510386,0.0,0
2030-05-20 20:00:00,-25.465324889480655,0.0,7.849894279516276,0.0,7.549109449872962,0.0,-17.062167968484193,0.0,0
2030-05-20 22:00:00,-24.213075985326153,0.0,1.4298005747290592,0.0,1.3750148276883492,0.0,-17.079849974878233,0.0,0
2030-05-21 00:00:00,-29.0700979513583,0.0,9.158213629496926,0.0,8.807297855564325,0.0,-19.55911526592168,0.0,0
2030-05-21 02:00:00,-23.373413443789005,0.0,5.082821789790993,0.0,4.888063028499246,0.0,-15.928353327806965,0.0,0
2030-05-21 04:00:00,-44.55355855644402,0.0,27.58751350982213,0.0,26.53044124160205,0.0,-27.66087816126607,0.0,0
2030-05-21 06:00:00,-49.632759983027746,0.0,27.226788266680344,0.0,26.183537927386077,0.0,-30.316269216264885,0.0,0
2030-05-21 08:00:00,-41.80934373060131,0.0,21.759911848133093,0.0,20.926136112404514,0.0,-25.490025470622342,0.0,0
2030-05-21 10:00:00,-29.693920747516145,0.0,23.504177588875606,0.0,22.60356672709303,0.0,-17.165396360157942,0.0,0
2030-05-21 12:00:00,28.007160264562742,0.0,-23.340452969435454,0.0,-22.44611555287556,0.0,16.67198592735507,0.0,0
2030-05-21 14:00:00,8.690901311244378,0.0,4.306668270622871,0.0,4.141649426293962,0.0,7.374955772901628,0.0,0
2030-05-21 16:00:00,-38.39188325399557,0.0,28.05656169912097,0.0,26.981516885706164,0.0,-22.30521263500464,0.0,0
2030-05-21 18:00:00,-60.417680700162045,0.0,58.70369460523091,0.0,56.45434191938067,0.0,-33.58695646096716,0.0,0
2030-05-21 20:00:00,-60.33582981901506,0.0,62.56652957737131,0.0,60.169164432032616,0.0,-32.98701866509161,0.0,0
2030-05-21 22:00:00,-22.608614204099005,0.0,24.97252423898437,0.0,24.015650658076673,0.0,-11.766622578524423,0.0,0
2030-05-22 00:00:00,-25.387328802685648,0.0,17.014398939866275,0.0,16.362457282516058,0.0,-15.277348179652096,0.0,0
2030-05-22 02:00:00,-27.2360707061517,0.0,9.926205214763087,0.0,9.54586226513657,0.0,-17.276711875510816,0.0,0
2030-05-22 04:00:00,-43.43682251821344,0.0,28.43064488669369,0.0,27.341266307263695,0.0,-26.46147639126791,0.0,0
2030-05-22 06:00:00,-60.21795963714402,0.0,43.99504657489737,0.0,42.309285962335665,0.0,-35.82633971230257,0.0,0
2030-05-22 08:00:00,-2.115591510198426,0.0,13.655948991252124,0.0,13.132693244780441,0.0,0.9429490977867558,0.0,0
2030-05-22 10:00:00,-29.815898573289676,0.0,22.888703599071466,0.0,22.01167588791251,0.0,-17.061386754679422,0.0,0
2030-05-22 12:00:00,-75.76391741171219,0.0,68.92095388355722,0.0,66.28010591356374,0.0,-42.82897923068411,0.0,0
2030-05-22 14:00:00,-24.363630776176517,0.0,26.01273800820559,0.0,25.016006499251084,0.0,-13.014175639310547,0.0,0
2030-05-22 16:00:00,-41.13010147215123,0.0,24.90408315935747,0.0,23.94983203905155,0.0,-25.59890886793963,0.0,0
2030-05-22 18:00:00,19.88068748285571,0.0,-26.49922255281674,0.0,-25.483850388884573,0.0,9.491143261689874,0.0,0
2030-05-22 20:00:00,23.46248701676718,0.0,-20.93180393930362,0.0,-20.129758859735997,0.0,12.963906460702725,0.0,0
2030-05-22 22:00:00,-28.59258259192099,0.0,6.928020529415468,0.0,6.662559186815804,0.0,-19.266715875742072,0.0,0
2030-05-23 00:00:00,-33.15404848092935,0.0,16.24448100058965,0.0,15.622040331145588,0.0,-21.309277382926062,0.0,0
2030-05-23 02:00:00,-28.68319010097885,0.0,9.492921865694973,0.0,9.12918105791857,0.0,-19.326470082699757,0.0,0
2030-05-23 04:00:00,-22.001735571248386,0.0,5.029837427502764,0.0,4.837108870926806,0.0,-14.903611671615447,0.0,0
2030-05-23 06:00:00,-22.66158693319862,0.0,2.4084057381132613,0.0,2.3161227233546695,0.0,-16.164862521461075,0.0,0
2030-05-23 08:00:00,-18.850437773905632,0.0,7.749793710652186,0.0,7.452844439996138,0.0,-12.377706161189352,0.0,0
2030-05-23 10:00:00,-15.095473904628772,0.0,-8.04136793798321,0.0,-7.733246401666724,0.0,-11.826917724068648,0.0,0
2030-05-23 12:00:00,-37.71367623776432,0.0,19.686607712957024,0.0,18.9322748854884,0.0,-24.11015258378101,0.0,0
2030-05-23 14:00:00,-0.7935050488671662,0.0,0.09114320715766835,0.0,0.0876508678901631,0.0,-0.8229114435584833,0.0,0
2030-05-23 16:00:00,-61.04524403227249,0.0,43.4047958176935,0.0,41.74165187576844,0.0,-36.98628866897359,0.0,0
2030-05-23 18:00:00,-53.44375838681903,0.0,30.130532333577115,0.0,28.976019073612946,0.0,-33.797192101097956,0.0,0
2030-05-23 20:00:00,-46.15837599030573,0.0,29.669633541837797,0.0,28.532780566155136,0.0,-28.740767412412396,0.0,0
2030-05-23 22:00:00,-44.721899712722795,0.0,35.42986880624219,0.0,34.07230058000755,0.0,-26.98908504526596,0.0,0
2030-05-24 00:00:00,-59.486692134109184,0.0,56.1778947985959,0.0,54.02532332246649,0.0,-34.68857524868318,0.0,0
2030-05-24 02:00:00,-62.2598838739537,0.0,42.921394169886625,0.0,41.27677275541315,0.0,-38.29702591604202,0.0,0
2030-05-24 04:00:00,-66.60893040055645,0.0,50.4079961954516,0.0,48.476510240554525,0.0,-40.2410613402443,0.0,0
2030-05-24 06:00:00,-33.75149267718986,0.0,23.38397419589645,0.0,22.487969174115275,0.0,-20.720371316485377,0.0,0
2030-05-24 08:00:00,-35.713744174059485,0.0,21.82796283472471,0.0,20.99157958561053,0.0,-22.33449546746939,0.0,0
2030-05-24 10:00:00,-41.08074107155632,0.0,30.69325032361375,0.0,29.51717536756244,0.0,-24.75740101792244,0.0,0
2030-05-24 12:00:00,-32.7799150253742,0.0,18.88567449061896,0.0,18.162031065358597,0.0,-20.788691076152713,0.0,0
2030-05-24 14:00:00,30.806768640079845,0.0,-42.31134653636397,0.0,-40.69010035052284,0.0,15.203213573830372,0.0,0
2030-05-24 16:00:00,-23.29745046688876,0.0,3.0860135875908634,0.0,2.9677666356997614,0.0,-16.476281574921476,0.0,0
2030-05-24 18:00:00,-25.043473036170365,0.0,-1.0465948224557122,0.0,-1.0064923912420625,0.0,-18.455931080666364,0.0,0
2030-05-24 20:00:00,-45.29310931363227,0.0,31.10177936563011,0.0,29.91005077986974,0.0,-28.230256065172178,0.0,0
2030-05-24 22:00:00,-37.961544659104916,0.0,22.662180933385038,0.0,21.793832903631014,0.0,-24.15382567118627,0.0,0
2030-05-25 00:00:00,-26.10507295960968,0.0,3.696666897274877,0.0,3.5550215090246766,0.0,-18.137261068174773,0.0,0
2030-05-25 02:00:00,-60.51911583305137,0.0,48.24927431124317,0.0,46.40050422118058,0.0,-36.994886444192645,0.0,0
2030-05-25 04:00:00,-47.45923232341688,0.0,31.399227266301693,0.0,30.19610135301743,0.0,-30.164596159691985,0.0,0
2030-05-25 06:00:00,-42.12043520796284,0.0,32.33495043800045,0.0,31.09597036862557,0.0,-26.283641190300248,0.0,0
2030-05-25 08:00:00,-46.7665838575791,0.0,40.93828475600833,0.0,39.36965025371213,0.0,-28.31343086811767,0.0,0
2030-05-25 10:00:00,-5.3133707639956285,0.0,9.749668730943734,0.0,9.37609013945005,0.0,-4.047889716561968,0.0,0
2030-05-25 12:00:00,-57.99769506543039,0.0,48.12114838558277,0.0,46.27728770364098,0.0,-35.25532798230821,0.0,0
2030-05-25 14:00:00,-78.58698377148505,0.0,71.42384251835139,0.0,68.68709122726506,0.0,-46.600790100485995,0.0,0
2030-05-25 16:00:00,-100.95436605904791,0.0,98.45251090754554,0.0,94.68010064737658,0.0,-59.53430068658057,0.0,0
2030-05-25 18:00:00,-76.7130835183959,0.0,67.99660470612802,0.0,65.39117507426288,0.0,-46.49938161338176,0.0,0
2030-05-25 20:00:00,-72.04188806473215,0.0,62.518362782444754,0.0,60.12284324682891,0.0,-43.799225224645774,0.0,0
2030-05-25 22:00:00,-71.57397476744109,0.0,65.44481590371026,0.0,62.937163303342786,0.0,-43.396707521312514,0.0,0
2030-05-26 00:00:00,-60.29821810410373,0.0,41.1386032433483,0.0,39.56229312658598,0.0,-37.960310410081426,0.0,0
2030-05-26 02:00:00,-53.685798593730084,0.0,38.82208422507958,0.0,37.334536294592,0.0,-33.534451039750536,0.0,0
2030-05-26 04:00:00,-68.90714313063562,0.0,52.817685631156635,0.0,50.79386747398998,0.0,-42.2856570330545,0.0,0
2030-05-26 06:00:00,-31.2152576121235,0.0,35.9359023916089,0.0,34.5589444487299,0.0,-18.815782242298027,0.0,0
2030-05-26 08:00:00,-109.70368484996283,0.0,95.77554872320454,0.0,92.10571176987376,0.0,-65.28197143972227,0.0,0
2030-05-26 10:00:00,-97.29536127598894,0.0,81.49422501686618,0.0,78.3716063272642,0.0,-57.74971400775206,0.0,0
2030-05-26 12:00:00,-23.98830234048544,0.0,13.158244975714515,0.0,12.65405978130321,0.0,-16.040254295872984,0.0,0
2030-05-26 14:00:00,-59.07038006825665,0.0,46.343531954993736,0.0,44.56778429931782,0.0,-35.16024831598087,0.0,0
2030-05-26 16:00:00,-47.48677917758842,0.0,35.24846308661891,0.0,33.897845793292475,0.0,-28.46376290757821,0.0,0
2030-05-26 18:00:00,-41.81206040794443,0.0,18.846318112202024,0.0,18.124182707452043,0.0,-27.141860744600994,0.0,0
2030-05-26 20:00:00,-60.739576476203766,0.0,36.24893279720298,0.0,34.85998045110437,0.0,-37.977951281321154,0.0,0
2030-05-26 22:00:00,-36.20264924412369,0.0,24.647768573787864,0.0,23.703338673515074,0.0,-22.04387829878633,0.0,0
2030-05-27 00:00:00,-35.12449984483828,0.0,17.24075980952695,0.0,16.58014467031904,0.0,-22.687239569749348,0.0,0
2030-05-27 02:00:00,-45.30696986345873,0.0,30.08295372348934,0.0,28.93026353573729,0.0,-27.493790312456294,0.0,0
2030-05-27 04:00:00,-41.539587563963345,0.0,23.6405698281602,0.0,22.734732817464383,0.0,-25.814127034499343,0.0,0
2030-05-27 06:00:00,-28.694621141719793,0.0,20.385512748750244,0.0,19.604399938692964,0.0,-17.514060861453814,0.0,0
2030-05-27 08:00:00,3.884906689906011,0.0,11.040695395274257,0.0,10.617648464275781,0.0,4.213002655675643,0.0,0
2030-05-27 10:00:00,-39.14478726213372,0.0,31.34125240254448,0.0,30.140347915294516,0.0,-22.853404717095522,0.0,0
2030-05-27 12:00:00,-44.97514257308379,0.0,40.27758089836696,0.0,38.73426262202082,0.0,-25.88797534427205,0.0,0
2030-05-27 14:00:00,-41.59078888100079,0.0,31.33468653052726,0.0,30.134033628155457,0.0,-24.81929689764545,0.0,0
2030-05-27 16:00:00,-65.13354022053142,0.0,55.89201302670844,0.0,53.7503956981118,0.0,-38.11331253776939,0.0,0
2030-05-27 18:00:00,-62.480807306230474,0.0,45.25454897599333,0.0,43.520527940850144,0.0,-37.913916705535144,0.0,0
2030-05-27 20:00:00,-45.676222340473345,0.0,22.301090579366083,0.0,21.446578468511323,0.0,-29.293991553632864,0.0,0
2030-05-27 22:00:00,-28.40151378463448,0.0,14.038637939868329,0.0,13.500718679963551,0.0,-18.322463424706623,0.0,0
2030-05-28 00:00:00,-26.514922120842208,0.0,9.458185012671601,0.0,9.095775218797705,0.0,-17.695495341274825,0.0,0
2030-05-28 02:00:00,-35.59703358174566,0.0,16.039475052911598,0.0,15.424889607608486,0.0,-22.617857059899833,0.0,0
2030-05-28 04:00:00,-39.48240042822432,0.0,27.81279726485494,0.0,26.747092786637392,0.0,-24.18176932451406,0.0,0
2030-05-28 06:00:00,18.694528337693015,0.0,-19.205671043088977,0.0,-18.46976629237712,0.0,9.82013976368485,0.0,0
2030-05-28 08:00:00,-12.026001226657442,0.0,-12.016056702875174,0.0,-11.555636799158675,0.0,-9.863994786693224,0.0,0
2030-05-28 10:00:00,-17.495107942360626,0.0,1.9851520951212387,0.0,1.9090869134148636,0.0,-12.47507398650642,0.0,0
2030-05-28 12:00:00,-17.497713293510696,0.0,3.2517014025230333,0.0,3.1271057815398233,0.0,-12.089717065637425,0.0,0
2030-05-28 14:00:00,-22.565079043998907,0.0,7.1757528621639235,0.0,6.9007991461832034,0.0,-14.359754721957687,0.0,0
2030-05-28 16:00:00,-37.487321608567456,0.0,26.139737259479023,0.0,25.138139513248053,0.0,-22.678973269268777,0.0,0
2030-05-28 18:00:00,-46.447951411680364,0.0,27.887015869154443,0.0,26.818467552605316,0.0,-28.28902118782185,0.0,0
2030-05-28 20:00:00,-78.8902436813685,0.0,64.34252858267777,0.0,61.877112386046356,0.0,-46.145843726701834,0.0,0
2030-05-28 22:00:00,-105.66214871152116,0.0,87.27069994312143,0.0,83.9267437469539,0.0,-61.98594811228994,0.0,0
2030-05-29 00:00:00,-106.4929394325224,0.0,98.62551647254139,0.0,94.84647714864998,0.0,-61.11219174526956,0.0,0
2030-05-29 02:00:00,-38.643792113592994,0.0,44.565819416108496,0.0,42.85818846928541,0.0,-21.159911232296867,0.0,0
2030-05-29 04:00:00,-104.32788456978557,0.0,96.79548167236408,0.0,93.08656389228109,0.0,-59.517185765389826,0.0,0
2030-05-29 06:00:00,-7.439709985964427,0.0,14.058285929501483,0.0,13.519613816500332,0.0,-3.126322699793658,0.0,0
2030-05-29 08:00:00,-43.01623946140758,0.0,39.59768105836085,0.0,38.080414541474035,0.0,-24.121652288879243,0.0,0
2030-05-29 10:00:00,-23.515380109808515,0.0,25.24286476376757,0.0,24.27563253014467,0.0,-12.32909886231018,0.0,0
2030-05-29 12:00:00,-35.94682551194448,0.0,37.094320484982624,0.0,35.67297537248521,0.0,-19.584442224356476,0.0,0
2030-05-29 14:00:00,-79.14170883314921,0.0,81.42964696345902,0.0,78.3095027146714,0.0,-44.01837278741856,0.0,0
2030-05-29 16:00:00,-3.38818445056972,0.0,16.191834412853858,0.0,15.571411005599542,0.0,-0.7246813584752737,0.0,0
2030-05-29 18:00:00,-89.91092772939297,0.0,88.6965522532305,0.0,85.29796159589417,0.0,-51.02165082137302,0.0,0
2030-05-29 20:00:00,-61.41849699697586,0.0,55.395206154267605,0.0,53.2726250018502,0.0,-35.252769047124765,0.0,0
2030-05-29 22:00:00,-39.62806420632586,0.0,40.28947470414087,0.0,38.745700692186595,0.0,-22.210320975184395,0.0,0
2030-05-30 00:00:00,-31.024387190771108,0.0,21.321754441753892,0.0,20.504767607396712,0.0,-18.575214084533066,0.0,0
2030-05-30 02:00:00,-74.46288337159915,0.0,70.69511847580031,0.0,67.98628974382007,0.0,-42.2818131679482,0.0,0
2030-05-30 04:00:00,-104.15511147967976,0.0,99.14323698723061,0.0,95.34436013798297,0.0,-59.335978884244014,0.0,0
2030-05-30 06:00:00,-95.8915508882823,0.0,89.75456545486762,0.0,86.31543484765638,0.0,-55.02610745843622,0.0,0
2030-05-30 08:00:00,-77.70149868998628,0.0,80.92855936524649,0.0,77.8276153174422,0.0,-43.2577459076411,0.0,0
2030-05-30 10:00:00,-62.143468755561905,0.0,48.160542636897816,0.0,46.315172483267666,0.0,-36.38766500939079,0.0,0
2030-05-30 12:00:00,20.843809418447762,0.0,-4.760713862187134,0.0,-4.578297328023696,0.0,13.982450417493942,0.0,0
2030-05-30 14:00:00,-63.859233287638716,0.0,63.012808955314895,0.0,60.59834369857483,0.0,-35.923071397251874,0.0,0
2030-05-30 16:00:00,-52.48468897107171,0.0,74.3408298034047,0.0,71.49230815053195,0.0,-26.986134351614577,0.0,0
2030-05-30 18:00:00,-115.82671918095299,0.0,113.6177102342445,0.0,109.26421419972425,0.0,-65.25367399469073,0.0,0
2030-05-30 20:00:00,-149.93865496268518,28.938654962685177,139.75107332334537,14.751073323345366,134.39622378203023,9.396223782030233,-85.80337403422638,0.0,3
2030-05-30 22:00:00,-154.64993113972338,33.64993113972338,146.0185279111842,21.018527911184208,140.42352796868212,15.423527968682123,-88.22014055178911,0.0,3
2030-05-31 00:00:00,-159.86870423456406,38.86870423456406,153.17806668852208,28.17806668852208,147.3087343060169,22.308734306016902,-91.34409029732123,0.0,3
2030-05-31 02:00:00,-160.33741321007616,39.337413210076164,154.1436450567012,29.14364505670119,148.23731455490437,23.237314554904373,-91.65431833895829,0.0,3
2030-05-31 04:00:00,-148.604204221318,27.604204221318014,140.51240678444194,15.512406784441936,135.12838518714187,10.128385187141873,-84.99548157397247,0.0,3
2030-05-31 06:00:00,-139.98876906144017,18.988769061440166,134.32511207280993,9.32511207280993,129.17816938632365,4.1781693863236455,-79.65732149309217,0.0,3
2030-05-31 08:00:00,-148.86734017014663,27.867340170146633,142.94061830872676,17.940618308726755,137.4635547972729,12.463554797272906,-84.30626230694168,0.0,3
2030-05-31 10:00:00,-135.75925387153652,14.759253871536515,119.76887382325589,0.0,115.179683316129,0.0,-78.15715722714081,0.0,1
2030-05-31 12:00:00,-83.39527538303943,0.0,83.59612922515419,0.0,80.39297175672228,0.0,-47.145557936529315,0.0,0
2030-05-31 14:00:00,-141.8073897925068,20.807389792506797,131.21539554318286,6.215395543182865,126.18760803551775,1.187608035517755,-81.24142532828013,0.0,3
2030-05-31 16:00:00,-126.16985871822637,5.169858718226365,104.72547858292924,0.0,100.71270667629571,0.0,-73.66161666201717,0.0,1
2030-05-31 18:00:00,-56.6695325538152,0.0,53.09223642932898,0.0,51.0578982941707,0.0,-32.656829017658595,0.0,0
2030-05-31 20:00:00,-77.91588575289492,0.0,42.85235632685304,0.0,41.21038023919756,0.0,-48.053608041071854,0.0,0
2030-05-31 22:00:00,-35.821185083677726,0.0,15.576534638040693,0.0,14.979687706004583,0.0,-23.011460453332635,0.0,0
2030-06-01 00:00:00,-52.1172215262832,0.0,32.883695612399066,0.0,31.623689244080246,0.0,-31.838306733585448,0.0,0
2030-06-01 02:00:00,-57.06978366217326,0.0,39.77027555522281,0.0,38.24639572553363,0.0,-33.76835918016597,0.0,0
2030-06-01 04:00:00,-63.48467013261869,0.0,42.52853484159196,0.0,40.898966639547524,0.0,-37.773670232747016,0.0,0
2030-06-01 06:00:00,-11.475080488381892,0.0,-1.3272695356633109,0.0,-1.2764124760698845,0.0,-7.8313453520140275,0.0,0
2030-06-01 08:00:00,-23.22106412842196,0.0,17.18692262847106,0.0,16.528370371482332,0.0,-12.923733074336486,0.0,0
2030-06-01 10:00:00,-10.679669736170206,0.0,3.79854687587006,0.0,3.65299774689234,0.0,-6.187085967288197,0.0,0
2030-06-01 12:00:00,-34.861579257626815,0.0,17.160581259461072,0.0,16.503038326153444,0.0,-21.679683112602735,0.0,0
2030-06-01 14:00:00,-52.38815568026823,0.0,25.933070016386047,0.0,24.93939115024355,0.0,-32.427066028557604,0.0,0
2030-06-01 16:00:00,-44.94471157626898,0.0,31.824820363500002,0.0,30.60538697616835,0.0,-26.587155123250426,0.0,0
2030-06-01 18:00:00,-13.594415259333523,0.0,5.106036946354296,0.0,4.9103886486352675,0.0,-8.682277821696621,0.0,0
2030-06-01 20:00:00,-10.291793704065762,0.0,0.33829187422631835,0.0,0.32532952592762454,0.0,-6.839740121918387,0.0,0
2030-06-01 22:00:00,-31.993192698553386,0.0,14.052855490927747,0.0,13.514391456339265,0.0,-20.09854870956088,0.0,0
2030-06-02 00:00:00,-54.194428699824776,0.0,29.73356018163657,0.0,28.594257725390577,0.0,-33.3193679575072,0.0,0
2030-06-02 02:00:00,-57.77938952918767,0.0,33.874889925889676,0.0,32.576903910697816,0.0,-35.259535676047214,0.0,0
2030-06-02 04:00:00,-59.041344416426526,0.0,35.987881734700956,0.0,34.60893209648178,0.0,-36.08484469323247,0.0,0
2030-06-02 06:00:00,-65.01689741735194,0.0,51.405708038185644,0.0,49.43599270389009,0.0,-38.01335980234888,0.0,0
2030-06-02 08:00:00,-13.38403367907627,0.0,7.501865150519937,0.0,7.214415772100366,0.0,-8.400695461673267,0.0,0
2030-06-02 10:00:00,18.181888909405217,0.0,-18.47331437691035,0.0,-17.76547137674327,0.0,10.030834291711729,0.0,0
2030-06-02 12:00:00,-15.48966693675323,0.0,3.4033753509790827,0.0,3.2729680309942415,0.0,-10.280060926001292,0.0,0
2030-06-02 14:00:00,-48.269832893840956,0.0,43.59554179979752,0.0,41.925089033614455,0.0,-27.51019558123323,0.0,0
2030-06-02 16:00:00,-54.15973061679716,0.0,45.04777166086325,0.0,43.32167372344482,0.0,-31.180888536843447,0.0,0
2030-06-02 18:00:00,-45.99014763312212,0.0,30.491176591930675,0.0,29.322844506139155,0.0,-27.90050288025623,0.0,0
2030-06-02 20:00:00,-51.416140241755556,0.0,32.67038675588991,0.0,31.418553754725114,0.0,-31.94071627463421,0.0,0
2030-06-02 22:00:00,-38.65934656384151,0.0,19.950368079236522,0.0,19.185928731346976,0.0,-24.57291066692911,0.0,0
2030-06-03 00:00:00,-47.610838214742195,0.0,29.069710147001445,0.0,27.955844468942086,0.0,-29.513943372894815,0.0,0
2030-06-03 02:00:00,-11.337816707660823,0.0,-0.19636914358968705,0.0,-0.18884485634469605,0.0,-8.037847266272019,0.0,0
2030-06-03 04:00:00,-19.86932559285728,0.0,6.302869484844988,0.0,6.061362089107135,0.0,-13.21621172155606,0.0,0
2030-06-03 06:00:00,-12.901355884520799,0.0,3.9182366124160435,0.0,3.7681013252386055,0.0,-8.568797839522128,0.0,0
2030-06-03 08:00:00,38.522691445610505,0.0,-34.8906254487968,0.0,-33.5537194398647,0.0,21.712969742305567,0.0,0
2030-06-03 10:00:00,-40.972229507080584,0.0,35.787484432904314,0.0,34.41621342908908,0.0,-23.68784034743924,0.0,0
2030-06-03 12:00:00,-38.6583598589728,0.0,34.92563625220497,0.0,33.5873887323985,0.0,-22.005633498595554,0.0,0
2030-06-03 14:00:00,-40.335448297427554,0.0,25.131249472467246,0.0,24.168294008082732,0.0,-24.378012991739595,0.0,0
2030-06-03 16:00:00,-50.588901686874834,0.0,38.58404679668325,0.0,37.105619759394926,0.0,-30.260751852145003,0.0,0
2030-06-03 18:00:00,-68.83835117037222,0.0,55.68195469393889,0.0,53.548386181999916,0.0,-40.97251688003395,0.0,0
2030-06-03 20:00:00,-43.20459634906014,0.0,15.586117812386906,0.0,14.988903681333788,0.0,-28.424892774168125,0.0,0
2030-06-03 22:00:00,-50.908133724172785,0.0,21.039386508761943,0.0,20.23321918198,0.0,-33.14028887175328,0.0,0
2030-06-04 00:00:00,-53.10270251469876,0.0,30.161224785421265,0.0,29.00553548109633,0.0,-33.56455581191179,0.0,0
2030-06-04 02:00:00,-47.40811992625254,0.0,19.544428455461933,0.0,18.79554351840069,0.0,-30.83455774176735,0.0,0
2030-06-04 04:00:00,-58.267764062966904,0.0,27.80849818128488,0.0,26.742958431288262,0.0,-37.31364632867475,0.0,0
2030-06-04 06:00:00,-33.51194582517951,0.0,3.642184272082585,0.0,3.502626497570051,0.0,-23.189866238284345,0.0,0
2030-06-04 08:00:00,-24.264791869805265,0.0,16.797198525527442,0.0,16.153579348366055,0.0,-14.865999315551099,0.0,0
2030-06-04 10:00:00,-26.083013416282952,0.0,12.777531327645935,0.0,12.287933958968349,0.0,-16.826761939618773,0.0,0
2030-06-04 12:00:00,-21.32426800760235,0.0,18.971605329027586,0.0,18.24466928711898,0.0,-12.268147536256427,0.0,0
2030-06-04 14:00:00,-19.117163044283032,0.0,8.575873005119872,0.0,8.247270808830539,0.0,-11.825234653273077,0.0,0
2030-06-04 16:00:00,-13.02364330591029,0.0,-10.760974749446602,0.0,-10.348645889775847,0.0,-10.53965338662968,0.0,0
2030-06-04 18:00:00,33.47423547036135,0.0,-38.11225284698364,0.0,-36.65190356434187,0.0,17.79112744057003,0.0,0
2030-06-04 20:00:00,-41.846123079983634,0.0,22.867622265274935,0.0,21.991402328739255,0.0,-26.90372277654201,0.0,0
2030-06-04 22:00:00,-31.818714835632136,0.0,11.112652959400158,0.0,10.686848826470541,0.0,-21.78698913388403,0.0,0
2030-06-05 00:00:00,-53.88414528488576,0.0,36.18113456382336,0.0,34.794780046351605,0.0,-33.91147980004117,0.0,0
2030-06-05 02:00:00,-66.42215294549676,0.0,42.11885942201637,0.0,40.504988775492905,0.0,-41.64233874785718,0.0,0
2030-06-05 04:00:00,-64.86406850635024,0.0,32.404508813956134,0.0,31.16286347247479,0.0,-41.365530246848905,0.0,0
2030-06-05 06:00:00,-55.49505858957224,0.0,37.3581393184497,0.0,35.92668544524089,0.0,-34.28264923615696,0.0,0
2030-06-05 08:00:00,-65.50660000087291,0.0,53.39346384589898,0.0,51.34758356329884,0.0,-39.48065382472279,0.0,0
2030-06-05 10:00:00,-46.56727834628046,0.0,44.2757892899281,0.0,42.57927144335693,0.0,-26.822878660952853,0.0,0
2030-06-05 12:00:00,-96.62402948916456,0.0,82.58260957740606,0.0,79.41828719690449,0.0,-56.63789414957615,0.0,0
2030-06-05 14:00:00,-85.92423552289256,0.0,75.57773192225866,0.0,72.68181582305871,0.0,-50.1848536114968,0.0,0
2030-06-05 16:00:00,-93.82298613579009,0.0,69.72145089036013,0.0,67.04993023265293,0.0,-56.35464996669224,0.0,0
2030-06-05 18:00:00,-103.26052137474323,0.0,80.707594226656,0.0,77.61511691218614,0.0,-61.238081742782036,0.0,0
2030-06-05 20:00:00,-113.65171318651025,0.0,96.51720535261293,0.0,92.8189503015361,0.0,-65.77191993638458,0.0,0
2030-06-05 22:00:00,-130.24026289995535,9.240262899955354,120.16861876713136,0.0,115.56411121106561,0.0,-73.94111333706797,0.0,1
2030-06-06 00:00:00,-122.70973765047609,1.709737650476086,110.63407023492375,0.0,106.39489849789811,0.0,-69.76889183052499,0.0,1
2030-06-06 02:00:00,-117.93462477400516,0.0,103.19803025024653,0.0,99.2437856651508,0.0,-67.53365452410624,0.0,0
2030-06-06 04:00:00,-121.46086739825833,0.4608673982583298,108.13689295931994,0.0,103.99340570092372,0.0,-69.5764637633923,0.0,1
2030-06-06 06:00:00,-128.41626350016358,7.416263500163581,109.85135668238306,0.0,105.64217622347894,0.0,-75.03888217063484,0.0,1
2030-06-06 08:00:00,-96.78112197574997,0.0,72.1972814814663,0.0,69.43089428721032,0.0,-57.230002016465185,0.0,0
2030-06-06 10:00:00,-39.452623891476,0.0,39.15415493214931,0.0,37.653883030166185,0.0,-22.299705696754,0.0,0
2030-06-06 12:00:00,-71.18874390680747,0.0,50.59386969960934,0.0,48.65526161945908,0.0,-42.84455740269979,0.0,0
2030-06-06 14:00:00,-101.33662052308294,0.0,95.54503365716971,0.0,91.88402936226692,0.0,-57.17801867992649,0.0,0
2030-06-06 16:00:00,-20.065294075947644,0.0,17.008135809657592,0.0,16.356434137011075,0.0,-11.197783471905312,0.0,0
2030-06-06 18:00:00,-72.4953143908368,0.0,53.95632701982842,0.0,51.888879478122064,0.0,-42.96969902562273,0.0,0
2030-06-06 20:00:00,-54.729524741742836,0.0,45.14829924359096,0.0,43.41834938527168,0.0,-32.46341544920531,0.0,0
2030-06-06 22:00:00,-78.37612339429252,0.0,63.90908059412271,0.0,61.46027284784161,0.0,-46.56414830383592,0.0,0
2030-06-07 00:00:00,-49.149247884380955,0.0,24.435108217386965,0.0,23.498826835653933,0.0,-31.458932812355812,0.0,0
2030-06-07 02:00:00,-64.20799210032615,0.0,50.47921505502704,0.0,48.545000203181544,0.0,-38.84984617511613,0.0,0
2030-06-07 04:00:00,-49.290093727281004,0.0,31.72570630878873,0.0,30.510070680127434,0.0,-30.161791390384316,0.0,0
2030-06-07 06:00:00,-36.524785424119635,0.0,22.088730197658997,0.0,21.24235511119726,0.0,-22.905662716867585,0.0,0
2030-06-07 08:00:00,-28.38677687442699,0.0,8.10073316345727,0.0,7.790336926540429,0.0,-18.972689252539784,0.0,0
2030-06-07 10:00:00,-39.983272435941494,0.0,34.99723214173288,0.0,33.65624127830065,0.0,-23.015545220687574,0.0,0
2030-06-07 12:00:00,-25.70937916412317,0.0,15.459296506777243,0.0,14.866941794646813,0.0,-16.12472223739301,0.0,0
2030-06-07 14:00:00,-26.378874708681394,0.0,26.15646204673827,0.0,25.154223455916636,0.0,-14.76917851409456,0.0,0
2030-06-07 16:00:00,-11.657043062492566,0.0,-4.701256008043696,0.0,-4.521117723738476,0.0,-8.850911346253366,0.0,0
2030-06-07 18:00:00,16.868845763726426,0.0,-11.594182863904026,0.0,-11.14992792321351,0.0,9.57286429968095,0.0,0
2030-06-07 20:00:00,-29.732498428623586,0.0,12.040834467329521,0.0,11.579465152653547,0.0,-19.79244592514991,0.0,0
2030-06-07 22:00:00,-17.980730720068536,0.0,-5.530729245309529,0.0,-5.318807989478747,0.0,-13.835771343234724,0.0,0
2030-06-08 00:00:00,-30.8352448797039,0.0,13.818472496912374,0.0,13.288989328360568,0.0,-20.015683036372113,0.0,0
2030-06-08 02:00:00,-26.815239986746263,0.0,8.293493824499231,0.0,7.9757115667611185,0.0,-17.993768995720487,0.0,0
2030-06-08 04:00:00,-29.838764243528853,0.0,12.669861023885757,0.0,12.184389264142558,0.0,-19.753518069647463,0.0,0
2030-06-08 06:00:00,-23.566028368938674,0.0,8.05197738730115,0.0,7.743449328133383,0.0,-15.437141194160755,0.0,0
2030-06-08 08:00:00,-36.96592545183174,0.0,22.972334003704987,0.0,22.092101821744976,0.0,-23.315222578681674,0.0,0
2030-06-08 10:00:00,23.068003379174833,0.0,-14.599604432114049,0.0,-14.040190588359124,0.0,13.63830177473868,0.0,0
2030-06-08 12:00:00,-33.01644936158747,0.0,22.994890704375287,0.0,22.113794216078496,0.0,-20.242588539861526,0.0,0
2030-06-08 14:00:00,-24.999882232438893,0.0,16.319314784192166,0.0,15.694006704557488,0.0,-15.578262693074873,0.0,0
2030-06-08 16:00:00,-17.06701444789288,0.0,7.009426106749434,0.0,6.740845542178227,0.0,-11.15664991624288,0.0,0
2030-06-08 18:00:00,-17.926231024410217,0.0,7.267838074090358,0.0,6.989355923993711,0.0,-12.003654479867098,0.0,0
2030-06-08 20:00:00,31.270337436369715,0.0,-32.04920880014783,0.0,-30.821177508782267,0.0,16.56175509917307,0.0,0
2030-06-08 22:00:00,-5.897043812024119,0.0,-11.55980737120905,0.0,-11.116869598157448,0.0,-5.52550490437748,0.0,0
2030-06-09 00:00:00,-20.265685646472186,0.0,6.446261011610363,0.0,6.199259274877013,0.0,-13.869092820455016,0.0,0
2030-06-09 02:00:00,-16.903388825900752,0.0,-3.106746425176948,0.0,-2.987705052010864,0.0,-12.798610915123795,0.0,0
2030-06-09 04:00:00,-21.65162098965632,0.0,7.946831101690712,0.0,7.6423319385154205,0.0,-14.613052558050716,0.0,0
2030-06-09 06:00:00,-19.720107524298033,0.0,14.571582304629494,0.0,14.013242186270322,0.0,-11.993926491248883,0.0,0
2030-06-09 08:00:00,-12.469832835041025,0.0,7.165457809469007,0.0,6.890898569587075,0.0,-7.661353155027141,0.0,0
2030-06-09 10:00:00,-14.063982867770312,0.0,3.5204013961563314,0.0,3.385509982779948,0.0,-9.499516866444788,0.0,0
2030-06-09 12:00:00,39.04521776746322,0.0,-33.21623348290615,0.0,-31.9434852427647,0.0,22.668339310512476,0.0,0
2030-06-09 14:00:00,-7.345568817785,0.0,-10.927462164635951,0.0,-10.508753997546206,0.0,-6.456705117694853,0.0,0
2030-06-09 16:00:00,-18.477130670313997,0.0,17.659997127311765,0.0,16.983318048804755,0.0,-10.41097445497221,0.0,0
2030-06-09 18:00:00,-18.50778558060801,0.0,0.10821526228829548,0.0,0.10406877214803334,0.0,-13.50952570105797,0.0,0
2030-06-09 20:00:00,-20.685618446589686,0.0,6.051827165902539,0.0,5.819938972468294,0.0,-14.023632982057983,0.0,0
2030-06-09 22:00:00,-26.109668179721695,0.0,12.960334320592011,0.0,12.46373247960772,0.0,-16.751501831788993,0.0,0
2030-06-10 00:00:00,-21.354103865598994,0.0,3.9231444062925993,0.0,3.7728210669079427,0.0,-14.590995226563871,0.0,0
2030-06-10 02:00:00,-13.409013198171873,0.0,-9.636923277614189,0.0,-9.26766475983931,0.0,-11.01385475042086,0.0,0
2030-06-10 04:00:00,-13.53979084043215,0.0,-2.0998311403123404,0.0,-2.0193717953416384,0.0,-9.383072553940224,0.0,0
2030-06-10 06:00:00,-25.34141376694366,0.0,6.6240191317088915,0.0,6.370206227338384,0.0,-17.310842223965352,0.0,0
2030-06-10 08:00:00,23.59898138039987,0.0,-25.082262466752358,0.0,-24.1211840401525,0.0,12.397649802586471,0.0,0
2030-06-10 10:00:00,-20.692215457659344,0.0,13.426099808652136,0.0,12.911651205916403,0.0,-12.641336259283124,0.0,0
2030-06-10 12:00:00,-14.291099156038067,0.0,-3.882926885592373,0.0,-3.73414456315418,0.0,-10.379013202407918,0.0,0
2030-06-10 14:00:00,-24.250719878764798,0.0,9.936536258054307,0.0,9.555797453275343,0.0,-15.858435832587663,0.0,0
2030-06-10 16:00:00,-18.029487026316453,0.0,4.485165960261849,0.0,4.313307610169174,0.0,-12.357290961715742,0.0,0
2030-06-10 18:00:00,-21.60386458318935,0.0,7.92916886719963,0.0,7.625346468832142,0.0,-14.198121302063635,0.0,0
2030-06-10 20:00:00,29.818512472921505,0.0,-32.36457711187048,0.0,-31.12446183560799,0.0,15.566078472459498,0.0,0
2030-06-10 22:00:00,-17.134319311570533,0.0,2.365740871646606,0.0,2.2750926489163614,0.0,-11.7549588601769,0.0,0
2030-06-11 00:00:00,-23.096061817342562,0.0,3.4761201536103554,0.0,3.3429254670332647,0.0,-15.827867091313813,0.0,0
2030-06-11 02:00:00,-25.032481700052102,0.0,14.897876882412762,0.0,14.327034116820759,0.0,-15.900265540885783,0.0,0
2030-06-11 04:00:00,-24.022388307117556,0.0,5.4616866975733505,0.0,5.252410948830885,0.0,-16.132553869874847,0.0,0
2030-06-11 06:00:00,8.90216245706846,0.0,-10.51523545821448,0.0,-10.112322604443658,0.0,3.536528634387295,0.0,0
2030-06-11 08:00:00,-36.8513454043268,0.0,11.15191718406668,0.0,10.724608561686974,0.0,-24.572105438485302,0.0,0
2030-06-11 10:00:00,-32.46341944976445,0.0,16.843217290847296,0.0,16.197834810131123,0.0,-21.026077998687622,0.0,0
2030-06-11 12:00:00,-14.845361636704983,0.0,9.608896540265903,0.0,9.240711924523666,0.0,-9.400924662409789,0.0,0
2030-06-11 14:00:00,5.794044694117865,0.0,-10.748994196280503,0.0,-10.337124396122478,0.0,2.7609897029972617,0.0,0
2030-06-11 16:00:00,2.108734745034118,0.0,-3.8354550979565114,0.0,-3.6884917546087856,0.0,0.7847567769078273,0.0,0
2030-06-11 18:00:00,-23.418935197251397,0.0,9.934923886031815,0.0,9.554246862600142,0.0,-15.627603005880152,0.0,0
2030-06-11 20:00:00,23.467437500345586,0.0,-29.31841812658524,0.0,-28.195022691231507,0.0,11.310430810957577,0.0,0
2030-06-11 22:00:00,-33.08470995791866,0.0,13.523562255638222,0.0,13.005379178975899,0.0,-21.74839725452353,0.0,0
2030-06-12 00:00:00,-47.40753052614676,0.0,30.46477739739856,0.0,29.297456850991875,0.0,-29.616183320131018,0.0,0
2030-06-12 02:00:00,-58.97240841355894,0.0,41.49287918156435,0.0,39.90299425424674,0.0,-36.13088642452676,0.0,0
2030-06-12 04:00:00,-59.11547788613629,0.0,42.840253231693495,0.0,41.19874089899896,0.0,-36.298241980142954,0.0,0
2030-06-12 06:00:00,-22.967541325247424,0.0,4.823947503035786,0.0,4.639108041987861,0.0,-15.382868796785196,0.0,0
2030-06-12 08:00:00,-22.803305556755195,0.0,0.3555409545412145,0.0,0.3419176722860806,0.0,-15.969485795880745,0.0,0
2030-06-12 10:00:00,26.379138124964165,0.0,-22.674129861328478,0.0,-21.805323983847025,0.0,14.694037826320397,0.0,0
2030-06-12 12:00:00,-44.92881492654649,0.0,45.950291723535884,0.0,44.189611875376364,0.0,-26.010233327273713,0.0,0
2030-06-12 14:00:00,-53.20552796874118,0.0,39.61391709404565,0.0,38.09602846008906,0.0,-32.475561361601144,0.0,0
2030-06-12 16:00:00,-49.31962117947759,0.0,36.96192576145633,0.0,35.54565362484159,0.0,-29.984102462142246,0.0,0
2030-06-12 18:00:00,-26.786535933722085,0.0,17.338695169499182,0.0,16.67432743573179,0.0,-16.81226152611895,0.0,0
2030-06-12 20:00:00,-32.87045610156394,0.0,26.7436355543755,0.0,25.718898204057666,0.0,-19.727536745489125,0.0,0
2030-06-12 22:00:00,-57.94769676063633,0.0,52.97523485881472,0.0,50.94537987925083,0.0,-33.092457287568095,0.0,0
2030-06-13 00:00:00,-84.42137121437482,0.0,84.43159411894848,0.0,81.19642409635921,0.0,-47.575051021988166,0.0,0
2030-06-13 02:00:00,-72.19586791812243,0.0,68.43604662081523,0.0,65.8137788690035,0.0,-40.94759644808042,0.0,0
2030-06-13 04:00:00,-70.94732827038308,0.0,69.76560253455412,0.0,67.0923901158748,0.0,-39.82940740879113,0.0,0
2030-06-13 06:00:00,-77.96087694437452,0.0,60.466784047534375,0.0,58.14987496682507,0.0,-45.92980969479089,0.0,0
2030-06-13 08:00:00,-58.040288057882805,0.0,43.1813984430749,0.0,41.52681443060548,0.0,-34.49568291964448,0.0,0
2030-06-13 10:00:00,8.729564420959154,0.0,-5.72770181833001,0.0,-5.508233153615608,0.0,5.47159467976234,0.0,0
2030-06-13 12:00:00,-11.458407389163213,0.0,8.547569962299045,0.0,8.220052255253782,0.0,-6.334990753670631,0.0,0
2030-06-13 14:00:00,-49.591398099679665,0.0,34.8513999220956,0.0,33.51599691982153,0.0,-29.943241495776338,0.0,0
2030-06-13 16:00:00,4.75424227653735,0.0,-5.196637900858709,0.0,-4.997518041396777,0.0,2.278673669322318,0.0,0
2030-06-13 18:00:00,-35.56552142463171,0.0,18.025002500051023,0.0,17.33433749065766,0.0,-22.541623159883727,0.0,0
2030-06-13 20:00:00,-33.3025769069036,0.0,16.32696274740571,0.0,15.701361620345086,0.0,-21.322801114688872,0.0,0
2030-06-13 22:00:00,-39.91963431177,0.0,20.943487096039547,0.0,20.14099435231458,0.0,-25.404536283710595,0.0,0
2030-06-14 00:00:00,-49.44322561733304,0.0,26.079953428009645,0.0,25.080646422128037,0.0,-30.752169720586235,0.0,0
2030-06-14 02:00:00,-57.900313154017844,0.0,31.90338410019382,0.0,30.68094038185434,0.0,-35.865738225502334,0.0,0
2030-06-14 04:00:00,-60.27311714214794,0.0,40.523123104730814,0.0,38.97039637419647,0.0,-36.306881388142486,0.0,0
2030-06-14 06:00:00,-83.29130534316903,0.0,61.72783804727088,0.0,59.362609091289926,0.0,-50.02490679796375,0.0,0
2030-06-14 08:00:00,-73.96360176534048,0.0,52.91307318840385,0.0,50.88560006097444,0.0,-44.56116381036373,0.0,0
2030-06-14 10:00:00,-28.155447565573432,0.0,6.548014488686272,0.0,6.29711385839102,0.0,-18.431164112680182,0.0,0
2030-06-14 12:00:00,-0.8395898524620679,0.0,4.458113209136444,0.0,4.287291440792417,0.0,-0.03439362754839555,0.0,0
2030-06-14 14:00:00,-25.30900078150401,0.0,15.204592055782504,0.0,14.621996868070292,0.0,-15.273159224075528,0.0,0
2030-06-14 16:00:00,-44.53604568846245,0.0,28.342380413479532,0.0,27.256383868710657,0.0,-26.933377519098933,0.0,0
2030-06-14 18:00:00,-59.74980546633496,0.0,32.54697314879282,0.0,31.299868993579913,0.0,-37.144014461979296,0.0,0
2030-06-14 20:00:00,-55.755658719046174,0.0,35.02641310433221,0.0,33.68430411235558,0.0,-34.675243464016404,0.0,0
2030-06-14 22:00:00,-44.62482335703335,0.0,24.739196607888655,0.0,23.79126345461872,0.0,-27.644528895832103,0.0,0
2030-06-15 00:00:00,-38.24319985726984,0.0,25.29091782070406,0.0,24.321844335462984,0.0,-23.84975453381602,0.0,0
2030-06-15 02:00:00,-26.946311210391926,0.0,12.25817158869092,0.0,11.788474555615643,0.0,-17.74738727630485,0.0,0
2030-06-15 04:00:00,-17.76589220275325,0.0,-2.8399356828605047,0.0,-2.7311177115412573,0.0,-12.703972802953414,0.0,0
2030-06-15 06:00:00,-31.993987489937204,0.0,16.571533010031423,0.0,15.936560670804068,0.0,-20.62695576538486,0.0,0
2030-06-15 08:00:00,-35.1681734150835,0.0,19.152689929449764,0.0,18.41881525897504,0.0,-22.49319889296969,0.0,0
2030-06-15 10:00:00,-29.815003672416484,0.0,9.834375920188847,0.0,9.45755159867896,0.0,-19.604447409203768,0.0,0
2030-06-15 12:00:00,-39.74554794212512,0.0,27.67718293421398,0.0,26.616674797741517,0.0,-24.122781567533032,0.0,0
2030-06-15 14:00:00,-44.29653579407822,0.0,19.458337997205778,0.0,18.712751792955213,0.0,-28.38233290750284,0.0,0
2030-06-15 16:00:00,-51.6859057312928,0.0,34.3582002665468,0.0,33.04169522252437,0.0,-32.17459768395677,0.0,0
2030-06-15 18:00:00,-5.358560850244826,0.0,2.3796405649790238,0.0,2.2884597469370673,0.0,-4.25964745207255,0.0,0
2030-06-15 20:00:00,-58.22730291886647,0.0,33.146572726256835,0.0,31.876493681148627,0.0,-36.23960998069723,0.0,0
2030-06-15 22:00:00,-58.1132874628304,0.0,40.98449571085755,0.0,39.41409054086972,0.0,-35.9553281086691,0.0,0
2030-06-16 00:00:00,-63.42737425615371,0.0,41.34399556860771,0.0,39.759815422853436,0.0,-38.909056278775076,0.0,0
2030-06-16 02:00:00,-79.5480129077392,0.0,54.43062689273966,0.0,52.34500557678952,0.0,-49.25756383956918,0.0,0
2030-06-16 04:00:00,-65.96135484596034,0.0,39.26906503802785,0.0,37.76439011921539,0.0,-41.77205857205857,0.0,0
2030-06-16 06:00:00,-82.93478380096812,0.0,68.56600876715966,0.0,65.93876124865847,0.0,-49.67906235876608,0.0,0
2030-06-16 08:00:00,-24.987320326865913,0.0,28.407248931405704,0.0,27.318766816077733,0.0,-14.954565748270825,0.0,0
2030-06-16 10:00:00,-65.86725096334104,0.0,47.03961496847714,0.0,45.23719546179622,0.0,-40.58619691013199,0.0,0
2030-06-16 12:00:00,-16.58771700523709,0.0,21.738944642744837,0.0,20.90597230857502,0.0,-10.020075042268823,0.0,0
2030-06-16 14:00:00,-75.24817114979312,0.0,68.59699985110058,0.0,65.96856484553628,0.0,-44.77971523224464,0.0,0
2030-06-16 16:00:00,-81.6338270500217,0.0,77.06891524125339,0.0,74.1158613890342,0.0,-48.61469887176569,0.0,0
2030-06-16 18:00:00,-21.22367617237474,0.0,29.086402840101933,0.0,27.97189754720555,0.0,-13.31486340082727,0.0,0
2030-06-16 20:00:00,-15.148461581888434,0.0,17.88788459059682,0.0,17.202473535660353,0.0,-10.314408641527203,0.0,0
2030-06-16 22:00:00,-26.537419202557032,0.0,12.752821553472964,0.0,12.264170990567594,0.0,-17.63297435983918,0.0,0
2030-06-17 00:00:00,-22.222033960411924,0.0,3.2946710056033783,0.0,3.1684289159822336,0.0,-15.818122044726566,0.0,0
2030-06-17 02:00:00,-33.51987345172411,0.0,21.029731435836375,0.0,20.22393406301328,0.0,-21.447715533163027,0.0,0
2030-06-17 04:00:00,-30.354706749504423,0.0,10.16653863055639,0.0,9.776986812255634,0.0,-20.862155343714115,0.0,0
2030-06-17 06:00:00,-19.15491855716604,0.0,-3.2036738102081754,0.0,-3.0809184651138235,0.0,-14.435925015333295,0.0,0
2030-06-17 08:00:00,-24.220390979922023,0.0,9.853456509539752,0.0,9.475901076041236,0.0,-16.31303585109245,0.0,0
2030-06-17 10:00:00,-17.13396760273459,0.0,5.457989096853199,0.0,5.248855029280355,0.0,-11.627210573419113,0.0,0
2030-06-17 12:00:00,-20.259564144148477,0.0,9.814835939446006,0.0,9.43876033244997,0.0,-13.517211771110187,0.0,0
2030-06-17 14:00:00,27.912751239327903,0.0,-23.652122945179606,0.0,-22.745843253065267,0.0,15.272659763278895,0.0,0
2030-06-17 16:00:00,-17.293586185776803,0.0,2.0520039805408348,0.0,1.973377231474275,0.0,-12.387125327193996,0.0,0
2030-06-17 18:00:00,-19.222346878803275,0.0,3.15492378260429,0.0,3.034036394991415,0.0,-13.507717222287306,0.0,0
2030-06-17 20:00:00,31.059304057083892,0.0,-35.31917069096506,0.0,-33.9658440904848,0.0,15.913007715624488,0.0,0
2030-06-17 22:00:00,-13.806426580962892,0.0,2.6132757212503623,0.0,2.513142692111556,0.0,-9.335352488677522,0.0,0
2030-06-18 00:00:00,-18.22026010705305,0.0,-2.9083505268474426,0.0,-2.7969111001988987,0.0,-13.55599298620012,0.0,0
2030-06-18 02:00:00,-17.924794649426374,0.0,-1.0962544165823402,0.0,-1.054249175977013,0.0,-13.068640211228187,0.0,0
2030-06-18 04:00:00,-24.280104176307177,0.0,5.2452264632177705,0.0,5.044244833147062,0.0,-16.899122270824968,0.0,0
2030-06-18 06:00:00,-12.045959079947668,0.0,-15.544118145563413,0.0,-14.948513318047468,0.0,-10.612509159624574,0.0,0
2030-06-18 08:00:00,28.80305085551032,0.0,-29.80257189316233,0.0,-28.66062511138077,0.0,15.284478601244405,0.0,0
2030-06-18 10:00:00,-18.151272307369336,0.0,1.9544779529600187,0.0,1.8795881140412294,0.0,-12.934511387143905,0.0,0
2030-06-18 12:00:00,-11.421665515887225,0.0,-2.5991920826673325,0.0,-2.499598697080533,0.0,-8.108388077917441,0.0,0
2030-06-18 14:00:00,-19.64977983787135,0.0,7.080881736575192,0.0,6.80956320271697,0.0,-12.730800846644115,0.0,0
2030-06-18 16:00:00,-11.306038890133554,0.0,-3.6097029839537806,0.0,-3.471389796739914,0.0,-8.21518151204169,0.0,0
2030-06-18 18:00:00,-23.214066961370612,0.0,4.302653922834064,0.0,4.1377888964895595,0.0,-16.16197894624579,0.0,0
2030-06-18 20:00:00,-47.02012504120121,0.0,25.644732637180006,0.0,24.66210201021073,0.0,-29.743749504981736,0.0,0
2030-06-18 22:00:00,-40.441977151396216,0.0,15.193476589079054,0.0,14.61130731331423,0.0,-26.48739394660142,0.0,0
2030-06-19 00:00:00,-34.954012348243005,0.0,8.952858116895596,0.0,8.609810961402232,0.0,-23.03538594111479,0.0,0
2030-06-19 02:00:00,-50.636365946706796,0.0,26.76636778789846,0.0,25.74075940534183,0.0,-32.310923381411335,0.0,0
2030-06-19 04:00:00,-58.15302033400023,0.0,27.857270992224862,0.0,26.7898624117565,0.0,-37.243932334206576,0.0,0
2030-06-19 06:00:00,-48.10870425770855,0.0,27.084427788316738,0.0,26.04663228327985,0.0,-30.243385722087858,0.0,0
2030-06-19 08:00:00,21.41562779019846,0.0,-25.561507903035253,0.0,-24.582066202768676,0.0,10.659305879855948,0.0,0
2030-06-19 10:00:00,-30.361170703867863,0.0,23.769469861348185,0.0,22.85869378101106,0.0,-17.931895197713153,0.0,0
2030-06-19 12:00:00,-37.42360326220617,0.0,30.087868021390868,0.0,28.934989532216605,0.0,-21.92330196162563,0.0,0
2030-06-19 14:00:00,33.67878311975248,0.0,-30.787366832243546,0.0,-29.607685608769096,0.0,18.733548403801624,0.0,0
2030-06-19 16:00:00,-36.24641969408808,0.0,20.23921106849292,0.0,19.463704107942117,0.0,-22.811692053439412,0.0,0
2030-06-19 18:00:00,-55.425635062977065,0.0,41.38357487661233,0.0,39.79787816834246,0.0,-33.12123570606977,0.0,0
2030-06-19 20:00:00,-26.174726946165457,0.0,14.543774156029182,0.0,13.986499564025072,0.0,-17.130503882254004,0.0,0
2030-06-19 22:00:00,-56.68981375122911,0.0,30.066478738979754,0.0,28.914419824112805,0.0,-35.930972160217934,0.0,0
2030-06-20 00:00:00,-42.846037178472,0.0,27.642514975935562,0.0,26.58333521352182,0.0,-26.420393769228877,0.0,0
2030-06-20 02:00:00,-33.32865576632469,0.0,15.86596923878131,0.0,15.258032025274318,0.0,-21.684787551213564,0.0,0
2030-06-20 04:00:00,-30.936866433749383,0.0,13.740913134896939,0.0,13.214401812673291,0.0,-19.925319593185105,0.0,0
2030-06-20 06:00:00,-26.059354422936202,0.0,11.922574500149809,0.0,11.46573655912231,0.0,-17.000354023899146,0.0,0
2030-06-20 08:00:00,-22.140524044958706,0.0,7.173192964652069,0.0,6.89833733640471,0.0,-15.08618444520636,0.0,0
2030-06-20 10:00:00,-25.935885095603535,0.0,7.435003214861544,0.0,7.150115788897729,0.0,-17.98043085573964,0.0,0
2030-06-20 12:00:00,-30.289190957574828,0.0,10.527996167125302,0.0,10.124594360571296,0.0,-20.518485266275707,0.0,0
2030-06-20 14:00:00,24.259499277473978,0.0,-15.671664539583361,0.0,-15.071172509892286,0.0,14.232802020323113,0.0,0
2030-06-20 16:00:00,-24.056208440670964,0.0,10.732711709809998,0.0,10.321465806579193,0.0,-16.147334107886977,0.0,0
2030-06-20 18:00:00,-26.104321168797696,0.0,11.511625502940888,0.0,11.070533917178384,0.0,-17.36969706126982,0.0,0
2030-06-20 20:00:00,28.161729542828656,0.0,-28.699075875850575,0.0,-27.599411811486586,0.0,14.83560920571585,0.0,0
2030-06-20 22:00:00,-26.80315411049517,0.0,6.76077872851509,0.0,6.501725599173046,0.0,-18.758777000101748,0.0,0
2030-06-21 00:00:00,-31.723967999855773,0.0,15.77106382401756,0.0,15.16676310649322,0.0,-20.837416825796076,0.0,0
2030-06-21 02:00:00,-19.119719997035954,0.0,-7.84825832791838,0.0,-7.547536183122106,0.0,-14.89066753776308,0.0,0
2030-06-21 04:00:00,-27.068329644779304,0.0,9.049438719680165,0.0,8.70269087993286,0.0,-17.91880260996495,0.0,0
2030-06-21 06:00:00,-31.594090137446443,0.0,14.606697825988169,0.0,14.047012184271171,0.0,-20.786987051694485,0.0,0
2030-06-21 08:00:00,-30.502056741374115,0.0,21.308779352570333,0.0,20.492289685416992,0.0,-19.12335968447707,0.0,0
2030-06-21 10:00:00,-27.32169096851368,0.0,18.606142530378992,0.0,17.89320994657035,0.0,-16.81693853713374,0.0,0
2030-06-21 12:00:00,-28.57719805540019,0.0,13.501523411370112,0.0,12.984184798312366,0.0,-18.17314943579983,0.0,0
2030-06-21 14:00:00,-26.099837261748274,0.0,13.550994492394885,0.0,13.03176029321224,0.0,-16.501572558870848,0.0,0
2030-06-21 16:00:00,-28.807543226202153,0.0,19.118069574427047,0.0,18.38552145399454,0.0,-17.85771543301765,0.0,0
2030-06-21 18:00:00,-34.776627182193366,0.0,20.21940008104091,0.0,19.444652219182927,0.0,-22.174262849976323,0.0,0
2030-06-21 20:00:00,-33.815439386810965,0.0,11.485509191163903,0.0,11.045418305552055,0.0,-23.219719724827012,0.0,0
2030-06-21 22:00:00,-48.20016811625916,0.0,32.88747489152432,0.0,31.62732371235992,0.0,-30.366060674553303,0.0,0
2030-06-22 00:00:00,-43.887377462112156,0.0,29.04646529700386,0.0,27.93349029313675,0.0,-27.888207910699478,0.0,0
2030-06-22 02:00:00,-33.90572270524818,0.0,17.337859577322035,0.0,16.673523860985902,0.0,-22.434133133529773,0.0,0
2030-06-22 04:00:00,-30.81948534013513,0.0,19.30229865123429,0.0,18.562691415161407,0.0,-19.630059411366105,0.0,0
2030-06-22 06:00:00,-37.43125283191847,0.0,23.759772029755574,0.0,22.849367541763417,0.0,-23.977282610877204,0.0,0
2030-06-22 08:00:00,-24.93386054506992,0.0,19.818750481234552,0.0,19.05935433206631,0.0,-15.19006468655246,0.0,0
2030-06-22 10:00:00,16.213999001960804,0.0,-11.69593579752916,0.0,-11.247781984100152,0.0,8.73267155412795,0.0,0
2030-06-22 12:00:00,-26.817295842592024,0.0,22.336838466727848,0.0,21.480956602112457,0.0,-15.65706682151664,0.0,0
2030-06-22 14:00:00,-41.7983949646284,0.0,37.821223839494635,0.0,36.37202593129469,0.0,-24.540337864741527,0.0,0
2030-06-22 16:00:00,-38.865750374374855,0.0,27.46673735180456,0.0,26.414292870255384,0.0,-24.070243648630417,0.0,0
2030-06-22 18:00:00,23.304499124266094,0.0,-28.961657775207996,0.0,-27.851932345804848,0.0,11.72751877872197,0.0,0
2030-06-22 20:00:00,-21.59402837968716,0.0,-0.40060767414791076,0.0,-0.3852575679258319,0.0,-15.363522301863199,0.0,0
2030-06-22 22:00:00,-28.11321213099216,0.0,11.153821476811757,0.0,10.726439887542474,0.0,-18.8651143172462,0.0,0
2030-06-23 00:00:00,-43.38926433470122,0.0,37.18538925198885,0.0,35.76055465255129,0.0,-25.69101792930668,0.0,0
2030-06-23 02:00:00,-56.37059835691751,0.0,30.26203634264652,0.0,29.10248423635434,0.0,-35.76677504427974,0.0,0
2030-06-23 04:00:00,-60.96836827364889,0.0,43.56121087185478,0.0,41.89207356572066,0.0,-37.718278949372014,0.0,0
2030-06-23 06:00:00,-7.011061378690503,0.0,5.416999109576377,0.0,5.209435657594133,0.0,-5.5568855689663375,0.0,0
2030-06-23 08:00:00,-72.87005776735816,0.0,57.897237144910264,0.0,55.67878553379808,0.0,-43.80796660128734,0.0,0
2030-06-23 10:00:00,-78.02834816933434,0.0,69.18299339078395,0.0,66.53210483862014,0.0,-45.9095437302715,0.0,0
2030-06-23 12:00:00,-38.60333094740244,0.0,33.84689509264763,0.0,32.54998175701682,0.0,-22.591724876589094,0.0,0
2030-06-23 14:00:00,-68.30557415915656,0.0,63.94965409187533,0.0,61.499291688655546,0.0,-39.79167862718122,0.0,0
2030-06-23 16:00:00,-69.10301632386194,0.0,54.562652442774336,0.0,52.47197229658245,0.0,-41.79428475201994,0.0,0
2030-06-23 18:00:00,-48.857387807992595,0.0,25.960624888007963,0.0,24.965890200338247,0.0,-31.31467210521148,0.0,0
2030-06-23 20:00:00,-42.46395453536375,0.0,14.13173206768382,0.0,13.590245714977717,0.0,-28.151537813743374,0.0,0
2030-06-23 22:00:00,-46.00119843209572,0.0,30.051513393374474,0.0,28.900027906475856,0.0,-28.879058002368936,0.0,0
2030-06-24 00:00:00,-47.93687339570503,0.0,23.730184332567294,0.0,22.82091355799114,0.0,-30.85753132021987,0.0,0
2030-06-24 02:00:00,-66.3922272013018,0.0,51.646784357875774,0.0,49.66783168901664,0.0,-40.201477454985884,0.0,0
2030-06-24 04:00:00,-79.1316326960606,0.0,58.36214172732569,0.0,56.125876341830946,0.0,-48.41540192621256,0.0,0
2030-06-24 06:00:00,-55.83434118405944,0.0,33.00756845715955,0.0,31.742815646254147,0.0,-35.12579935006356,0.0,0
2030-06-24 08:00:00,5.323647248232827,0.0,-7.019297705042424,0.0,-6.750338889898045,0.0,1.2080176652348509,0.0,0
2030-06-24 10:00:00,-37.75354919782278,0.0,24.99463183477074,0.0,24.036911155902764,0.0,-24.021777295590027,0.0,0
2030-06-24 12:00:00,-55.21083741637938,0.0,49.71392894709551,0.0,47.80903760502051,0.0,-32.7936987445643,0.0,0
2030-06-24 14:00:00,2.675839616308794,0.0,3.2871132738332216,0.0,3.1611607742347534,0.0,1.0683780290228047,0.0,0
2030-06-24 16:00:00,-53.89413637687933,0.0,44.08468308698033,0.0,42.39548786726906,0.0,-32.935648163167265,0.0,0
2030-06-24 18:00:00,-28.53348494261828,0.0,11.089771680695828,0.0,10.664844290977225,0.0,-19.25539561862754,0.0,0
2030-06-24 20:00:00,20.052284096855246,0.0,-16.34634036002133,0.0,-15.719996739915421,0.0,10.64730098496303,0.0,0
2030-06-24 22:00:00,-27.328996052961756,0.0,13.032600246667249,0.0,12.533229388229959,0.0,-17.565293351417225,0.0,0
2030-06-25 00:00:00,-42.4696539630645,0.0,25.52068263306416,0.0,24.54280523690622,0.0,-27.36383193089423,0.0,0
2030-06-25 02:00:00,-44.70353755983082,0.0,31.18396536499424,0.0,29.989087653788605,0.0,-27.878315478193652,0.0,0
2030-06-25 04:00:00,-42.97502143371314,0.0,31.13227717603686,0.0,29.939380004002427,0.0,-26.77491385155134,0.0,0
2030-06-25 06:00:00,-55.34772196952265,0.0,44.19117977677709,0.0,42.49790391756187,0.0,-34.56683135801148,0.0,0
2030-06-25 08:00:00,-29.50066353149745,0.0,5.576193842871373,0.0,5.362530517562316,0.0,-20.594303642904322,0.0,0
2030-06-25 10:00:00,-8.042142421941026,0.0,12.152587082506887,0.0,11.686935736746022,0.0,-5.978012233711656,0.0,0
2030-06-25 12:00:00,-50.64332273869249,0.0,37.751590185443575,0.0,36.30506043378493,0.0,-31.535770606899145,0.0,0
2030-06-25 14:00:00,-71.51620927986426,0.0,52.339637438657874,0.0,50.33413668030203,0.0,-44.3062415571344,0.0,0
2030-06-25 16:00:00,4.687397205168069,0.0,-8.616662699898255,0.0,-8.286497562636882,0.0,0.8154935284267101,0.0,0
2030-06-25 18:00:00,14.744386646123893,0.0,-23.3828269552319,0.0,-22.486865892334198,0.0,5.848681483328792,0.0,0
2030-06-25 20:00:00,-23.577288957768936,0.0,0.6902370466149543,0.0,0.6637891958430977,0.0,-17.111575823443083,0.0,0
2030-06-25 22:00:00,-19.136444146992304,0.0,9.919956010731752,0.0,9.539852512198888,0.0,-12.304959008572277,0.0,0
2030-06-26 00:00:00,-22.860821451134917,0.0,12.35902441648404,0.0,11.885463000074848,0.0,-14.558812952962542,0.0,0
2030-06-26 02:00:00,-13.550110604186612,0.0,-13.208073472735947,0.0,-12.701978997071373,0.0,-11.385134950364986,0.0,0
2030-06-26 04:00:00,-23.870226122003213,0.0,10.410848123895994,0.0,10.011935085339537,0.0,-15.638980350457748,0.0,0
2030-06-26 06:00:00,-21.218216266391714,0.0,4.306060251258922,0.0,4.141064704441388,0.0,-14.843419158322355,0.0,0
2030-06-26 08:00:00,-11.288947095212437,0.0,-12.295536961232326,0.0,-11.824408197128026,0.0,-9.788776117485883,0.0,0
2030-06-26 10:00:00,-22.801593204689176,0.0,9.810568986911138,0.0,9.434656876969365,0.0,-15.052885115523198,0.0,0
2030-06-26 12:00:00,-27.99899113123679,0.0,13.27092756730357,0.0,12.762424707850192,0.0,-18.291619507293728,0.0,0
2030-06-26 14:00:00,-21.928997783444963,0.0,9.62674066224515,0.0,9.257872312301892,0.0,-14.389789441256674,0.0,0
2030-06-26 16:00:00,-19.024320035558095,0.0,9.43720780322582,0.0,9.075601794236707,0.0,-12.207171791423137,0.0,0
2030-06-26 18:00:00,-34.30006221374417,0.0,13.200326336759877,0.0,12.694528708529399,0.0,-22.70827034681271,0.0,0
2030-06-26 20:00:00,-33.18587405827901,0.0,7.566043263149167,0.0,7.276134768468065,0.0,-22.872367886891134,0.0,0
2030-06-26 22:00:00,-43.865136444189275,0.0,17.09254633201442,0.0,16.437610296753224,0.0,-29.063676836010952,0.0,0
2030-06-27 00:00:00,-34.86015117615468,0.0,15.697401681037594,0.0,15.095923479885945,0.0,-22.833921531618564,0.0,0
2030-06-27 02:00:00,-34.659477064668444,0.0,12.773831074765583,0.0,12.284375488880528,0.0,-23.027041984901157,0.0,0
2030-06-27 04:00:00,-46.082346942715006,0.0,20.008784693663195,0.0,19.242106993154717,0.0,-29.54113714928993,0.0,0
2030-06-27 06:00:00,-26.975064164766838,0.0,9.990106141266494,0.0,9.607314696334466,0.0,-17.731935823589623,0.0,0
2030-06-27 08:00:00,-33.091102106287465,0.0,12.43512995750279,0.0,11.958652400904302,0.0,-21.7088163663978,0.0,0
2030-06-27 10:00:00,1.111149333109974,0.0,0.5612309695588373,0.0,0.5397262517169406,0.0,0.07657798237900117,0.0,0
2030-06-27 12:00:00,11.080545396397493,0.0,-16.360602044531838,0.0,-15.733711958678253,0.0,4.992576474355388,0.0,0
2030-06-27 14:00:00,-24.518132968323567,0.0,7.772378297656974,0.0,7.474563652141969,0.0,-16.668418205510598,0.0,0
2030-06-27 16:00:00,-21.779515897799243,0.0,9.962017033973815,0.0,9.580301880906461,0.0,-14.293746583315595,0.0,0
2030-06-27 18:00:00,-26.152413559601552,0.0,6.096874452099722,0.0,5.863260179329633,0.0,-18.137857633093677,0.0,0
2030-06-27 20:00:00,-31.6459275007828,0.0,13.587563031204539,0.0,13.066927633314684,0.0,-20.899383062249665,0.0,0
2030-06-27 22:00:00,-18.614918249946733,0.0,-7.834952527236308,0.0,-7.534740221534503,0.0,-14.375962477240193,0.0,0
2030-06-28 00:00:00,-29.438744243162624,0.0,16.798975838364218,0.0,16.155288559809335,0.0,-18.890954260489316,0.0,0
2030-06-28 02:00:00,-32.48074124244471,0.0,18.254966577992704,0.0,17.55549002241223,0.0,-20.86754290278178,0.0,0
2030-06-28 04:00:00,-36.02745910100779,0.0,21.457527071309254,0.0,20.635337829658837,0.0,-22.98567106644742,0.0,0
2030-06-28 06:00:00,-28.662040248828824,0.0,13.728010827629976,0.0,13.201993883821523,0.0,-18.709349281888382,0.0,0
2030-06-28 08:00:00,-27.627364079295358,0.0,14.43107844890107,0.0,13.878122024487922,0.0,-17.771935595610884,0.0,0
2030-06-28 10:00:00,-27.270943495711425,0.0,13.034280999247489,0.0,12.53484573932145,0.0,-17.689967348894918,0.0,0
2030-06-28 12:00:00,19.429520167038785,0.0,-17.789383472002577,0.0,-17.10774668982966,0.0,10.489073899302266,0.0,0
2030-06-28 14:00:00,-32.207880355254055,0.0,14.068164383418049,0.0,13.529113757156354,0.0,-20.95627403979244,0.0,0
2030-06-28 16:00:00,-44.51608099490862,0.0,32.38162656873533,0.0,31.140858007499062,0.0,-26.89746581883584,0.0,0
2030-06-28 18:00:00,5.18138154836325,0.0,-5.259846205988445,0.0,-5.058304390432129,0.0,2.3293695861398827,0.0,0
2030-06-28 20:00:00,19.16911391614039,0.0,-21.459916004434064,0.0,-20.637635225901995,0.0,9.714684954207746,0.0,0
2030-06-28 22:00:00,-27.14042367499504,0.0,17.076824020215675,0.0,16.422490417637988,0.0,-16.92268229684461,0.0,0
2030-06-29 00:00:00,-28.68810012289566,0.0,13.97488414523333,0.0,13.43940774297423,0.0,-18.68469961771658,0.0,0
2030-06-29 02:00:00,-28.00870867991057,0.0,9.860605198272417,0.0,9.482775848075702,0.0,-18.935854522467128,0.0,0
2030-06-29 04:00:00,-31.2693206531798,0.0,14.027183020128941,0.0,13.48970267901213,0.0,-20.384133611213755,0.0,0
2030-06-29 06:00:00,-33.36882216384164,0.0,16.616493099667913,0.0,15.979798022220125,0.0,-21.63141955538123,0.0,0
2030-06-29 08:00:00,-24.359571779935276,0.0,7.5765308581257695,0.0,7.286220509692747,0.0,-16.559263225287587,0.0,0
2030-06-29 10:00:00,-30.320273310738482,0.0,21.069425082319945,0.0,20.262106765867443,0.0,-18.700249052997123,0.0,0
2030-06-29 12:00:00,-29.146872167432235,0.0,18.273722659248527,0.0,17.57352742587394,0.0,-17.914651433210118,0.0,0
2030-06-29 14:00:00,-30.67377332631544,0.0,24.13249933217052,0.0,23.207813031689174,0.0,-18.46876716466245,0.0,0
2030-06-29 16:00:00,-48.12864577580689,0.0,42.52506448440498,0.0,40.89562925622725,0.0,-28.463596963856308,0.0,0
2030-06-29 18:00:00,-25.68935504904249,0.0,3.4129460063022172,0.0,3.2821719669923937,0.0,-17.622238331565026,0.0,0
2030-06-29 20:00:00,-38.0568642001962,0.0,29.534808536911818,0.0,28.403121658337465,0.0,-23.375400571660574,0.0,0
2030-06-29 22:00:00,-55.921818364815984,0.0,41.39341759749307,0.0,39.80734374514746,0.0,-34.035505536262235,0.0,0
2030-06-30 00:00:00,-50.9419501426261,0.0,35.71997209946392,0.0,34.35128796943195,0.0,-30.88683657049933,0.0,0
2030-06-30 02:00:00,-62.57449482604308,0.0,60.31612201281906,0.0,58.00498585755702,0.0,-36.254315886948746,0.0,0
2030-06-30 04:00:00,-51.14566134553874,0.0,45.549467433179494,0.0,43.80414599133714,0.0,-29.95911934058748,0.0,0
2030-06-30 06:00:00,-31.808756711493118,0.0,21.846760987747246,0.0,21.009657448772753,0.0,-19.441352838011447,0.0,0
2030-06-30 08:00:00,13.024749896024531,0.0,0.8294928417472338,0.0,0.7977091190357104,0.0,8.383774656990353,0.0,0
2030-06-30 10:00:00,-42.375943592629824,0.0,46.168215686883904,0.0,44.39918563426862,0.0,-23.538909228637404,0.0,0
2030-06-30 12:00:00,-28.67082724042855,0.0,34.93015352593075,0.0,33.59173291749926,0.0,-15.518734804722609,0.0,0
2030-06-30 14:00:00,-1.946896233453287,0.0,7.757914038626758,0.0,7.460653620918356,0.0,-0.7334783614956673,0.0,0
2030-06-30 16:00:00,-46.810710941474625,0.0,38.2794617543404,0.0,36.81270551882474,0.0,-28.358889612563054,0.0,0
2030-06-30 18:00:00,-38.17165303532005,0.0,29.47482281140577,0.0,28.34543440916564,0.0,-23.32166008331518,0.0,0
2030-06-30 20:00:00,-30.297385784999783,0.0,15.675545063847476,0.0,15.074904343895454,0.0,-19.830624538489435,0.0,0
2030-06-30 22:00:00,-26.06279445401904,0.0,17.558156582170618,0.0,16.885379733417302,0.0,-16.20745062255815,0.0,0
2030-07-01 00:00:00,-18.52337667076029,0.0,-4.471978653760354,0.0,-4.300625602414116,0.0,-14.236115404261568,0.0,0
2030-07-01 02:00:00,-31.892574818109672,0.0,19.24496684331875,0.0,18.50755639327422,0.0,-20.556209430686195,0.0,0
2030-07-01 04:00:00,-33.27682299037029,0.0,16.611768506997777,0.0,15.975254462026394,0.0,-21.701454288879646,0.0,0
2030-07-01 06:00:00,-30.798855045165226,0.0,18.862815094487278,0.0,18.140047573962285,0.0,-19.76756276254055,0.0,0
2030-07-01 08:00:00,19.355067093614274,0.0,-17.678012347979468,0.0,-17.000642979274012,0.0,10.356202737415764,0.0,0
2030-07-01 10:00:00,-70.90466702891743,0.0,63.23561478200225,0.0,60.81261226218111,0.0,-42.17621775003773,0.0,0
2030-07-01 12:00:00,-55.43767745017014,0.0,47.872117109568535,0.0,46.037798572688075,0.0,-33.16207851301554,0.0,0
2030-07-01 14:00:00,-88.5569263031161,0.0,74.67014606277417,0.0,71.80900598072952,0.0,-52.89420063957474,0.0,0
2030-07-01 16:00:00,-180.22586671876195,59.22586671876195,152.94732105771357,27.947321057713566,147.08683016819953,22.086830168199526,-106.45686750435468,0.0,3
2030-07-01 18:00:00,-133.0187523004822,12.018752300482191,123.18071483992782,0.0,118.46079263343938,0.0,-77.86775302439418,0.0,1
2030-07-01 20:00:00,-184.1913280196788,63.19132801967879,173.7331798224895,48.73317982248949,167.0762360426648,42.07623604266479,-105.83177136355987,0.0,3
2030-07-01 22:00:00,-177.1955626847659,56.19556268476589,166.0054190040385,41.00541900403849,159.64458025933095,34.64458025933095,-102.22574396409986,0.0,3
2030-07-02 00:00:00,-116.16855759030676,0.0,125.01427110844075,0.0142711084407523,120.22409242584831,0.0,-65.5713327579086,0.0,1
2030-07-02 02:00:00,-178.0817788505468,57.08177885054681,166.16603679659215,41.16603679659215,159.79904365111798,34.799043651117984,-103.02492392021809,0.0,3
2030-07-02 04:00:00,-164.26858303857733,43.26858303857733,152.25077597374596,27.25077597374596,146.4169746404171,21.416974640417095,-95.59086339693225,0.0,3
2030-07-02 06:00:00,-175.76835100931766,54.768351009317655,167.13716380707876,42.137163807078764,160.7329599346814,35.73295993468139,-101.23963920617614,0.0,3
2030-07-02 08:00:00,-166.00012971343835,45.000129713438355,165.33750172229503,40.33750172229503,159.00225560070444,34.002255600704444,-94.28448770832478,0.0,3
2030-07-02 10:00:00,-148.87759195862162,27.877591958621622,154.77345555879663,29.773455558796627,148.8429925734485,23.842992573448498,-83.76382182240313,0.0,3
2030-07-02 12:00:00,-144.12640335987498,23.126403359874985,150.34570265029154,25.345702650291543,144.58489811598315,19.58489811598315,-81.32530651118157,0.0,3
2030-07-02 14:00:00,-118.3373169467372,0.0,123.88314013690277,0.0,119.1363030617849,0.0,-67.48700302323998,0.0,0
2030-07-02 16:00:00,-114.80810558053273,0.0,110.20983396444832,0.0,105.98691771186614,0.0,-67.04369227528825,0.0,0
2030-07-02 18:00:00,-87.95677632820934,0.0,96.38508843648734,0.0,92.69189571653193,0.0,-50.4919785134264,0.0,0
2030-07-02 20:00:00,-152.45871901083436,31.458719010834358,144.04606450319636,19.046064503196362,138.52664354927984,13.52664354927984,-89.09168347506306,0.0,3
2030-07-02 22:00:00,-27.763587539553132,0.0,28.94248981376561,0.0,27.833498844192366,0.0,-17.628132280354528,0.0,0
2030-07-03 00:00:00,-76.56734729849305,0.0,64.42721064634235,0.0,61.95854968243297,0.0,-46.76161544274729,0.0,0
2030-07-03 02:00:00,-83.8514479787689,0.0,83.91992388689421,0.0,80.70435956064966,0.0,-49.371809687924504,0.0,0
2030-07-03 04:00:00,-59.04143227285484,0.0,53.1963475662445,0.0,51.15802019894311,0.0,-35.77552223854003,0.0,0
2030-07-03 06:00:00,-54.95417220866603,0.0,46.93915709025177,0.0,45.14058683360052,0.0,-33.83840926755685,0.0,0
2030-07-03 08:00:00,-54.662593630345114,0.0,47.96169013315492,0.0,46.12393942181696,0.0,-33.67892377315227,0.0,0
2030-07-03 10:00:00,-50.53438295222048,0.0,54.12709798957603,0.0,52.053107007256244,0.0,-29.339179163847895,0.0,0
2030-07-03 12:00:00,-44.59070788111866,0.0,39.38517470963859,0.0,37.8760508101709,0.0,-27.14690775008125,0.0,0
2030-07-03 14:00:00,-40.82143654648203,0.0,40.303999815723785,0.0,38.759669244272544,0.0,-24.203783549104706,0.0,0
2030-07-03 16:00:00,-40.66774741563651,0.0,35.28979720411421,0.0,33.93759610914073,0.0,-24.601706613271745,0.0,0
2030-07-03 18:00:00,-42.62271459102872,0.0,34.9573228995254,0.0,33.61786124071567,0.0,-26.12994181445458,0.0,0
2030-07-03 20:00:00,-36.8084967286017,0.0,29.188906290503077,0.0,28.070473367275685,0.0,-22.79508989123103,0.0,0
2030-07-03 22:00:00,-47.265285499538955,0.0,44.40269845154123,0.0,42.70131781966404,0.0,-27.94775736864714,0.0,0
2030-07-04 00:00:00,-61.478816180338185,0.0,60.60662317271851,0.0,58.284355868579965,0.0,-36.221037348364824,0.0,0
2030-07-04 02:00:00,-89.49653412446501,0.0,91.83522190144461,0.0,88.31636666705433,0.0,-51.4664794453403,0.0,0
2030-07-04 04:00:00,-78.19587338578813,0.0,79.95263641125052,0.0,76.88908685679999,0.0,-45.87752808990237,0.0,0
2030-07-04 06:00:00,-85.08765673382223,0.0,88.48034289260076,0.0,85.09003674119383,0.0,-49.37160696070733,0.0,0
2030-07-04 08:00:00,-38.79442133985633,0.0,72.70197630813114,0.0,69.91625069452132,0.0,-20.067471319146538,0.0,0
2030-07-04 10:00:00,-95.25626084001564,0.0,113.30423817838826,0.0,108.96275346982496,0.0,-52.57725874889193,0.0,0
2030-07-04 12:00:00,-56.451288556676026,0.0,74.86837039389931,0.0,71.99963493928728,0.0,-31.317695084508024,0.0,0
2030-07-04 14:00:00,-62.269222486068905,0.0,74.4040307605402,0.0,71.55308743312654,0.0,-35.967508532960956,0.0,0
2030-07-04 16:00:00,-59.41271417125695,0.0,64.82097453406149,0.0,62.33722569767008,0.0,-34.30446371658619,0.0,0
2030-07-04 18:00:00,-101.37402395518404,0.0,99.7271616376791,0.0,95.90591051557425,0.0,-59.46978933658443,0.0,0
2030-07-04 20:00:00,-123.63360644956035,2.6336064495603466,122.96891305544102,0.0,118.25710646954549,0.0,-71.42816205719716,0.0,1
2030-07-04 22:00:00,-89.9960676529403,0.0,101.09972261951293,0.0,97.22587900298768,0.0,-50.907881527744365,0.0,0
2030-07-05 00:00:00,-70.06864521893303,0.0,77.2605048641183,0.0,74.30010986181193,0.0,-40.188313282136576,0.0,0
2030-07-05 02:00:00,-79.75669346128548,0.0,93.01894676552955,0.0,89.45473468059959,0.0,-44.85114843681306,0.0,0
2030-07-05 04:00:00,-63.14852213857623,0.0,78.10101721426987,0.0,75.10841625414388,0.0,-35.084735450041066,0.0,0
2030-07-05 06:00:00,-38.10122938735709,0.0,46.908491646651015,0.0,45.111096399484204,0.0,-21.745880288075703,0.0,0
2030-07-05 08:00:00,-12.224013353746834,0.0,15.320464536880156,0.0,14.733429456954624,0.0,-7.068600735387858,0.0,0
2030-07-05 10:00:00,-39.33417626282815,0.0,48.65558676502881,0.0,46.79124797839001,0.0,-21.74599594381972,0.0,0
2030-07-05 12:00:00,-10.108340309182344,0.0,41.08482437076867,0.0,39.51057490201666,0.0,-2.957029372245908,0.0,0
2030-07-05 14:00:00,-41.18403940629988,0.0,60.43541543828361,0.0,58.11970831029531,0.0,-21.832825037671654,0.0,0
2030-07-05 16:00:00,-20.78658298668512,0.0,22.38312823698036,0.0,21.52547268469935,0.0,-12.3706101237967,0.0,0
2030-07-05 18:00:00,-0.8810464952067748,0.0,14.28680583026713,0.0,13.739377507694982,0.0,0.09606744589166773,0.0,0
2030-07-05 20:00:00,-31.248098143273204,0.0,42.38963264906347,0.0,40.76538676994839,0.0,-17.782837141979872,0.0,0
2030-07-05 22:00:00,-133.47885977553017,12.478859775530168,131.72728341169966,6.727283411699659,126.67988186850164,1.6798818685016386,-76.57018996600613,0.0,3
2030-07-06 00:00:00,-59.47959623664403,0.0,69.57385456001164,0.0,66.90798935898947,0.0,-33.09012585150278,0.0,0
2030-07-06 02:00:00,-50.02372654564202,0.0,61.41871190927851,0.0,59.065327756481224,0.0,-27.188064536974995,0.0,0
2030-07-06 04:00:00,-43.8351912575513,0.0,34.7281613140276,0.0,33.397480452257916,0.0,-26.673471543331505,0.0,0
2030-07-06 06:00:00,-45.011814394440975,0.0,45.53495928242177,0.0,43.790193750187754,0.0,-25.93712302698538,0.0,0
2030-07-06 08:00:00,-40.77344615066182,0.0,44.64752629325181,0.0,42.936764579535975,0.0,-23.01533942455477,0.0,0
2030-07-06 10:00:00,-58.057793937934726,0.0,59.82511644301995,0.0,57.532794175105636,0.0,-33.07478488530197,0.0,0
2030-07-06 12:00:00,-77.38744977897474,0.0,81.73830238433032,0.0,78.60633136885257,0.0,-43.46684452338533,0.0,0
2030-07-06 14:00:00,-55.419870606964054,0.0,60.21045972301421,0.0,57.90337223550585,0.0,-30.64332934866033,0.0,0
2030-07-06 16:00:00,-37.27698458791524,0.0,39.757163023704834,0.0,38.23378562760505,0.0,-20.667896398582894,0.0,0
2030-07-06 18:00:00,-22.124134679729522,0.0,27.264562404971464,0.0,26.219864671948724,0.0,-12.314325465484504,0.0,0
2030-07-06 20:00:00,-63.51896517575188,0.0,58.98844729405499,0.0,56.72818372380958,0.0,-36.27909805831773,0.0,0
2030-07-06 22:00:00,-79.94836874200985,0.0,72.15001848210117,0.0,69.38544226678408,0.0,-46.46806182426942,0.0,0
2030-07-07 00:00:00,-92.06306409522864,0.0,83.95053707305331,0.0,80.73379973967559,0.0,-53.13997482845084,0.0,0
2030-07-07 02:00:00,-99.09825424391772,0.0,92.97884394620115,0.0,89.41616848319887,0.0,-56.84243801635262,0.0,0
2030-07-07 04:00:00,-85.60149548462772,0.0,87.37098884405566,0.0,84.02318987257053,0.0,-48.220362137553856,0.0,0
2030-07-07 06:00:00,-91.088579564268,0.0,91.8976957733581,0.0,88.37644672419114,0.0,-50.90301053090246,0.0,0
2030-07-07 08:00:00,-99.0860681795451,0.0,101.96877415624456,0.0,98.06163104432237,0.0,-55.370556034748525,0.0,0
2030-07-07 10:00:00,-103.9729311041226,0.0,105.8096093085977,0.0,101.7552967054884,0.0,-58.30146647062491,0.0,0
2030-07-07 12:00:00,-25.072709590633863,0.0,38.98543439478239,0.0,37.491627366883165,0.0,-12.440720393080907,0.0,0
2030-07-07 14:00:00,-84.17082642292053,0.0,93.86171077584973,0.0,90.26520645611396,0.0,-45.673607032633925,0.0,0
2030-07-07 16:00:00,-97.71732800519209,0.0,106.42937288639453,0.0,102.35131276828335,0.0,-53.4776905185241,0.0,0
2030-07-07 18:00:00,-119.71465082472847,0.0,125.77363262271689,0.7736326227168888,120.95435744333415,0.0,-66.41567719312346,0.0,1
2030-07-07 20:00:00,-122.35729459626413,1.3572945962641256,133.62382843659458,8.623828436594579,128.5037568736597,3.503756873659711,-67.69501055943273,0.0,3
2030-07-07 22:00:00,-121.60099649353103,0.6009964935310279,122.54618745717775,0.0,117.8505784712153,0.0,-68.34611539471113,0.0,1
2030-07-08 00:00:00,-108.14443110224792,0.0,111.65666163112218,0.0,107.3783072034835,0.0,-60.27731812530353,0.0,0
2030-07-08 02:00:00,-96.1519167819796,0.0,97.70711942340597,0.0,93.9632703696166,0.0,-53.76994849080423,0.0,0
2030-07-08 04:00:00,-118.99568254057291,0.0,123.35493201916847,0.0,118.6283343234679,0.0,-66.22697873861934,0.0,0
2030-07-08 06:00:00,-91.10951857873918,0.0,94.40845333818932,0.0,90.79099945370585,0.0,-50.51718444786352,0.0,0
2030-07-08 08:00:00,-58.84482245630501,0.0,61.5343225568071,0.0,59.176508544487675,0.0,-32.48154814224718,0.0,0
2030-07-08 10:00:00,-46.48258445095708,0.0,53.29617305542405,0.0,51.25402066937848,0.0,-24.943383105718002,0.0,0
2030-07-08 12:00:00,-56.04897517264068,0.0,65.12971075680171,0.0,62.634132057630595,0.0,-30.0853202778349,0.0,0
2030-07-08 14:00:00,-46.46191219854717,0.0,61.23414535976333,0.0,58.88783325356664,0.0,-23.88201768058437,0.0,0
2030-07-08 16:00:00,-57.825124423202425,0.0,63.13568023753628,0.0,60.71650691513632,0.0,-31.431687976359722,0.0,0
2030-07-08 18:00:00,-76.50174115689745,0.0,81.4385815738275,0.0,78.31809497708434,0.0,-42.03259833982259,0.0,0
2030-07-08 20:00:00,-91.452176873235,0.0,101.04913335674522,0.0,97.17722817177605,0.0,-50.304859895248406,0.0,0
2030-07-08 22:00:00,-74.22328402378244,0.0,80.63966847280875,0.0,77.5497938731745,0.0,-41.09745376188162,0.0,0
2030-07-09 00:00:00,-125.50186959750792,4.50186959750792,130.85888329620653,5.858883296206528,125.84475628786204,0.8447562878620403,-70.71042010274581,0.0,3
2030-07-09 02:00:00,-121.10959247333261,0.10959247333261146,121.24676882268943,0.0,116.60094973181256,0.0,-68.4209194308609,0.0,1
2030-07-09 04:00:00,-71.71611110117395,0.0,66.78662753127495,0.0,64.22756066118103,0.0,-40.75472544131908,0.0,0
2030-07-09 06:00:00,-61.51385249595151,0.0,55.740650973624255,0.0,53.60483339311729,0.0,-35.218707285470835,0.0,0
2030-07-09 08:00:00,-75.23179631097562,0.0,70.69549948506636,0.0,67.98665615393308,0.0,-42.57796317142888,0.0,0
2030-07-09 10:00:00,-62.59717532814368,0.0,55.72572809527477,0.0,53.59048231551597,0.0,-35.850588339526475,0.0,0
2030-07-09 12:00:00,-50.7229153275092,0.0,47.19076109284009,0.0,45.3825501118222,0.0,-28.762995492264878,0.0,0
2030-07-09 14:00:00,-52.70184100702585,0.0,44.19105534902778,0.0,42.49778425751737,0.0,-30.883432474030055,0.0,0
2030-07-09 16:00:00,-52.69256120770197,0.0,42.73287449180107,0.0,41.09547659617233,0.0,-31.333235304190346,0.0,0
2030-07-09 18:00:00,-67.32114897391884,0.0,56.17250093605603,0.0,54.020136136853374,0.0,-39.97941886190671,0.0,0
2030-07-09 20:00:00,-39.78789823135718,0.0,20.063363353414864,0.0,19.294594359407238,0.0,-25.522180230541625,0.0,0
2030-07-09 22:00:00,-34.287266907796614,0.0,15.261688896112931,0.0,14.676905925638398,0.0,-22.361858552147957,0.0,0
2030-07-10 00:00:00,-37.09003626777952,0.0,22.817890813774902,0.0,21.943576439993905,0.0,-22.86715708879321,0.0,0
2030-07-10 02:00:00,-34.919757828438506,0.0,20.01946132559808,0.0,19.252374527998203,0.0,-21.45076044099811,0.0,0
2030-07-10 04:00:00,-33.77428295156151,0.0,19.34111720072179,0.0,18.600022552159256,0.0,-20.537318296704928,0.0,0
2030-07-10 06:00:00,-56.020165256214014,0.0,36.82023050802347,0.0,35.40938771620592,0.0,-33.495857499173965,0.0,0
2030-07-10 08:00:00,-4.509844108165623,0.0,-7.82836919468451,0.0,-7.528409142897182,0.0,-3.9193607475517114,0.0,0
2030-07-10 10:00:00,44.156903763731776,0.0,-39.45003969304406,0.0,-37.938430358449565,0.0,25.614490145309844,0.0,0
2030-07-10 12:00:00,-12.277057765643091,0.0,0.8363195285897191,0.0,0.8042742273439982,0.0,-8.18818229730523,0.0,0
2030-07-10 14:00:00,-6.443412710635909,0.0,-9.164627174824783,0.0,-8.813465652724066,0.0,-5.568923215351612,0.0,0
2030-07-10 16:00:00,-9.45198141171279,0.0,-9.72626541951001,0.0,-9.353583573984098,0.0,-8.32468565754885,0.0,0
2030-07-10 18:00:00,-11.93734137510958,0.0,-3.267760902464943,0.0,-3.1425499287415586,0.0,-9.279284986275291,0.0,0
2030-07-10 20:00:00,-13.430744810830692,0.0,1.6414412663678974,0.0,1.5785460713380552,0.0,-9.539080904555703,0.0,0
2030-07-10 22:00:00,-4.810130489751911,0.0,-14.766308629073368,0.0,-14.20050717146049,0.0,-5.248999572084792,0.0,0
2030-07-11 00:00:00,-8.661805240510382,0.0,-12.46839998163056,0.0,-11.990647615692756,0.0,-7.72728029175605,0.0,0
2030-07-11 02:00:00,-10.421790149443263,0.0,-13.938468216193233,0.0,-13.404387165084364,0.0,-9.238643569140278,0.0,0
2030-07-11 04:00:00,-21.28020920589119,0.0,10.297595571141144,0.0,9.903022036859994,0.0,-13.855875086774658,0.0,0
2030-07-11 06:00:00,-10.190237565693247,0.0,-5.913008532023031,0.0,-5.686439459796732,0.0,-7.958279815653309,0.0,0
2030-07-11 08:00:00,10.91493737893649,0.0,-23.413595291842825,0.0,-22.5164552769037,0.0,4.544149710958875,0.0,0
2030-07-11 10:00:00,11.760349239998469,0.0,-22.091995741724876,0.0,-21.245495529231995,0.0,5.373016612309799,0.0,0
2030-07-11 12:00:00,-10.196691205389918,0.0,-2.5582770763222817,0.0,-2.4602514332776226,0.0,-7.300069551642066,0.0,0
2030-07-11 14:00:00,-6.529419288745635,0.0,-10.873864645711032,0.0,-10.457210177693543,0.0,-5.820952362788447,0.0,0
2030-07-11 16:00:00,-12.939266401874402,0.0,3.477964426704582,0.0,3.344699073014194,0.0,-8.926752064512527,0.0,0
2030-07-11 18:00:00,-14.771956693640774,0.0,1.9104421752595373,0.0,1.8372396576500796,0.0,-10.40930727238967,0.0,0
2030-07-11 20:00:00,-17.5670567116781,0.0,-4.909800322013746,0.0,-4.721671233792282,0.0,-13.669198851007948,0.0,0
2030-07-11 22:00:00,-17.40490966326896,0.0,4.990088587920464,0.0,4.79888308981087,0.0,-11.879493511999453,0.0,0
2030-07-12 00:00:00,-16.599703660846483,0.0,6.148114731650501,0.0,5.912537082278511,0.0,-11.175257475913646,0.0,0
2030-07-12 02:00:00,-15.51254226544081,0.0,-1.031442815507985,0.0,-0.9919209645756748,0.0,-11.335567359397812,0.0,0
2030-07-12 04:00:00,-14.175349054819169,0.0,-2.4785583613190294,0.0,-2.383587304649386,0.0,-10.291275552163901,0.0,0
2030-07-12 06:00:00,-21.403221303065415,0.0,5.808709871645347,0.0,5.586137216909058,0.0,-14.660405924225318,0.0,0
2030-07-12 08:00:00,-17.619370133926466,0.0,-2.9291659869041444,0.0,-2.8169289731309224,0.0,-13.335839403575239,0.0,0
2030-07-12 10:00:00,-16.066007101014428,0.0,6.839900691732799,0.0,6.577815841786633,0.0,-10.470509635610599,0.0,0
2030-07-12 12:00:00,-14.22541866542432,0.0,7.042259143984413,0.0,6.772420514124823,0.0,-9.139439914548241,0.0,0
2030-07-12 14:00:00,-18.023513644147453,0.0,3.5270002156907303,0.0,3.3918559549843676,0.0,-12.496328912114341,0.0,0
2030-07-12 16:00:00,-15.321900371813093,0.0,-2.0857183282749263,0.0,-2.005799744697141,0.0,-11.532840739040461,0.0,0
2030-07-12 18:00:00,-13.991369396585652,0.0,1.1907013420859762,0.0,1.1450771734561087,0.0,-9.95994487339156,0.0,0
2030-07-12 20:00:00,35.9196237269569,0.0,-41.89243641709328,0.0,-40.28724163326774,0.0,18.661660971359368,0.0,0
2030-07-12 22:00:00,-18.500183646116422,0.0,1.6248735516237294,0.0,1.5626131826283918,0.0,-13.245686084525754,0.0,0
2030-07-13 00:00:00,-17.09568010555408,0.0,-4.5063712486718295,0.0,-4.333700374380104,0.0,-13.11505584635871,0.0,0
2030-07-13 02:00:00,-17.58382149722801,0.0,7.043167616059418,0.0,6.773294176225462,0.0,-11.448225025232016,0.0,0
2030-07-13 04:00:00,-18.341915681227174,0.0,0.13321059992491868,0.0,0.12810636206151926,0.0,-13.214508854537039,0.0,0
2030-07-13 06:00:00,31.967176501403376,0.0,-37.424176917331,0.0,-35.99019267782392,0.0,16.377650958001116,0.0,0
2030-07-13 08:00:00,-8.627973742430383,0.0,-16.15008649793257,0.0,-15.531262747823925,0.0,-8.599261967895728,0.0,0
2030-07-13 10:00:00,-14.53892220848845,0.0,8.835620638327999,0.0,8.49706567773098,0.0,-9.21336856596126,0.0,0
2030-07-13 12:00:00,36.56708634683588,0.0,-37.033346688400314,0.0,-35.61433791221074,0.0,20.178300561197812,0.0,0
2030-07-13 14:00:00,-15.498039325785237,0.0,6.971613318301721,0.0,6.7044816284194315,0.0,-9.895299026965791,0.0,0
2030-07-13 16:00:00,-18.341919625487208,0.0,7.962176800937008,0.0,7.657089635762127,0.0,-12.02352104424505,0.0,0
2030-07-13 18:00:00,31.341854331815732,0.0,-33.70391195949329,0.0,-32.412477316417174,0.0,16.402092750020138,0.0,0
2030-07-13 20:00:00,-13.301591863062349,0.0,-6.96237456818117,0.0,-6.695596879993885,0.0,-10.684785241410665,0.0,0
2030-07-13 22:00:00,-22.648059347661317,0.0,2.7957158359299026,0.0,2.688592238910827,0.0,-16.047907569706588,0.0,0
2030-07-14 00:00:00,-21.22413617734972,0.0,7.299849179445136,0.0,7.0201404580689495,0.0,-14.343602893635033,0.0,0
2030-07-14 02:00:00,-22.91579540237415,0.0,6.646660983208683,0.0,6.391980509772433,0.0,-15.728441122135168,0.0,0
2030-07-14 04:00:00,-17.4718616060399,0.0,1.793058781842043,0.0,1.7243540501560926,0.0,-12.382097954641157,0.0,0
2030-07-14 06:00:00,-23.148707730903112,0.0,11.81697256044325,0.0,11.36418097473133,0.0,-14.93805834034841,0.0,0
2030-07-14 08:00:00,-15.984039347931034,0.0,0.044280920972660454,0.0,0.042584206495128285,0.0,-11.443431056908706,0.0,0
2030-07-14 10:00:00,-24.291367229186747,0.0,8.68577794412621,0.0,8.35296451426114,0.0,-16.173287500798743,0.0,0
2030-07-14 12:00:00,-19.243679343134627,0.0,2.8261129171883255,0.0,2.717824593539542,0.0,-13.627211105274323,0.0,0
2030-07-14 14:00:00,-12.759843072115027,0.0,-15.21784152772261,0.0,-14.63473865926742,0.0,-11.082388214877724,0.0,0
2030-07-14 16:00:00,-10.194344328125968,0.0,-4.985888085972622,0.0,-4.794843538726459,0.0,-7.7654510280850015,0.0,0
2030-07-14 18:00:00,-26.542538900855593,0.0,10.598147571567162,0.0,10.192057769801684,0.0,-17.457002070685093,0.0,0
2030-07-14 20:00:00,21.235224445915396,0.0,-22.508549145295834,0.0,-21.646087833192095,0.0,11.01988802270741,0.0,0
2030-07-14 22:00:00,-26.319526873513585,0.0,2.0778450024436887,0.0,1.9982281015236323,0.0,-18.622990578005474,0.0,0
2030-07-15 00:00:00,-28.26089479661723,0.0,7.601803451922564,0.0,7.310524732126931,0.0,-19.39404056244383,0.0,0
2030-07-15 02:00:00,-24.094647868449556,0.0,8.370278497590524,0.0,8.049554077322265,0.0,-16.20944795244162,0.0,0
2030-07-15 04:00:00,-23.367007302383904,0.0,3.4124549130209676,0.0,3.2816996909592993,0.0,-16.55416119345047,0.0,0
2030-07-15 06:00:00,-19.80785274144555,0.0,4.210743840962683,0.0,4.0494005382661635,0.0,-13.80624775107324,0.0,0
2030-07-15 08:00:00,-20.640441749539193,0.0,3.340895146570745,0.0,3.2128818840049687,0.0,-14.417812556889727,0.0,0
2030-07-15 10:00:00,-17.101925054713497,0.0,-1.4248598535414008,0.0,-1.3702634203853874,0.0,-12.725100133821709,0.0,0
2030-07-15 12:00:00,-17.82797778378627,0.0,0.7846237058759487,0.0,0.7545592363044165,0.0,-12.910045530816003,0.0,0
2030-07-15 14:00:00,-19.584795096938368,0.0,13.969195331918097,0.0,13.433936908230772,0.0,-11.860411069135221,0.0,0
2030-07-15 16:00:00,-6.016475302880654,0.0,-5.577890112893136,0.0,-5.364161791512572,0.0,-4.730576759453972,0.0,0
2030-07-15 18:00:00,-15.670746181255975,0.0,-3.435376822926835,0.0,-3.3037433007861687,0.0,-11.948369377888698,0.0,0
2030-07-15 20:00:00,-15.855175295669266,0.0,-1.044970983293255,0.0,-1.0049307728139762,0.0,-11.72834941336326,0.0,0
2030-07-15 22:00:00,-20.052017458949578,0.0,-2.417511276176543,0.0,-2.3248793640164855,0.0,-15.076066098281009,0.0,0
2030-07-16 00:00:00,-24.305842400797882,0.0,3.1823240506006654,0.0,3.0603867654161228,0.0,-17.203083033913206,0.0,0
2030-07-16 02:00:00,-21.941711605407196,0.0,5.4368739429942545,0.0,5.22854894592986,0.0,-14.744396561714003,0.0,0
2030-07-16 04:00:00,-21.715830250609216,0.0,4.85412457876043,0.0,4.668128821046888,0.0,-15.165164203049168,0.0,0
2030-07-16 06:00:00,-12.783561314429013,0.0,-11.22011652971405,0.0,-10.790194709266695,0.0,-10.433072826193722,0.0,0
2030-07-16 08:00:00,-25.822515697750518,0.0,12.884346082289692,0.0,12.390655886799994,0.0,-16.73144403060709,0.0,0
2030-07-16 10:00:00,-41.654077453122795,0.0,25.095179960116646,0.0,24.13360657321514,0.0,-26.01625453860989,0.0,0
2030-07-16 12:00:00,-30.8127407633367,0.0,10.310879685547324,0.0,9.915797143125953,0.0,-20.370742032077732,0.0,0
2030-07-16 14:00:00,-32.701016047192525,0.0,23.485388354132404,0.0,22.58549744048797,0.0,-19.960709516017136,0.0,0
2030-07-16 16:00:00,-30.244835129089424,0.0,19.692847552402757,0.0,18.938275632663892,0.0,-18.652040543856117,0.0,0
2030-07-16 18:00:00,24.435714182488876,0.0,-37.78129436990916,0.0,-36.33362644138518,0.0,11.632324778770087,0.0,0
2030-07-16 20:00:00,-31.24715861077529,0.0,10.873733253415683,0.0,10.457083819964021,0.0,-20.91278254015872,0.0,0
2030-07-16 22:00:00,-31.58022203331293,0.0,8.884829160749131,0.0,8.544388674499558,0.0,-21.327305197551393,0.0,0
2030-07-17 00:00:00,-33.049466227180446,0.0,12.942776696156017,0.0,12.446847611630085,0.0,-21.486549503742594,0.0,0
2030-07-17 02:00:00,-21.800569716266633,0.0,-0.08035028474113393,0.0,-0.07727149847379788,0.0,-15.233779780168527,0.0,0
2030-07-17 04:00:00,-27.810270949430354,0.0,12.330241014720954,0.0,11.857782493495737,0.0,-17.998224364212575,0.0,0
2030-07-17 06:00:00,20.27991298076793,0.0,-17.09566590550199,0.0,-16.440610337372306,0.0,11.147746708150148,0.0,0
2030-07-17 08:00:00,-34.73931160469159,0.0,23.174565382206655,0.0,22.286584289424933,0.0,-21.27597317237119,0.0,0
2030-07-17 10:00:00,13.27879257071008,0.0,-17.11455908094321,0.0,-16.458779581973893,0.0,6.366602929141295,0.0,0
2030-07-17 12:00:00,-34.442309106396124,0.0,26.19998103214983,0.0,25.196074921977324,0.0,-20.475958900178963,0.0,0
2030-07-17 14:00:00,-23.050612817356495,0.0,6.188982823239007,0.0,5.9518392289601385,0.0,-15.237884869489038,0.0,0
2030-07-17 16:00:00,-52.06876257830132,0.0,35.30824561809757,0.0,33.95533763423357,0.0,-31.98237597090705,0.0,0
2030-07-17 18:00:00,-33.22478964784233,0.0,18.903985879099054,0.0,18.17964081536194,0.0,-21.006628799456703,0.0,0
2030-07-17 20:00:00,9.75123318469144,0.0,-10.853338607919259,0.0,-10.437470637217519,0.0,4.677447935336857,0.0,0
2030-07-17 22:00:00,-38.56923286396158,0.0,18.503463769618982,0.0,17.794465533517894,0.0,-25.009032128836104,0.0,0
2030-07-18 00:00:00,-32.61313309264022,0.0,18.700054828146662,0.0,17.98352380167382,0.0,-20.586494422247238,0.0,0
2030-07-18 02:00:00,-24.201209419323067,0.0,-9.116817938263967,0.0,-8.767488325302658,0.0,-18.459565917107287,0.0,0
2030-07-18 04:00:00,-49.62579458181405,0.0,28.909447436880118,0.0,27.801722553874264,0.0,-31.36398924838513,0.0,0
2030-07-18 06:00:00,-41.01258809012859,0.0,31.946941113289803,0.0,30.722828418490597,0.0,-24.565038654384708,0.0,0
2030-07-18 08:00:00,12.578941437960935,0.0,-11.090012933072362,0.0,-10.665076299273167,0.0,6.561925894642061,0.0,0
2030-07-18 10:00:00,-37.240073778968494,0.0,24.117515717067175,0.0,23.193403544587557,0.0,-23.11681802833308,0.0,0
2030-07-18 12:00:00,-23.224098111450658,0.0,-1.2325254731250839,0.0,-1.1852987269722481,0.0,-16.619798673419155,0.0,0
2030-07-18 14:00:00,17.196006357132596,0.0,-20.958358649242,0.0,-20.15529607139726,0.0,8.8557253152356,0.0,0
2030-07-18 16:00:00,-42.589127387246926,0.0,18.81268500657142,0.0,18.091838323374464,0.0,-27.753335584158997,0.0,0
2030-07-18 18:00:00,-31.057840753494197,0.0,11.388275757617961,0.0,10.951910570812203,0.0,-20.60315362795563,0.0,0
2030-07-18 20:00:00,-29.954013086460822,0.0,12.86733498591511,0.0,12.374296605538238,0.0,-19.584859274302172,0.0,0
2030-07-18 22:00:00,-55.12473365039844,0.0,33.654018491453044,0.0,32.36449561912853,0.0,-34.576999024859326,0.0,0
2030-07-19 00:00:00,-52.85030696793298,0.0,34.256195433874865,0.0,32.943598914620495,0.0,-32.79212511071767,0.0,0
2030-07-19 02:00:00,-67.31174053815111,0.0,41.63410434511868,0.0,40.03880808546355,0.0,-42.40657257235663,0.0,0
2030-07-19 04:00:00,-46.06149672842413,0.0,23.195966946252682,0.0,22.30716580856758,0.0,-29.840376237792178,0.0,0
2030-07-19 06:00:00,-72.85177637327692,0.0,55.51187816889501,0.0,53.38482648849421,0.0,-44.82350209407358,0.0,0
2030-07-19 08:00:00,-58.50861946189145,0.0,46.095604795470656,0.0,44.32935697836396,0.0,-34.93343592082307,0.0,0
2030-07-19 10:00:00,-17.598567917299945,0.0,10.709931074275245,0.0,10.299558057905603,0.0,-11.637796710993436,0.0,0
2030-07-19 12:00:00,-64.67627915004827,0.0,58.76638660986874,0.0,56.514631751038394,0.0,-37.69602635514664,0.0,0
2030-07-19 14:00:00,-52.9466604510076,0.0,38.48994046095355,0.0,37.0151193012927,0.0,-32.385078879906146,0.0,0
2030-07-19 16:00:00,-54.91530428506172,0.0,36.415638406309576,0.0,35.0202983922437,0.0,-33.746865411965,0.0,0
2030-07-19 18:00:00,-61.56689967244398,0.0,41.58674956316439,0.0,39.993267799286535,0.0,-38.223030736263865,0.0,0
2030-07-19 20:00:00,-81.36047478638744,0.0,71.50651376061714,0.0,68.76659475100683,0.0,-47.76247606751864,0.0,0
2030-07-19 22:00:00,-78.93451186412886,0.0,74.48920724831088,0.0,71.6350002087438,0.0,-45.622898593284326,0.0,0
2030-07-20 00:00:00,-37.45248323152025,0.0,44.446520555199015,0.0,42.74346078937248,0.0,-20.585544258320436,0.0,0
2030-07-20 02:00:00,-29.74828073322404,0.0,44.554169635595215,0.0,42.84698507405099,0.0,-14.714917221973279,0.0,0
2030-07-20 04:00:00,-26.011372776134532,0.0,41.509238775801755,0.0,39.918726997014474,0.0,-12.65101967636662,0.0,0
2030-07-20 06:00:00,-30.598910911384298,0.0,45.42630724262051,0.0,43.68570493655462,0.0,-15.209281848236188,0.0,0
2030-07-20 08:00:00,-10.379427663857214,0.0,10.265067426091104,0.0,9.87174027452792,0.0,-6.113617953445798,0.0,0
2030-07-20 10:00:00,-21.605355037165275,0.0,14.991436209352633,0.0,14.417008525898845,0.0,-13.086995907756627,0.0,0
2030-07-20 12:00:00,-26.737955904763382,0.0,22.298562561015032,0.0,21.444147316378082,0.0,-15.934317618479087,0.0,0
2030-07-20 14:00:00,5.064898885938895,0.0,-6.008098545998994,0.0,-5.777885904491931,0.0,2.617581244773099,0.0,0
2030-07-20 16:00:00,26.094663142215694,0.0,-20.94043773978757,0.0,-20.13806183841328,0.0,15.000358658571214,0.0,0
2030-07-20 18:00:00,29.867217833476886,0.0,-23.99488913857504,0.0,-23.075475655429067,0.0,17.3019156738651,0.0,0
2030-07-20 20:00:00,-19.383009147433484,0.0,10.629958048494096,0.0,10.222649362939485,0.0,-12.484615680561037,0.0,0
2030-07-20 22:00:00,-29.413373268871197,0.0,26.9892870090887,0.0,25.955137018507543,0.0,-17.275481289422288,0.0,0
2030-07-21 00:00:00,-24.394435427398776,0.0,20.171025023211577,0.0,19.398130751097618,0.0,-14.8438331297507,0.0,0
2030-07-21 02:00:00,5.989699704375184,0.0,-4.575235301425509,0.0,-4.3999257594474965,0.0,3.6884112667521984,0.0,0
2030-07-21 04:00:00,-24.042506898628613,0.0,18.378828483005798,0.0,17.67460590401765,0.0,-14.535328609149325,0.0,0
2030-07-21 06:00:00,-14.980294736382952,0.0,6.093495452005846,0.0,5.860010652567633,0.0,-9.303459649925196,0.0,0
2030-07-21 08:00:00,51.92846609837489,0.0,-34.28653994339154,0.0,-32.972780711901706,0.0,31.08337287409845,0.0,0
2030-07-21 10:00:00,30.498708637530342,0.0,-23.829104967181237,0.0,-22.91604384522312,0.0,17.271228250889685,0.0,0
2030-07-21 12:00:00,41.44583982170845,0.0,-22.958714660978373,0.0,-22.07900433212052,0.0,24.756324450326133,0.0,0
2030-07-21 14:00:00,5.906812175962914,0.0,-4.615890373474604,0.0,-4.439023048871146,0.0,3.202095091495387,0.0,0
2030-07-21 16:00:00,-27.153071254167482,0.0,24.304395520447386,0.0,23.37312266429212,0.0,-16.497341536455185,0.0,0
2030-07-21 18:00:00,21.576021339292602,0.0,-15.662274505623097,0.0,-15.062142274378195,0.0,12.099787427857505,0.0,0
2030-07-21 20:00:00,-23.636392605608883,0.0,17.85577699240346,0.0,17.171596206068024,0.0,-14.869242972208088,0.0,0
2030-07-21 22:00:00,-17.720092139551678,0.0,12.520179742602759,0.0,12.040443328724002,0.0,-10.93236056851307,0.0,0
2030-07-22 00:00:00,-7.915129102328901,0.0,-2.0445710200053173,0.0,-1.9662290800952213,0.0,-5.81003728960973,0.0,0
2030-07-22 02:00:00,-3.8231637343149654,0.0,15.373541572838572,0.0,14.784472737215243,0.0,-0.7245823662326905,0.0,0
2030-07-22 04:00:00,-7.315691747164182,0.0,8.786965993878926,0.0,8.450275335961713,0.0,-4.116659855936992,0.0,0
2030-07-22 06:00:00,44.672005104398025,0.0,-21.713246218043675,0.0,-20.881258571822638,0.0,27.746101339643715,0.0,0
2030-07-22 08:00:00,-14.899107385506843,0.0,15.208591676246336,0.0,14.625843234857484,0.0,-8.406488490651796,0.0,0
2030-07-22 10:00:00,-22.27519839808214,0.0,26.905069988119617,0.0,25.87414694574996,0.0,-12.323676958457757,0.0,0
2030-07-22 12:00:00,-19.998699495121677,0.0,16.71047822944451,0.0,16.070181918624428,0.0,-12.381417038655572,0.0,0
2030-07-22 14:00:00,-15.991139961787487,0.0,7.4432767838668354,0.0,7.158072339105598,0.0,-10.656961741496533,0.0,0
2030-07-22 16:00:00,-16.653722346083892,0.0,9.927348455473732,0.0,9.546961700230192,0.0,-10.724698392046394,0.0,0
2030-07-22 18:00:00,-17.104549530251244,0.0,-1.366394640616658,0.0,-1.3140384222309525,0.0,-12.797963203573232,0.0,0
2030-07-22 20:00:00,-22.410846833322076,0.0,9.061617734111394,0.0,8.714403230400151,0.0,-14.839838877085633,0.0,0
2030-07-22 22:00:00,-22.824471221252647,0.0,5.321407082132676,0.0,5.117506435108818,0.0,-15.047450378853638,0.0,0
2030-07-23 00:00:00,-28.746454748951436,0.0,12.679420870371072,0.0,12.193582805465814,0.0,-18.176129988627707,0.0,0
2030-07-23 02:00:00,-53.76555292341206,0.0,34.16843881032156,0.0,32.85920486642496,0.0,-32.79703470184288,0.0,0
2030-07-23 04:00:00,-49.26720629022198,0.0,32.54612179016959,0.0,31.299050256511737,0.0,-30.02162182961126,0.0,0
2030-07-23 06:00:00,-42.62386862614782,0.0,24.736384792828662,0.0,23.78855938003062,0.0,-26.191536158130194,0.0,0
2030-07-23 08:00:00,-58.68476949337068,0.0,39.94415907654738,0.0,38.413616542434774,0.0,-35.226264330810714,0.0,0
2030-07-23 10:00:00,-40.4118498481506,0.0,24.715815995259618,0.0,23.768778718206136,0.0,-24.87920040191994,0.0,0
2030-07-23 12:00:00,-35.84776325899134,0.0,28.828026185938086,0.0,27.723421125470104,0.0,-20.974595885805787,0.0,0
2030-07-23 14:00:00,-44.86277895456955,0.0,30.52387329938848,0.0,29.354288372064087,0.0,-27.732973079631716,0.0,0
2030-07-23 16:00:00,-25.243931265195613,0.0,16.94475950235584,0.0,16.295486223152153,0.0,-15.507739403863438,0.0,0
2030-07-23 18:00:00,-18.18604671317752,0.0,-1.909300177116644,0.0,-1.836141417512625,0.0,-13.58242352872939,0.0,0
2030-07-23 20:00:00,31.76680644463533,0.0,-36.82435911970006,0.0,-35.41335813164247,0.0,16.50568022466661,0.0,0
2030-07-23 22:00:00,-12.016081070119146,0.0,-12.172910393849948,0.0,-11.706480318653586,0.0,-10.363290870611685,0.0,0
2030-07-24 00:00:00,-26.793786162250417,0.0,3.149620947655606,0.0,3.0289367490602483,0.0,-18.582064270668116,0.0,0
2030-07-24 02:00:00,-19.608082541010127,0.0,0.40305924572413065,0.0,0.38761520249957293,0.0,-13.779490233222107,0.0,0
2030-07-24 04:00:00,-30.551045553065663,0.0,14.53802641274155,0.0,13.98097205733223,0.0,-19.83058702505744,0.0,0
2030-07-24 06:00:00,25.866868706658693,0.0,-30.06406370800325,0.0,-28.912097330010642,0.0,13.005936691837254,0.0,0
2030-07-24 08:00:00,-21.910094600973775,0.0,7.1259493673758385,0.0,6.852903974636407,0.0,-14.762787050177561,0.0,0
2030-07-24 10:00:00,-20.996898759418848,0.0,2.2223792033330874,0.0,2.137224177510456,0.0,-14.959989341266144,0.0,0
2030-07-24 12:00:00,-25.448768723170325,0.0,9.15547370870626,0.0,8.804662920468864,0.0,-16.894915287818236,0.0,0
2030-07-24 14:00:00,-31.813042905363105,0.0,16.46190746067051,0.0,15.831135649630541,0.0,-20.254733012284788,0.0,0
2030-07-24 16:00:00,9.82759364516875,0.0,-7.550051527544367,0.0,-7.260755789073482,0.0,5.536042445279147,0.0,0
2030-07-24 18:00:00,-30.705008032775346,0.0,2.8180560235569523,0.0,2.7100764163433375,0.0,-21.35035291573228,0.0,0
2030-07-24 20:00:00,-38.70444588725239,0.0,21.54809852348422,0.0,20.722438850533358,0.0,-24.188417432225823,0.0,0
2030-07-24 22:00:00,-30.575748519845646,0.0,7.456510251801728,0.0,7.1707987395238355,0.0,-20.550212640468022,0.0,0
2030-07-25 00:00:00,-27.47961335323292,0.0,-2.233571615830728,0.0,-2.1479877297245142,0.0,-19.361519074226223,0.0,0
2030-07-25 02:00:00,-25.69433867079843,0.0,4.179815764468048,0.0,4.0196575345748204,0.0,-17.75945052428764,0.0,0
2030-07-25 04:00:00,-38.95918588496535,0.0,24.118895079953784,0.0,23.19473005435077,0.0,-24.150742998698373,0.0,0
2030-07-25 06:00:00,-32.29537208284002,0.0,15.281124807631562,0.0,14.69559711026927,0.0,-20.855192956381025,0.0,0
2030-07-25 08:00:00,-35.505872418051126,0.0,19.99143042972436,0.0,19.225417693499026,0.0,-22.179074695947083,0.0,0
2030-07-25 10:00:00,-27.395677989305284,0.0,18.07212376735504,0.0,17.379653209777935,0.0,-16.706439293811556,0.0,0
2030-07-25 12:00:00,-43.57947965277211,0.0,29.142011865109087,0.0,28.025375798151536,0.0,-26.40511996730852,0.0,0
2030-07-25 14:00:00,-62.49391451031239,0.0,42.38734143437922,0.0,40.763183347862864,0.0,-37.68023604482671,0.0,0
2030-07-25 16:00:00,5.970172175920794,0.0,-4.149089468252136,0.0,-3.990108579536246,0.0,3.358741621531577,0.0,0
2030-07-25 18:00:00,-42.21163341149702,0.0,15.14638948193304,0.0,14.56602444543526,0.0,-27.784983326468485,0.0,0
2030-07-25 20:00:00,-63.054706440673314,0.0,39.767348860414145,0.0,38.243581173050494,0.0,-38.52336360528515,0.0,0
2030-07-25 22:00:00,-39.53068593048212,0.0,21.362377437550204,0.0,20.543834049635084,0.0,-24.941825226449794,0.0,0
2030-07-26 00:00:00,-24.244554633613255,0.0,-3.588972079420947,0.0,-3.4514532394130866,0.0,-17.694384270192675,0.0,0
2030-07-26 02:00:00,-43.07049570131086,0.0,30.365672251350638,0.0,29.202149122260614,0.0,-26.005730475862087,0.0,0
2030-07-26 04:00:00,-45.30303183436368,0.0,21.870836607003422,0.0,21.032810561205437,0.0,-28.136132118095173,0.0,0
2030-07-26 06:00:00,-13.803958018934217,0.0,0.5777060618133669,0.0,0.5555700669580323,0.0,-9.230468954966268,0.0,0
2030-07-26 08:00:00,-45.08403303275055,0.0,21.9613964859084,0.0,21.11990045226355,0.0,-27.772378335439086,0.0,0
2030-07-26 10:00:00,-59.63426154464989,0.0,52.792471322529074,0.0,50.76961930340893,0.0,-33.83205191692067,0.0,0
2030-07-26 12:00:00,-20.4576844258142,0.0,14.401518601175427,0.0,13.84969482306881,0.0,-11.500397964115118,0.0,0
2030-07-26 14:00:00,-27.474419801761268,0.0,18.189165704136556,0.0,17.49221044424859,0.0,-16.424591898827416,0.0,0
2030-07-26 16:00:00,-25.5663964374103,0.0,14.109781721925259,0.0,13.569136441821453,0.0,-15.699920574171143,0.0,0
2030-07-26 18:00:00,28.80939666520074,0.0,-42.73422065683709,0.0,-41.096771180128826,0.0,14.177138964375962,0.0,0
2030-07-26 20:00:00,-37.03737458933516,0.0,23.27844066249755,0.0,22.386479374903743,0.0,-22.646945554732827,0.0,0
2030-07-26 22:00:00,-27.486592112849593,0.0,10.284227156050866,0.0,9.890165860064004,0.0,-18.176431960280368,0.0,0
2030-07-27 00:00:00,-46.06316989756365,0.0,22.365223916146633,0.0,21.508254404709064,0.0,-29.103164601896157,0.0,0
2030-07-27 02:00:00,-41.05983334744806,0.0,11.835271816002429,0.0,11.381779056711586,0.0,-26.74301204024167,0.0,0
2030-07-27 04:00:00,-56.56764087968382,0.0,30.99873787780085,0.0,29.810957538381032,0.0,-35.28444820844693,0.0,0
2030-07-27 06:00:00,-49.52497906850784,0.0,23.594106734230298,0.0,22.690050052452932,0.0,-31.142650697373785,0.0,0
2030-07-27 08:00:00,-39.198976832245094,0.0,25.15312329503901,0.0,24.1893296901953,0.0,-23.993041771327846,0.0,0
2030-07-27 10:00:00,-33.48879941391937,0.0,21.336472397261126,0.0,20.51892161419554,0.0,-20.541286558772008,0.0,0
2030-07-27 12:00:00,10.311238829019967,0.0,-17.50546367589077,0.0,-16.83470586411733,0.0,4.761816887533998,0.0,0
2030-07-27 14:00:00,-9.002517807648424,0.0,-7.480889433258559,0.0,-7.194243782547655,0.0,-6.957006812890038,0.0,0
2030-07-27 16:00:00,-37.88454623241064,0.0,23.164596175784588,0.0,22.276997073632078,0.0,-23.083365814786536,0.0,0
2030-07-27 18:00:00,-32.87926115480168,0.0,11.730578604929274,0.0,11.28109738114915,0.0,-21.747533219973057,0.0,0
2030-07-27 20:00:00,-24.01293066428767,0.0,4.281800402437572,0.0,4.1177344215778415,0.0,-16.785822598698875,0.0,0
2030-07-27 22:00:00,-11.148784941507875,0.0,-13.25005618740024,0.0,-12.742353057755292,0.0,-9.552010230571993,0.0,0
2030-07-28 00:00:00,-19.137947929303888,0.0,1.8831300406138674,0.0,1.8109740435655537,0.0,-13.47918431827968,0.0,0
2030-07-28 02:00:00,-23.42100589910343,0.0,9.547696345048674,0.0,9.181856740542699,0.0,-15.557804795085582,0.0,0
2030-07-28 04:00:00,-20.39959034036245,0.0,2.3954485342691765,0.0,2.3036620014008884,0.0,-14.282147080728054,0.0,0
2030-07-28 06:00:00,-27.421150153922845,0.0,9.370769076590035,0.0,9.011708803933336,0.0,-18.363303688873803,0.0,0
2030-07-28 08:00:00,30.577047650840193,0.0,-22.29899303242437,0.0,-21.44456129339085,0.0,17.836811929279346,0.0,0
2030-07-28 10:00:00,-12.839843509912903,0.0,-0.7677702600843821,0.0,-0.7383515649195926,0.0,-8.89934424852874,0.0,0
2030-07-28 12:00:00,-19.88560926745555,0.0,12.866679977082152,0.0,12.373666694714693,0.0,-12.276275515387658,0.0,0
2030-07-28 14:00:00,-19.533418872850895,0.0,5.580343387191102,0.0,5.366521063564732,0.0,-12.396159423092039,0.0,0
2030-07-28 16:00:00,-20.615188868079734,0.0,13.979577926340896,0.0,13.44392167221371,0.0,-12.601617793618674,0.0,0
2030-07-28 18:00:00,-26.54865145137289,0.0,10.316526980029282,0.0,9.9212280499155,0.0,-17.49897704638094,0.0,0
2030-07-28 20:00:00,20.45295267513164,0.0,-27.236360244802093,0.0,-26.192743135497114,0.0,10.072688067544718,0.0,0
2030-07-28 22:00:00,-22.305114954102734,0.0,0.2775757621283921,0.0,0.2669398764270223,0.0,-15.906137722449534,0.0,0
2030-07-29 00:00:00,-25.953973749020637,0.0,9.78959272445167,0.0,9.414484363109057,0.0,-17.223684997800717,0.0,0
2030-07-29 02:00:00,-27.546006196974893,0.0,13.127823056166491,0.0,12.624803540115048,0.0,-17.761099999121505,0.0,0
2030-07-29 04:00:00,-16.9314558402762,0.0,-3.485389026823867,0.0,-3.351839184323464,0.0,-12.16263136386853,0.0,0
2030-07-29 06:00:00,-21.155874163422503,0.0,12.788284967431853,0.0,12.298275550948802,0.0,-13.230234981320676,0.0,0
2030-07-29 08:00:00,-15.938830405935942,0.0,9.64419314682576,0.0,9.274656069073629,0.0,-9.896010261098567,0.0,0
2030-07-29 10:00:00,-15.555201737438919,0.0,16.457014610509926,0.0,15.82643027907789,0.0,-8.462885795166176,0.0,0
2030-07-29 12:00:00,-6.633293577510024,0.0,0.8677091072988681,0.0,0.8344610498441436,0.0,-3.6901133042667253,0.0,0
2030-07-29 14:00:00,-18.199224001115915,0.0,12.804536293755321,0.0,12.313904174310188,0.0,-10.640172894474219,0.0,0
2030-07-29 16:00:00,27.36266422755917,0.0,-23.79935029143485,0.0,-22.88742928101926,0.0,15.385710428644792,0.0,0
2030-07-29 18:00:00,28.082512318728376,0.0,-25.97090913277252,0.0,-24.97578038313209,0.0,15.590905289283326,0.0,0
2030-07-29 20:00:00,27.88352078558918,0.0,-27.724766719741467,0.0,-26.662435312749132,0.0,15.058150198252129,0.0,0
2030-07-29 22:00:00,-21.04166148982401,0.0,-0.882505766597367,0.0,-0.8486907447367464,0.0,-15.477197397328345,0.0,0
2030-07-30 00:00:00,-21.834131168865675,0.0,7.4415529924452075,0.0,7.156414598294447,0.0,-14.652556862299113,0.0,0
2030-07-30 02:00:00,-23.95344024611002,0.0,9.652537013850464,0.0,9.282680223687976,0.0,-15.87450302678943,0.0,0
2030-07-30 04:00:00,-20.084067889587313,0.0,-0.9605797762847539,0.0,-0.9237731883129001,0.0,-14.603762148665629,0.0,0
2030-07-30 06:00:00,-14.114762355704785,0.0,-9.711678327945291,0.0,-9.339555416806881,0.0,-11.010711624725717,0.0,0
2030-07-30 08:00:00,-10.839425123083677,0.0,-0.5964793920055125,0.0,-0.573624058427503,0.0,-7.2613358721096635,0.0,0
2030-07-30 10:00:00,-13.480873206785944,0.0,-1.3267566708924905,0.0,-1.2759192627665534,0.0,-9.267661282533233,0.0,0
2030-07-30 12:00:00,-9.762006934462313,0.0,-7.627942811466907,0.0,-7.335662508397841,0.0,-7.444427979592,0.0,0
2030-07-30 14:00:00,22.670700315129025,0.0,-19.02453890654421,0.0,-18.29557460584231,0.0,12.792851463395575,0.0,0
2030-07-30 16:00:00,-19.794283737380056,0.0,7.812373428282958,0.0,7.513026287154208,0.0,-12.644713483809046,0.0,0
2030-07-30 18:00:00,-12.16480256457521,0.0,-4.27593368727902,0.0,-4.11209250166576,0.0,-8.864918397880556,0.0,0
2030-07-30 20:00:00,-24.19864016305094,0.0,3.5642062592577135,0.0,3.427636372539274,0.0,-16.836681682486798,0.0,0
2030-07-30 22:00:00,-21.241326700124667,0.0,6.39132764346743,0.0,6.146430791614096,0.0,-13.92381617961734,0.0,0
2030-07-31 00:00:00,-26.11807085991343,0.0,6.992978254759048,0.0,6.725027923434713,0.0,-17.377618513457012,0.0,0
2030-07-31 02:00:00,-24.31267855644065,0.0,1.506805530558311,0.0,1.449069180401696,0.0,-16.817483515098896,0.0,0
2030-07-31 04:00:00,-26.775594670240952,0.0,10.759019839777766,0.0,10.346765886488038,0.0,-17.22968895285327,0.0,0
2030-07-31 06:00:00,-1.4282740974007242,0.0,-4.8991849810166475,0.0,-4.711462641398427,0.0,-1.1130047086481871,0.0,0
2030-07-31 08:00:00,-27.85574035235234,0.0,24.388448719048064,0.0,23.4539551918719,0.0,-15.931141091158914,0.0,0
2030-07-31 10:00:00,-6.4254613989849325,0.0,16.00889727613148,0.0,15.395483481178303,0.0,-1.009080271922984,0.0,0
2030-07-31 12:00:00,-14.809898206234362,0.0,24.294918101776947,0.0,23.3640083923926,0.0,-5.8392583065642825,0.0,0
2030-07-31 14:00:00,-8.219386607675645,0.0,6.836403550497402,0.0,6.5744527007037545,0.0,-3.954605683990042,0.0,0
2030-07-31 16:00:00,-39.49363083591426,0.0,23.033739677116184,0.0,22.151154610600095,0.0,-23.72631900921257,0.0,0
2030-07-31 18:00:00,-45.66205833066698,0.0,24.42664044221383,0.0,23.490683520686517,0.0,-27.856345126187836,0.0,0
2030-07-31 20:00:00,5.059758983156312,0.0,-3.8527578662329556,0.0,-3.7051315317641103,0.0,3.302992695769438,0.0,0
2030-07-31 22:00:00,-40.44374780456325,0.0,33.39599807098827,0.0,32.116361781265994,0.0,-23.401038735886882,0.0,0
2030-08-01 00:00:00,-26.182212978995352,0.0,19.863877089304914,0.0,19.102751821420263,0.0,-15.15154049165394,0.0,0
2030-08-01 02:00:00,-46.00035474109139,0.0,40.51293877353922,0.0,38.96060227658171,0.0,-25.973907343700017,0.0,0
2030-08-01 04:00:00,-63.88053198635921,0.0,68.93094994706797,0.0,66.28971895736069,0.0,-34.253824466491956,0.0,0
2030-08-01 06:00:00,-70.79539443028561,0.0,76.3577218899088,0.0,73.4319188723391,0.0,-37.62865654984933,0.0,0
2030-08-01 08:00:00,-19.86460912755078,0.0,45.42567800187113,0.0,43.68509980645762,0.0,-6.843356108405893,0.0,0
2030-08-01 10:00:00,-53.108310739107765,0.0,67.15687342799407,0.0,64.58361982556912,0.0,-27.153513589509643,0.0,0
2030-08-01 12:00:00,-72.97330717120447,0.0,86.51913432560849,0.0,83.20397591042757,0.0,-38.88428677471959,0.0,0
2030-08-01 14:00:00,-89.57056960262717,0.0,99.55151144108375,0.0,95.73699071719552,0.0,-48.304876299922434,0.0,0
2030-08-01 16:00:00,-82.33538238809236,0.0,94.43619490808877,0.0,90.81767804835002,0.0,-44.85532377535743,0.0,0
2030-08-01 18:00:00,-76.43408299484399,0.0,85.12562781895087,0.0,81.86386446901369,0.0,-41.87156357266833,0.0,0
2030-08-01 20:00:00,-79.04739435593393,0.0,87.37042135260546,0.0,84.02264412572129,0.0,-42.990552175055115,0.0,0
2030-08-01 22:00:00,-95.47863102847003,0.0,107.29791213560301,0.0,103.18657215144388,0.0,-52.48778856021915,0.0,0
2030-08-02 00:00:00,-105.46658641763017,0.0,115.62972613243252,0.0,111.19913557439054,0.0,-58.200670429088454,0.0,0
2030-08-02 02:00:00,-106.17285881259156,0.0,114.22912417063708,0.0,109.8522005547825,0.0,-58.62729759752233,0.0,0
2030-08-02 04:00:00,-70.53056839026524,0.0,67.04374158038338,0.0,64.47482285716812,0.0,-40.02123446629377,0.0,0
2030-08-02 06:00:00,-48.01873316114434,0.0,47.30093668304893,0.0,45.4885040978983,0.0,-26.95351538595409,0.0,0
2030-08-02 08:00:00,-73.23033563728187,0.0,68.66104905486215,0.0,66.03015987244451,0.0,-41.660547971169635,0.0,0
2030-08-02 10:00:00,-78.82514492470314,0.0,76.81011179258606,0.0,73.8669745263038,0.0,-44.90266683600483,0.0,0
2030-08-02 12:00:00,-130.60374123670982,9.603741236709823,132.24850380136502,7.248503801365018,127.18113062790934,2.18113062790934,-73.93487079534893,0.0,3
2030-08-02 14:00:00,-116.05197630341615,0.0,108.38283614491547,0.0,104.22992506798788,0.0,-67.5031328594254,0.0,0
2030-08-02 16:00:00,-98.71978129678091,0.0,88.12501048391385,0.0,84.74831962389918,0.0,-58.161961819010685,0.0,0
2030-08-02 18:00:00,-78.50189777083393,0.0,75.0951196301819,0.0,72.21769581264667,0.0,-45.91113886388798,0.0,0
2030-08-02 20:00:00,-101.90618245455373,0.0,81.44083702789749,0.0,78.32026400879704,0.0,-60.90013785579969,0.0,0
2030-08-02 22:00:00,-93.47175022779483,0.0,73.15646698279764,0.0,70.35332662507975,0.0,-56.168623336532434,0.0,0
2030-08-03 00:00:00,-93.08203762979713,0.0,69.05868356078321,0.0,66.41255819519347,0.0,-56.14616999706859,0.0,0
2030-08-03 02:00:00,-82.3670379922382,0.0,56.07118131960404,0.0,53.922698789701855,0.0,-50.354814853999216,0.0,0
2030-08-03 04:00:00,-66.8972451904182,0.0,39.57469226212494,0.0,38.05830660820432,0.0,-41.1011707031682,0.0,0
2030-08-03 06:00:00,-99.56531334907874,0.0,80.91330305039395,0.0,77.8129435796427,0.0,-58.76855464646181,0.0,0
2030-08-03 08:00:00,-114.9424030045731,0.0,93.17086023966864,0.0,89.60082727781817,0.0,-67.20334081293207,0.0,0
2030-08-03 10:00:00,-63.57598315746199,0.0,50.78151243842596,0.0,48.83571444116103,0.0,-36.71110700247303,0.0,0
2030-08-03 12:00:00,-72.20851898245216,0.0,55.489985091644684,0.0,53.36377228948557,0.0,-42.2737642008656,0.0,0
2030-08-03 14:00:00,-63.599308640191,0.0,48.631002106639286,0.0,46.76760533170425,0.0,-36.89445410640459,0.0,0
2030-08-03 16:00:00,-70.31734057373258,0.0,45.67255193279165,0.0,43.922514255427,0.0,-42.28944820582352,0.0,0
2030-08-03 18:00:00,-76.78757983093233,0.0,42.79259928758276,0.0,41.152912913678435,0.0,-48.08270915919843,0.0,0
2030-08-03 20:00:00,-97.64105749531305,0.0,61.67229746267583,0.0,59.30919665832093,0.0,-60.07772072284709,0.0,0
2030-08-03 22:00:00,-109.55624037917431,0.0,81.74074693257795,0.0,78.60868224921094,0.0,-65.21328127870525,0.0,0
2030-08-04 00:00:00,-111.98937886114642,0.0,80.77616075676437,0.0,77.68105617479968,0.0,-66.65738916135349,0.0,0
2030-08-04 02:00:00,-128.77159515739828,7.771595157398281,101.11068466288444,0.0,97.23642101314204,0.0,-75.83522731817449,0.0,1
2030-08-04 04:00:00,-93.68371611674365,0.0,63.31564869704596,0.0,60.889579513312455,0.0,-56.292966962559646,0.0,0
2030-08-04 06:00:00,-57.290761190662145,0.0,44.35317838646182,0.0,42.65369521763431,0.0,-34.08688301089339,0.0,0
2030-08-04 08:00:00,1.5125897886929138,0.0,-5.83229586808059,0.0,-5.608819467425326,0.0,-0.0033758072522465975,0.0,0
2030-08-04 10:00:00,-42.646017040757584,0.0,34.92265474591939,0.0,33.58452146865279,0.0,-24.893166534080514,0.0,0
2030-08-04 12:00:00,-25.151745295980675,0.0,5.819193759490593,0.0,5.596219393048814,0.0,-16.32756422405127,0.0,0
2030-08-04 14:00:00,-20.031940809022544,0.0,9.963856306327692,0.0,9.582070677760635,0.0,-11.910025698531845,0.0,0
2030-08-04 16:00:00,-52.005848357429855,0.0,38.22619317214295,0.0,36.76147803181295,0.0,-31.095842426481127,0.0,0
2030-08-04 18:00:00,-47.136876402469674,0.0,26.058415849982133,0.0,25.05993410065905,0.0,-29.64458265385707,0.0,0
2030-08-04 20:00:00,-39.47836861644954,0.0,26.11080330122914,0.0,25.110314219063362,0.0,-24.250497378628076,0.0,0
2030-08-04 22:00:00,-43.10936544961728,0.0,20.887261663922345,0.0,20.086923313163528,0.0,-27.57303658129669,0.0,0
2030-08-05 00:00:00,-52.16520532206057,0.0,32.853543157981576,0.0,31.59469214291249,0.0,-31.486539679719527,0.0,0
2030-08-05 02:00:00,-50.14897132574335,0.0,31.291536646877297,0.0,30.09253712096394,0.0,-30.341833515068103,0.0,0
2030-08-05 04:00:00,-90.43899928561629,0.0,77.49490901624577,0.0,74.52553233718606,0.0,-51.63815423952139,0.0,0
2030-08-05 06:00:00,-29.266097986286894,0.0,17.392583712690644,0.0,16.72615112865821,0.0,-17.676834027081274,0.0,0
2030-08-05 08:00:00,-2.679567202802247,0.0,1.00597671375172,0.0,0.9674306488371244,0.0,-1.8975197199930096,0.0,0
2030-08-05 10:00:00,-59.318458065480655,0.0,35.7925993320306,0.0,34.42113234034502,0.0,-35.665630041569955,0.0,0
2030-08-05 12:00:00,-24.251440960233193,0.0,17.011642897488677,0.0,16.359806843565394,0.0,-14.566780715066011,0.0,0
2030-08-05 14:00:00,30.10959204135865,0.0,-24.12261455615495,0.0,-23.198307011178308,0.0,17.545077401371774,0.0,0
2030-08-05 16:00:00,-29.13566371361731,0.0,8.625979699543157,0.0,8.29545756229551,0.0,-19.493877232258676,0.0,0
2030-08-05 18:00:00,-21.63780537897124,0.0,-5.226705974841255,0.0,-5.02643399533947,0.0,-16.252613000958778,0.0,0
2030-08-05 20:00:00,17.000164725259822,0.0,-24.23402472291897,0.0,-23.30544826847204,0.0,7.843380918196354,0.0,0
2030-08-05 22:00:00,-34.37555626904142,0.0,10.721857752906246,0.0,10.311027741337359,0.0,-22.721435731590972,0.0,0
2030-08-06 00:00:00,-42.990003163223385,0.0,21.782518677547436,0.0,20.947876714696285,0.0,-27.29144494982981,0.0,0
2030-08-06 02:00:00,-38.28940547761381,0.0,16.331393920588155,0.0,15.705623004021655,0.0,-24.960565632748303,0.0,0
2030-08-06 04:00:00,-38.28240278047757,0.0,10.141584889058588,0.0,9.752989224639368,0.0,-25.049336125323894,0.0,0
2030-08-06 06:00:00,-47.434185782259576,0.0,24.659351358299283,0.0,23.714477639837085,0.0,-30.088328331036937,0.0,0
2030-08-06 08:00:00,-28.487320598175668,0.0,7.241791985554382,0.0,6.964307844860727,0.0,-18.15899859629191,0.0,0
2030-08-06 10:00:00,-30.036800304202146,0.0,11.833055761820528,0.0,11.379647915199403,0.0,-19.624875721376736,0.0,0
2030-08-06 12:00:00,-20.381751450919293,0.0,7.712061916354104,0.0,7.416558416929618,0.0,-13.388062256866753,0.0,0
2030-08-06 14:00:00,-14.795740886278232,0.0,-3.8196913616740362,0.0,-3.6733320382740313,0.0,-10.735657416352616,0.0,0
2030-08-06 16:00:00,-28.678228059745535,0.0,12.121574086456684,0.0,11.657111067366358,0.0,-18.556861379114633,0.0,0
2030-08-06 18:00:00,-33.68651880135287,0.0,13.082620393329353,0.0,12.581332910189094,0.0,-22.015073853887564,0.0,0
2030-08-06 20:00:00,-54.964223115738214,0.0,31.72618692365198,0.0,30.51053287924463,0.0,-33.33456415138299,0.0,0
2030-08-06 22:00:00,-62.50387622793167,0.0,46.444614812888084,0.0,44.66499395980226,0.0,-36.43000482080198,0.0,0
2030-08-07 00:00:00,-65.49058541865988,0.0,52.04408868634961,0.0,50.04991248574571,0.0,-37.87299344446436,0.0,0
2030-08-07 02:00:00,-19.268604738187875,0.0,23.262907642041213,0.0,22.371541534044162,0.0,-9.656133114451753,0.0,0
2030-08-07 04:00:00,-49.726438275856026,0.0,32.88173823578783,0.0,31.621806868376,0.0,-29.570150780339056,0.0,0
2030-08-07 06:00:00,-84.8765894819562,0.0,62.12368458621915,0.0,59.74328795669464,0.0,-49.81117316205902,0.0,0
2030-08-07 08:00:00,-108.01299096907678,0.0,78.92621580168765,0.0,75.90199566202898,0.0,-63.89046065580812,0.0,0
2030-08-07 10:00:00,-29.565663159631946,0.0,23.178370780281753,0.0,22.290243875853243,0.0,-17.00941065965931,0.0,0
2030-08-07 12:00:00,-84.32092430545208,0.0,60.487108904964515,0.0,58.16942103557827,0.0,-50.295225633579214,0.0,0
2030-08-07 14:00:00,-66.40633385273364,0.0,47.98008533255104,0.0,46.14162977134894,0.0,-39.374695726701546,0.0,0
2030-08-07 16:00:00,-35.98687371202109,0.0,24.010717296151274,0.0,23.09069732462337,0.0,-21.88250258540671,0.0,0
2030-08-07 18:00:00,-30.548634430752386,0.0,12.16700750564993,0.0,11.700803611744476,0.0,-19.961805261746683,0.0,0
2030-08-07 20:00:00,-66.01680289910072,0.0,33.133134466498696,0.0,31.86357033592666,0.0,-41.23639294860292,0.0,0
2030-08-07 22:00:00,-83.16543171628935,0.0,53.454219589775306,0.0,51.4060113260048,0.0,-50.99958013903056,0.0,0
2030-08-08 00:00:00,-67.0406602235146,0.0,41.95021706141207,0.0,40.34280829346921,0.0,-40.631849221705586,0.0,0
2030-08-08 02:00:00,-71.30991173087047,0.0,57.29650300197662,0.0,55.101069753967046,0.0,-41.28846077495659,0.0,0
2030-08-08 04:00:00,-70.05455069758764,0.0,42.131855410934804,0.0,40.51748679639118,0.0,-43.03105511929994,0.0,0
2030-08-08 06:00:00,-58.34802648627153,0.0,39.70985939130732,0.0,38.188294531084445,0.0,-35.36643155572685,0.0,0
2030-08-08 08:00:00,-76.85147784362383,0.0,61.141557185401794,0.0,58.798792785360156,0.0,-44.98343568983504,0.0,0
2030-08-08 10:00:00,-42.9263273696167,0.0,20.870696736030922,0.0,20.07099310452262,0.0,-26.782941672916373,0.0,0
2030-08-08 12:00:00,-31.24521930409137,0.0,16.476708717892002,0.0,15.845369766267394,0.0,-19.14890925544452,0.0,0
2030-08-08 14:00:00,-36.007874073496566,0.0,20.905120423610295,0.0,20.104097777777042,0.0,-22.11868448621009,0.0,0
2030-08-08 16:00:00,12.829340055397966,0.0,-10.40703727550926,0.0,-10.008270257439396,0.0,7.151789202763966,0.0,0
2030-08-08 18:00:00,-53.88460513395371,0.0,31.289230587891105,0.0,30.09031942336638,0.0,-33.42997520703952,0.0,0
2030-08-08 20:00:00,-61.683650706246574,0.0,35.7065141818402,0.0,34.33834571957585,0.0,-38.30795847170818,0.0,0
2030-08-08 22:00:00,-67.95406460530506,0.0,37.5051568427697,0.0,36.068069691018295,0.0,-42.214533354368854,0.0,0
2030-08-09 00:00:00,-83.48066548755136,0.0,49.873750179901506,0.0,47.96273495888353,0.0,-51.12724126705491,0.0,0
2030-08-09 02:00:00,-69.66341632183241,0.0,43.83026538999535,0.0,42.150818707133055,0.0,-42.60501180614386,0.0,0
2030-08-09 04:00:00,-40.5170402807279,0.0,17.277872060873232,0.0,16.615834889494963,0.0,-25.681784798185138,0.0,0
2030-08-09 06:00:00,-28.430696929921776,0.0,9.920728692872398,0.0,9.540595587435513,0.0,-18.291139015445747,0.0,0
2030-08-09 08:00:00,-23.12512166378197,0.0,22.512463054668252,0.0,21.64985177308444,0.0,-12.559082314286481,0.0,0
2030-08-09 10:00:00,-56.44590597752305,0.0,60.05705733217657,0.0,57.75584777249139,0.0,-30.48429628048414,0.0,0
2030-08-09 12:00:00,-49.22182879879317,0.0,52.86407257372841,0.0,50.83847700553903,0.0,-26.234438172180543,0.0,0
2030-08-09 14:00:00,-44.334341433804624,0.0,46.778612639268665,0.0,44.98619397315094,0.0,-23.975841820883648,0.0,0
2030-08-09 16:00:00,-47.57490032602111,0.0,49.562861136559754,0.0,47.663758268066566,0.0,-26.056532957735694,0.0,0
2030-08-09 18:00:00,-67.49829588100738,0.0,57.89455029941145,0.0,55.676201640305564,0.0,-38.6973224621981,0.0,0
2030-08-09 20:00:00,-40.7744448991542,0.0,24.405502385129186,0.0,23.47035541169452,0.0,-24.868597961182704,0.0,0
2030-08-09 22:00:00,-31.071782791858368,0.0,22.748444240286588,0.0,21.876790854670805,0.0,-18.270694663261438,0.0,0
2030-08-10 00:00:00,-52.01680264279566,0.0,43.74495610389766,0.0,42.06877822162962,0.0,-30.119359972421627,0.0,0
2030-08-10 02:00:00,-42.80219778079698,0.0,37.187397974586034,0.0,35.7624864068145,0.0,-24.64745791091925,0.0,0
2030-08-10 04:00:00,-51.28298456319326,0.0,49.67519532918951,0.0,47.771788145276176,0.0,-28.930917204895056,0.0,0
2030-08-10 06:00:00,-60.23073214419233,0.0,54.112066032071766,0.0,52.038651030091586,0.0,-34.895101365235746,0.0,0
2030-08-10 08:00:00,-53.012652350100296,0.0,36.89420528632658,0.0,35.48052799887156,0.0,-32.229359732423916,0.0,0
2030-08-10 10:00:00,-69.49727941178955,0.0,56.15729957865605,0.0,54.00551725069856,0.0,-41.08234864948892,0.0,0
2030-08-10 12:00:00,-47.464988164084374,0.0,32.620173399455346,0.0,31.370264426223056,0.0,-29.35036285664338,0.0,0
2030-08-10 14:00:00,-3.9816115682270654,0.0,4.923765567405047,0.0,4.735101372110048,0.0,-3.2399822272625043,0.0,0
2030-08-10 16:00:00,-42.05168831939283,0.0,37.11719428478865,0.0,35.694972715649584,0.0,-24.890571384157074,0.0,0
2030-08-10 18:00:00,-11.910399374038668,0.0,11.855305871876682,0.0,11.401045466568096,0.0,-8.371246946474974,0.0,0
2030-08-10 20:00:00,-58.49358316196327,0.0,45.65789764185436,0.0,43.90842147375933,0.0,-35.45129308763984,0.0,0
2030-08-10 22:00:00,-53.56796445215058,0.0,37.93916588222201,0.0,36.48544878230223,0.0,-33.24597990660403,0.0,0
2030-08-11 00:00:00,-60.169583899651506,0.0,46.79630861546574,0.0,45.0032118916575,0.0,-36.68691633041528,0.0,0
2030-08-11 02:00:00,-38.787019881120884,0.0,27.39194379581415,0.0,26.342365183051946,0.0,-24.302620991397585,0.0,0
2030-08-11 04:00:00,-19.950340782133093,0.0,-1.9758041177611956,0.0,-1.900097123016021,0.0,-14.45307105125439,0.0,0
2030-08-11 06:00:00,25.89778780986141,0.0,-28.794491362731513,0.0,-27.6911712579236,0.0,13.217202857076876,0.0,0
2030-08-11 08:00:00,-19.546888642086394,0.0,8.374177117259173,0.0,8.053303313367254,0.0,-13.0892769225253,0.0,0
2030-08-11 10:00:00,-24.767969820596964,0.0,13.438857648914928,0.0,12.923920203314225,0.0,-16.070560434301903,0.0,0
2030-08-11 12:00:00,-21.733082181237023,0.0,9.568426529463526,0.0,9.201792605344385,0.0,-14.394986387945039,0.0,0
2030-08-11 14:00:00,-33.056103482103346,0.0,21.404758401484983,0.0,20.584591099850297,0.0,-20.840641064855838,0.0,0
2030-08-11 16:00:00,-33.67674648889011,0.0,16.37930698453838,0.0,15.751700180472758,0.0,-22.0097875707567,0.0,0
2030-08-11 18:00:00,-27.202384157049856,0.0,9.627094274210664,0.0,9.25821237489834,0.0,-18.33740479816796,0.0,0
2030-08-11 20:00:00,-49.28678883500979,0.0,32.2149434204691,0.0,30.98056166656681,0.0,-30.71427895714113,0.0,0
2030-08-11 22:00:00,-33.21259648793991,0.0,11.983706729798424,0.0,11.524526381774653,0.0,-22.196861168238915,0.0,0
2030-08-12 00:00:00,-30.862699650879144,0.0,10.97041309449294,0.0,10.550059174268187,0.0,-20.74442049622502,0.0,0
2030-08-12 02:00:00,-16.627658588069583,0.0,1.7955178064304458,0.0,1.7267188521645376,0.0,-12.167063716804153,0.0,0
2030-08-12 04:00:00,-5.942772522570219,0.0,-6.303752873016006,0.0,-6.062211628445136,0.0,-5.94601789559092,0.0,0
2030-08-12 06:00:00,4.784832783682329,0.0,-15.683533934188976,0.0,-15.082587104253884,0.0,0.29246027462910484,0.0,0
2030-08-12 08:00:00,42.933349491004485,0.0,-54.78439001551759,0.0,-52.68521353858942,0.0,21.738060602320154,0.0,0
2030-08-12 10:00:00,20.237341144310534,0.0,-33.45753836211028,0.0,-32.17554402967775,0.0,9.034307845599878,0.0,0
2030-08-12 12:00:00,-6.234360200713435,0.0,-13.142489313026369,0.0,-12.638907829206392,0.0,-6.631394891608887,0.0,0
2030-08-12 14:00:00,6.096868995591526,0.0,-18.092654561195495,0.0,-17.399397324064743,0.0,0.9545899401514757,0.0,0
2030-08-12 16:00:00,-9.534157870780222,0.0,-10.46887498235977,0.0,-10.067738525484982,0.0,-8.839838308321015,0.0,0
2030-08-12 18:00:00,-11.922143045743622,0.0,-10.025266215961237,0.0,-9.641127540518715,0.0,-10.333365695521785,0.0,0
2030-08-12 20:00:00,38.37594153597659,0.0,-49.818673895843645,0.0,-47.90976903582261,0.0,18.79715303314046,0.0,0
2030-08-12 22:00:00,-13.203337894034142,0.0,-9.063548975255578,0.0,-8.716260472071522,0.0,-11.207514860103421,0.0,0
2030-08-13 00:00:00,-5.51140416812234,0.0,-15.340573859386144,0.0,-14.752768249447254,0.0,-6.1203258183802225,0.0,0
2030-08-13 02:00:00,-13.0952946891875,0.0,-3.5951275383875667,0.0,-3.4573728393208722,0.0,-10.188579910138678,0.0,0
2030-08-13 04:00:00,-20.244306366978876,0.0,2.2436258187932934,0.0,2.157656685240795,0.0,-14.630256454796521,0.0,0
2030-08-13 06:00:00,-21.431329137539116,0.0,10.159437479762516,0.0,9.770157756646165,0.0,-14.003307369472608,0.0,0
2030-08-13 08:00:00,-14.997345658287552,0.0,2.750310497611024,0.0,2.6449266994305836,0.0,-10.534908578343504,0.0,0
2030-08-13 10:00:00,-15.838262272130951,0.0,2.202408329535502,0.0,2.1180185287794044,0.0,-11.206180708745265,0.0,0
2030-08-13 12:00:00,-10.639138811332435,0.0,-5.595646191531676,0.0,-5.3812375095120935,0.0,-8.545776040917282,0.0,0
2030-08-13 14:00:00,-11.206992627763642,0.0,-2.772825515413105,0.0,-2.666579008060519,0.0,-8.443668837452778,0.0,0
2030-08-13 16:00:00,-13.236646606920242,0.0,-1.8602876780058186,0.0,-1.7890069330183902,0.0,-10.008990301136091,0.0,0
2030-08-13 18:00:00,-15.11035008534219,0.0,-3.2237115734854003,0.0,-3.100188440316527,0.0,-11.600725999104874,0.0,0
2030-08-13 20:00:00,38.34663929751976,0.0,-45.76083931296458,0.0,-44.00741872321157,0.0,19.693209536067748,0.0,0
2030-08-13 22:00:00,-13.123248655790498,0.0,-9.08571519348404,0.0,-8.737577346100316,0.0,-11.108181978335782,0.0,0
2030-08-14 00:00:00,-14.528080153376443,0.0,-4.888800199729058,0.0,-4.701475774344958,0.0,-11.47110569616235,0.0,0
2030-08-14 02:00:00,-14.600888861966913,0.0,-8.667398864940239,0.0,-8.335289667260305,0.0,-12.18275935076173,0.0,0
2030-08-14 04:00:00,-16.08753564561603,0.0,-0.48380398066070196,0.0,-0.46526603699894586,0.0,-12.039135894954086,0.0,0
2030-08-14 06:00:00,-24.301892400917065,0.0,12.478353858846706,0.0,12.00022008964979,0.0,-16.06940261246394,0.0,0
2030-08-14 08:00:00,-21.46704788711078,0.0,-0.22851013547126087,0.0,-0.21975430007739583,0.0,-15.996558740027744,0.0,0
2030-08-14 10:00:00,-20.464134164555567,0.0,2.4405959834687936,0.0,2.3470795333134022,0.0,-14.777041325728378,0.0,0
2030-08-14 12:00:00,-22.150319372663155,0.0,16.1973305254794,0.0,15.576696523376107,0.0,-13.471483827591543,0.0,0
2030-08-14 14:00:00,-9.457266169746545,0.0,-9.464841888308587,0.0,-9.102177022565726,0.0,-8.078214874353359,0.0,0
2030-08-14 16:00:00,-11.8273907618429,0.0,-1.7020971824800308,0.0,-1.6368778313856716,0.0,-8.625153328320055,0.0,0
2030-08-14 18:00:00,-16.439883932063296,0.0,9.016813989069822,0.0,8.671316232914617,0.0,-10.43781596099432,0.0,0
2030-08-14 20:00:00,-20.797563806035107,0.0,6.98001799973764,0.0,6.7125642672158445,0.0,-13.910290484285007,0.0,0
2030-08-14 22:00:00,-19.233906901356377,0.0,3.5414447281115295,0.0,3.4057469962304925,0.0,-13.471159101950862,0.0,0
2030-08-15 00:00:00,-11.05451994496217,0.0,-13.648576810395138,0.0,-13.125603544181635,0.0,-9.946053116936788,0.0,0
2030-08-15 02:00:00,-23.66966276954844,0.0,6.126303003164549,0.0,5.891561114989135,0.0,-16.352679297264867,0.0,0
2030-08-15 04:00:00,-25.305523825284034,0.0,6.365722484756896,0.0,6.121806747174235,0.0,-17.39669686290473,0.0,0
2030-08-15 06:00:00,-19.442842745125276,0.0,8.849788040680274,0.0,8.510690226950256,0.0,-12.769625246856169,0.0,0
2030-08-15 08:00:00,-16.324070368866092,0.0,-4.159558119030669,0.0,-4.000176102448727,0.0,-12.667364416770237,0.0,0
2030-08-15 10:00:00,-12.806506665271028,0.0,-0.2544353832876487,0.0,-0.24468616875144766,0.0,-9.187421811273394,0.0,0
2030-08-15 12:00:00,-17.299156549652427,0.0,6.253797798454754,0.0,6.014170685215616,0.0,-11.611186754394515,0.0,0
2030-08-15 14:00:00,30.70068646798669,0.0,-28.776633878530674,0.0,-27.673998019924174,0.0,16.767962240670347,0.0,0
2030-08-15 16:00:00,-18.422646778234444,0.0,2.039467202092,0.0,1.961320825452872,0.0,-13.049064712255209,0.0,0
2030-08-15 18:00:00,-14.691914724619277,0.0,-11.26001728589782,0.0,-10.828566585987394,0.0,-12.64398876802845,0.0,0
2030-08-15 20:00:00,-20.061706837289115,0.0,3.8960822634732475,0.0,3.746795865699398,0.0,-14.047010443058614,0.0,0
2030-08-15 22:00:00,-8.968151112402662,0.0,-14.132962820725702,0.0,-13.591429309187717,0.0,-8.280389972122661,0.0,0
2030-08-16 00:00:00,-26.73880128473525,0.0,12.581620059209012,0.0,12.099529433349042,0.0,-17.637722484314693,0.0,0
2030-08-16 02:00:00,-38.75983647261603,0.0,19.724271092920603,0.0,18.968495115656236,0.0,-25.16038033427386,0.0,0
2030-08-16 04:00:00,-34.538220092555974,0.0,17.20560093296352,0.0,16.546332978357142,0.0,-22.283380830661507,0.0,0
2030-08-16 06:00:00,-40.79451544577723,0.0,30.29725000358899,0.0,29.13634861351909,0.0,-24.888682999626546,0.0,0
2030-08-16 08:00:00,-55.53825768513916,0.0,36.71425546468683,0.0,35.307473324417145,0.0,-34.91957054754118,0.0,0
2030-08-16 10:00:00,-69.0451806317233,0.0,54.56266894400605,0.0,52.47198816553558,0.0,-41.248565132269675,0.0,0
2030-08-16 12:00:00,-96.72828068252471,0.0,81.0170454302088,0.0,77.91271085700046,0.0,-57.456914988447515,0.0,0
2030-08-16 14:00:00,-155.21489118513077,34.21489118513077,137.82978618792225,12.829786187922252,132.54855471114996,7.548554711149961,-90.54688622479708,0.0,3
2030-08-16 16:00:00,-145.52523258756474,24.525232587564744,126.55532844010975,1.5553284401097471,121.70610097921897,0.0,-84.81674647592557,0.0,2
2030-08-16 18:00:00,-125.83938064539528,4.839380645395281,92.51636194463316,0.0,88.97140742985013,0.0,-75.58696108909393,0.0,1
2030-08-16 20:00:00,-170.17084751776346,49.17084751776346,140.55376266240836,15.55376266240836,135.1681564296639,10.168156429663895,-100.18025820364029,0.0,3
2030-08-16 22:00:00,-159.38885317174206,38.388853171742056,124.79250556511505,0.0,120.01082428500939,0.0,-94.04020209215552,0.0,1
2030-08-17 00:00:00,-155.8210712663879,34.82107126638789,145.50200465466668,20.502004654666678,139.92679636211378,14.926796362113777,-89.27930155895045,0.0,3
2030-08-17 02:00:00,-153.60645071149787,32.60645071149787,129.4790449988737,4.47904499887369,124.5177893302468,0.0,-89.77482919113996,0.0,2
2030-08-17 04:00:00,-93.58688062644133,0.0,104.78007244478945,0.0,100.76520866215675,0.0,-51.330424798182534,0.0,0
2030-08-17 06:00:00,-133.73058771580588,12.730587715805882,132.66943374585685,7.66943374585685,127.58593177663172,2.5859317766317247,-74.99719310397371,0.0,3
2030-08-17 08:00:00,-115.47846225479111,0.0,115.3487053364293,0.0,110.92888266764048,0.0,-64.5965161529504,0.0,0
2030-08-17 10:00:00,-106.35218282351417,0.0,106.51796640093907,0.0,102.43651164027204,0.0,-59.377260798464306,0.0,0
2030-08-17 12:00:00,-75.39477672587833,0.0,91.49496121686288,0.0,87.98914376978556,0.0,-40.193765776602895,0.0,0
2030-08-17 14:00:00,-125.06566511241155,4.065665112411551,123.59068539109376,0.0,118.85505432051092,0.0,-70.20119931996317,0.0,1
2030-08-17 16:00:00,-77.84360685810564,0.0,94.14587167107068,0.0,90.5384791427276,0.0,-41.58609368403847,0.0,0
2030-08-17 18:00:00,-70.89527900074295,0.0,82.48488412861359,0.0,79.32430629949323,0.0,-38.56064549054762,0.0,0
2030-08-17 20:00:00,-125.23726172941656,4.237261729416559,122.72108188882022,0.0,118.01877146332825,0.0,-70.75253926551059,0.0,1
2030-08-17 22:00:00,-125.543112521024,4.543112521024,124.62276341802243,0.0,119.8475861570765,0.0,-70.54528571084253,0.0,1
2030-08-18 00:00:00,-137.20931890291934,16.209318902919335,132.13849591084553,7.138495910845535,127.07533791576435,2.075337915764351,-78.29129256322267,0.0,3
2030-08-18 02:00:00,-128.53039331989106,7.530393319891061,119.34479735630046,0.0,114.77185621041673,0.0,-73.9294247595487,0.0,1
2030-08-18 04:00:00,-96.27276244875681,0.0,74.20857847168278,0.0,71.36512430034118,0.0,-57.39553496950735,0.0,0
2030-08-18 06:00:00,-36.828651957346196,0.0,26.734102784642676,0.0,25.709730701985485,0.0,-22.735968340714734,0.0,0
2030-08-18 08:00:00,-46.02173595281924,0.0,36.78312675394647,0.0,35.3737056687089,0.0,-27.91896582778652,0.0,0
2030-08-18 10:00:00,-86.52050513825405,0.0,75.1024152387901,0.0,72.22471187501984,0.0,-50.19018622879372,0.0,0
2030-08-18 12:00:00,-93.08745582553433,0.0,78.9649108362248,0.0,75.93920801680528,0.0,-54.532682507234405,0.0,0
2030-08-18 14:00:00,-96.08038574594008,0.0,88.14623846059081,0.0,84.76873420702958,0.0,-55.91665185689793,0.0,0
2030-08-18 16:00:00,-116.88068837861157,0.0,108.10672340211198,0.0,103.96439215229407,0.0,-67.18473326558598,0.0,0
2030-08-18 18:00:00,-112.5446917823516,0.0,95.69328958518626,0.0,92.02660455975847,0.0,-66.11620267837348,0.0,0
2030-08-18 20:00:00,-96.1558331281847,0.0,75.38122668154335,0.0,72.49284008442936,0.0,-57.335503764030534,0.0,0
2030-08-18 22:00:00,-106.22720185369909,0.0,79.26971244716239,0.0,76.23233052769945,0.0,-63.40087903774323,0.0,0
2030-08-19 00:00:00,-120.69755059154784,0.0,103.20920591658928,0.0,99.2545331128733,0.0,-70.67765932005345,0.0,0
2030-08-19 02:00:00,-69.57539582729808,0.0,53.36206161763814,0.0,51.31738457594055,0.0,-41.4596162235601,0.0,0
2030-08-19 04:00:00,-65.85847910417775,0.0,50.21747276918583,0.0,48.293287110862494,0.0,-39.45468181232013,0.0,0
2030-08-19 06:00:00,-52.20037430214797,0.0,33.77898485474165,0.0,32.484673639421025,0.0,-32.328223699918546,0.0,0
2030-08-19 08:00:00,-44.33029129933121,0.0,31.22873396198429,0.0,30.03214084999241,0.0,-26.773612675721267,0.0,0
2030-08-19 10:00:00,-22.226013898551752,0.0,14.128286054862581,0.0,13.586931743218766,0.0,-13.492646482564089,0.0,0
2030-08-19 12:00:00,-54.169876792411856,0.0,47.45285371846959,0.0,45.63460011994067,0.0,-31.09841398988036,0.0,0
2030-08-19 14:00:00,-67.16288655495762,0.0,57.011611529351654,0.0,54.82709448352381,0.0,-38.866159921126055,0.0,0
2030-08-19 16:00:00,-80.25566797979187,0.0,69.98435248066144,0.0,67.30275820829954,0.0,-47.77358359339813,0.0,0
2030-08-19 18:00:00,-151.041981134982,30.041981134981995,124.53319421370105,0.0,119.76144898086945,0.0,-90.05752977030174,0.0,1
2030-08-19 20:00:00,-155.72838335531014,34.72838335531014,128.82864187675403,3.828641876754034,123.89230774022931,0.0,-92.76173157543687,0.0,2
2030-08-19 22:00:00,-145.2356346782724,24.23563467827239,117.09669595491349,0.0,112.60989543372608,0.0,-87.13161073545811,0.0,1
2030-08-20 00:00:00,-154.64532418523245,33.645324185232454,121.61209249295507,0.0,116.95227527496814,0.0,-93.10370005383373,0.0,1
2030-08-20 02:00:00,-158.51137480919647,37.51137480919647,137.14199261720452,12.141992617204522,131.88711536440417,6.887115364404167,-93.56408148488721,0.0,3
2030-08-20 04:00:00,-135.71712875300423,14.717128753004232,115.67683723885989,0.0,111.24444152196915,0.0,-80.37138087537188,0.0,1
2030-08-20 06:00:00,-84.56172682603736,0.0,72.73865664022424,0.0,69.951525544318,0.0,-50.80420085837288,0.0,0
2030-08-20 08:00:00,-95.0640040660067,0.0,65.70643715936521,0.0,63.18876000299593,0.0,-57.92575369589735,0.0,0
2030-08-20 10:00:00,-114.54723817572841,0.0,106.5273203619503,0.0,102.44550718504621,0.0,-65.62322055229224,0.0,0
2030-08-20 12:00:00,-140.86311168935202,19.863111689352024,137.6117299182299,12.611729918229912,132.33885371550286,7.338853715502864,-79.8548021463882,0.0,3
2030-08-20 14:00:00,-140.6142077074552,19.614207707455193,130.60571430820153,5.605714308201527,125.60128798985576,0.6012879898557628,-80.42404885039606,0.0,3
2030-08-20 16:00:00,-127.10087717410241,6.100877174102408,101.6298822538834,0.0,97.73572448157088,0.0,-75.56462770831632,0.0,1
2030-08-20 18:00:00,-66.48393862732267,0.0,40.81733686941253,0.0,39.25333673392042,0.0,-41.298057283258366,0.0,0
2030-08-20 20:00:00,-71.74305342389826,0.0,46.72117295019492,0.0,44.930955203793744,0.0,-44.13267683301688,0.0,0
2030-08-20 22:00:00,-70.22295771671465,0.0,49.46237392712735,0.0,47.567121432549285,0.0,-42.4302607656006,0.0,0
2030-08-21 00:00:00,-49.04060152522284,0.0,28.252331785681054,0.0,27.169785639122313,0.0,-30.923610228694837,0.0,0
2030-08-21 02:00:00,-95.37910884910826,0.0,71.18286714676182,0.0,68.45534932220532,0.0,-57.741186419346384,0.0,0
2030-08-21 04:00:00,-120.09546933363109,0.0,101.69844298360931,0.0,97.8016581660556,0.0,-70.80645354069526,0.0,0
2030-08-21 06:00:00,-53.38932181222401,0.0,45.264904719360246,0.0,43.53048688263053,0.0,-31.864401189137347,0.0,0
2030-08-21 08:00:00,-89.70041967490388,0.0,60.53543220915416,0.0,58.21589273307096,0.0,-54.99417621600984,0.0,0
2030-08-21 10:00:00,-8.122774656136047,0.0,6.478577230580538,0.0,6.230337231512401,0.0,-5.5059466128267305,0.0,0
2030-08-21 12:00:00,-48.31699212260946,0.0,28.878563290782235,0.0,27.77202179729628,0.0,-30.32837019113052,0.0,0
2030-08-21 14:00:00,-31.820430122757983,0.0,14.407246231670507,0.0,13.855202987632099,0.0,-20.795264338945092,0.0,0
2030-08-21 16:00:00,-23.107357890130977,0.0,4.617043106681249,0.0,4.440131612736316,0.0,-16.05863086345102,0.0,0
2030-08-21 18:00:00,-21.54526688023912,0.0,-0.8124064799027364,0.0,-0.7812774562550349,0.0,-15.693932358576214,0.0,0
2030-08-21 20:00:00,-21.026615656406534,0.0,0.3828136769356574,0.0,0.36814538428071675,0.0,-15.120498140562693,0.0,0
2030-08-21 22:00:00,-29.87760861559898,0.0,8.63473642346377,0.0,8.303878754345384,0.0,-20.182811112186066,0.0,0
2030-08-22 00:00:00,-36.54107364892069,0.0,13.85714838808199,0.0,13.326183273286954,0.0,-24.322276964862496,0.0,0
2030-08-22 02:00:00,-18.96980911418882,0.0,-3.9597582444474044,0.0,-3.8080319706180585,0.0,-13.650280127921935,0.0,0
2030-08-22 04:00:00,-62.02993235898925,0.0,35.328416449629756,0.0,33.9747355789077,0.0,-39.1411136557635,0.0,0
2030-08-22 06:00:00,13.041124375412945,0.0,-22.1546486470735,0.0,-21.305747759770178,0.0,5.192462579627489,0.0,0
2030-08-22 08:00:00,14.472062563143645,0.0,-13.019482288513698,0.0,-12.520614071598455,0.0,7.365154420684036,0.0,0
2030-08-22 10:00:00,-24.92062974727685,0.0,10.260450536112577,0.0,9.867300290175974,0.0,-16.67532588317813,0.0,0
2030-08-22 12:00:00,14.58202192584724,0.0,-12.883687688275419,0.0,-12.390022720505272,0.0,7.540539473937036,0.0,0
2030-08-22 14:00:00,-33.87198593727139,0.0,20.820474579764078,0.0,20.022695313371926,0.0,-21.60228864548931,0.0,0
2030-08-22 16:00:00,-20.128785285071906,0.0,4.973482212301697,0.0,4.78291302159743,0.0,-14.058719645193449,0.0,0
2030-08-22 18:00:00,-18.923032476694026,0.0,-5.307014075937908,0.0,-5.103664926521823,0.0,-14.691927904542013,0.0,0
2030-08-22 20:00:00,-18.480319174616756,0.0,1.495032190143582,0.0,1.4377469597173125,0.0,-13.172927121148021,0.0,0
2030-08-22 22:00:00,-17.93026190679194,0.0,-3.703864352557958,0.0,-3.561943179018912,0.0,-13.769801627824044,0.0,0
2030-08-23 00:00:00,-12.65108547048493,0.0,-12.951285890596688,0.0,-12.455030758800739,0.0,-10.967674796054606,0.0,0
2030-08-23 02:00:00,-23.794168912402153,0.0,5.976291133021357,0.0,5.747297257901854,0.0,-16.423316114327786,0.0,0
2030-08-23 04:00:00,-23.520492948523174,0.0,9.220052845156387,0.0,8.86676757460571,0.0,-15.613978414294227,0.0,0
2030-08-23 06:00:00,33.00325704711945,0.0,-32.8486599591306,0.0,-31.589996053859657,0.0,17.601662602220237,0.0,0
2030-08-23 08:00:00,-18.578294690259288,0.0,6.117516736731953,0.0,5.88311151240946,0.0,-12.455894482529764,0.0,0
2030-08-23 10:00:00,-23.698257669559332,0.0,15.16966987043746,0.0,14.588412798016499,0.0,-14.601090626663794,0.0,0
2030-08-23 12:00:00,-27.876009487031098,0.0,15.77094048697822,0.0,15.166644495365956,0.0,-17.530087170483775,0.0,0
2030-08-23 14:00:00,28.47820696633011,0.0,-22.388223024942597,0.0,-21.530372255391867,0.0,16.491217595007324,0.0,0
2030-08-23 16:00:00,-25.02045476964321,0.0,18.29802756434792,0.0,17.59690103859159,0.0,-15.148627663771698,0.0,0
2030-08-23 18:00:00,18.004135657658804,0.0,-23.68802215463866,0.0,-22.780366910546498,0.0,8.331079654411704,0.0,0
2030-08-23 20:00:00,-35.9559947451985,0.0,17.11184081795928,0.0,16.45616547482186,0.0,-23.054160830322278,0.0,0
2030-08-23 22:00:00,-19.00278843797512,0.0,0.696240249206129,0.0,0.6695623733913507,0.0,-13.667163406046088,0.0,0
2030-08-24 00:00:00,-49.2834942952765,0.0,29.429312021535985,0.0,28.30166745872734,0.0,-31.199339746849482,0.0,0
2030-08-24 02:00:00,-32.31640116308023,0.0,11.651022047821451,0.0,11.20458919700335,0.0,-21.42283237483906,0.0,0
2030-08-24 04:00:00,-36.226161233138654,0.0,18.27892683365827,0.0,17.578532191647362,0.0,-23.107442825595083,0.0,0
2030-08-24 06:00:00,-37.34100106094269,0.0,17.36751214207483,0.0,16.702040226788746,0.0,-24.392698513294444,0.0,0
2030-08-24 08:00:00,-28.91197238783691,0.0,6.094074501617568,0.0,5.860567514703611,0.0,-19.875105453228866,0.0,0
2030-08-24 10:00:00,-39.452874486759626,0.0,30.35050685472804,0.0,29.187564818972213,0.0,-23.651923296386066,0.0,0
2030-08-24 12:00:00,27.56621523738731,0.0,-33.9535170123134,0.0,-32.65251823873867,0.0,14.438270159965993,0.0,0
2030-08-24 14:00:00,-29.866606565203988,0.0,11.941788566791153,0.0,11.484214399318331,0.0,-18.985935150522998,0.0,0
2030-08-24 16:00:00,-25.54064739136905,0.0,25.434791638969266,0.0,24.460205332742802,0.0,-14.426308702842979,0.0,0
2030-08-24 18:00:00,-24.97029930196459,0.0,7.26750982672317,0.0,6.989040254099025,0.0,-17.09751894464957,0.0,0
2030-08-24 20:00:00,-35.05416149485093,0.0,26.748570484842546,0.0,25.723644042523276,0.0,-21.084199985605743,0.0,0
2030-08-24 22:00:00,-47.8982289451197,0.0,26.606723499130684,0.0,25.587232215542677,0.0,-30.30501508183482,0.0,0
2030-08-25 00:00:00,-42.45540274563682,0.0,18.086553622636316,0.0,17.393530155503,0.0,-27.003995929345425,0.0,0
2030-08-25 02:00:00,-68.61544453785876,0.0,48.52882825971989,0.0,46.66934648568105,0.0,-41.42496354268645,0.0,0
2030-08-25 04:00:00,-47.091875226191604,0.0,19.85121391302009,0.0,19.090573860755637,0.0,-30.06086452188277,0.0,0
2030-08-25 06:00:00,-14.868090420980913,0.0,11.944573064286061,0.0,11.486892203069948,0.0,-9.517154181850294,0.0,0
2030-08-25 08:00:00,-35.80819911176148,0.0,29.88601103743707,0.0,28.74086711338804,0.0,-21.049403931179228,0.0,0
2030-08-25 10:00:00,25.151875955184636,0.0,-17.02788876590907,0.0,-16.3754302181545,0.0,15.459980154618691,0.0,0
2030-08-25 12:00:00,-40.41981911750292,0.0,34.84529546127732,0.0,33.510126363963224,0.0,-23.52184474948463,0.0,0
2030-08-25 14:00:00,3.9001501106745784,0.0,6.467017985232848,0.0,6.2192209024028156,0.0,3.098447451757716,0.0,0
2030-08-25 16:00:00,-28.16398319136482,0.0,16.59417042156801,0.0,15.958330683401282,0.0,-17.835398085885558,0.0,0
2030-08-25 18:00:00,-18.64093658953097,0.0,7.835548144703161,0.0,7.535313016694259,0.0,-12.292952633027232,0.0,0
2030-08-25 20:00:00,-12.597482422318603,0.0,-14.809005155295687,0.0,-14.241567692545782,0.0,-11.09700595098812,0.0,0
2030-08-25 22:00:00,-24.125318764519275,0.0,7.829745098718275,0.0,7.529732326340609,0.0,-16.405707728472265,0.0,0
2030-08-26 00:00:00,-17.12204657313321,0.0,-7.840000527636348,0.0,-7.53959479742641,0.0,-13.38941740605273,0.0,0
2030-08-26 02:00:00,-17.75524240197655,0.0,-8.140368786122334,0.0,-7.82845382887796,0.0,-13.85186146681326,0.0,0
2030-08-26 04:00:00,-15.576292288534463,0.0,-7.4593933309741836,0.0,-7.173571347593494,0.0,-11.907425114430282,0.0,0
2030-08-26 06:00:00,-33.307217647472136,0.0,10.945928274933996,0.0,10.526512540883203,0.0,-22.410388866608145,0.0,0
2030-08-26 08:00:00,-26.144833514880883,0.0,7.449838709617225,0.0,7.164382831187114,0.0,-17.46897706158267,0.0,0
2030-08-26 10:00:00,-16.857385483232413,0.0,-2.409951265887054,0.0,-2.3176090310559125,0.0,-12.212159334518464,0.0,0
2030-08-26 12:00:00,-28.50036420291807,0.0,10.73236477052896,0.0,10.321132160989588,0.0,-18.69046585818591,0.0,0
2030-08-26 14:00:00,-10.780277439851455,0.0,-6.024674176724882,0.0,-5.793826405866183,0.0,-8.407546341801927,0.0,0
2030-08-26 16:00:00,27.84551484150053,0.0,-36.850287761336176,0.0,-35.438293264094895,0.0,13.344845489867312,0.0,0
2030-08-26 18:00:00,-21.94133667808353,0.0,-1.8324384214776952,0.0,-1.7622247779799363,0.0,-16.200344392001018,0.0,0
2030-08-26 20:00:00,-37.054687589518004,0.0,12.67234958133344,0.0,12.186782467398118,0.0,-24.744531452189598,0.0,0
2030-08-26 22:00:00,-13.12501243815224,0.0,-13.106296106851351,0.0,-12.604101440097406,0.0,-11.712849254485118,0.0,0
2030-08-27 00:00:00,-19.972955257683846,0.0,3.1122024779540127,0.0,2.9929520449144893,0.0,-14.135106459901833,0.0,0
2030-08-27 02:00:00,-17.440972031969373,0.0,-4.269687241358102,0.0,-4.106085401155806,0.0,-13.285486287568853,0.0,0
2030-08-27 04:00:00,-13.53715612773192,0.0,-1.1852362104259093,0.0,-1.1398214495455448,0.0,-9.621848396162877,0.0,0
2030-08-27 06:00:00,-13.816594931813189,0.0,-12.909183700554989,0.0,-12.414541800683976,0.0,-11.434602613613565,0.0,0
2030-08-27 08:00:00,-32.40041307336371,0.0,18.67392416389645,0.0,17.95839438751873,0.0,-20.215809407073696,0.0,0
2030-08-27 10:00:00,-25.399485956143973,0.0,11.925461806470782,0.0,11.468513232368675,0.0,-16.406512881075543,0.0,0
2030-08-27 12:00:00,-27.80412486562951,0.0,14.65171532563523,0.0,14.090304745915494,0.0,-17.635702996027824,0.0,0
2030-08-27 14:00:00,8.44283006423436,0.0,-8.940760618080072,0.0,-8.59817700311232,0.0,4.222749350785419,0.0,0
2030-08-27 16:00:00,-25.83429715391104,0.0,5.429608581515097,0.0,5.221561971705031,0.0,-17.02409777248923,0.0,0
2030-08-27 18:00:00,-20.384602093234804,0.0,-2.7299544970729377,0.0,-2.6253506808815743,0.0,-15.322933046232205,0.0,0
2030-08-27 20:00:00,-32.79251969622127,0.0,11.730702672585137,0.0,11.281216694897878,0.0,-21.781611873707277,0.0,0
2030-08-27 22:00:00,-23.530806944809843,0.0,3.6600908814281716,0.0,3.519846978383195,0.0,-15.894872232581571,0.0,0
2030-08-28 00:00:00,-22.84726051784097,0.0,8.295811811407294,0.0,7.977940735237707,0.0,-15.354630427080664,0.0,0
2030-08-28 02:00:00,-27.205116270828434,0.0,3.2054892139529976,0.0,3.0826643079338414,0.0,-18.734617601732936,0.0,0
2030-08-28 04:00:00,-17.022664988680035,0.0,-5.047558156364164,0.0,-4.854150593648462,0.0,-12.604205728352472,0.0,0
2030-08-28 06:00:00,-23.432703983776,0.0,2.249003705178925,0.0,2.162828506858957,0.0,-16.327022907481588,0.0,0
2030-08-28 08:00:00,-2.4220862447173266,0.0,-0.7580696524615875,0.0,-0.7290226560111293,0.0,-1.7218403490853917,0.0,0
2030-08-28 10:00:00,-25.62297415722978,0.0,32.15079774798026,0.0,30.918873867328905,0.0,-13.070657653872853,0.0,0
2030-08-28 12:00:00,-33.4311124465236,0.0,38.55084093963313,0.0,37.07368625299057,0.0,-17.327595041475615,0.0,0
2030-08-28 14:00:00,10.278207885745577,0.0,12.660461804247914,0.0,12.17535019491911,0.0,9.081018428526924,0.0,0
2030-08-28 16:00:00,-26.711360916308152,0.0,24.860260049925483,0.0,23.907688102107144,0.0,-14.791832999910687,0.0,0
2030-08-28 18:00:00,-45.1024589430032,0.0,35.174919721536945,0.0,33.827120393364055,0.0,-26.7959237193407,0.0,0
2030-08-28 20:00:00,24.154180839781063,0.0,-18.179940277969344,0.0,-17.483338509241698,0.0,14.071817195292956,0.0,0
2030-08-28 22:00:00,-65.51761215910788,0.0,43.69342047120264,0.0,42.01921728259907,0.0,-39.952316752915145,0.0,0
2030-08-29 00:00:00,-71.95979908221145,0.0,56.6238221441265,0.0,54.454164045440976,0.0,-42.55384789768045,0.0,0
2030-08-29 02:00:00,-77.37573891388307,0.0,76.12218674356004,0.0,73.2054087391111,0.0,-43.71128874941271,0.0,0
2030-08-29 04:00:00,-91.51851794825433,0.0,87.65269916481503,0.0,84.29410588351864,0.0,-52.28322461855298,0.0,0
2030-08-29 06:00:00,-116.11897431177576,0.0,112.43215289776944,0.0,108.12408392873408,0.0,-66.38281935386713,0.0,0
2030-08-29 08:00:00,-114.063614892529,0.0,110.15393625466146,0.0,105.93316183769096,0.0,-65.31305981120185,0.0,0
2030-08-29 10:00:00,-119.17334178132539,0.0,123.97841007674319,0.0,119.22792253811527,0.0,-67.20425208957597,0.0,0
2030-08-29 12:00:00,-111.68183830533275,0.0,110.9975672660517,0.0,106.74446739334815,0.0,-62.835751288539235,0.0,0
2030-08-29 14:00:00,-84.3172033777602,0.0,96.01786039938321,0.0,92.3387387762665,0.0,-45.88904758245735,0.0,0
2030-08-29 16:00:00,-114.83026591332248,0.0,119.20616105966526,0.0,114.63853204836332,0.0,-64.57475105195921,0.0,0
2030-08-29 18:00:00,-157.16214298845335,36.162142988453354,152.75261288979783,27.75261288979783,146.8995826438328,21.899582643832787,-89.41494906648099,0.0,3
2030-08-29 20:00:00,-133.41613985222085,12.416139852220851,131.73963020742355,6.739630207423545,126.69175557137643,1.691755571376433,-75.65176731838785,0.0,3
2030-08-29 22:00:00,-120.72787010644953,0.0,122.36769592261876,0.0,117.67892620657554,0.0,-68.2290571854416,0.0,0
2030-08-30 00:00:00,-134.4851253135313,13.485125313531313,133.44468912734334,8.444689127343338,128.33148165514615,3.331481655146149,-75.37113964351701,0.0,3
2030-08-30 02:00:00,-142.62945466094237,21.629454660942372,141.1954187461151,16.19541874611511,135.78522614201927,10.785226142019269,-80.18880197391623,0.0,3
2030-08-30 04:00:00,-131.08622050871077,10.086220508710767,122.19012208106415,0.0,117.5081564716471,0.0,-74.57797366540167,0.0,1
2030-08-30 06:00:00,-110.31028926223614,0.0,93.81284132723286,0.0,90.21820954084006,0.0,-63.579177419103246,0.0,0
2030-08-30 08:00:00,-134.91183878327826,13.911838783278256,107.24117814527676,0.0,103.1320120405367,0.0,-78.91588342884401,0.0,1
2030-08-30 10:00:00,-99.7748291403341,0.0,85.07099023340558,0.0,81.81132043483044,0.0,-57.625655972768435,0.0,0
2030-08-30 12:00:00,-134.15994217206918,13.15994217206918,82.3832343041191,0.0,79.22655139689901,0.0,-81.76922428119522,0.0,1
2030-08-30 14:00:00,-86.80143924365863,0.0,50.780296987931195,0.0,48.83454556314973,0.0,-53.59915746282875,0.0,0
2030-08-30 16:00:00,-57.609879967653924,0.0,33.14729200565655,0.0,31.8771853998801,0.0,-35.75088824348328,0.0,0
2030-08-30 18:00:00,-57.84564310683248,0.0,26.595111667651608,0.0,25.576065315247266,0.0,-37.13645487151318,0.0,0
2030-08-30 20:00:00,-58.6701263405992,0.0,18.85015535675835,0.0,18.12787292009822,0.0,-38.46115114862048,0.0,0
2030-08-30 22:00:00,-91.95268353643955,0.0,62.241523632517726,0.0,59.85661175779319,0.0,-56.028290796727276,0.0,0
2030-08-31 00:00:00,-121.9455546853996,0.9455546853995997,86.40776618156829,0.0,83.0968750656705,0.0,-73.8354029132353,0.0,1
2030-08-31 02:00:00,-120.34888801521365,0.0,94.1725066235075,0.0,90.56409352223116,0.0,-72.08371438673812,0.0,0
2030-08-31 04:00:00,-91.19735825039785,0.0,66.5496479753954,0.0,63.9996614639415,0.0,-55.73255857973353,0.0,0
2030-08-31 06:00:00,-88.54818688891163,0.0,65.8570274577948,0.0,63.33358012470129,0.0,-54.02712990749002,0.0,0
2030-08-31 08:00:00,-54.718523345824536,0.0,29.79102357095632,0.0,28.64951928687015,0.0,-35.12409893816964,0.0,0
2030-08-31 10:00:00,-39.96134576900529,0.0,30.766983443527657,0.0,29.58808325147664,0.0,-24.14508056089297,0.0,0
2030-08-31 12:00:00,-36.00623553369225,0.0,21.222007025003045,0.0,20.408842217884256,0.0,-22.68138770683417,0.0,0
2030-08-31 14:00:00,-21.137983730012323,0.0,6.557477814465819,0.0,6.306214577397673,0.0,-13.987858095011951,0.0,0
2030-08-31 16:00:00,35.44335897291298,0.0,-35.745994292379116,0.0,-34.37631306855391,0.0,19.482948682913413,0.0,0
2030-08-31 18:00:00,-16.909025547737766,0.0,-0.9691146506532089,0.0,-0.9319810314320343,0.0,-12.582170326137941,0.0,0
2030-08-31 20:00:00,-22.051420568354203,0.0,3.1050840905064216,0.0,2.986106413109166,0.0,-15.7278972701004,0.0,0
2030-08-31 22:00:00,-25.077381409013853,0.0,8.112865500360138,0.0,7.802004388024843,0.0,-17.09458728267617,0.0,0
2030-09-01 00:00:00,-23.695383241673266,0.0,9.21636339953165,0.0,8.863219497671336,0.0,-15.740954896666512,0.0,0
2030-09-01 02:00:00,-13.295242456001686,0.0,-12.959550381554235,0.0,-12.462978578804954,0.0,-11.355477727976005,0.0,0
2030-09-01 04:00:00,-26.158267109817398,0.0,12.519509239283149,0.0,12.039798517116793,0.0,-17.242569759413836,0.0,0
2030-09-01 06:00:00,-20.135336061910763,0.0,12.469642395829068,0.0,11.991842424238346,0.0,-12.853198722658755,0.0,0
2030-09-01 08:00:00,25.686618080696785,0.0,-20.58526279695949,0.0,-19.79649615334945,0.0,14.218035950245708,0.0,0
2030-09-01 10:00:00,18.75975263599269,0.0,-17.060926450860478,0.0,-16.40720199631962,0.0,9.478601757049018,0.0,0
2030-09-01 12:00:00,-37.418688098995794,0.0,31.682011520613244,0.0,30.46805014754694,0.0,-23.19877554446382,0.0,0
2030-09-01 14:00:00,-52.15145993249838,0.0,47.20247515798653,0.0,45.393815328492025,0.0,-31.391200480670445,0.0,0
2030-09-01 16:00:00,-51.13995559042385,0.0,44.959522512689546,0.0,43.23680602272181,0.0,-31.436388400958798,0.0,0
2030-09-01 18:00:00,-32.58395929591555,0.0,22.952716842327995,0.0,22.073236332216325,0.0,-20.940608897937476,0.0,0
2030-09-01 20:00:00,-30.89337937192344,0.0,18.037506074729134,0.0,17.346361965179227,0.0,-20.261743323341747,0.0,0
2030-09-01 22:00:00,-27.18215659094931,0.0,10.059416373166098,0.0,9.673969164276985,0.0,-18.8630734673887,0.0,0
2030-09-02 00:00:00,-22.475169452815102,0.0,3.048822635863936,0.0,2.932000731709861,0.0,-16.498697207231007,0.0,0
2030-09-02 02:00:00,-31.03127541787881,0.0,15.444197351210317,0.0,14.852421194252207,0.0,-20.80237102734862,0.0,0
2030-09-02 04:00:00,-25.662851314306995,0.0,8.586791534863144,0.0,8.257770972670833,0.0,-17.964885308467785,0.0,0
2030-09-02 06:00:00,8.704045354086972,0.0,-10.891076167866043,0.0,-10.473762205010203,0.0,2.3722219059928658,0.0,0
2030-09-02 08:00:00,-27.402657474571356,0.0,23.16070979267883,0.0,22.27325960528094,0.0,-18.016741685433278,0.0,0
2030-09-02 10:00:00,-28.079814179788105,0.0,5.219408344468974,0.0,5.019415988670458,0.0,-19.967389913884233,0.0,0
2030-09-02 12:00:00,-41.80578130053875,0.0,22.48514499429703,0.0,21.623580460330732,0.0,-27.414485924427726,0.0,0
2030-09-02 14:00:00,-31.350608435394165,0.0,19.364245929567673,0.0,18.622265056233495,0.0,-20.404973083315,0.0,0
2030-09-02 16:00:00,-32.09750922354016,0.0,15.994027400445184,0.0,15.38118337533423,0.0,-21.43061102968456,0.0,0
2030-09-02 18:00:00,-30.367991698160587,0.0,9.667623421854453,0.0,9.297188564969035,0.0,-21.045933381331437,0.0,0
2030-09-02 20:00:00,-32.19780020451731,0.0,12.68214371415006,0.0,12.19620131789038,0.0,-21.472483151508577,0.0,0
2030-09-02 22:00:00,-32.50064424138472,0.0,11.681058250838285,0.0,11.233474501181783,0.0,-21.78291983334078,0.0,0
2030-09-03 00:00:00,-17.820572223728202,0.0,-8.008824424761702,0.0,-7.701949860026255,0.0,-13.628647354917629,0.0,0
2030-09-03 02:00:00,-40.72773646839971,0.0,26.839158359961413,0.0,25.810760857062878,0.0,-25.036424974212895,0.0,0
2030-09-03 04:00:00,-33.96127160528854,0.0,20.70607552817485,0.0,19.912679696516804,0.0,-21.27424620360431,0.0,0
2030-09-03 06:00:00,29.769566578591494,0.0,-29.22165366878056,0.0,-28.10196596246366,0.0,15.998656332432375,0.0,0
2030-09-03 08:00:00,-23.549541111196575,0.0,6.611165265081676,0.0,6.357844883023726,0.0,-15.978731081584053,0.0,0
2030-09-03 10:00:00,-16.26015370221858,0.0,3.279414254223818,0.0,3.153756758382089,0.0,-11.321975433429394,0.0,0
2030-09-03 12:00:00,-20.155869147055036,0.0,13.932815997072055,0.0,13.398951522353297,0.0,-12.320066788158625,0.0,0
2030-09-03 14:00:00,27.02160397906188,0.0,-26.757830214266143,0.0,-25.732548966386677,0.0,14.5755453206856,0.0,0
2030-09-03 16:00:00,36.3751434794645,0.0,-37.568003620737784,0.0,-36.128508365548,0.0,19.71616404670873,0.0,0
2030-09-03 18:00:00,-27.39543715056181,0.0,6.9701316601945305,0.0,6.7030567430871795,0.0,-18.600310360796286,0.0,0
2030-09-03 20:00:00,-40.106310193005136,0.0,15.754927727740043,0.0,15.151245297901797,0.0,-26.202848427151807,0.0,0
2030-09-03 22:00:00,-59.251542251061274,0.0,31.34540756885631,0.0,30.144343867870862,0.0,-37.06792241176471,0.0,0
2030-09-04 00:00:00,-62.85880946390833,0.0,34.746008949932225,0.0,33.41464421931875,0.0,-38.910876592037106,0.0,0
2030-09-04 02:00:00,-76.57798101572794,0.0,49.70850552450882,0.0,47.803821992014576,0.0,-46.74437541827685,0.0,0
2030-09-04 04:00:00,-92.73785433144188,0.0,62.65846989063074,0.0,60.25758186326627,0.0,-55.76176006811518,0.0,0
2030-09-04 06:00:00,-140.1231214871007,19.12312148710069,117.49374971351949,0.0,112.99173526168677,0.0,-81.3763552601396,0.0,1
2030-09-04 08:00:00,-137.86596550061824,16.865965500618245,115.71233820031507,0.0,111.27858219113705,0.0,-80.53263579850534,0.0,1
2030-09-04 10:00:00,-68.9763169816275,0.0,72.96939384431639,0.0,70.17342157830579,0.0,-38.085316257396954,0.0,0
2030-09-04 12:00:00,-128.9442484474311,7.944248447431107,107.97328909134123,0.0,103.83607065132742,0.0,-74.83769005910735,0.0,1
2030-09-04 14:00:00,-115.04303888470622,0.0,84.20433930370373,0.0,80.97787701633428,0.0,-68.20937932859866,0.0,0
2030-09-04 16:00:00,-72.88783387942979,0.0,54.54239740073092,0.0,52.452493368095894,0.0,-43.09465817734401,0.0,0
2030-09-04 18:00:00,-138.45304818290023,17.453048182900233,107.49338853362913,0.0,103.37455846960574,0.0,-81.37711118738079,0.0,1
2030-09-04 20:00:00,-121.87102658693885,0.8710265869388536,106.99981876778892,0.0,102.89990084355367,0.0,-70.11172894909429,0.0,1
2030-09-04 22:00:00,-128.70882273128336,7.708822731283362,103.70416698203987,0.0,99.73052872803243,0.0,-75.06011307704361,0.0,1
2030-09-05 00:00:00,-67.54408544029911,0.0,38.36168585223392,0.0,36.89177903144964,0.0,-41.56074697753597,0.0,0
2030-09-05 02:00:00,-66.8260037620415,0.0,32.85910639295521,0.0,31.600042211106494,0.0,-41.87247980880168,0.0,0
2030-09-05 04:00:00,-46.078801434886515,0.0,22.472211276450892,0.0,21.61114232446071,0.0,-29.151031117014135,0.0,0
2030-09-05 06:00:00,-43.52153780093445,0.0,20.61028494326346,0.0,19.82055952470119,0.0,-27.982070584945895,0.0,0
2030-09-05 08:00:00,-43.62693278427059,0.0,11.47093720355644,0.0,11.031404673592974,0.0,-28.87893479907947,0.0,0
2030-09-05 10:00:00,7.396218181242951,0.0,-20.245161643184545,0.0,-19.46942667413688,0.0,2.6109127369591785,0.0,0
2030-09-05 12:00:00,-18.85151784347269,0.0,-1.923701962005758,0.0,-1.8499913684202474,0.0,-13.025991037542637,0.0,0
2030-09-05 14:00:00,-32.39023342886092,0.0,16.896753260330414,0.0,16.24931943893538,0.0,-20.16772025045953,0.0,0
2030-09-05 16:00:00,-77.84978960929175,0.0,48.84148225543858,0.0,46.97002050109801,0.0,-47.6622865350663,0.0,0
2030-09-05 18:00:00,-103.1468863545843,0.0,65.5599389015694,0.0,63.04787512697894,0.0,-63.46208355257752,0.0,0
2030-09-05 20:00:00,-88.63006138518702,0.0,51.385859163375684,0.0,49.41690437950486,0.0,-55.270652773527026,0.0,0
2030-09-05 22:00:00,-76.54482059476133,0.0,48.611733134896966,0.0,46.74907469020903,0.0,-47.12272004088645,0.0,0
2030-09-06 00:00:00,-55.29624921159899,0.0,34.254286897272166,0.0,32.94176350751948,0.0,-34.09478996102365,0.0,0
2030-09-06 02:00:00,-67.2855027096742,0.0,41.281434068150276,0.0,39.6996510948403,0.0,-41.61053493633285,0.0,0
2030-09-06 04:00:00,-65.39236442410166,0.0,41.0097987329366,0.0,39.43842402566399,0.0,-40.22450871772155,0.0,0
2030-09-06 06:00:00,-9.624982254558281,0.0,-1.4962330601629747,0.0,-1.4389018159343325,0.0,-7.549517274162282,0.0,0
2030-09-06 08:00:00,-32.438062179161875,0.0,7.37232550005438,0.0,7.089839699526447,0.0,-22.254829156636195,0.0,0
2030-09-06 10:00:00,-43.10205641120562,0.0,23.493461912062756,0.0,22.593261643456344,0.0,-27.156578655167248,0.0,0
2030-09-06 12:00:00,-21.627905904187923,0.0,0.9684097461257011,0.0,0.931303136770067,0.0,-15.099930288838836,0.0,0
2030-09-06 14:00:00,-97.63706204741234,0.0,65.04395748191116,0.0,62.55166459567724,0.0,-59.659376149437556,0.0,0
2030-09-06 16:00:00,-77.2129933054709,0.0,50.03926209483144,0.0,48.12190494469141,0.0,-47.19163817146037,0.0,0
2030-09-06 18:00:00,-22.600354903460094,0.0,4.851934603743879,0.0,4.666022759423146,0.0,-15.831566939458241,0.0,0
2030-09-06 20:00:00,-70.14878077746172,0.0,36.584415219429765,0.0,35.18260817495876,0.0,-44.04497453707041,0.0,0
2030-09-06 22:00:00,-90.27138143354657,0.0,48.24872381456463,0.0,46.399974817913375,0.0,-56.706104975466516,0.0,0
2030-09-07 00:00:00,-129.1396153680253,8.13961536802529,86.31275805964133,0.0,83.00550737516225,0.0,-78.51426964947905,0.0,1
2030-09-07 02:00:00,-116.04353408818325,0.0,80.11462212850286,0.0,77.04486575844021,0.0,-70.25601054306857,0.0,0
2030-09-07 04:00:00,-108.64691985356055,0.0,71.24338973179454,0.0,68.51355286002789,0.0,-66.04165113358106,0.0,0
2030-09-07 06:00:00,-35.83204207674782,0.0,27.69606704646468,0.0,26.634835326427364,0.0,-22.10582521909935,0.0,0
2030-09-07 08:00:00,-59.506390550279605,0.0,38.48605668567447,0.0,37.011384340844046,0.0,-36.894091786782006,0.0,0
2030-09-07 10:00:00,-55.666857966706004,0.0,38.91622035437706,0.0,37.425065404660174,0.0,-33.97319302190067,0.0,0
2030-09-07 12:00:00,-33.88992888878046,0.0,10.716368593507367,0.0,10.305748910360204,0.0,-22.369598825231787,0.0,0
2030-09-07 14:00:00,-37.2810758715329,0.0,26.49198370239505,0.0,25.4768889098916,0.0,-22.75329527951203,0.0,0
2030-09-07 16:00:00,-53.87174426715677,0.0,45.417594204440455,0.0,43.677325756336444,0.0,-31.886704509006364,0.0,0
2030-09-07 18:00:00,-42.7592415294273,0.0,27.63405042631123,0.0,26.575195000509712,0.0,-26.754657580231857,0.0,0
2030-09-07 20:00:00,-19.26205269636033,0.0,-7.398029172326853,0.0,-7.114558482778674,0.0,-14.904134373439273,0.0,0
2030-09-07 22:00:00,-22.258315959224603,0.0,-4.444763941449068,0.0,-4.274453677727147,0.0,-16.887317127257614,0.0,0
2030-09-08 00:00:00,-23.810431092118648,0.0,7.648252494298575,0.0,7.355193983998671,0.0,-16.233884497670097,0.0,0
2030-09-08 02:00:00,-22.041436648999323,0.0,1.4650471094013104,0.0,1.4089108189584545,0.0,-15.667816464261529,0.0,0
2030-09-08 04:00:00,-31.107816090544247,0.0,13.413802170180075,0.0,12.899824776732187,0.0,-20.534215299408217,0.0,0
2030-09-08 06:00:00,-19.578075622802388,0.0,2.222037161483099,0.0,2.136895241696755,0.0,-14.006405495816468,0.0,0
2030-09-08 08:00:00,-19.641307966548865,0.0,10.71113689298205,0.0,10.300717673190931,0.0,-12.813407166734741,0.0,0
2030-09-08 10:00:00,28.123717852593256,0.0,-16.212446433779586,0.0,-15.59123323458893,0.0,16.963624395698524,0.0,0
2030-09-08 12:00:00,-18.643626036083813,0.0,13.915050978508852,0.0,13.381867206980756,0.0,-11.285377890191883,0.0,0
2030-09-08 14:00:00,24.688328092506815,0.0,-11.268448396785523,0.0,-10.836674641536774,0.0,15.326588833144651,0.0,0
2030-09-08 16:00:00,-13.497952267554485,0.0,2.5601758600863125,0.0,2.4620774612400265,0.0,-9.413878657898406,0.0,0
2030-09-08 18:00:00,-14.42437503111601,0.0,-5.5524746876667805,0.0,-5.339720210528521,0.0,-11.403902481404522,0.0,0
2030-09-08 20:00:00,-5.12768971863141,0.0,-16.44860333175431,0.0,-15.818341295751717,0.0,-5.639032874755072,0.0,0
2030-09-08 22:00:00,-13.346055970792658,0.0,3.4265812908316473,0.0,3.2952847875766667,0.0,-8.826734094678335,0.0,0
2030-09-09 00:00:00,4.653540314703656,0.0,-10.365702208384933,0.0,-9.968519028349135,0.0,2.3063212482597555,0.0,0
2030-09-09 02:00:00,-29.079809588157808,0.0,13.174409893426494,0.0,12.669605306976658,0.0,-17.956279511952,0.0,0
2030-09-09 04:00:00,-26.17380108600002,0.0,16.5587436606115,0.0,15.924261371587331,0.0,-15.849093428677717,0.0,0
2030-09-09 06:00:00,-24.818238302348696,0.0,17.578242183179885,0.0,16.904695713351064,0.0,-14.555086510529268,0.0,0
2030-09-09 08:00:00,-56.80564670078789,0.0,43.39025215267951,0.0,41.727665481164415,0.0,-33.39320988564507,0.0,0
2030-09-09 10:00:00,-102.34828959249546,0.0,93.17886781124903,0.0,89.60852802283907,0.0,-58.57221457067426,0.0,0
2030-09-09 12:00:00,-96.24873320896774,0.0,91.313351035653,0.0,87.81449235584972,0.0,-54.47864509255612,0.0,0
2030-09-09 14:00:00,-107.74675953286823,0.0,104.50529987037513,0.0,100.50096456354638,0.0,-60.2452235837175,0.0,0
2030-09-09 16:00:00,-42.54745817093402,0.0,43.19287875586763,0.0,41.53785485162328,0.0,-23.988402945700628,0.0,0
2030-09-09 18:00:00,-120.57783308020656,0.0,90.56092487193129,0.0,87.09089694671081,0.0,-71.61694432937645,0.0,0
2030-09-09 20:00:00,-131.44450876593007,10.444508765930067,86.83474706316069,0.0,83.50749529740484,0.0,-80.12428289264243,0.0,1
2030-09-09 22:00:00,-133.36265107880652,12.362651078806522,89.38660371026657,0.0,85.9615723134044,0.0,-80.56839756359288,0.0,1
2030-09-10 00:00:00,-138.9454527819424,17.945452781942407,101.39815483798742,0.0,97.51287617777902,0.0,-82.90346359731306,0.0,1
2030-09-10 02:00:00,-142.66759830030634,21.667598300306338,97.45453094188973,0.0,93.72036033480009,0.0,-86.09069414904873,0.0,1
2030-09-10 04:00:00,-135.38714716085946,14.387147160859456,90.30782557292166,0.0,86.84749566742278,0.0,-82.00830925209596,0.0,1
2030-09-10 06:00:00,-98.76348777251513,0.0,54.83452307548528,0.0,52.733425647348696,0.0,-61.12655307072314,0.0,0
2030-09-10 08:00:00,-83.11699476517379,0.0,51.40852294420787,0.0,49.438699751003846,0.0,-51.032417741562995,0.0,0
2030-09-10 10:00:00,-56.008685822062816,0.0,38.500979375699146,0.0,37.02573523733682,0.0,-33.65514386063473,0.0,0
2030-09-10 12:00:00,-47.19748013802417,0.0,21.782336478785062,0.0,20.947701497253913,0.0,-29.98020693489651,0.0,0
2030-09-10 14:00:00,-29.582076920576014,0.0,-4.6908709716140145,0.0,-4.511130611319242,0.0,-21.107394253241598,0.0,0
2030-09-10 16:00:00,-34.772592684659415,0.0,6.848084588146023,0.0,6.58568615539213,0.0,-23.491622441863584,0.0,0
2030-09-10 18:00:00,-30.297402974171902,0.0,7.1862506061905975,0.0,6.910894647576249,0.0,-20.53102176401484,0.0,0
2030-09-10 20:00:00,-24.636391913908238,0.0,-0.044260018578672344,0.0,-0.0425641050193164,0.0,-17.817979008671198,0.0,0
2030-09-10 22:00:00,-36.40494970928677,0.0,15.117357868009142,0.0,14.538105237454415,0.0,-23.63826325842654,0.0,0
2030-09-11 00:00:00,-29.41705137721274,0.0,7.333028108630911,0.0,7.052048068405433,0.0,-19.747934782127643,0.0,0
2030-09-11 02:00:00,-47.183942967846754,0.0,14.278926162271738,0.0,13.731799765370287,0.0,-31.324899860387177,0.0,0
2030-09-11 04:00:00,-29.117882648296458,0.0,5.542886666210663,0.0,5.330499573816413,0.0,-19.878348930859623,0.0,0
2030-09-11 06:00:00,-24.980302092257627,0.0,4.406337124934159,0.0,4.237499263648182,0.0,-17.373648440305118,0.0,0
2030-09-11 08:00:00,23.51415957329307,0.0,-25.02723616412983,0.0,-24.06826618338556,0.0,12.327783063545924,0.0,0
2030-09-11 10:00:00,-51.153269231765364,0.0,39.111927914621006,0.0,37.6132740275845,0.0,-30.109189494546182,0.0,0
2030-09-11 12:00:00,-15.501557423961636,0.0,-1.3149362936105402,0.0,-1.264551807529346,0.0,-11.777339283957598,0.0,0
2030-09-11 14:00:00,-61.15995186285049,0.0,42.039458997235016,0.0,40.428630741142655,0.0,-37.23007079288571,0.0,0
2030-09-11 16:00:00,-67.37900647383115,0.0,31.992623631648375,0.0,30.766760517287636,0.0,-43.11370459435053,0.0,0
2030-09-11 18:00:00,-87.80011754122285,0.0,52.190406272801454,0.0,50.19062361321271,0.0,-54.78513406840516,0.0,0
2030-09-11 20:00:00,-111.93679387411247,0.0,64.66017107234472,0.0,62.18258375101526,0.0,-69.43922631222351,0.0,0
2030-09-11 22:00:00,-134.4415666107555,13.441566610755501,87.10862650562638,0.0,83.77088048625231,0.0,-82.05340593531074,0.0,1
2030-09-12 00:00:00,-147.90740173220146,26.907401732201464,108.81137182167402,0.0,104.64204051971669,0.0,-88.91322998544715,0.0,1
2030-09-12 02:00:00,-132.43596247752566,11.435962477525663,94.71697952031928,0.0,91.08770382119357,0.0,-80.22946174990916,0.0,1
2030-09-12 04:00:00,-146.2123670250586,25.212367025058597,108.70459981093981,0.0,104.53935969797357,0.0,-88.13641084331142,0.0,1
2030-09-12 06:00:00,-100.41665021220084,0.0,61.865629567917075,0.0,59.495120846682156,0.0,-62.20540686260838,0.0,0
2030-09-12 08:00:00,-114.20412020660856,0.0,82.97480864111694,0.0,79.79545834758065,0.0,-69.1997285165038,0.0,0
2030-09-12 10:00:00,-96.82738651954949,0.0,68.13970443357579,0.0,65.52879164160561,0.0,-58.872380620069634,0.0,0
2030-09-12 12:00:00,-84.55436053050659,0.0,56.57509797088656,0.0,54.40730683901945,0.0,-52.144524282324454,0.0,0
2030-09-12 14:00:00,7.166779152099901,0.0,-6.776506467371345,0.0,-6.516850697396968,0.0,3.6026261346842663,0.0,0
2030-09-12 16:00:00,-29.808378035607753,0.0,9.13945573865568,0.0,8.789258711855233,0.0,-19.996604368678426,0.0,0
2030-09-12 18:00:00,-42.202559605284065,0.0,17.632621444358826,0.0,16.956991321396956,0.0,-27.44070094588835,0.0,0
2030-09-12 20:00:00,-58.9502004048049,0.0,35.91076314068849,0.0,34.53476845986581,0.0,-36.772662349514995,0.0,0
2030-09-12 22:00:00,-42.227537131161405,0.0,16.577889113159998,0.0,15.942673226780592,0.0,-27.961698680731814,0.0,0
2030-09-13 00:00:00,-59.11489417421457,0.0,35.13515786047217,0.0,33.78888208971034,0.0,-37.078783605501144,0.0,0
2030-09-13 02:00:00,-53.84716774703382,0.0,27.19852098090672,0.0,26.15635376075176,0.0,-34.94668841591576,0.0,0
2030-09-13 04:00:00,-35.39795949663199,0.0,13.787954127039841,0.0,13.259640332540242,0.0,-23.33584713564455,0.0,0
2030-09-13 06:00:00,-44.940368927113376,0.0,18.88181974742907,0.0,18.15832402457493,0.0,-29.735535501858383,0.0,0
2030-09-13 08:00:00,-30.243800518354497,0.0,16.392584282057214,0.0,15.764468731054336,0.0,-19.283510892825753,0.0,0
2030-09-13 10:00:00,-36.984310683301615,0.0,20.699389023315597,0.0,19.9062493988309,0.0,-23.535323707803734,0.0,0
2030-09-13 12:00:00,-4.46243056553344,0.0,-1.4764634789754818,0.0,-1.4198897468734135,0.0,-4.351497877578355,0.0,0
2030-09-13 14:00:00,-60.434153631162964,0.0,38.79524008130621,0.0,37.308720739347855,0.0,-37.79416365674581,0.0,0
2030-09-13 16:00:00,-40.45132765518466,0.0,25.445419185429696,0.0,24.4704256629226,0.0,-25.49454733754428,0.0,0
2030-09-13 18:00:00,-63.30704037895563,0.0,37.44363772844341,0.0,36.008907807969706,0.0,-40.22518233580473,0.0,0
2030-09-13 20:00:00,-85.97973987010423,0.0,58.62191457358843,0.0,56.375695457695834,0.0,-53.32589099312821,0.0,0
2030-09-13 22:00:00,-145.55405668327367,24.55405668327367,109.23145017098365,0.0,105.04602270387616,0.0,-88.00440025060958,0.0,1
2030-09-14 00:00:00,-116.7086181950821,0.0,87.84412055595348,0.0,84.47819257071416,0.0,-71.04291547631384,0.0,0
2030-09-14 02:00:00,-98.401869525944,0.0,75.47435259796353,0.0,72.58239769000252,0.0,-60.11616598688002,0.0,0
2030-09-14 04:00:00,-89.24051060591043,0.0,68.45660465059936,0.0,65.83354917563283,0.0,-54.370250383326265,0.0,0
2030-09-14 06:00:00,-54.244170762051056,0.0,23.860348576467043,0.0,22.946090291418372,0.0,-35.2748929744018,0.0,0
2030-09-14 08:00:00,-9.604137862812413,0.0,-1.7338862435793252,0.0,-1.6674488292873764,0.0,-8.082301692088354,0.0,0
2030-09-14 10:00:00,-60.403541819958875,0.0,43.398543174621864,0.0,41.73563881556426,0.0,-37.11766126866778,0.0,0
2030-09-14 12:00:00,15.326225230473824,0.0,-22.25698437498015,0.0,-21.40416228397791,0.0,7.08486043165231,0.0,0
2030-09-14 14:00:00,-31.54327839079055,0.0,20.032059941002046,0.0,19.26449040156473,0.0,-19.884435750641373,0.0,0
2030-09-14 16:00:00,16.940772535761013,0.0,-21.424176723233096,0.0,-20.603265368698963,0.0,7.739697303725557,0.0,0
2030-09-14 18:00:00,13.705257811070247,0.0,-12.800057722236343,0.0,-12.309597208461543,0.0,6.730477397219665,0.0,0
2030-09-14 20:00:00,-30.813427144571325,0.0,13.51097991904099,0.0,12.993278960460175,0.0,-20.478235459366957,0.0,0
2030-09-14 22:00:00,-24.47901443648871,0.0,5.751717606859826,0.0,5.531328727859213,0.0,-17.096216943105162,0.0,0
2030-09-15 00:00:00,-21.386215114939354,0.0,1.571388777911353,0.0,1.5111777879237742,0.0,-15.53842107697117,0.0,0
2030-09-15 02:00:00,-18.03631211894867,0.0,1.225624916314766,0.0,1.1786625791757315,0.0,-12.872747385334856,0.0,0
2030-09-15 04:00:00,-14.925709155183,0.0,-3.3192392668969655,0.0,-3.1920557938603222,0.0,-11.063255530592611,0.0,0
2030-09-15 06:00:00,-25.934695112729813,0.0,7.790111673790214,0.0,7.491617537529283,0.0,-17.753545687485666,0.0,0
2030-09-15 08:00:00,25.26682546438687,0.0,-20.432326664667585,0.0,-19.649420083226513,0.0,14.259430434596535,0.0,0
2030-09-15 10:00:00,23.904136358323704,0.0,-21.192091433173886,0.0,-20.380072903427934,0.0,13.217996431393999,0.0,0
2030-09-15 12:00:00,-35.81478936602612,0.0,27.186799328527663,0.0,26.1450812475699,0.0,-21.15961793899668,0.0,0
2030-09-15 14:00:00,-56.744022621990545,0.0,53.82244072122362,0.0,51.760123308163955,0.0,-32.22690882739351,0.0,0
2030-09-15 16:00:00,-72.72974574320645,0.0,56.37227621878294,0.0,54.21225661911515,0.0,-43.722515727113034,0.0,0
2030-09-15 18:00:00,-52.419365784304276,0.0,32.192966278494126,0.0,30.959426623946353,0.0,-32.98465925103645,0.0,0
2030-09-15 20:00:00,-83.86236604271369,0.0,51.763003102928224,0.0,49.779597274040725,0.0,-52.498892527464584,0.0,0
2030-09-15 22:00:00,-56.04733592503442,0.0,32.92106001739723,0.0,31.659621955122844,0.0,-35.875354057333354,0.0,0
2030-09-16 00:00:00,-80.13126611700392,0.0,61.46516374231573,0.0,59.1099996920844,0.0,-49.1666212771971,0.0,0
2030-09-16 02:00:00,-42.38519152712899,0.0,20.752691241843042,0.0,19.957509233327674,0.0,-27.592383551594736,0.0,0
2030-09-16 04:00:00,-45.04577899061048,0.0,29.985935081386476,0.0,28.836962362265098,0.0,-28.48261684178905,0.0,0
2030-09-16 06:00:00,-30.203498943953328,0.0,16.319505349755143,0.0,15.694189968209304,0.0,-19.38626826182048,0.0,0
2030-09-16 08:00:00,36.19151663347319,0.0,-42.51100100425771,0.0,-40.882104647220046,0.0,18.970835596411643,0.0,0
2030-09-16 10:00:00,-13.677906396717,0.0,-3.093477980987548,0.0,-2.974945015525229,0.0,-9.943911289229305,0.0,0
2030-09-16 12:00:00,-20.18364026138772,0.0,10.456496914346175,0.0,10.05583474858234,0.0,-13.043921481111902,0.0,0
2030-09-16 14:00:00,36.043652690239426,0.0,-36.0386031576751,0.0,-34.65771002390995,0.0,19.9765193671643,0.0,0
2030-09-16 16:00:00,-21.355160567052494,0.0,14.306875338846597,0.0,13.758678011813462,0.0,-13.486193511498849,0.0,0
2030-09-16 18:00:00,-17.55834083749138,0.0,3.0420624117649697,0.0,2.9254995394885275,0.0,-12.373362430706003,0.0,0
2030-09-16 20:00:00,-19.59476297114368,0.0,0.18433142873925235,0.0,0.17726839127440908,0.0,-14.253305916321416,0.0,0
2030-09-16 22:00:00,-24.281506377392084,0.0,5.243195026744745,0.0,5.04229123533678,0.0,-16.825844090265274,0.0,0
2030-09-17 00:00:00,-17.750524004068964,0.0,-6.579777723576514,0.0,-6.32766001966788,0.0,-13.85413247284826,0.0,0
2030-09-17 02:00:00,-35.58128397012534,0.0,13.986914776029037,0.0,13.45097739542986,0.0,-23.706467785682385,0.0,0
2030-09-17 04:00:00,-34.68167151954276,0.0,14.701751990725151,0.0,14.138424153364511,0.0,-22.514082048351444,0.0,0
2030-09-17 06:00:00,-33.93056053731722,0.0,14.295711791547618,0.0,13.747942218768614,0.0,-22.532249933149412,0.0,0
2030-09-17 08:00:00,-28.538270828107034,0.0,-1.6247522753212778,0.0,-1.5624965532766026,0.0,-20.647600420780886,0.0,0
2030-09-17 10:00:00,-31.898263604302286,0.0,5.39138586375011,0.0,5.1848038359129776,0.0,-22.118890473566378,0.0,0
2030-09-17 12:00:00,-20.09148139386143,0.0,2.049326229316744,0.0,1.9708020837907165,0.0,-14.139291334702401,0.0,0
2030-09-17 14:00:00,23.39504013543925,0.0,-24.892102684491473,0.0,-23.93831062069804,0.0,12.264283951415042,0.0,0
2030-09-17 16:00:00,15.462528407081415,0.0,-9.681844074194505,0.0,-9.310864323793378,0.0,8.873626051217276,0.0,0
2030-09-17 18:00:00,-36.61571176785462,0.0,17.041057545610627,0.0,16.388094409002022,0.0,-23.70084072963852,0.0,0
2030-09-17 20:00:00,-12.904240408498751,0.0,-1.8136358025715311,0.0,-1.7441426200537173,0.0,-9.742816876992887,0.0,0
2030-09-17 22:00:00,-20.913219469434008,0.0,4.557226855710373,0.0,4.382607344334538,0.0,-14.355630743351536,0.0,0
2030-09-18 00:00:00,-28.433407409096485,0.0,24.088930698742153,0.0,23.165913819977437,0.0,-16.74535776616495,0.0,0
2030-09-18 02:00:00,-12.16710627353189,0.0,-0.8345151762359566,0.0,-0.80253901245832,0.0,-8.690035753194957,0.0,0
2030-09-18 04:00:00,-17.031952278048607,0.0,4.610535991283568,0.0,4.433873830836201,0.0,-11.0436648612796,0.0,0
2030-09-18 06:00:00,7.705422440446654,0.0,-20.083041947126787,0.0,-19.313518927364616,0.0,2.640922068513873,0.0,0
2030-09-18 08:00:00,-10.879447022131577,0.0,-5.205977030293894,0.0,-5.0064993228971755,0.0,-8.548885787376992,0.0,0
2030-09-18 10:00:00,-19.366629086326032,0.0,1.3921528044932243,0.0,1.3388096091294557,0.0,-12.86932457483403,0.0,0
2030-09-18 12:00:00,-7.804968840562207,0.0,-7.668954886621411,0.0,-7.375103121619383,0.0,-6.2655280333945935,0.0,0
2030-09-18 14:00:00,23.28614109224549,0.0,-29.978141194060093,0.0,-28.829467113746787,0.0,11.896821904467144,0.0,0
2030-09-18 16:00:00,-23.367420264528704,0.0,-6.529045731783195,0.0,-6.278871928386495,0.0,-17.249260697574815,0.0,0
2030-09-18 18:00:00,-50.531944039781656,0.0,15.751858870108668,0.0,15.148294029856592,0.0,-33.12622240829605,0.0,0
2030-09-18 20:00:00,-73.2225134746953,0.0,33.86408384416642,0.0,32.566511886200665,0.0,-46.38695404465216,0.0,0
2030-09-18 22:00:00,-47.41588364554405,0.0,25.783914288631344,0.0,24.795950630689838,0.0,-29.818646836970913,0.0,0
2030-09-19 00:00:00,-107.51565731137063,0.0,83.50084185255967,0.0,80.30133551560968,0.0,-63.327049455726595,0.0,0
2030-09-19 02:00:00,-86.43884699469409,0.0,68.25460870289189,0.0,65.63929311773231,0.0,-50.0784084396975,0.0,0
2030-09-19 04:00:00,-105.95537817300954,0.0,89.82281465829959,0.0,86.38106894261728,0.0,-60.59046729120597,0.0,0
2030-09-19 06:00:00,-84.83631187749418,0.0,66.6530808628865,0.0,64.09913110780977,0.0,-48.808577399835805,0.0,0
2030-09-19 08:00:00,-96.76571205720907,0.0,76.48087518263719,0.0,73.55035329359555,0.0,-55.867401057644265,0.0,0
2030-09-19 10:00:00,-39.668449164340814,0.0,36.74059079229886,0.0,35.33279955983665,0.0,-21.374561211323446,0.0,0
2030-09-19 12:00:00,-69.59339309922683,0.0,59.860149138330726,0.0,57.566484520708784,0.0,-38.82679055041557,0.0,0
2030-09-19 14:00:00,-82.69981754523462,0.0,76.16610986837188,0.0,73.24764885914057,0.0,-45.99581987399009,0.0,0
2030-09-19 16:00:00,-31.55723097798081,0.0,40.88315917455131,0.0,39.31663692218308,0.0,-16.286090997720645,0.0,0
2030-09-19 18:00:00,-124.56590056289647,3.5659005628964735,112.9614689383067,0.0,108.6331181375152,0.0,-71.20673954369009,0.0,1
2030-09-19 20:00:00,-118.38182612333644,0.0,104.54596101785134,0.0,100.54006769560465,0.0,-68.24731372898314,0.0,0
2030-09-19 22:00:00,-138.71549629985995,17.71549629985995,125.46970116468385,0.4697011646838547,120.66207174364794,0.0,-79.3998233818902,0.0,2
2030-09-20 00:00:00,-77.80370527221623,0.0,67.42830242077262,0.0,64.84464845874456,0.0,-45.177172406685465,0.0,0
2030-09-20 02:00:00,-66.00290490306622,0.0,62.09801428809641,0.0,59.71860126879301,0.0,-38.0434190846159,0.0,0
2030-09-20 04:00:00,-53.19067672604973,0.0,49.6819239472227,0.0,47.778258942483205,0.0,-30.805579858957955,0.0,0
2030-09-20 06:00:00,-69.74157711000055,0.0,57.28040774986054,0.0,55.08559122450905,0.0,-41.24913974617728,0.0,0
2030-09-20 08:00:00,-42.06899183622885,0.0,26.65922332747578,0.0,25.637720405085688,0.0,-25.903320043551158,0.0,0
2030-09-20 10:00:00,-54.82968430601126,0.0,45.94672881014476,0.0,44.186185482333144,0.0,-32.147340984504076,0.0,0
2030-09-20 12:00:00,-65.18434870390689,0.0,62.1927088945758,0.0,59.80966745684233,0.0,-37.062221525075024,0.0,0
2030-09-20 14:00:00,-88.38704407101758,0.0,93.04394630385103,0.0,89.47877631024,0.0,-48.74075727903549,0.0,0
2030-09-20 16:00:00,-105.16219011798529,0.0,102.50001494347558,0.0,98.57251624917271,0.0,-59.36583871276981,0.0,0
2030-09-20 18:00:00,-96.91632688032311,0.0,96.35200294232169,0.0,92.66007796106075,0.0,-55.835676503645075,0.0,0
2030-09-20 20:00:00,-111.50790329086328,0.0,99.74733168901943,0.0,95.92530770995123,0.0,-64.69337027713941,0.0,0
2030-09-20 22:00:00,-126.08517190506613,5.085171905066133,110.27379955688747,0.0,106.04843233119165,0.0,-73.25981993259963,0.0,1
2030-09-21 00:00:00,-126.71912854210701,5.719128542107015,117.14491943497856,0.0,112.65627113206062,0.0,-72.04182202348194,0.0,1
2030-09-21 02:00:00,-129.50883216968273,8.508832169682734,123.39732064593812,0.0,118.66909874290076,0.0,-73.1356021811022,0.0,1
2030-09-21 04:00:00,-130.36468137402093,9.364681374020932,124.93634777814559,0.0,120.14915488807395,0.0,-73.54570696063298,0.0,1
2030-09-21 06:00:00,-128.84362499693236,7.843624996932363,123.34435331703754,0.0,118.61816096604672,0.0,-72.7981757307438,0.0,1
2030-09-21 08:00:00,-118.67054135861532,0.0,113.91053827425887,0.0,109.54582193166898,0.0,-67.2590624264542,0.0,0
2030-09-21 10:00:00,-110.70004900875028,0.0,114.60254227869896,0.0,110.21131038071749,0.0,-61.50836113382734,0.0,0
2030-09-21 12:00:00,-110.77319715274005,0.0,110.87933627544814,0.0,106.6307666660959,0.0,-61.914517684195516,0.0,0
2030-09-21 14:00:00,-11.750167035502203,0.0,29.26316357469917,0.0,28.14188533104053,0.0,-4.072771003045061,0.0,0
2030-09-21 16:00:00,-104.7543194641452,0.0,103.98245046420243,0.0,99.99814920674629,0.0,-58.70653724459284,0.0,0
2030-09-21 18:00:00,-83.07292374057326,0.0,84.32008437910827,0.0,81.08918708133639,0.0,-46.25097477633429,0.0,0
2030-09-21 20:00:00,-81.70284303281103,0.0,86.12678596178847,0.0,82.82666118038273,0.0,-45.05520611976989,0.0,0
2030-09-21 22:00:00,-105.2263411982948,0.0,109.67387255565697,0.0,105.4714927657709,0.0,-58.343327141329965,0.0,0
2030-09-22 00:00:00,-9.560675966683842,0.0,17.491318343204817,0.0,16.82110253891975,0.0,-4.269694570588957,0.0,0
2030-09-22 02:00:00,-12.76946548484783,0.0,25.56668330777363,0.0,24.587043301239866,0.0,-5.522702664426858,0.0,0
2030-09-22 04:00:00,-11.124518202498596,0.0,19.97532817848232,0.0,19.209932433100963,0.0,-5.526405385631304,0.0,0
2030-09-22 06:00:00,-18.46142087244136,0.0,17.181670014593628,0.0,16.523319022298963,0.0,-10.888938578457832,0.0,0
2030-09-22 08:00:00,1.7851473769172874,0.0,-2.407128619254902,0.0,-2.3148945399295346,0.0,0.8628079047787687,0.0,0
2030-09-22 10:00:00,-18.82491244779143,0.0,22.355891958184372,0.0,21.49928001989187,0.0,-9.90862447384309,0.0,0
2030-09-22 12:00:00,-37.24639027832275,0.0,42.77368239200361,0.0,41.134720857824675,0.0,-19.35873853879583,0.0,0
2030-09-22 14:00:00,-14.37974952926237,0.0,20.13172375936592,0.0,19.360335395934193,0.0,-6.774854377909434,0.0,0
2030-09-22 16:00:00,3.9711634290560225,0.0,3.8786922534816495,0.0,3.7300721896743485,0.0,3.577108151774748,0.0,0
2030-09-22 18:00:00,17.68923765732609,0.0,-16.494587404151236,0.0,-15.862563393924543,0.0,10.400437311367936,0.0,0
2030-09-22 20:00:00,3.4253744249752396,0.0,-7.84732052982166,0.0,-7.5466343186863885,0.0,1.6222923125444495,0.0,0
2030-09-22 22:00:00,4.272286412623861,0.0,-6.443281056559041,0.0,-6.196393502926767,0.0,2.276020097975768,0.0,0
2030-09-23 00:00:00,-16.788897291351876,0.0,1.5891809958078644,0.0,1.5282882604313048,0.0,-11.989075559896982,0.0,0
2030-09-23 02:00:00,-13.82622894359267,0.0,-1.9859236263174962,0.0,-1.9098288818079823,0.0,-9.900326418914396,0.0,0
2030-09-23 04:00:00,-2.5773764555973067,0.0,-0.6281357009588963,0.0,-0.6040673908545157,0.0,-1.9753795752334202,0.0,0
2030-09-23 06:00:00,-7.076194233081104,0.0,-8.140880942290543,0.0,-7.828946360730155,0.0,-6.08040779881789,0.0,0
2030-09-23 08:00:00,34.87784257634679,0.0,-30.21686697891216,0.0,-29.059045629607493,0.0,19.378301891521883,0.0,0
2030-09-23 10:00:00,6.732948696121243,0.0,-7.446305011948383,0.0,-7.160984534405737,0.0,3.6354956844592596,0.0,0
2030-09-23 12:00:00,-16.412204351291543,0.0,12.278502739437876,0.0,11.808026676544376,0.0,-9.73955754051576,0.0,0
2030-09-23 14:00:00,-10.608094993792967,0.0,3.407415434386353,0.0,3.276853310303957,0.0,-6.9151127393086345,0.0,0
2030-09-23 16:00:00,-17.52041896751398,0.0,11.15144848276927,0.0,10.724157819642885,0.0,-10.912475320127488,0.0,0
2030-09-23 18:00:00,-12.451167945374698,0.0,0.25879645820077446,0.0,0.24888014011800674,0.0,-9.101699283880697,0.0,0
2030-09-23 20:00:00,-18.270314933640783,0.0,6.813677848479782,0.0,6.552597780656739,0.0,-12.194927914360933,0.0,0
2030-09-23 22:00:00,-13.535471015752327,0.0,-3.243829113973887,0.0,-3.1195351359027326,0.0,-10.272924764761425,0.0,0
2030-09-24 00:00:00,-19.500325902422137,0.0,9.429848914058908,0.0,9.068524876029697,0.0,-12.80718894764208,0.0,0
2030-09-24 02:00:00,-18.58297350766472,0.0,0.4623884731151797,0.0,0.4446711086306827,0.0,-13.655062013454609,0.0,0
2030-09-24 04:00:00,-21.40683884546842,0.0,4.754387224332095,0.0,4.5722131082983415,0.0,-15.010193593260798,0.0,0
2030-09-24 06:00:00,-15.566027655884199,0.0,-1.8547664746479233,0.0,-1.7836972859123712,0.0,-11.041978890909428,0.0,0
2030-09-24 08:00:00,-18.015958790757505,0.0,6.909529008592865,0.0,6.644776206610795,0.0,-12.131780343441488,0.0,0
2030-09-24 10:00:00,-10.822059803321066,0.0,-2.86386527736175,0.0,-2.7541303944575954,0.0,-7.947823921211557,0.0,0
2030-09-24 12:00:00,-24.719013907040612,0.0,11.41562701899718,0.0,10.978213812409038,0.0,-15.744584049766503,0.0,0
2030-09-24 14:00:00,-13.310262353191497,0.0,4.164315392666136,0.0,4.004751091369402,0.0,-8.324899792896582,0.0,0
2030-09-24 16:00:00,-18.9037679207555,0.0,15.474114275535834,0.0,14.881191790147177,0.0,-11.469146560647006,0.0,0
2030-09-24 18:00:00,-19.19967789945734,0.0,12.79413934170881,0.0,12.303905602845465,0.0,-11.975144059574495,0.0,0
2030-09-24 20:00:00,-14.42210942841759,0.0,-1.4548997740885166,0.0,-1.3991522996492773,0.0,-10.84539258821258,0.0,0
2030-09-24 22:00:00,-23.10469608035772,0.0,10.456389232028673,0.0,10.055731192334092,0.0,-15.111553444077552,0.0,0
2030-09-25 00:00:00,-12.50471620423297,0.0,13.165684088890462,0.0,12.661213849571602,0.0,-6.960913240046172,0.0,0
2030-09-25 02:00:00,-29.283940525470445,0.0,19.767005900440367,0.0,19.009592451212445,0.0,-17.636353359037713,0.0,0
2030-09-25 04:00:00,-25.39689733134964,0.0,19.14435078132001,0.0,18.4107956424415,0.0,-15.20638816391792,0.0,0
2030-09-25 06:00:00,-29.09885918611475,0.0,21.62879885519944,0.0,20.800046983212106,0.0,-17.558407456986018,0.0,0
2030-09-25 08:00:00,-22.487208495746586,0.0,19.079774342532648,0.0,18.348693582600927,0.0,-13.296138402248092,0.0,0
2030-09-25 10:00:00,-12.713234015907192,0.0,-0.7223613424028681,0.0,-0.6946825832272991,0.0,-9.510256012527304,0.0,0
2030-09-25 12:00:00,-12.373915014130004,0.0,13.500015010655918,0.0,12.982734195071114,0.0,-6.966804216600736,0.0,0
2030-09-25 14:00:00,44.277984935066854,0.0,-41.46320910783643,0.0,-39.87446105036105,0.0,24.954049873953124,0.0,0
2030-09-25 16:00:00,-10.692375348047932,0.0,0.9371125128836848,0.0,0.9012051213306913,0.0,-7.731762350064458,0.0,0
2030-09-25 18:00:00,-10.725733802393506,0.0,-4.754656399987207,0.0,-4.572471969935071,0.0,-8.73929603914658,0.0,0
2030-09-25 20:00:00,-15.334677890485757,0.0,3.7397395279059116,0.0,3.596443723305477,0.0,-10.649620954583822,0.0,0
2030-09-25 22:00:00,-14.022889783999457,0.0,3.1965091245856216,0.0,3.0740283091432277,0.0,-9.67381911321609,0.0,0
2030-09-26 00:00:00,-10.213861862720645,0.0,-4.691720300868233,0.0,-4.5119473967778285,0.0,-7.883683714010167,0.0,0
2030-09-26 02:00:00,-18.268852367338038,0.0,14.391297274540094,0.0,13.839865147566758,0.0,-11.220715001517226,0.0,0
2030-09-26 04:00:00,3.239606089919989,0.0,-0.7476144194026868,0.0,-0.7189680366907631,0.0,1.8628544573754127,0.0,0
2030-09-26 06:00:00,-7.190704303037672,0.0,-5.677581056488867,0.0,-5.460032871754893,0.0,-5.934858497564714,0.0,0
2030-09-26 08:00:00,-1.2531438179709014,0.0,-18.127306856167476,0.0,-17.432721845149825,0.0,-3.6167367240038373,0.0,0
2030-09-26 10:00:00,-1.3617194842384097,0.0,-16.68898893050745,0.0,-16.04951602633318,0.0,-3.5481827073299566,0.0,0
2030-09-26 12:00:00,-5.668855217381806,0.0,-9.80233438328229,0.0,-9.426737799099415,0.0,-5.711984500705808,0.0,0
2030-09-26 14:00:00,44.17275619105314,0.0,-45.705350780447134,0.0,-43.95405634783792,0.0,24.240029593634645,0.0,0
2030-09-26 16:00:00,-15.514371426283043,0.0,0.8409816917940471,0.0,0.8087577501851433,0.0,-11.55574567126362,0.0,0
2030-09-26 18:00:00,-11.116355656527482,0.0,-5.126949610855201,0.0,-4.930500001423473,0.0,-9.098420005039623,0.0,0
2030-09-26 20:00:00,-10.61517643225496,0.0,-2.057000290878927,0.0,-1.9781820979150724,0.0,-7.931448087116197,0.0,0
2030-09-26 22:00:00,-13.015984439185178,0.0,-3.113932436980712,0.0,-2.9946157170062433,0.0,-9.624568413056249,0.0,0
2030-09-27 00:00:00,-29.676531429755045,0.0,20.551424063299443,0.0,19.763954020302993,0.0,-18.517308922879664,0.0,0
2030-09-27 02:00:00,-19.009969760350035,0.0,26.369581484436445,0.0,25.359176784431725,0.0,-9.87956487618646,0.0,0
2030-09-27 04:00:00,-11.880072071906245,0.0,15.179942880185244,0.0,14.598292176286343,0.0,-6.416273307196534,0.0,0
2030-09-27 06:00:00,-6.013171557570061,0.0,8.367913479370383,0.0,8.047279679634912,0.0,-3.262599127708216,0.0,0
2030-09-27 08:00:00,2.7459125486550633,0.0,-8.366575301679783,0.0,-8.045992776972227,0.0,0.344086016804068,0.0,0
2030-09-27 10:00:00,-12.119578212766582,0.0,2.0316007403173337,0.0,1.953755783325513,0.0,-8.021584076553383,0.0,0
2030-09-27 12:00:00,-12.583490720888028,0.0,1.246086569257829,0.0,1.1983402018407459,0.0,-9.062001668063392,0.0,0
2030-09-27 14:00:00,-13.775929004408663,0.0,-3.207115044541091,0.0,-3.084227841482052,0.0,-10.37253018399994,0.0,0
2030-09-27 16:00:00,-13.848870712779952,0.0,-5.054907340590388,0.0,-4.861218178779591,0.0,-10.988672532511687,0.0,0
2030-09-27 18:00:00,-11.231710067246553,0.0,-11.860295282789076,0.0,-11.40584369794891,0.0,-10.121076527506254,0.0,0
2030-09-27 20:00:00,-17.702901926591,0.0,1.0129104278971228,0.0,0.9740986834773322,0.0,-12.391140860195861,0.0,0
2030-09-27 22:00:00,-16.211703973740946,0.0,2.0196150073624892,0.0,1.9422293083576152,0.0,-11.343809545015223,0.0,0
2030-09-28 00:00:00,-23.824274898575577,0.0,7.695456478752036,0.0,7.400589250790852,0.0,-15.856244651312698,0.0,0
2030-09-28 02:00:00,-23.36498877357738,0.0,2.7887097351245913,0.0,2.681854591254326,0.0,-15.765009616720178,0.0,0
2030-09-28 04:00:00,-32.43117227928574,0.0,22.106040631146204,0.0,21.259002259855155,0.0,-19.828137427384053,0.0,0
2030-09-28 06:00:00,-34.71628083179088,0.0,16.71791415821331,0.0,16.077332924502706,0.0,-21.892846666736308,0.0,0
2030-09-28 08:00:00,-39.32709191457375,0.0,30.436509572168163,0.0,29.2702721655712,0.0,-23.53550468334053,0.0,0
2030-09-28 10:00:00,-39.5057020657046,0.0,28.652606470958716,0.0,27.554722977330748,0.0,-23.91502998558885,0.0,0
2030-09-28 12:00:00,-23.37192504039748,0.0,11.38964012812401,0.0,10.953222662658733,0.0,-15.045360456988103,0.0,0
2030-09-28 14:00:00,-19.24394281760606,0.0,5.314027292086588,0.0,5.11040941688265,0.0,-13.180915272272292,0.0,0
2030-09-28 16:00:00,30.317948378094286,0.0,-28.17764245180323,0.0,-27.09795818054704,0.0,16.67287240477546,0.0,0
2030-09-28 18:00:00,30.153147833501038,0.0,-36.48795660051899,0.0,-35.089845566239134,0.0,15.172000231668955,0.0,0
2030-09-28 20:00:00,-16.553582477680596,0.0,-2.1771248976670723,0.0,-2.0937038835566053,0.0,-12.162328770375327,0.0,0
2030-09-28 22:00:00,-16.74564433465762,0.0,-0.9854190600313766,0.0,-0.9476607038618639,0.0,-12.19683953563539,0.0,0
2030-09-29 00:00:00,-21.74659989171454,0.0,1.9038738610689343,0.0,1.8309230219145407,0.0,-15.45363065045365,0.0,0
2030-09-29 02:00:00,-31.863804368680803,0.0,27.7696836175705,0.0,26.70563112734056,0.0,-18.820670571622284,0.0,0
2030-09-29 04:00:00,-25.22736612928154,0.0,-2.2234437679750085,0.0,-2.138247951170504,0.0,-18.28272942869518,0.0,0
2030-09-29 06:00:00,-44.49390552490565,0.0,35.29140015643074,0.0,33.93913764104539,0.0,-26.903710956158847,0.0,0
2030-09-29 08:00:00,-29.93908774127573,0.0,12.547702731567835,0.0,12.066911717811372,0.0,-20.032967141375565,0.0,0
2030-09-29 10:00:00,2.23942457967239,0.0,-0.9672258848305788,0.0,-0.9301646375530515,0.0,0.6354157870846407,0.0,0
2030-09-29 12:00:00,-53.91543385020243,0.0,47.258170829524744,0.0,45.447376905929126,0.0,-31.602589010445627,0.0,0
2030-09-29 14:00:00,-31.741268843877492,0.0,26.687267769726724,0.0,25.66469026690475,0.0,-19.266028955324764,0.0,0
2030-09-29 16:00:00,-31.924797448962813,0.0,30.308576850785045,0.0,29.147241449289957,0.0,-18.61360705367087,0.0,0
2030-09-29 18:00:00,12.618250917527224,0.0,-6.754204908677046,0.0,-6.4954036687502255,0.0,6.557616206676796,0.0,0
2030-09-29 20:00:00,-47.481945786787875,0.0,36.37583275215138,0.0,34.98201797351903,0.0,-29.286455063882688,0.0,0
2030-09-29 22:00:00,-30.05137471596737,0.0,10.853220046097144,0.0,10.437356618335395,0.0,-20.553742613892407,0.0,0
2030-09-30 00:00:00,-25.672625545951597,0.0,15.411383388231323,0.0,14.82086456569211,0.0,-16.393302196225832,0.0,0
2030-09-30 02:00:00,-20.60487179775168,0.0,-4.410414713102618,0.0,-4.241420610647135,0.0,-15.364203490249453,0.0,0
2030-09-30 04:00:00,-25.176403719452445,0.0,3.864437040675374,0.0,3.7163631946390066,0.0,-17.991761454784854,0.0,0
2030-09-30 06:00:00,-22.35310740273529,0.0,2.6975436870512413,0.0,2.5941817576453055,0.0,-15.950178502725883,0.0,0
2030-09-30 08:00:00,-27.79767285025737,0.0,21.93942814570309,0.0,21.09877387415478,0.0,-17.001114407122973,0.0,0
2030-09-30 10:00:00,-40.99173386006679,0.0,32.81737871200626,0.0,31.559913411997016,0.0,-24.878255370005714,0.0,0
2030-09-30 12:00:00,8.796418887102382,0.0,-2.554037994244182,0.0,-2.4561747803400102,0.0,4.667778737113158,0.0,0
2030-09-30 14:00:00,-10.551020253403765,0.0,20.016668562477726,0.0,19.249688775335493,0.0,-5.735103112362999,0.0,0
2030-09-30 16:00:00,-30.829064333199,0.0,24.265799150089666,0.0,23.336005193174223,0.0,-18.86655419895044,0.0,0
2030-09-30 18:00:00,-59.35596071944765,0.0,52.811207552887865,0.0,50.78763761660137,0.0,-35.057354809280916,0.0,0
2030-09-30 20:00:00,-39.500386234589584,0.0,23.338875359576328,0.0,22.444598392379948,0.0,-24.838475643547405,0.0,0
2030-09-30 22:00:00,-70.29152256515675,0.0,57.13470034593735,0.0,54.94546689917341,0.0,-41.76971999121277,0.0,0
2030-10-01 00:00:00,-56.49344606099758,0.0,44.2500299302867,0.0,42.55449910651167,0.0,-33.204811805805775,0.0,0
2030-10-01 02:00:00,-63.867510796573484,0.0,55.142214541265076,0.0,53.02932728235875,0.0,-37.415387889521696,0.0,0
2030-10-01 04:00:00,-46.6810472283046,0.0,30.11155174052154,0.0,28.957765760982426,0.0,-28.653321181934043,0.0,0
2030-10-01 06:00:00,-39.913793397407474,0.0,27.932040612905745,0.0,26.861767080781004,0.0,-24.49535117143795,0.0,0
2030-10-01 08:00:00,-44.2343239936277,0.0,30.213226802303147,0.0,29.055544933845262,0.0,-26.23310121077702,0.0,0
2030-10-01 10:00:00,-125.66897351828936,4.668973518289363,126.6929318537986,1.6929318537985978,121.83843183535839,0.0,-70.17694894920353,0.0,2
2030-10-01 12:00:00,-95.87549085934756,0.0,93.75284437703037,0.0,90.16051149706911,0.0,-53.08246168186235,0.0,0
2030-10-01 14:00:00,-67.6735639705301,0.0,62.05554878941845,0.0,59.67776292295692,0.0,-38.15689383132462,0.0,0
2030-10-01 16:00:00,-106.43927089901416,0.0,99.29619247666736,0.0,95.49145482354191,0.0,-60.57614152765059,0.0,0
2030-10-01 18:00:00,-128.82470045914343,7.824700459143429,110.14257317677789,0.0,105.92223415948595,0.0,-74.4237674961944,0.0,1
2030-10-01 20:00:00,-168.3913865982274,47.3913865982274,151.5848763594397,26.584876359439704,145.776590338154,20.776590338153994,-96.76275490435546,0.0,3
2030-10-01 22:00:00,-118.56985747394381,0.0,107.26331609873219,0.0,103.15330173281535,0.0,-68.44134943739111,0.0,0
2030-10-02 00:00:00,-75.06967588532481,0.0,61.83452744531214,0.0,59.46521046581499,0.0,-44.488790672425324,0.0,0
2030-10-02 02:00:00,-32.30093383877539,0.0,13.465757395249604,0.0,12.949789230593165,0.0,-20.597706034691093,0.0,0
2030-10-02 04:00:00,-32.53379963415536,0.0,12.802639939102242,0.0,12.312080482382362,0.0,-21.531837763257734,0.0,0
2030-10-02 06:00:00,-38.18487220737158,0.0,28.214614832916002,0.0,27.133513888905,0.0,-22.894782105678456,0.0,0
2030-10-02 08:00:00,3.53012687236038,0.0,6.571647479660753,0.0,6.319841302754126,0.0,2.868028513023849,0.0,0
2030-10-02 10:00:00,-48.487366562269855,0.0,54.206295951920495,0.0,52.12927033693329,0.0,-26.178365429352787,0.0,0
2030-10-02 12:00:00,-58.69779883373788,0.0,73.15648327024627,0.0,70.35334228844123,0.0,-30.36465337178557,0.0,0
2030-10-02 14:00:00,-89.32349799865972,0.0,103.166111318675,0.0,99.2130897730309,0.0,-48.53783031309105,0.0,0
2030-10-02 16:00:00,-114.75473097374658,0.0,121.90279522105425,0.0,117.231839130691,0.0,-63.78466226981871,0.0,0
2030-10-02 18:00:00,-107.1115270137652,0.0,109.03180060600235,0.0,104.85402312222617,0.0,-59.93858948395765,0.0,0
2030-10-02 20:00:00,-76.71989291224438,0.0,63.56376223740707,0.0,61.12818607353956,0.0,-44.21719685303909,0.0,0
2030-10-02 22:00:00,-57.384806561041664,0.0,43.71475336897534,0.0,42.039732766557826,0.0,-33.681194523426726,0.0,0
2030-10-03 00:00:00,-37.01927998998408,0.0,18.007910466933275,0.0,17.317900373910295,0.0,-22.896097783451882,0.0,0
2030-10-03 02:00:00,-25.32933526807868,0.0,21.97144072359866,0.0,21.129559824347325,0.0,-14.940413834430574,0.0,0
2030-10-03 04:00:00,-48.446266688763984,0.0,38.59056126854267,0.0,37.111884615878814,0.0,-29.16714826185205,0.0,0
2030-10-03 06:00:00,-38.76088597568684,0.0,21.61008315007539,0.0,20.782048408787855,0.0,-25.269974542282284,0.0,0
2030-10-03 08:00:00,-25.63008067544869,0.0,17.408885421291398,0.0,16.741828203796427,0.0,-16.279743759130305,0.0,0
2030-10-03 10:00:00,10.191152205289548,0.0,6.558645302537609,0.0,6.307337330764981,0.0,6.742493140129914,0.0,0
2030-10-03 12:00:00,-38.318176077274146,0.0,43.97045250283031,0.0,42.28563426267687,0.0,-20.928882141837416,0.0,0
2030-10-03 14:00:00,-61.23006877215784,0.0,67.87926787943101,0.0,65.27833424918997,0.0,-33.62406152064223,0.0,0
2030-10-03 16:00:00,-42.721775969199854,0.0,47.370288956900694,0.0,45.555198996869244,0.0,-23.95966427517625,0.0,0
2030-10-03 18:00:00,-50.59837790872119,0.0,56.25873969252045,0.0,54.10307047815637,0.0,-28.02251455641587,0.0,0
2030-10-03 20:00:00,-36.07445285187838,0.0,39.13615819468532,0.0,37.636575874678684,0.0,-20.14530428534723,0.0,0
2030-10-03 22:00:00,-58.086504294277496,0.0,59.21874695495577,0.0,56.94965897997257,0.0,-33.29408801983297,0.0,0
2030-10-04 00:00:00,-38.8321855670574,0.0,33.413559509886134,0.0,32.13325031754649,0.0,-23.56999066741161,0.0,0
2030-10-04 02:00:00,-29.19566417351224,0.0,10.049980929732094,0.0,9.664895259246475,0.0,-19.68418846471262,0.0,0
2030-10-04 04:00:00,-33.78316991847854,0.0,16.699113992613256,0.0,16.059253125879106,0.0,-22.46255040445629,0.0,0
2030-10-04 06:00:00,-34.69587935209307,0.0,14.280392722577119,0.0,13.733210131404018,0.0,-23.257723813806408,0.0,0
2030-10-04 08:00:00,-64.2868380401491,0.0,48.34741910300038,0.0,46.494888393569184,0.0,-39.0491453252823,0.0,0
2030-10-04 10:00:00,-35.780676169815465,0.0,13.077631829697559,0.0,12.57653549362361,0.0,-24.07339894605695,0.0,0
2030-10-04 12:00:00,30.60858551809496,0.0,-32.39292143484727,0.0,-31.151720087606677,0.0,16.233608871890038,0.0,0
2030-10-04 14:00:00,-28.545880265925714,0.0,9.284461128814142,0.0,8.928707922525993,0.0,-19.41256359377485,0.0,0
2030-10-04 16:00:00,-25.878054342465738,0.0,12.313891954654302,0.0,11.842059881260289,0.0,-17.261650220711473,0.0,0
2030-10-04 18:00:00,-27.897255696473035,0.0,8.474637249948955,0.0,8.149914109642927,0.0,-19.071053685575233,0.0,0
2030-10-04 20:00:00,-49.25368041562689,0.0,26.54467087628569,0.0,25.527557266450593,0.0,-31.907818675132557,0.0,0
2030-10-04 22:00:00,-20.946420796777673,0.0,-1.1110318373163794,0.0,-1.0684603694702943,0.0,-15.468927824975346,0.0,0
2030-10-05 00:00:00,-32.683883457706116,0.0,13.312765469675005,0.0,12.802659505021872,0.0,-21.71932164236711,0.0,0
2030-10-05 02:00:00,-47.4086840860635,0.0,33.65887346584369,0.0,32.36916456519905,0.0,-29.16121669798129,0.0,0
2030-10-05 04:00:00,-55.83432800276371,0.0,40.2742429843687,0.0,38.73105260705643,0.0,-34.22438471726442,0.0,0
2030-10-05 06:00:00,-59.19704106314076,0.0,34.34206933712295,0.0,33.02618238280799,0.0,-37.20594800420358,0.0,0
2030-10-05 08:00:00,-77.59615350337344,0.0,70.06005340251437,0.0,67.37555849377799,0.0,-45.49470108788562,0.0,0
2030-10-05 10:00:00,-66.79988491664184,0.0,69.14593735970004,0.0,66.49646868551179,0.0,-37.78166756600952,0.0,0
2030-10-05 12:00:00,-12.458212144794867,0.0,40.0530054534631,0.0,38.518292246756545,0.0,-4.221192583871301,0.0,0
2030-10-05 14:00:00,-41.984623168182274,0.0,44.40041195047414,0.0,42.69911893058368,0.0,-23.992705899565046,0.0,0
2030-10-05 16:00:00,-62.6004114123627,0.0,67.36589044363294,0.0,64.78462792475608,0.0,-35.63267863448007,0.0,0
2030-10-05 18:00:00,-77.86035877096549,0.0,82.2957757924076,0.0,79.14244403777747,0.0,-44.07307754449284,0.0,0
2030-10-05 20:00:00,-56.52132476053288,0.0,64.5559154741064,0.0,62.082322920252714,0.0,-31.646057461599707,0.0,0
2030-10-05 22:00:00,-42.98428122091151,0.0,50.79294483922694,0.0,48.846708786033645,0.0,-24.200269238938038,0.0,0
2030-10-06 00:00:00,-75.9056590737936,0.0,82.12077848753657,0.0,78.97415211423508,0.0,-42.94484362725486,0.0,0
2030-10-06 02:00:00,-87.97885955216194,0.0,94.8044884106717,0.0,91.17185962859483,0.0,-48.8321660472831,0.0,0
2030-10-06 04:00:00,-97.95003193013484,0.0,104.10767358923147,0.0,100.11857415042566,0.0,-54.20806877577493,0.0,0
2030-10-06 06:00:00,-93.77515362922585,0.0,97.93071950926887,0.0,94.17830275872589,0.0,-51.991307355819266,0.0,0
2030-10-06 08:00:00,-51.19235442117119,0.0,63.45989581720117,0.0,61.02829950865325,0.0,-27.371525274161456,0.0,0
2030-10-06 10:00:00,-121.88950128401268,0.889501284012681,119.62538245343677,0.0,115.04169011299723,0.0,-68.76992044305679,0.0,1
2030-10-06 12:00:00,-121.64992329002806,0.649923290028056,119.98391567402908,0.0,115.38648539651192,0.0,-68.52458645872223,0.0,1
2030-10-06 14:00:00,-53.3605017300299,0.0,69.09914704088756,0.0,66.4514712339115,0.0,-28.114979662545956,0.0,0
2030-10-06 16:00:00,-114.8033052325326,0.0,112.4476772350084,0.0,108.13901341909144,0.0,-64.9248095394342,0.0,0
2030-10-06 18:00:00,-109.95710549833686,0.0,108.15025543895078,0.0,104.00625616968975,0.0,-62.122689384562825,0.0,0
2030-10-06 20:00:00,-103.32089839078766,0.0,103.36641561823362,0.0,99.40571900175739,0.0,-58.18611539911739,0.0,0
2030-10-06 22:00:00,-105.31295168608771,0.0,104.95599986743844,0.0,100.9343950641032,0.0,-59.066809872717194,0.0,0
2030-10-07 00:00:00,-117.8672040049931,0.0,113.29394516032457,0.0,108.95285484989896,0.0,-66.67833047300643,0.0,0
2030-10-07 02:00:00,-123.11663909142533,2.116639091425327,122.93377218108128,0.0,118.22331208999566,0.0,-69.09602498075755,0.0,1
2030-10-07 04:00:00,-93.0883349715051,0.0,101.23087843890593,0.0,97.35200931765559,0.0,-51.146075900449915,0.0,0
2030-10-07 06:00:00,-112.93548600844912,0.0,111.4353358062686,0.0,107.16546193239975,0.0,-63.57718868222273,0.0,0
2030-10-07 08:00:00,-74.43776403795296,0.0,88.41159477412538,0.0,85.02392284814464,0.0,-40.25351577177715,0.0,0
2030-10-07 10:00:00,-128.09144582985715,7.09144582985715,127.2801115895343,2.2801115895343003,122.40311257295578,0.0,-72.46513294181553,0.0,2
2030-10-07 12:00:00,-70.6315217641184,0.0,73.35194874475528,0.0,70.541318101643,0.0,-39.89883862657133,0.0,0
2030-10-07 14:00:00,-62.94296223081094,0.0,65.18407211120581,0.0,62.6864104450364,0.0,-35.9436189936062,0.0,0
2030-10-07 16:00:00,-123.44755530817201,2.4475553081720136,116.15930343950104,0.0,111.70842103873898,0.0,-71.05667266672349,0.0,1
2030-10-07 18:00:00,-147.1452527879,26.145252787900006,139.91842957145872,14.918429571458717,134.55716743160585,9.557167431605848,-84.53653301521497,0.0,3
2030-10-07 20:00:00,-138.70530907099013,17.705309070990126,131.0844510194799,6.0844510194799,126.06168092031136,1.0616809203113604,-79.90406276970657,0.0,3
2030-10-07 22:00:00,-133.26566392905733,12.265663929057325,126.774716222085,1.7747162220850043,121.91708246751969,0.0,-77.19429264788002,0.0,2
2030-10-08 00:00:00,-141.54033438259728,20.54033438259728,138.16075012054205,13.160750120542048,132.86683708061148,7.866837080611475,-81.31184686105038,0.0,3
2030-10-08 02:00:00,-131.13183873870273,10.131838738702726,128.1149192699595,3.1149192699595005,123.20593288170416,0.0,-74.104877402208,0.0,2
2030-10-08 04:00:00,-126.68805399872866,5.6880539987286625,124.91798882983583,0.0,120.13149940059347,0.0,-71.47250993606647,0.0,1
2030-10-08 06:00:00,-134.92213570866215,13.922135708662154,137.20772771599997,12.207727715999965,131.95033168781373,6.95033168781373,-76.10085599190901,0.0,3
2030-10-08 08:00:00,-131.4400109826983,10.440010982698311,130.9120713544212,5.912071354421187,125.89590633633298,0.8959063363329847,-75.12135429836924,0.0,3
2030-10-08 10:00:00,-116.60831258060846,0.0,122.98095912737094,0.0,118.26869097147625,0.0,-65.0611146757507,0.0,0
2030-10-08 12:00:00,-103.26446769439565,0.0,108.28544013251066,0.0,104.13626098393215,0.0,-57.178352281053485,0.0,0
2030-10-08 14:00:00,-59.577207883017344,0.0,76.9090752601942,0.0,73.9621460052958,0.0,-31.301788971593698,0.0,0
2030-10-08 16:00:00,-135.16237379259053,14.162373792590529,136.5145209129304,11.514520912930408,131.28368652783706,6.283686527837062,-75.89786008346933,0.0,3
2030-10-08 18:00:00,-144.59037597722494,23.590375977224937,138.60384216255693,13.60384216255693,133.29295114055057,8.29295114055057,-83.0363499782117,0.0,3
2030-10-08 20:00:00,-125.68734065725914,4.687340657259142,124.57115948392607,0.0,119.79795953375313,0.0,-72.1327509986022,0.0,1
2030-10-08 22:00:00,-130.1580414716875,9.158041471687511,133.3380901916315,8.338090191631494,128.22896727670053,3.22896727670053,-73.90296294038166,0.0,3
2030-10-09 00:00:00,-137.57887907699887,16.578879076998874,139.6047117342997,14.604711734299713,134.25547033801917,9.255470338019165,-78.24102039169436,0.0,3
2030-10-09 02:00:00,-125.2845329675513,4.2845329675513,129.07297069491312,4.072970694913124,124.12727459766268,0.0,-71.44711560163807,0.0,2
2030-10-09 04:00:00,-124.78843673127592,3.7884367312759224,122.78027977267138,0.0,118.07570105861717,0.0,-72.194834985146,0.0,1
2030-10-09 06:00:00,-128.70723277909244,7.707232779092436,122.26078142367531,0.0,117.57610835635194,0.0,-75.0493212553026,0.0,1
2030-10-09 08:00:00,-116.2157892460145,0.0,109.36577827456927,0.0,105.17520375014925,0.0,-68.047461326104,0.0,0
2030-10-09 10:00:00,-25.961027825946907,0.0,37.05799679822544,0.0,35.638043502425845,0.0,-14.90835343530943,0.0,0
2030-10-09 12:00:00,-42.06942832540379,0.0,32.36427026679965,0.0,31.124166747936705,0.0,-25.986664414216953,0.0,0
2030-10-09 14:00:00,-11.357617685451368,0.0,8.947085923339948,0.0,8.604259941303656,0.0,-7.536804379507877,0.0,0
2030-10-09 16:00:00,-38.086896757451434,0.0,28.850544334822956,0.0,27.745076445209307,0.0,-23.900904123203176,0.0,0
2030-10-09 18:00:00,-24.599026767643007,0.0,8.09652955015387,0.0,7.786294383318742,0.0,-17.069817128790998,0.0,0
2030-10-09 20:00:00,-31.7171410526045,0.0,17.443217090499072,0.0,16.774844384552033,0.0,-21.236305899097516,0.0,0
2030-10-09 22:00:00,-26.130204540949975,0.0,12.293142427960774,0.0,11.822105415319125,0.0,-18.156578347373145,0.0,0
2030-10-10 00:00:00,-36.59845140020124,0.0,24.986523920624784,0.0,24.02911391314818,0.0,-23.793949350921906,0.0,0
2030-10-10 02:00:00,-24.310540818009528,0.0,21.02147539835837,0.0,20.215994372576006,0.0,-16.084673994226435,0.0,0
2030-10-10 04:00:00,-52.73295498665808,0.0,36.6045153947024,0.0,35.20193817071315,0.0,-33.386265801753716,0.0,0
2030-10-10 06:00:00,-64.80835741694796,0.0,57.07009674898822,0.0,54.883338721791915,0.0,-40.01297313889892,0.0,0
2030-10-10 08:00:00,-1.8083750546889519,0.0,3.77752287232306,0.0,3.6327793212426003,0.0,-2.7620823520695197,0.0,0
2030-10-10 10:00:00,-47.83858286008858,0.0,45.504531510206846,0.0,43.760931880589695,0.0,-28.583153694248008,0.0,0
2030-10-10 12:00:00,-72.79185805497237,0.0,74.13386042416468,0.0,71.29326922834781,0.0,-42.42340216432296,0.0,0
2030-10-10 14:00:00,-44.99685084931072,0.0,43.1189581259548,0.0,41.466766642541145,0.0,-26.247441903585912,0.0,0
2030-10-10 16:00:00,-30.447641492708797,0.0,14.779916566230671,0.0,14.213593692543416,0.0,-20.206913440351396,0.0,0
2030-10-10 18:00:00,-79.09730840056022,0.0,60.55847203153864,0.0,58.238049737317525,0.0,-48.380972544334604,0.0,0
2030-10-10 20:00:00,-91.65622669176717,0.0,82.14304667083526,0.0,78.99556704633297,0.0,-55.071566410960706,0.0,0
2030-10-10 22:00:00,-68.28369060064469,0.0,54.69866503526265,0.0,52.60277328710453,0.0,-41.89737588734962,0.0,0
2030-10-11 00:00:00,-79.74664196580895,0.0,73.27323470430736,0.0,70.46562015140007,0.0,-48.01649607377966,0.0,0
2030-10-11 02:00:00,-82.4735904202611,0.0,77.1006031086315,0.0,74.14633507065997,0.0,-49.672641143184656,0.0,0
2030-10-11 04:00:00,-48.8622098493186,0.0,49.562420126784886,0.0,47.6633341564874,0.0,-29.67064728345805,0.0,0
2030-10-11 06:00:00,-46.39497417970105,0.0,45.517372130224715,0.0,43.77328048586607,0.0,-28.09790478629313,0.0,0
2030-10-11 08:00:00,-46.30863210058766,0.0,46.685875346887116,0.0,44.897010100688,0.0,-27.63772614585345,0.0,0
2030-10-11 10:00:00,-56.569379608597856,0.0,64.24772253465508,0.0,61.78593902656543,0.0,-32.290406586451546,0.0,0
2030-10-11 12:00:00,-49.989091176454906,0.0,58.52091524547836,0.0,56.27856612638054,0.0,-28.663669584656457,0.0,0
2030-10-11 14:00:00,-50.69544050449073,0.0,44.44591255081001,0.0,42.74287608192109,0.0,-30.6531376624689,0.0,0
2030-10-11 16:00:00,-57.60701290930646,0.0,49.24679440242336,0.0,47.35980228031711,0.0,-34.59333565137404,0.0,0
2030-10-11 18:00:00,-53.63393608106203,0.0,34.53350556801708,0.0,33.21028334114342,0.0,-33.49005852552525,0.0,0
2030-10-11 20:00:00,-69.39431833516593,0.0,62.87528112355953,0.0,60.466085528291735,0.0,-40.63865229271217,0.0,0
2030-10-11 22:00:00,-42.07656437499143,0.0,20.436288490513036,0.0,19.653230103573758,0.0,-27.22578232725453,0.0,0
2030-10-12 00:00:00,-46.05890686054167,0.0,47.73126718010451,0.0,45.90234559769628,0.0,-26.300207014662018,0.0,0
2030-10-12 02:00:00,-31.508374983757427,0.0,31.081677595540476,0.0,29.89071925040711,0.0,-18.4289147641329,0.0,0
2030-10-12 04:00:00,-57.658214192009304,0.0,60.51804737062451,0.0,58.199174030352694,0.0,-32.854699694588646,0.0,0
2030-10-12 06:00:00,-87.92880912693255,0.0,92.08468709126893,0.0,88.55627308551792,0.0,-49.92514051508686,0.0,0
2030-10-12 08:00:00,-13.327249985627276,0.0,29.954921188009514,0.0,28.80713682994156,0.0,-6.480027423361623,0.0,0
2030-10-12 10:00:00,-64.04979326492756,0.0,63.9218306019988,0.0,61.4725343129667,0.0,-36.72203276771525,0.0,0
2030-10-12 12:00:00,8.004226614836702,0.0,8.611109109642541,0.0,8.281156769603676,0.0,5.666832566909765,0.0,0
2030-10-12 14:00:00,-16.881075681859333,0.0,8.361279194531182,0.0,8.040899601051692,0.0,-10.875127258675258,0.0,0
2030-10-12 16:00:00,-38.23193454086286,0.0,17.56096887468718,0.0,16.888084267167255,0.0,-24.97518082566463,0.0,0
2030-10-12 18:00:00,-70.62379537730273,0.0,36.27465371093398,0.0,34.884715815173216,0.0,-44.548022124406316,0.0,0
2030-10-12 20:00:00,-78.77375604792482,0.0,44.06851103334266,0.0,42.3799354790974,0.0,-48.84907788810694,0.0,0
2030-10-12 22:00:00,-90.31922787348641,0.0,59.766884251250346,0.0,57.47679326942196,0.0,-55.03387241481852,0.0,0
2030-10-13 00:00:00,-90.83833317229086,0.0,56.45262024322812,0.0,54.28952209716913,0.0,-56.02299687458822,0.0,0
2030-10-13 02:00:00,-106.87808132757303,0.0,70.62785637810494,0.0,67.92160493161111,0.0,-64.62905756247427,0.0,0
2030-10-13 04:00:00,-102.57713858766172,0.0,66.1035370357521,0.0,63.57064418163996,0.0,-62.605331483755016,0.0,0
2030-10-13 06:00:00,-124.98257073325017,3.9825707332501707,87.16915736786311,0.0,83.82909198412088,0.0,-75.24686885065537,0.0,1
2030-10-13 08:00:00,-92.08157732437442,0.0,70.57594444636479,0.0,67.87168211220673,0.0,-54.86571722860335,0.0,0
2030-10-13 10:00:00,-140.70413903363269,19.704139033632686,104.22248972311218,0.0,100.228990868207,0.0,-84.29684278567117,0.0,1
2030-10-13 12:00:00,-90.60020255228952,0.0,91.29237812688477,0.0,87.79432306717692,0.0,-50.769699872064635,0.0,0
2030-10-13 14:00:00,-153.6494571288991,32.64945712889909,121.18874402626966,0.0,116.5451482746999,0.0,-90.79841663144835,0.0,1
2030-10-13 16:00:00,-164.22344229636218,43.22344229636218,137.34461190297867,12.34461190297867,132.08197087589235,7.0819708758923525,-96.33574873420137,0.0,3
2030-10-13 18:00:00,-115.23632739438939,0.0,68.01296635325039,0.0,65.40690979125509,0.0,-71.15610171077272,0.0,0
2030-10-13 20:00:00,-151.48488510543757,30.48488510543757,100.04823917414795,0.0,96.21468530646845,0.0,-92.20662131891386,0.0,1
2030-10-13 22:00:00,-179.43978422640856,58.43978422640856,133.95899159789903,8.958991597899029,128.82607756973022,3.8260775697302165,-107.42379035344135,0.0,3
2030-10-14 00:00:00,-107.31638627555154,0.0,72.02081921333047,0.0,69.26119353348088,0.0,-64.90623243865879,0.0,0
2030-10-14 02:00:00,-128.36354065664085,7.363540656640851,79.50797526860072,0.0,76.46146381954094,0.0,-78.75031816325156,0.0,1
2030-10-14 04:00:00,-111.27168887846848,0.0,71.88628882300723,0.0,69.1318179515021,0.0,-67.61515806679967,0.0,0
2030-10-14 06:00:00,-82.9742560944535,0.0,48.458270494095274,0.0,46.60149228583176,0.0,-51.58834881616106,0.0,0
2030-10-14 08:00:00,-35.498355710677025,0.0,0.637447798118826,0.0,0.6130226758768966,0.0,-24.72405088778944,0.0,0
2030-10-14 10:00:00,-30.073312520274968,0.0,1.110931635121661,0.0,1.0683640067286184,0.0,-21.333732539192845,0.0,0
2030-10-14 12:00:00,-44.23323792746738,0.0,19.54295392727451,0.0,18.794125489790716,0.0,-28.545802931555244,0.0,0
2030-10-14 14:00:00,-30.45606838440452,0.0,14.630673091283931,0.0,14.070068788011614,0.0,-18.79348732117205,0.0,0
2030-10-14 16:00:00,-23.135787119109885,0.0,-1.7437838634061107,0.0,-1.6769672014724053,0.0,-17.065766099250684,0.0,0
2030-10-14 18:00:00,-20.80355378851941,0.0,-9.012844276750823,0.0,-8.667498628280276,0.0,-15.917757775068289,0.0,0
2030-10-14 20:00:00,-28.66790123749488,0.0,-6.31827903404656,0.0,-6.07618118976676,0.0,-20.8785035464838,0.0,0
2030-10-14 22:00:00,-30.25912907480342,0.0,4.643078111951343,0.0,4.465169033281546,0.0,-20.50725878561146,0.0,0
2030-10-15 00:00:00,-35.9682601621428,0.0,17.31590737430079,0.0,16.652412801731874,0.0,-23.121204597176536,0.0,0
2030-10-15 02:00:00,-52.06994545944044,0.0,31.104363114298728,0.0,29.912535526898917,0.0,-32.202878453692016,0.0,0
2030-10-15 04:00:00,-57.5844763099641,0.0,38.73175977440781,0.0,37.24767281085054,0.0,-35.14650802683059,0.0,0
2030-10-15 06:00:00,-55.833392553215,0.0,40.62443902040707,0.0,39.067830162374975,0.0,-33.57844504206935,0.0,0
2030-10-15 08:00:00,-35.47423759668075,0.0,11.242597723747068,0.0,10.81181449015495,0.0,-22.954923508305633,0.0,0
2030-10-15 10:00:00,-32.07148930954723,0.0,19.203327178293147,0.0,18.467512237577182,0.0,-20.055222130789215,0.0,0
2030-10-15 12:00:00,-31.905037205742204,0.0,33.249738401581475,0.0,31.975706351633654,0.0,-17.69889477037613,0.0,0
2030-10-15 14:00:00,-25.83725170682675,0.0,20.72828953241787,0.0,19.934042525540868,0.0,-15.417500629641813,0.0,0
2030-10-15 16:00:00,22.533975872442152,0.0,-19.543693473134688,0.0,-18.794836698431514,0.0,12.526392430231384,0.0,0
2030-10-15 18:00:00,-19.243256004404408,0.0,-5.764031845671878,0.0,-5.543171121307253,0.0,-14.981447579341772,0.0,0
2030-10-15 20:00:00,-17.145410011359758,0.0,-8.150252868517281,0.0,-7.837959182345632,0.0,-13.815053829606835,0.0,0
2030-10-15 22:00:00,-7.9421583881362166,0.0,-15.52434537041383,0.0,-14.929498177407726,0.0,-7.500301022372473,0.0,0
2030-10-16 00:00:00,-31.126009804309078,0.0,12.572597710022047,0.0,12.090852794010722,0.0,-20.432310011414295,0.0,0
2030-10-16 02:00:00,-20.683007921849615,0.0,11.41635627054651,0.0,10.978915121186713,0.0,-13.101020818260903,0.0,0
2030-10-16 04:00:00,-21.33892979465731,0.0,6.144041517483862,0.0,5.9086199416825345,0.0,-14.465904768063178,0.0,0
2030-10-16 06:00:00,-18.676842419215767,0.0,1.3373083399910497,0.0,1.2860666229817577,0.0,-13.316762444489628,0.0,0
2030-10-16 08:00:00,-15.17666597909436,0.0,-3.5784916360166776,0.0,-3.441374375733561,0.0,-11.499314160360685,0.0,0
2030-10-16 10:00:00,-9.65560730222469,0.0,-1.2202418981007095,0.0,-1.173485822365782,0.0,-7.1171086523350855,0.0,0
2030-10-16 12:00:00,-17.308925380712417,0.0,4.907157943331494,0.0,4.71913010327898,0.0,-11.571460879707155,0.0,0
2030-10-16 14:00:00,-13.353638774577755,0.0,-3.8865887478045775,0.0,-3.737666113591212,0.0,-10.286238319900336,0.0,0
2030-10-16 16:00:00,-14.398402679837515,0.0,-10.389334222836247,0.0,-9.991245533606639,0.0,-12.07553711700754,0.0,0
2030-10-16 18:00:00,-24.56867630072681,0.0,-1.8791943099092512,0.0,-1.8071891184701991,0.0,-17.804900518187118,0.0,0
2030-10-16 20:00:00,-18.694562071022535,0.0,-13.366929836664667,0.0,-12.854748452990801,0.0,-15.690783052126404,0.0,0
2030-10-16 22:00:00,-22.764518666652357,0.0,-4.280461618829204,0.0,-4.116446936214416,0.0,-17.123671413280103,0.0,0
2030-10-17 00:00:00,-32.82204868752314,0.0,4.863609650263193,0.0,4.677250452544657,0.0,-22.550627840996828,0.0,0
2030-10-17 02:00:00,-40.23000231311446,0.0,11.858115593348057,0.0,11.403747527787731,0.0,-26.80202861701214,0.0,0
2030-10-17 04:00:00,-78.14433266903214,0.0,53.68206628855701,0.0,51.62512761033287,0.0,-47.43567877944136,0.0,0
2030-10-17 06:00:00,-63.088119437835196,0.0,31.664740145279264,0.0,30.45144056044889,0.0,-39.50978807404193,0.0,0
2030-10-17 08:00:00,-57.01687953003896,0.0,29.31037920107139,0.0,28.18729179366752,0.0,-36.046369686291584,0.0,0
2030-10-17 10:00:00,-43.06275159802649,0.0,24.90509705900685,0.0,23.95080708905248,0.0,-26.53244623630442,0.0,0
2030-10-17 12:00:00,-19.526107477705295,0.0,10.357721639968183,0.0,9.960844251810169,0.0,-12.346805668168981,0.0,0
2030-10-17 14:00:00,-42.56051623197261,0.0,28.334563419915266,0.0,27.248866399317464,0.0,-26.442415075380005,0.0,0
2030-10-17 16:00:00,-20.767288421105313,0.0,2.0879293842739717,0.0,2.0079260795422353,0.0,-14.740102481704682,0.0,0
2030-10-17 18:00:00,-20.1722911707459,0.0,8.399257706653414,0.0,8.077422888442172,0.0,-12.946632756691207,0.0,0
2030-10-17 20:00:00,-16.772861149867442,0.0,-2.5634794528941134,0.0,-2.465254470100997,0.0,-12.163407222816947,0.0,0
2030-10-17 22:00:00,-19.316600303052635,0.0,-6.0716726569783175,0.0,-5.839024042774004,0.0,-15.119872302446193,0.0,0
2030-10-18 00:00:00,-39.34739892229709,0.0,18.427804401877378,0.0,17.72170520991964,0.0,-25.054642864527327,0.0,0
2030-10-18 02:00:00,-53.403138577332854,0.0,29.936962393747848,0.0,28.789866163784588,0.0,-33.533489610962455,0.0,0
2030-10-18 04:00:00,-58.42676321456021,0.0,40.19476196203741,0.0,38.65461706341695,0.0,-35.31167091362084,0.0,0
2030-10-18 06:00:00,-41.50916080410452,0.0,8.842151133089525,0.0,8.503345943166513,0.0,-28.210196369635916,0.0,0
2030-10-18 08:00:00,-35.692220718743506,0.0,11.842899001548323,0.0,11.389113990970657,0.0,-23.7352776782926,0.0,0
2030-10-18 10:00:00,-24.21660906858088,0.0,-3.7058256864631547,0.0,-3.5638293603852693,0.0,-18.151513851138333,0.0,0
2030-10-18 12:00:00,21.482124330351873,0.0,-29.59845612456955,0.0,-28.46433045788808,0.0,10.135730288287913,0.0,0
2030-10-18 14:00:00,13.640501071585216,0.0,-20.182024388714893,0.0,-19.40870865330957,0.0,6.175629895030207,0.0,0
2030-10-18 16:00:00,-54.85421951099422,0.0,25.268983897450774,0.0,24.30075085554998,0.0,-35.01317881696241,0.0,0
2030-10-18 18:00:00,-67.06077437153075,0.0,36.81848089428128,0.0,35.40770514250949,0.0,-42.28042155524101,0.0,0
2030-10-18 20:00:00,-47.36588509170651,0.0,23.23791029911026,0.0,22.347502015673335,0.0,-30.513869838996307,0.0,0
2030-10-18 22:00:00,-53.9965853460314,0.0,33.35611520536038,0.0,32.07800710958779,0.0,-33.31365438314687,0.0,0
2030-10-19 00:00:00,-72.1473560057027,0.0,50.346137731684394,0.0,48.417022010936165,0.0,-42.73660240331833,0.0,0
2030-10-19 02:00:00,-78.07244524978418,0.0,57.53436721596205,0.0,55.32981971181934,0.0,-46.54010395218348,0.0,0
2030-10-19 04:00:00,-86.7789768474921,0.0,66.79482106838023,0.0,64.23544024607568,0.0,-50.70661111536196,0.0,0
2030-10-19 06:00:00,-60.22631251310248,0.0,44.41137669016415,0.0,42.70966353374165,0.0,-36.24379290727064,0.0,0
2030-10-19 08:00:00,-58.943624565487895,0.0,44.506680956819196,0.0,42.80131602158427,0.0,-35.37622053335074,0.0,0
2030-10-19 10:00:00,-81.13872407861186,0.0,62.03413340791476,0.0,59.65716811580084,0.0,-48.11130194375503,0.0,0
2030-10-19 12:00:00,-120.55035696635595,0.0,100.84445194074618,0.0,96.98038954481984,0.0,-70.54808421844871,0.0,0
2030-10-19 14:00:00,-99.94602664802089,0.0,83.52558849996517,0.0,80.32513394436933,0.0,-57.82138211183914,0.0,0
2030-10-19 16:00:00,-125.46692004709092,4.466920047090923,97.57878949155612,0.0,93.83985766280387,0.0,-74.01187855686231,0.0,1
2030-10-19 18:00:00,-104.84590966173289,0.0,59.0680215400182,0.0,56.804708919025806,0.0,-64.58108691594619,0.0,0
2030-10-19 20:00:00,-75.15319576740117,0.0,54.146958861569935,0.0,52.07220686912822,0.0,-45.10352380152076,0.0,0
2030-10-19 22:00:00,-121.29833474525432,0.2983347452543228,98.14163100167744,0.0,94.3811327439123,0.0,-70.95900541838537,0.0,1
2030-10-20 00:00:00,-114.98017417117255,0.0,99.69884426737387,0.0,95.87867818350014,0.0,-66.45177915831239,0.0,0
2030-10-20 02:00:00,-50.4436101738044,0.0,32.21826751456325,0.0,30.98375839116532,0.0,-30.913713663281843,0.0,0
2030-10-20 04:00:00,-22.372834849594597,0.0,3.834313191481633,0.0,3.6873936026269734,0.0,-14.793281426067658,0.0,0
2030-10-20 06:00:00,-32.68549267827021,0.0,20.17162754926265,0.0,19.398710190124866,0.0,-20.376358264575266,0.0,0
2030-10-20 08:00:00,5.283798805755504,0.0,-0.8809723152585285,0.0,-0.8472160507369204,0.0,3.0994903610520734,0.0,0
2030-10-20 10:00:00,6.369811177651491,0.0,10.31252999912425,0.0,9.917384221547035,0.0,5.931406407970318,0.0,0
2030-10-20 12:00:00,-30.44116946340757,0.0,25.643496628688176,0.0,24.660913361924045,0.0,-17.509252631136086,0.0,0
2030-10-20 14:00:00,-40.53703138326797,0.0,34.87338748879641,0.0,33.53714198772313,0.0,-23.417602014351132,0.0,0
2030-10-20 16:00:00,-37.32320254735083,0.0,26.896080957804323,0.0,25.865502348602256,0.0,-22.43232395358574,0.0,0
2030-10-20 18:00:00,-41.02508687916725,0.0,11.55133353262007,0.0,11.108720452106468,0.0,-26.87225133894697,0.0,0
2030-10-20 20:00:00,-34.62740680722459,0.0,7.395754883988607,0.0,7.1123713384714,0.0,-23.42386395426485,0.0,0
2030-10-20 22:00:00,-51.43535147029226,0.0,28.353861077696664,0.0,27.267424627687276,0.0,-31.766671202506195,0.0,0
2030-10-21 00:00:00,-56.216168405329796,0.0,32.76540096962816,0.0,31.509927303624405,0.0,-34.597833615662225,0.0,0
2030-10-21 02:00:00,-68.87207548764104,0.0,42.29414315245885,0.0,40.67355614962236,0.0,-42.45577322755279,0.0,0
2030-10-21 04:00:00,-40.26255332049342,0.0,14.544077053584363,0.0,13.98679085543803,0.0,-26.112094033987717,0.0,0
2030-10-21 06:00:00,-73.70935770123023,0.0,32.61889827915377,0.0,31.36903816477605,0.0,-46.90445203008554,0.0,0
2030-10-21 08:00:00,0.21652558097693575,0.0,-14.896727998470979,0.0,-14.325929254727889,0.0,-2.226519371410236,0.0,0
2030-10-21 10:00:00,-64.48651899688403,0.0,30.198430826486817,0.0,29.041315896245813,0.0,-41.283581183216356,0.0,0
2030-10-21 12:00:00,-99.2535391310204,0.0,69.84494584291303,0.0,67.16869322233572,0.0,-59.751736262587414,0.0,0
2030-10-21 14:00:00,-47.46309557881679,0.0,35.173401759970936,0.0,33.825660595614465,0.0,-28.455976339373358,0.0,0
2030-10-21 16:00:00,-96.01785199964766,0.0,78.1067061606634,0.0,75.11388721686643,0.0,-56.56468938142414,0.0,0
2030-10-21 18:00:00,-109.1091165247552,0.0,81.89960590699246,0.0,78.76145421559012,0.0,-65.90159282210246,0.0,0
2030-10-21 20:00:00,-51.842659382275016,0.0,22.179979531557223,0.0,21.33010803936391,0.0,-34.20952531262059,0.0,0
2030-10-21 22:00:00,-45.94039983814866,0.0,24.576403492974553,0.0,23.634708092417373,0.0,-29.296203331810897,0.0,0
2030-10-22 00:00:00,-47.85709432402052,0.0,25.431917510771683,0.0,24.457441332672992,0.0,-30.244839692546595,0.0,0
2030-10-22 02:00:00,-37.78802681643804,0.0,14.339609693604153,0.0,13.790158082504373,0.0,-24.296580099852246,0.0,0
2030-10-22 04:00:00,-59.6564381121098,0.0,40.37954331086133,0.0,38.832318135163476,0.0,-36.22341202537965,0.0,0
2030-10-22 06:00:00,-90.34522947697758,0.0,84.33224435236988,0.0,81.10088112023561,0.0,-51.68073853712912,0.0,0
2030-10-22 08:00:00,-117.41154184054231,0.0,116.48162893380206,0.0,112.01839596939662,0.0,-66.78331695561756,0.0,0
2030-10-22 10:00:00,-113.7837508615728,0.0,111.69276272000866,0.0,107.41302500496718,0.0,-64.19924205518696,0.0,0
2030-10-22 12:00:00,-124.29427277981257,3.294272779812573,114.41231575761958,0.0,110.02837277967927,0.0,-70.32071310573188,0.0,1
2030-10-22 14:00:00,-22.43012634327453,0.0,19.839329555219415,0.0,19.079144876544643,0.0,-12.436638185187602,0.0,0
2030-10-22 16:00:00,-40.72659826194986,0.0,17.346526449998294,0.0,16.6818586446266,0.0,-26.555482467518026,0.0,0
2030-10-22 18:00:00,-41.167046240640985,0.0,20.002111900245126,0.0,19.23568988152803,0.0,-26.383163446257125,0.0,0
2030-10-22 20:00:00,-58.20009682809615,0.0,31.80557903624496,0.0,30.58688291990506,0.0,-36.94904686761086,0.0,0
2030-10-22 22:00:00,-59.586740542632896,0.0,34.64974957148614,0.0,33.32207321675608,0.0,-37.35401293796919,0.0,0
2030-10-23 00:00:00,-35.8217096703482,0.0,17.739780817085013,0.0,17.060044662561193,0.0,-22.926594163146635,0.0,0
2030-10-23 02:00:00,-37.4931501219053,0.0,17.044241152713475,0.0,16.391156029656873,0.0,-24.137140090734718,0.0,0
2030-10-23 04:00:00,-59.92369502667941,0.0,38.985520897952405,0.0,37.49171055550653,0.0,-36.95705638525682,0.0,0
2030-10-23 06:00:00,-56.04278848324002,0.0,37.78131647210802,0.0,36.333647696692935,0.0,-34.31193842592589,0.0,0
2030-10-23 08:00:00,-70.72994119572141,0.0,41.10303156153926,0.0,39.52808444685974,0.0,-43.69795742544788,0.0,0
2030-10-23 10:00:00,-41.414241881146594,0.0,23.529619926732313,0.0,22.628034189494656,0.0,-26.21390816843671,0.0,0
2030-10-23 12:00:00,-59.76957556116291,0.0,47.775102815999055,0.0,45.94450158112612,0.0,-35.62356416280004,0.0,0
2030-10-23 14:00:00,-4.022873978230411,0.0,9.092955589761736,0.0,8.74454031171672,0.0,-2.633845793850272,0.0,0
2030-10-23 16:00:00,-66.31156477104128,0.0,59.23256637534816,0.0,56.96294888087584,0.0,-38.690128293853824,0.0,0
2030-10-23 18:00:00,-50.77007920461977,0.0,46.202877436504366,0.0,44.43251924772776,0.0,-29.39935960581147,0.0,0
2030-10-23 20:00:00,-41.744220219155814,0.0,37.733830890802665,0.0,36.28798162301088,0.0,-24.967996155424427,0.0,0
2030-10-23 22:00:00,-21.904691121987135,0.0,20.507448023428893,0.0,19.72166301276401,0.0,-13.168419130874469,0.0,0
2030-10-24 00:00:00,-25.561570044764725,0.0,30.691835651265613,0.0,29.515814901292273,0.0,-14.446915386068241,0.0,0
2030-10-24 02:00:00,-40.37471448756813,0.0,50.96810415943523,0.0,49.01515651696259,0.0,-21.685847556531872,0.0,0
2030-10-24 04:00:00,-81.89372281784671,0.0,90.13987928149862,0.0,86.68598458325943,0.0,-45.22020875004513,0.0,0
2030-10-24 06:00:00,-82.07698012991096,0.0,86.12080813499605,0.0,82.82091240630739,0.0,-46.03972783182394,0.0,0
2030-10-24 08:00:00,-5.952242806115251,0.0,16.503097853519915,0.0,15.870747747937997,0.0,-2.2390797804073723,0.0,0
2030-10-24 10:00:00,-32.48366073795977,0.0,43.25712602975834,0.0,41.59964035919664,0.0,-17.037481273043248,0.0,0
2030-10-24 12:00:00,-56.29991857725457,0.0,53.29983830178059,0.0,51.25754547428943,0.0,-31.908882862167168,0.0,0
2030-10-24 14:00:00,-54.15543534024283,0.0,43.92866538152684,0.0,42.24544830079219,0.0,-31.802894080571644,0.0,0
2030-10-24 16:00:00,-105.47080080385211,0.0,100.12133484967794,0.0,96.28498017099011,0.0,-59.49572232255568,0.0,0
2030-10-24 18:00:00,-142.26110741251148,21.26110741251148,130.44237227563048,5.4423722756304755,125.44420474290551,0.44420474290551226,-82.26560171347397,0.0,3
2030-10-24 20:00:00,-152.23278856890204,31.232788568902038,142.25027879518544,17.250278795185437,136.79966706073435,11.79966706073435,-87.01689726897403,0.0,3
2030-10-24 22:00:00,-144.07260868133406,23.07260868133406,132.90223027544164,7.902230275441639,127.80980822882456,2.809808228824565,-82.68034511517921,0.0,3
2030-10-25 00:00:00,-139.09338785037409,18.093387850374086,130.17207363213598,5.172073632135977,125.18426314735856,0.18426314735856408,-78.67703019198565,0.0,3
2030-10-25 02:00:00,-119.54331361532317,0.0,111.38542667006939,0.0,107.11746516730943,0.0,-67.4462662350167,0.0,0
2030-10-25 04:00:00,-113.3257706185293,0.0,107.47128243217495,0.0,103.35329940885333,0.0,-63.59854638785284,0.0,0
2030-10-25 06:00:00,-132.80792878143887,11.807928781438875,128.4875609780369,3.487560978036896,123.56429605701524,0.0,-74.95973212000885,0.0,2
2030-10-25 08:00:00,-147.97756591485336,26.977565914853358,140.34414632752413,15.344146327524129,134.96657197538025,9.966571975380248,-84.67818600485941,0.0,3
2030-10-25 10:00:00,-154.56306791016866,33.563067910168655,151.32451574180902,26.324515741809023,145.52620597258885,20.526205972588855,-87.93881228569154,0.0,3
2030-10-25 12:00:00,-150.7694830620179,29.769483062017912,144.29237365387954,19.292373653879537,138.76351485872718,13.763514858727177,-85.89488956411971,0.0,3
2030-10-25 14:00:00,-145.43110950079904,24.43110950079904,135.86699893439948,10.866998934399476,130.6609756844714,5.660975684471396,-83.05571947698448,0.0,3
2030-10-25 16:00:00,-110.98762957083693,0.0,109.02336671176033,0.0,104.84591238997248,0.0,-62.57067226674399,0.0,0
2030-10-25 18:00:00,-147.68649340222677,26.686493402226773,128.03225797074808,3.032257970748077,123.12643892002825,0.0,-85.19018257535842,0.0,2
2030-10-25 20:00:00,-127.9929135326197,6.992913532619696,116.0014127555569,0.0,111.55658026079111,0.0,-73.20737774560018,0.0,1
2030-10-25 22:00:00,-119.2845793662524,0.0,112.90249376322785,0.0,108.5764027174543,0.0,-68.12929928142034,0.0,0
2030-10-26 00:00:00,-65.12246332761907,0.0,65.05577131801357,0.0,62.56302576037365,0.0,-36.44646961450739,0.0,0
2030-10-26 02:00:00,-64.40862413128559,0.0,66.76858094073003,0.0,64.2102055628358,0.0,-35.62701935516955,0.0,0
2030-10-26 04:00:00,-64.36284902582392,0.0,75.5841946304261,0.0,72.68803089928282,0.0,-34.42557205488436,0.0,0
2030-10-26 06:00:00,-51.71144322142727,0.0,52.56572352114914,0.0,50.55155980997064,0.0,-29.18429091692796,0.0,0
2030-10-26 08:00:00,-45.833405769160976,0.0,37.818617561504,0.0,36.36951951820073,0.0,-27.120343218272325,0.0,0
2030-10-26 10:00:00,-62.55420760860669,0.0,54.77149678287831,0.0,52.67281433665233,0.0,-36.70422915487367,0.0,0
2030-10-26 12:00:00,-16.03190986115314,0.0,6.751162677783519,0.0,6.492478007184783,0.0,-10.24698730828354,0.0,0
2030-10-26 14:00:00,-16.755958779624056,0.0,4.007089227322139,0.0,3.853549369626146,0.0,-11.567207681329187,0.0,0
2030-10-26 16:00:00,32.70792179463063,0.0,-39.550942357802086,0.0,-38.035466730267956,0.0,16.361754850681816,0.0,0
2030-10-26 18:00:00,-11.941495617314683,0.0,-14.36694937174076,0.0,-13.816450184694318,0.0,-11.160305004759287,0.0,0
2030-10-26 20:00:00,-14.343816093950016,0.0,-11.874063211801465,0.0,-11.419084080470181,0.0,-12.146633643742081,0.0,0
2030-10-26 22:00:00,-17.905401526042176,0.0,2.380745412228829,0.0,2.2895222596942135,0.0,-12.644487412549225,0.0,0
2030-10-27 00:00:00,-18.364798248671505,0.0,4.142655171497203,0.0,3.983920826083014,0.0,-12.777705440560396,0.0,0
2030-10-27 02:00:00,-19.426558741070785,0.0,-0.34975860466210484,0.0,-0.3363568850243688,0.0,-14.076724653261333,0.0,0
2030-10-27 04:00:00,-32.03636106989523,0.0,12.742783874806547,0.0,12.25451792618513,0.0,-20.996111975741595,0.0,0
2030-10-27 06:00:00,-37.121614947271155,0.0,27.990431437134653,0.0,26.91792054059536,0.0,-22.199719361919197,0.0,0
2030-10-27 08:00:00,-15.686015046030626,0.0,22.5875525711576,0.0,21.722064080452093,0.0,-8.225925400504192,0.0,0
2030-10-27 10:00:00,17.47685672748801,0.0,-14.40226258681063,0.0,-13.85041030136558,0.0,9.945386752566936,0.0,0
2030-10-27 12:00:00,20.21389158707656,0.0,-11.734950715833907,0.0,-11.285301965640418,0.0,12.159536070054045,0.0,0
2030-10-27 14:00:00,-48.28114787110062,0.0,45.926627960828924,0.0,44.166854838362994,0.0,-27.495542001727713,0.0,0
2030-10-27 16:00:00,-14.203455291278344,0.0,1.995800434668137,0.0,1.919327239951361,0.0,-9.848551088292854,0.0,0
2030-10-27 18:00:00,-28.425728256860257,0.0,-0.46164387835083964,0.0,-0.4439550445447864,0.0,-20.27743588021829,0.0,0
2030-10-27 20:00:00,-21.936936152625105,0.0,6.940596678188461,0.0,6.674653454606534,0.0,-14.803825535056212,0.0,0
2030-10-27 22:00:00,-29.436677345865952,0.0,10.492607192678111,0.0,10.090561387398946,0.0,-19.353624674468094,0.0,0
2030-10-28 00:00:00,-38.45909477180495,0.0,20.2360715905698,0.0,19.460684925566905,0.0,-24.693516411532123,0.0,0
2030-10-28 02:00:00,-41.93201234039313,0.0,23.240015425694317,0.0,22.349526480006496,0.0,-26.95308594094217,0.0,0
2030-10-28 04:00:00,-39.688943613172505,0.0,9.524819258237184,0.0,9.15985623632129,0.0,-26.82761249230244,0.0,0
2030-10-28 06:00:00,-85.5113690488313,0.0,56.2374326360514,0.0,54.082579845338756,0.0,-52.80449403607494,0.0,0
2030-10-28 08:00:00,0.5495741383623285,0.0,-17.15018189759808,0.0,-16.49303743720926,0.0,-2.4275788911628675,0.0,0
2030-10-28 10:00:00,-25.012563439822017,0.0,-1.4476437673149007,0.0,-1.3921743216852533,0.0,-18.085228031778826,0.0,0
2030-10-28 12:00:00,-20.259213290723537,0.0,2.8245842555560516,0.0,2.716354505718839,0.0,-14.203780281291229,0.0,0
2030-10-28 14:00:00,-12.350614243058786,0.0,-4.314369068015539,0.0,-4.14905515181052,0.0,-9.984698845851588,0.0,0
2030-10-28 16:00:00,-52.092722076333466,0.0,17.85440522223986,0.0,17.170276998096984,0.0,-34.5045631765969,0.0,0
2030-10-28 18:00:00,-47.148528035272236,0.0,13.106329017973586,0.0,12.60413309016246,0.0,-31.847623766958826,0.0,0
2030-10-28 20:00:00,-27.23047967689984,0.0,0.3252268448103788,0.0,0.3127651099604547,0.0,-19.607663481542904,0.0,0
2030-10-28 22:00:00,-26.11579627045851,0.0,3.2099147770914094,0.0,3.086920296526702,0.0,-18.32483487365481,0.0,0
2030-10-29 00:00:00,-16.762744242707072,0.0,-3.790793343394017,0.0,-3.645541306945402,0.0,-12.51891293454375,0.0,0
2030-10-29 02:00:00,-22.473042655361528,0.0,10.652016884499186,0.0,10.243862969315579,0.0,-14.802685491614604,0.0,0
2030-10-29 04:00:00,-18.204603695085712,0.0,2.1844071394474573,0.0,2.1007070912793804,0.0,-12.936234048416107,0.0,0
2030-10-29 06:00:00,-16.058809226718417,0.0,-7.4540731362485175,0.0,-7.168455007060922,0.0,-12.99077241900654,0.0,0
2030-10-29 08:00:00,-1.4096210139843492,0.0,-32.461882082831245,0.0,-31.218038366659655,0.0,-5.6352008283315325,0.0,0
2030-10-29 10:00:00,40.08936716927564,0.0,-40.102178223611524,0.0,-38.56558086117404,0.0,21.71699919551986,0.0,0
2030-10-29 12:00:00,-4.8060102978034545,0.0,-16.582295570108677,0.0,-15.946910841276557,0.0,-6.04299121491338,0.0,0
2030-10-29 14:00:00,-12.552179099325418,0.0,-1.6557880589655585,0.0,-1.5923431370968104,0.0,-9.458328889053085,0.0,0
2030-10-29 16:00:00,-11.802731459749712,0.0,-4.619131867421029,0.0,-4.442140338316281,0.0,-9.507234367657198,0.0,0
2030-10-29 18:00:00,-4.888053774951041,0.0,-22.843209968004196,0.0,-21.96792543880187,0.0,-7.38273550544009,0.0,0
2030-10-29 20:00:00,-19.687564680170514,0.0,-3.249220757429203,0.0,-3.124720187460057,0.0,-15.346665189995692,0.0,0
2030-10-29 22:00:00,-18.132855916710255,0.0,-7.56533145911371,0.0,-7.275450238666787,0.0,-14.826482840921019,0.0,0
2030-10-30 00:00:00,-30.501849105329967,0.0,7.39127754024773,0.0,7.108065553356189,0.0,-21.06168956922743,0.0,0
2030-10-30 02:00:00,-47.68965483038458,0.0,22.13344456703307,0.0,21.285356157627653,0.0,-31.33761073305729,0.0,0
2030-10-30 04:00:00,-57.259030261281346,0.0,50.28492173898274,0.0,48.35815163478439,0.0,-34.85198612469312,0.0,0
2030-10-30 06:00:00,-38.099422701635476,0.0,21.476054570963104,0.0,20.65315541009231,0.0,-24.769425110217625,0.0,0
2030-10-30 08:00:00,-58.15549278147069,0.0,49.53249498021062,0.0,47.634555653395616,0.0,-35.73816735048376,0.0,0
2030-10-30 10:00:00,9.796116224218244,0.0,1.4094887394856208,0.0,1.3554812821500333,0.0,4.991899256859789,0.0,0
2030-10-30 12:00:00,-66.9903411952697,0.0,51.5099144969365,0.0,49.53620627804569,0.0,-41.497779576026495,0.0,0
2030-10-30 14:00:00,-63.81212775104923,0.0,50.00198331833099,0.0,48.08605458111479,0.0,-39.48111707501115,0.0,0
2030-10-30 16:00:00,-44.01516161671712,0.0,33.29953695283655,0.0,32.02359676906909,0.0,-27.845668267614492,0.0,0
2030-10-30 18:00:00,-89.36001432545581,0.0,68.17251993936948,0.0,65.56034975386413,0.0,-55.58149853135507,0.0,0
2030-10-30 20:00:00,-69.78036839284422,0.0,53.8066785334422,0.0,51.74496508099676,0.0,-43.58096525194689,0.0,0
2030-10-30 22:00:00,-38.45819153513537,0.0,25.506783413979605,0.0,24.52943859496161,0.0,-25.040816789890798,0.0,0
2030-10-31 00:00:00,-36.35464861274671,0.0,33.18508553955906,0.0,31.91353079687117,0.0,-22.973678249171453,0.0,0
2030-10-31 02:00:00,-46.09777096057294,0.0,36.94040510751361,0.0,35.52495757897626,0.0,-28.816178096589475,0.0,0
2030-10-31 04:00:00,-29.10786114277021,0.0,34.97573033435636,0.0,33.635563356856686,0.0,-17.34279700797334,0.0,0
2030-10-31 06:00:00,-14.82328473892115,0.0,14.311426708178402,0.0,13.763054986077012,0.0,-10.308994189172624,0.0,0
2030-10-31 08:00:00,-16.53947347255875,0.0,1.9404691516945034,0.0,1.8661160887821282,0.0,-12.403002921361962,0.0,0
2030-10-31 10:00:00,23.107884177042422,0.0,-22.414633367882928,0.0,-21.5557706317732,0.0,11.425664028133342,0.0,0
2030-10-31 12:00:00,15.727561758493188,0.0,-7.802240403185491,0.0,-7.503281529735264,0.0,8.170095919497207,0.0,0
2030-10-31 14:00:00,-28.343259523209863,0.0,14.911824087273246,0.0,14.34044690586761,0.0,-18.706654010968332,0.0,0
2030-10-31 16:00:00,-32.792864238045816,0.0,22.72555446113713,0.0,21.85477814444446,0.0,-20.88550318348657,0.0,0
2030-10-31 18:00:00,-60.03947917290711,0.0,41.47334521145548,0.0,39.88420876834198,0.0,-37.96189042390336,0.0,0
2030-10-31 20:00:00,-21.1183832507711,0.0,-5.379717633494192,0.0,-5.173582697875736,0.0,-16.34321273311745,0.0,0
2030-10-31 22:00:00,-20.397756529740466,0.0,4.400713050765617,0.0,4.23209068743806,0.0,-14.094593177762714,0.0,0
2030-11-01 00:00:00,-35.81642414094091,0.0,11.53122296284161,0.0,11.089380460133235,0.0,-24.40698671526203,0.0,0
2030-11-01 02:00:00,-26.571780498306488,0.0,3.3601446526289376,0.0,3.231393805683794,0.0,-18.887016392803673,0.0,0
2030-11-01 04:00:00,-15.705324229351637,0.0,-10.253645454872498,0.0,-9.860755959606891,0.0,-13.0257516078018,0.0,0
2030-11-01 06:00:00,-13.31109245903952,0.0,-5.9242885918561985,0.0,-5.697287300958548,0.0,-10.445026839974387,0.0,0
2030-11-01 08:00:00,-9.990437192117968,0.0,-11.818638117328117,0.0,-11.36578271238164,0.0,-9.179061775979447,0.0,0
2030-11-01 10:00:00,-11.454017990828287,0.0,-12.437986875563283,0.0,-11.961399850278703,0.0,-10.363732258257327,0.0,0
2030-11-01 12:00:00,-12.975992319581298,0.0,-5.1339408461247125,0.0,-4.93722335314769,0.0,-10.208779865728848,0.0,0
2030-11-01 14:00:00,-8.197738116431719,0.0,-0.8597824598506336,0.0,-0.8268381281808979,0.0,-6.0622302719523615,0.0,0
2030-11-01 16:00:00,-9.463355806817344,0.0,-14.536951524258352,0.0,-13.97993835540996,0.0,-9.3438159845931,0.0,0
2030-11-01 18:00:00,-14.75884839380572,0.0,-15.676926225898658,0.0,-15.076232583884503,0.0,-13.436590557864436,0.0,0
2030-11-01 20:00:00,-20.076823283828528,0.0,-10.315809705470311,0.0,-9.920538259205143,0.0,-16.324485450355848,0.0,0
2030-11-01 22:00:00,-42.59386978927424,0.0,24.537605087669913,0.0,23.597396327736725,0.0,-27.513954420783314,0.0,0
2030-11-02 00:00:00,-40.315957547430195,0.0,17.63146401770675,0.0,16.955878243925316,0.0,-26.598658277091374,0.0,0
2030-11-02 02:00:00,-52.30051423448729,0.0,41.53233024138245,0.0,39.940933665642035,0.0,-32.05141369324102,0.0,0
2030-11-02 04:00:00,-70.71920858360455,0.0,48.11913495430587,0.0,46.27535142112056,0.0,-44.05498757311285,0.0,0
2030-11-02 06:00:00,-97.00643329708056,0.0,71.23071502439973,0.0,68.5013638100915,0.0,-59.942613408127286,0.0,0
2030-11-02 08:00:00,-61.98044108674655,0.0,35.03440328838637,0.0,33.691988136089165,0.0,-40.22468975829768,0.0,0
2030-11-02 10:00:00,-120.9510111157217,0.0,90.33992440380847,0.0,86.87836456564611,0.0,-74.07435374108957,0.0,0
2030-11-02 12:00:00,-79.19228623859735,0.0,68.58854413622153,0.0,65.96043312874792,0.0,-48.13618144878943,0.0,0
2030-11-02 14:00:00,-149.73991073732066,28.739910737320656,129.11163457561497,4.111634575614971,124.16445699232708,0.0,-88.7070663605928,0.0,2
2030-11-02 16:00:00,-174.13099179313377,53.130991793133774,146.80986544326976,21.809865443269757,141.18454377714897,16.184543777148974,-103.1284038997184,0.0,3
2030-11-02 18:00:00,-126.6058382233968,5.605838223396802,101.21556727513679,0.0,97.33728483258844,0.0,-76.87511094445742,0.0,1
2030-11-02 20:00:00,-140.4545432469897,19.454543246989687,113.01540345212598,0.0,108.68498603961042,0.0,-84.32364787607003,0.0,1
2030-11-02 22:00:00,-147.3276148017539,26.327614801753896,127.50539075071387,2.5053907507138717,122.61975970016078,0.0,-87.10086236002878,0.0,2
2030-11-03 00:00:00,-126.87121411574034,5.871214115740344,99.90439006884368,0.0,96.07634807522152,0.0,-76.6000342452028,0.0,1
2030-11-03 02:00:00,-170.0934029414171,49.09340294141711,137.16730196047973,12.167301960479733,131.911454928185,6.911454928185009,-101.52679867819569,0.0,3
2030-11-03 04:00:00,-187.3169152575576,66.31691525755761,144.69835529052745,19.698355290527445,139.15394047473725,14.153940474737254,-111.86924114745075,0.0,3
2030-11-03 06:00:00,-191.8284787559922,70.8284787559922,158.9973687640829,33.99736876408289,152.9050578647831,27.90505786478309,-113.14960465281904,0.0,3
2030-11-03 08:00:00,-113.892106798899,0.0,92.48215262085657,0.0,88.93850890660889,0.0,-67.63569869820286,0.0,0
2030-11-03 10:00:00,-123.46972408207536,2.469724082075359,110.94218943934338,0.0,106.69121148186304,0.0,-71.79612963813283,0.0,1
2030-11-03 12:00:00,-94.75998335944834,0.0,80.71620918172059,0.0,77.62340176754498,0.0,-55.56278191964031,0.0,0
2030-11-03 14:00:00,-194.39131460226469,73.39131460226469,162.5740301961126,37.5740301961126,156.34467216455675,31.344672164556755,-113.47891501386495,0.0,3
2030-11-03 16:00:00,-186.0346814331262,65.0346814331262,148.84229885041435,23.842298850414352,143.13910032196122,18.139100321961223,-109.80926466969592,0.0,3
2030-11-03 18:00:00,-195.41208691983897,74.41208691983897,146.69140087960233,21.691400879602327,141.07061842666508,16.070618426665078,-116.98843431084822,0.0,3
2030-11-03 20:00:00,-208.7886085924199,87.7886085924199,162.9084529477837,37.9084529477837,156.66628082130973,31.666280821309726,-124.12491234536127,3.124912345361267,4
2030-11-03 22:00:00,-146.90836596198665,25.908365961986647,102.07404999458643,0.0,98.1628730225926,0.0,-89.20376954003805,0.0,1
2030-11-04 00:00:00,-194.6142621773106,73.6142621773106,151.47916205231007,26.479162052310073,145.6749266919286,20.67492669192859,-115.7597058991129,0.0,3
2030-11-04 02:00:00,-161.44520345026007,40.44520345026007,111.07537174086788,0.0,106.81929062983554,0.0,-97.8990620363766,0.0,1
2030-11-04 04:00:00,-172.73837254432038,51.738372544320384,125.651625484694,0.6516254846939944,120.83702525951044,0.0,-103.19153392638202,0.0,2
2030-11-04 06:00:00,-167.97822220471636,46.97822220471636,120.64541262369393,0.0,116.02263573127591,0.0,-100.77141428016519,0.0,1
2030-11-04 08:00:00,-180.3726226556343,59.3726226556343,127.04372535482874,2.0437253548287373,122.17578396257016,0.0,-108.02878847810776,0.0,2
2030-11-04 10:00:00,-126.93337707092434,5.933377070924337,77.32660615865517,0.0,74.3636783494205,0.0,-77.40089251182752,0.0,1
2030-11-04 12:00:00,-170.63700874272746,49.63700874272746,118.92587342047926,0.0,114.36898420602078,0.0,-102.50861260280767,0.0,1
2030-11-04 14:00:00,-120.0514139119247,0.0,78.452888667174,0.0,75.44680502928838,0.0,-72.68755893636194,0.0,0
2030-11-04 16:00:00,-112.31197501138115,0.0,77.45378133183394,0.0,74.4859805445136,0.0,-67.6981956573674,0.0,0
2030-11-04 18:00:00,-158.79108920149207,37.79108920149207,101.10388856411839,0.0,97.22988532086521,0.0,-96.6332568851898,0.0,1
2030-11-04 20:00:00,-172.50325387689566,51.503253876895656,106.91607671695809,0.0,102.81936754147739,0.0,-105.07097586557408,0.0,1
2030-11-04 22:00:00,-163.3121876754662,42.31218767546619,117.68396992262687,0.0,113.17466679260902,0.0,-97.78362897796339,0.0,1
2030-11-05 00:00:00,-139.85073612563957,18.85073612563957,92.7293493748862,0.0,89.17623380905664,0.0,-84.35481702876277,0.0,1
2030-11-05 02:00:00,-176.58379901912656,55.58379901912656,152.9647952742926,27.964795274292612,147.10363482426354,22.103634824263537,-102.26385734497343,0.0,3
2030-11-05 04:00:00,-145.19416504647725,24.194165046477252,128.24098734556563,3.240987345565628,123.32717039994293,0.0,-84.02211688750805,0.0,2
2030-11-05 06:00:00,-148.711042448577,27.71104244857699,136.60025692261587,11.60025692261587,131.36613738613696,6.3661373861369555,-85.39915290311984,0.0,3
2030-11-05 08:00:00,-147.4186965080414,26.418696508041393,132.4839944860292,7.483994486029189,127.40759800309344,2.4075980030934403,-85.70520908638426,0.0,3
2030-11-05 10:00:00,-139.7936381393315,18.793638139331506,132.21988747879652,7.219887478796522,127.15361079854213,2.1536107985421324,-79.46729991245716,0.0,3
2030-11-05 12:00:00,-109.11901327730146,0.0,91.83389448455483,0.0,88.3150901128702,0.0,-64.00686026837955,0.0,0
2030-11-05 14:00:00,-116.7472217249703,0.0,101.36673000661209,0.0,97.48265545339106,0.0,-67.99742828025911,0.0,0
2030-11-05 16:00:00,-117.73771372967175,0.0,96.28296375306917,0.0,92.59368415020941,0.0,-69.5400469418349,0.0,0
2030-11-05 18:00:00,-79.95594490600482,0.0,56.61841064744145,0.0,54.44895990137124,0.0,-48.517838225779016,0.0,0
2030-11-05 20:00:00,-102.08153939960802,0.0,88.84897417819428,0.0,85.44454316159926,0.0,-59.890088239878,0.0,0
2030-11-05 22:00:00,-123.60299438568995,2.6029943856899536,100.99924817110353,0.0,97.1292544395287,0.0,-73.19077311718293,0.0,1
2030-11-06 00:00:00,-128.30108764030877,7.301087640308765,109.46078933481701,0.0,105.26657426639065,0.0,-74.77249278531069,0.0,1
2030-11-06 02:00:00,-117.99262724980284,0.0,107.69882433587667,0.0,103.57212257695136,0.0,-67.33065050086432,0.0,0
2030-11-06 04:00:00,-121.46059293518309,0.46059293518308664,111.43506434337516,0.0,107.16520087116488,0.0,-69.3628065421385,0.0,1
2030-11-06 06:00:00,-118.38935534819738,0.0,113.1276351612259,0.0,108.79291736015709,0.0,-67.28235293466906,0.0,0
2030-11-06 08:00:00,-126.38355181977775,5.38355181977775,125.0142515690892,0.014251569089196892,120.22407363518727,0.0,-71.59972218960608,0.0,2
2030-11-06 10:00:00,-115.43614397581825,0.0,114.27500454845702,0.0,109.89632293164934,0.0,-64.69086761439581,0.0,0
2030-11-06 12:00:00,-114.53323673753783,0.0,112.18845889009414,0.0,107.88972755771644,0.0,-64.51660782647475,0.0,0
2030-11-06 14:00:00,-64.56485592063612,0.0,71.95335131622831,0.0,69.19631080749232,0.0,-34.992472622453796,0.0,0
2030-11-06 16:00:00,-112.19138929285555,0.0,105.25818900199124,0.0,101.2250052010134,0.0,-63.68303425839767,0.0,0
2030-11-06 18:00:00,-127.87944693882582,6.879446938825822,121.78406060550341,0.0,117.11765407591633,0.0,-72.98747205297441,0.0,1
2030-11-06 20:00:00,-134.55804814857066,13.558048148570663,124.79171231144504,0.0,120.01006142648367,0.0,-77.0471162365774,0.0,1
2030-11-06 22:00:00,-107.26319656799038,0.0,107.65037374380712,0.0,103.52552846887531,0.0,-60.27374262760788,0.0,0
2030-11-07 00:00:00,-118.69052563256298,0.0,108.29311092442666,0.0,104.14363785369353,0.0,-67.57242144190485,0.0,0
2030-11-07 02:00:00,-126.64326816299314,5.643268162993138,120.17132051387367,0.0,115.56670943482968,0.0,-71.71481301557523,0.0,1
2030-11-07 04:00:00,-118.7108390984139,0.0,106.1209306024966,0.0,102.0546890842943,0.0,-67.853903219483,0.0,0
2030-11-07 06:00:00,-114.26774496733668,0.0,98.60165032036062,0.0,94.82352547713124,0.0,-65.78401206002293,0.0,0
2030-11-07 08:00:00,-58.2069176297767,0.0,46.1604375878499,0.0,44.39170556908178,0.0,-34.46879235250813,0.0,0
2030-11-07 10:00:00,-76.31668700332101,0.0,46.488991589395894,0.0,44.70767034893073,0.0,-46.571817541397934,0.0,0
2030-11-07 12:00:00,-131.76723383817983,10.767233838179834,114.86312663556944,0.0,110.46190991249358,0.0,-76.61418468762906,0.0,1
2030-11-07 14:00:00,-126.64162162347392,5.641621623473924,112.38013089340313,0.0,108.07405525436218,0.0,-73.52527826531816,0.0,1
2030-11-07 16:00:00,-123.46364457970449,2.463644579704493,108.30334890571558,0.0,104.153483545692,0.0,-72.01673540191484,0.0,1
2030-11-07 18:00:00,-111.84303266113446,0.0,91.57806402562558,0.0,88.06906232366711,0.0,-66.65108740859277,0.0,0
2030-11-07 20:00:00,-97.09942456375896,0.0,90.06966630094553,0.0,86.61846195733318,0.0,-56.0493783147468,0.0,0
2030-11-07 22:00:00,-146.82497188403724,25.82497188403724,132.0489469317372,7.048946931737191,126.98922018979994,1.989220189799937,-85.13000005633006,0.0,3
2030-11-08 00:00:00,-79.46492551882565,0.0,77.5593406614056,0.0,74.5874951514644,0.0,-45.8826235280474,0.0,0
2030-11-08 02:00:00,-64.2391715519332,0.0,47.64975870767206,0.0,45.823960289872474,0.0,-38.66612665030791,0.0,0
2030-11-08 04:00:00,-38.60120158396821,0.0,23.43980507047231,0.0,22.541660774007994,0.0,-23.915365821181254,0.0,0
2030-11-08 06:00:00,-25.970027029416954,0.0,4.905243729247161,0.0,4.717289236240666,0.0,-18.32246178635377,0.0,0
2030-11-08 08:00:00,26.298615807665293,0.0,-17.29378539983599,0.0,-16.6311384761758,0.0,15.42427739668483,0.0,0
2030-11-08 10:00:00,-13.882347814494302,0.0,-1.23041759534313,0.0,-1.1832716168589243,0.0,-10.335475774203237,0.0,0
2030-11-08 12:00:00,-8.302908219069016,0.0,-6.344340557389762,0.0,-6.101244112290597,0.0,-7.173023527457911,0.0,0
2030-11-08 14:00:00,-18.393912818472383,0.0,6.898417017608509,0.0,6.6340899943943565,0.0,-12.396339397893229,0.0,0
2030-11-08 16:00:00,-17.771991417054714,0.0,2.774192377650982,0.0,2.6678934961633063,0.0,-12.451594489183295,0.0,0
2030-11-08 18:00:00,-17.958910574591783,0.0,0.15201508034310507,0.0,0.14619031017217576,0.0,-13.080103891223702,0.0,0
2030-11-08 20:00:00,-15.421855759666201,0.0,-13.472638775544183,0.0,-12.956406936661551,0.0,-13.491216448508517,0.0,0
2030-11-08 22:00:00,-30.98156388852252,0.0,13.946564843785556,0.0,13.412173553753185,0.0,-20.00936389358948,0.0,0
2030-11-09 00:00:00,-44.33927319257347,0.0,36.52681230071943,0.0,35.12721243044396,0.0,-26.433266472231125,0.0,0
2030-11-09 02:00:00,-32.3221181388929,0.0,11.712704861131648,0.0,11.263908506572912,0.0,-21.06878548283302,0.0,0
2030-11-09 04:00:00,-38.69947769622419,0.0,23.429769604738333,0.0,22.532009837764896,0.0,-24.06427269214558,0.0,0
2030-11-09 06:00:00,-31.586323575254646,0.0,18.156998892402772,0.0,17.461276170004204,0.0,-19.781649977539594,0.0,0
2030-11-09 08:00:00,-15.860709224808136,0.0,-3.404477921120033,0.0,-3.274028353894508,0.0,-12.084840900917214,0.0,0
2030-11-09 10:00:00,-13.706369673088023,0.0,-1.0736165044935007,0.0,-1.0324786820072527,0.0,-9.76699743618273,0.0,0
2030-11-09 12:00:00,31.24016899140976,0.0,-33.59109835221311,0.0,-32.303986394314684,0.0,16.452199442088023,0.0,0
2030-11-09 14:00:00,-9.076283105218291,0.0,8.234792182496145,0.0,7.919259198794206,0.0,-5.2907119479987745,0.0,0
2030-11-09 16:00:00,-10.770366450053,0.0,-6.293022725964576,0.0,-6.051892629026811,0.0,-8.90047434626607,0.0,0
2030-11-09 18:00:00,-13.1153379287192,0.0,-10.021448993507985,0.0,-9.637456582787413,0.0,-11.1435122172303,0.0,0
2030-11-09 20:00:00,-11.891152181497098,0.0,-6.168305743910285,0.0,-5.931954434414084,0.0,-9.28512887406134,0.0,0
2030-11-09 22:00:00,-13.617264244516182,0.0,-4.345131320873491,0.0,-4.178638685738524,0.0,-10.33537637621995,0.0,0
2030-11-10 00:00:00,-16.013258334918202,0.0,1.060525232699006,0.0,1.0198890291921208,0.0,-11.542398436465987,0.0,0
2030-11-10 02:00:00,-14.986710934132024,0.0,7.341468220799857,0.0,7.060164780333496,0.0,-9.521678705286524,0.0,0
2030-11-10 04:00:00,-19.22291118768402,0.0,3.8763887866346236,0.0,3.7278569848928553,0.0,-13.274342478390764,0.0,0
2030-11-10 06:00:00,-9.799652679410812,0.0,2.914480911354969,0.0,2.8028065864270615,0.0,-6.677935595888389,0.0,0
2030-11-10 08:00:00,25.862956952168748,0.0,-20.05964639482749,0.0,-19.291019823725932,0.0,14.88363169088222,0.0,0
2030-11-10 10:00:00,18.704317410315326,0.0,-14.547971049909163,0.0,-13.99053564529203,0.0,10.801649871228527,0.0,0
2030-11-10 12:00:00,-14.390711421072421,0.0,-0.403049910229746,0.0,-0.38760622471380834,0.0,-10.315647151018345,0.0,0
2030-11-10 14:00:00,-16.05881242661994,0.0,-1.7272082794258425,0.0,-1.6610267450525953,0.0,-11.988520430141914,0.0,0
2030-11-10 16:00:00,34.67773977891524,0.0,-33.092536119031536,0.0,-31.824527597566057,0.0,18.892672568209242,0.0,0
2030-11-10 18:00:00,-15.950116577550755,0.0,-11.537607202449184,0.0,-11.095520074481438,0.0,-13.627892260602438,0.0,0
2030-11-10 20:00:00,-6.896773306691289,0.0,-14.531637007615274,0.0,-13.974827475392567,0.0,-6.908595008323977,0.0,0
2030-11-10 22:00:00,-15.075917098161524,0.0,-5.7602573983955505,0.0,-5.539541299734209,0.0,-11.260691011278228,0.0,0
2030-11-11 00:00:00,-9.0769193149957,0.0,-11.448056587698344,0.0,-11.009400775547588,0.0,-8.073317390551932,0.0,0
2030-11-11 02:00:00,-0.9172260864665542,0.0,-3.0364587455638326,0.0,-2.920110589272555,0.0,-1.2267282545952982,0.0,0
2030-11-11 04:00:00,-4.015815066689877,0.0,-4.852406280513073,0.0,-4.6664763629276065,0.0,-3.5305227853934014,0.0,0
2030-11-11 06:00:00,-22.511559513950168,0.0,1.8397468866516613,0.0,1.7692532042931628,0.0,-15.798747961277925,0.0,0
2030-11-11 08:00:00,-13.340901292397211,0.0,-4.381734985195784,0.0,-4.2138398054473996,0.0,-10.249745197463339,0.0,0
2030-11-11 10:00:00,44.5876850474429,0.0,-53.192097141534155,0.0,-51.153932637989286,0.0,23.50086494000024,0.0,0
2030-11-11 12:00:00,-16.267533574968056,0.0,-3.3023286527883355,0.0,-3.175793144679968,0.0,-12.33837530941909,0.0,0
2030-11-11 14:00:00,-26.655902149098846,0.0,2.371547193309123,0.0,2.2806764894332785,0.0,-19.04858967225053,0.0,0
2030-11-11 16:00:00,-39.09127760927192,0.0,15.443384096611913,0.0,14.85163910117457,0.0,-25.834567060449,0.0,0
2030-11-11 18:00:00,-51.68837071632685,0.0,26.159173186952604,0.0,25.15683071322273,0.0,-33.22118662672189,0.0,0
2030-11-11 20:00:00,-45.805918709578535,0.0,21.788593136910862,0.0,20.953718418667158,0.0,-29.603515918543394,0.0,0
2030-11-11 22:00:00,-39.57606230559936,0.0,17.509217277244783,0.0,16.838315638522403,0.0,-25.44318111341104,0.0,0
2030-11-12 00:00:00,-34.63356112167818,0.0,5.722420920675548,0.0,5.5031546044062765,0.0,-23.903734140331874,0.0,0
2030-11-12 02:00:00,-72.08015721646827,0.0,44.751082300319155,0.0,43.036352625400895,0.0,-44.69103662930345,0.0,0
2030-11-12 04:00:00,-38.86174331255191,0.0,13.887830487133103,0.0,13.355689724665988,0.0,-25.80782410266108,0.0,0
2030-11-12 06:00:00,-55.609154909586536,0.0,33.57451179049097,0.0,32.28803538078782,0.0,-35.13717476464891,0.0,0
2030-11-12 08:00:00,-113.01035809636156,0.0,83.18040525234889,0.0,79.99317710218388,0.0,-68.29675871971855,0.0,0
2030-11-12 10:00:00,-120.71287886516136,0.0,98.57039705416213,0.0,94.79346974404771,0.0,-72.42601699195546,0.0,0
2030-11-12 12:00:00,-111.14724768703027,0.0,101.56135978163428,0.0,97.66982758864917,0.0,-65.28938758992264,0.0,0
2030-11-12 14:00:00,-17.166044158257645,0.0,17.264759325222812,0.0,16.603224595255607,0.0,-10.727746915822086,0.0,0
2030-11-12 16:00:00,-74.91678019497394,0.0,57.737284691963424,0.0,55.524961987763504,0.0,-45.23395419600799,0.0,0
2030-11-12 18:00:00,-39.1540518245435,0.0,16.248848489816023,0.0,15.62624047104777,0.0,-25.58751428148744,0.0,0
2030-11-12 20:00:00,-51.4746024296615,0.0,40.554681442895316,0.0,39.00074548978664,0.0,-30.650686123134257,0.0,0
2030-11-12 22:00:00,-35.469846962335396,0.0,26.822193956348748,0.0,25.79444647943385,0.0,-21.784094848265518,0.0,0
2030-11-13 00:00:00,-73.13352812927553,0.0,62.81293679019272,0.0,60.40613004616604,0.0,-42.689579808533324,0.0,0
2030-11-13 02:00:00,-51.403298932163175,0.0,44.96055443054551,0.0,43.23779840052464,0.0,-30.5010119486201,0.0,0
2030-11-13 04:00:00,-84.98674190935299,0.0,80.2530883626261,0.0,77.17802637427623,0.0,-49.68066329013157,0.0,0
2030-11-13 06:00:00,-161.61225099879596,40.61225099879596,153.26695961935633,28.266959619356328,147.39422112154486,22.39422112154486,-93.19321630199768,0.0,3
2030-11-13 08:00:00,-144.12712087947142,23.12712087947142,128.13752302130763,3.1375230213076293,123.2276705238721,0.0,-84.72345521323761,0.0,2
2030-11-13 10:00:00,-84.12436237198227,0.0,87.60072652783587,0.0,84.24412468492125,0.0,-48.474699632599105,0.0,0
2030-11-13 12:00:00,-156.02626035252825,35.026260352528254,142.0460363748701,17.046036374870113,136.60325060844016,11.603250608440163,-90.78753851951127,0.0,3
2030-11-13 14:00:00,-135.2218183780873,14.221818378087306,114.63509947181534,0.0,110.24262007807944,0.0,-79.69421274378297,0.0,1
2030-11-13 16:00:00,-165.0786783281979,44.078678328197896,147.3726385437439,22.372638543743903,141.72575306986658,16.725753069866585,-96.43645294564176,0.0,3
2030-11-13 18:00:00,-168.61316775110825,47.61316775110825,149.0767071260826,24.076707126082596,143.3645267628744,18.36452676287439,-98.56460181477755,0.0,3
2030-11-13 20:00:00,-168.6096616955033,47.60966169550329,155.469611087864,30.469611087863996,149.51247347292718,24.512473472927184,-97.56058483526787,0.0,3
2030-11-13 22:00:00,-129.20921269258767,8.20921269258767,113.78990140135946,0.0,109.42980750844498,0.0,-75.97136965250837,0.0,1
2030-11-14 00:00:00,-127.17440884872647,6.174408848726472,114.35718125956646,0.0,109.97535087321194,0.0,-74.46497554278679,0.0,1
2030-11-14 02:00:00,-73.82027755689239,0.0,59.21854214105521,0.0,56.94946201393744,0.0,-44.144704917544196,0.0,0
2030-11-14 04:00:00,-99.61244621388468,0.0,84.89762890182996,0.0,81.64460179890486,0.0,-58.67900245472926,0.0,0
2030-11-14 06:00:00,-87.11438183239684,0.0,69.98855800583007,0.0,67.30680259012968,0.0,-51.8589694862808,0.0,0
2030-11-14 08:00:00,-57.25303339089523,0.0,43.79586372425537,0.0,42.11773521190605,0.0,-34.800291867420576,0.0,0
2030-11-14 10:00:00,-40.20532370672569,0.0,23.922480172534833,0.0,23.00584118771185,0.0,-25.749417501395538,0.0,0
2030-11-14 12:00:00,-38.54765518727067,0.0,21.592598700447496,0.0,20.765233911775333,0.0,-24.56754955640598,0.0,0
2030-11-14 14:00:00,-38.465763113189034,0.0,16.696038104663714,0.0,16.05629509689677,0.0,-25.29887778899156,0.0,0
2030-11-14 16:00:00,-24.47062137628033,0.0,10.491936734481328,0.0,10.089916619185654,0.0,-16.186937600591882,0.0,0
2030-11-14 18:00:00,-16.471618762241057,0.0,6.175710808386013,0.0,5.939075758628307,0.0,-11.585643768355292,0.0,0
2030-11-14 20:00:00,-36.90652434827334,0.0,20.75044942044422,0.0,19.955353311922337,0.0,-24.190361208444813,0.0,0
2030-11-14 22:00:00,-40.51657009913335,0.0,36.97680981235534,0.0,35.559967362746065,0.0,-24.76248421973777,0.0,0
2030-11-15 00:00:00,-36.46759972026473,0.0,39.659729094179205,0.0,38.14008507930095,0.0,-21.344271325415825,0.0,0
2030-11-15 02:00:00,-46.45906883584634,0.0,54.91669029731456,0.0,52.81244446323236,0.0,-26.276370332451304,0.0,0
2030-11-15 04:00:00,-45.51840598167841,0.0,46.10256134237398,0.0,44.33604697087814,0.0,-27.02936687717286,0.0,0
2030-11-15 06:00:00,-95.9694026062854,0.0,83.66260174868779,0.0,80.45689724892611,0.0,-56.98682573541815,0.0,0
2030-11-15 08:00:00,-85.2118408444762,0.0,73.77667430929381,0.0,70.94976943343053,0.0,-51.55702186979354,0.0,0
2030-11-15 10:00:00,-28.284148639799227,0.0,30.118869557401418,0.0,28.9648031806715,0.0,-17.653461206429014,0.0,0
2030-11-15 12:00:00,-38.34876112524355,0.0,26.304753984721224,0.0,25.296833283578742,0.0,-23.837512917724865,0.0,0
2030-11-15 14:00:00,-45.409144779529925,0.0,23.832276489658252,0.0,22.919093844299457,0.0,-29.25859909104883,0.0,0
2030-11-15 16:00:00,-23.84150531465012,0.0,1.7084744839818935,0.0,1.6430107734761572,0.0,-17.014492959687107,0.0,0
2030-11-15 18:00:00,-54.96093639430187,0.0,9.254853770149694,0.0,8.900235030647316,0.0,-37.411592407590454,0.0,0
2030-11-15 20:00:00,-96.49166984970716,0.0,68.62186874354525,0.0,65.99248083526524,0.0,-58.373774621849755,0.0,0
2030-11-15 22:00:00,-84.29055913363817,0.0,44.813482203336676,0.0,43.09636154791215,0.0,-53.032923473256005,0.0,0
2030-11-16 00:00:00,-36.6659840755934,0.0,8.248406770138802,0.0,7.932352115535471,0.0,-24.79518405463335,0.0,0
2030-11-16 02:00:00,-43.49352655963473,0.0,14.663128617344725,0.0,14.101280713900302,0.0,-28.75551078109989,0.0,0
2030-11-16 04:00:00,-37.99685397223024,0.0,19.778360769629032,0.0,19.020512235255616,0.0,-24.223286712394568,0.0,0
2030-11-16 06:00:00,-64.51868982348428,0.0,36.18971885013835,0.0,34.80303540809697,0.0,-40.13495836778199,0.0,0
2030-11-16 08:00:00,-74.49986973565098,0.0,39.1141310630735,0.0,37.615392757876855,0.0,-47.10457601842336,0.0,0
2030-11-16 10:00:00,-49.46251032719509,0.0,19.94811036276369,0.0,19.183757523920082,0.0,-32.158405348819734,0.0,0
2030-11-16 12:00:00,-90.92143588266164,0.0,58.21917588440848,0.0,55.9883885289579,0.0,-56.10945954683988,0.0,0
2030-11-16 14:00:00,-127.74510026100458,6.7451002610045805,85.9860380651142,0.0,82.69130632858479,0.0,-77.94407982127709,0.0,1
2030-11-16 16:00:00,-116.80764445168879,0.0,76.9828302343144,0.0,74.03307490602751,0.0,-71.5037788077157,0.0,0
2030-11-16 18:00:00,-81.56326730053415,0.0,33.60728741129942,0.0,32.319555136336085,0.0,-52.627094701339836,0.0,0
2030-11-16 20:00:00,-70.96803029246605,0.0,32.328426561117894,0.0,31.08969646749132,0.0,-45.347856800220356,0.0,0
2030-11-16 22:00:00,-34.465905910462794,0.0,5.4853756825016,0.0,5.275192241624412,0.0,-23.510794383966928,0.0,0
2030-11-17 00:00:00,-30.689385224093,0.0,7.5634386122775155,0.0,7.273629920146641,0.0,-21.07396750064388,0.0,0
2030-11-17 02:00:00,-35.07757935944964,0.0,11.511794529993978,0.0,11.070696467612589,0.0,-23.630485018181634,0.0,0
2030-11-17 04:00:00,-27.41447964171275,0.0,2.95120957443471,0.0,2.8381279153091494,0.0,-19.35763278780114,0.0,0
2030-11-17 06:00:00,-27.72599124584586,0.0,4.3297476787808815,0.0,4.16384449950376,0.0,-19.523881171657866,0.0,0
2030-11-17 08:00:00,-22.170219151273457,0.0,2.0800988192392023,0.0,2.0003955586973365,0.0,-15.717494319554534,0.0,0
2030-11-17 10:00:00,-12.694834769547196,0.0,-5.741858646273009,0.0,-5.521847533605823,0.0,-10.188251749733382,0.0,0
2030-11-17 12:00:00,-15.289995059314569,0.0,-4.750973424330694,0.0,-4.568930115058761,0.0,-11.924565694645468,0.0,0
2030-11-17 14:00:00,-21.02857456556762,0.0,0.8899947524469098,0.0,0.8558927747048148,0.0,-15.074193348091546,0.0,0
2030-11-17 16:00:00,-22.07881166738393,0.0,0.2178201872974208,0.0,0.20947395923420764,0.0,-15.827197434138467,0.0,0
2030-11-17 18:00:00,-21.515608118900793,0.0,-5.506025331189624,0.0,-5.295050656591047,0.0,-16.30000165209629,0.0,0
2030-11-17 20:00:00,-32.24281174122668,0.0,3.6927135994609017,0.0,3.5512196899398507,0.0,-22.51987112446601,0.0,0
2030-11-17 22:00:00,-34.48322077548776,0.0,7.907659826699981,0.0,7.604661591416989,0.0,-23.421020684560148,0.0,0
2030-11-18 00:00:00,-61.6720091482936,0.0,25.84909603463091,0.0,24.858634804152917,0.0,-40.39916694858923,0.0,0
2030-11-18 02:00:00,-92.72053442373249,0.0,49.665112122033236,0.0,47.76209129692167,0.0,-58.97959199692786,0.0,0
2030-11-18 04:00:00,-107.68577573043277,0.0,59.57140744730529,0.0,57.288806560894756,0.0,-67.95001657922337,0.0,0
2030-11-18 06:00:00,-98.24499135465447,0.0,52.88045349344493,0.0,50.85423025665631,0.0,-62.105642104790675,0.0,0
2030-11-18 08:00:00,-131.18067892004925,10.180678920049246,71.03355468995723,0.0,68.31175807899719,0.0,-82.49366489919703,0.0,1
2030-11-18 10:00:00,-105.2657651573715,0.0,63.49792845411682,0.0,61.064874846934416,0.0,-64.7546631463833,0.0,0
2030-11-18 12:00:00,-154.68129930040848,33.68129930040848,86.41302455029644,0.0,83.10193194919573,0.0,-95.90530040558737,0.0,1
2030-11-18 14:00:00,-90.46501821022241,0.0,65.36581853013632,0.0,62.86119287646485,0.0,-55.22616649512139,0.0,0
2030-11-18 16:00:00,-141.99956620731825,20.999566207318253,115.02985392422462,0.0,110.62224870248505,0.0,-84.80391676141623,0.0,1
2030-11-18 18:00:00,-138.72722052069872,17.727220520698722,121.44277735927056,0.0,116.78944779854729,0.0,-81.6690126379553,0.0,1
2030-11-18 20:00:00,-150.08192714382275,29.081927143822753,116.8603627600871,0.0,112.38261783088782,0.0,-90.32682453766556,0.0,1
2030-11-18 22:00:00,-152.5825109731751,31.58251097317509,126.05812895695314,1.0581289569531407,121.22795271592797,0.0,-91.0513671740189,0.0,2
2030-11-19 00:00:00,-147.74060185427868,26.74060185427868,126.02833827464461,1.0283382746446108,121.19930352482723,0.0,-86.91542677676141,0.0,2
2030-11-19 02:00:00,-167.168895074446,46.168895074446,122.50826669232174,0.0,117.81411071838617,0.0,-101.57550658885232,0.0,1
2030-11-19 04:00:00,-147.40537069164415,26.40537069164415,87.23365140864658,0.0,83.89111480320634,0.0,-92.02973162555183,0.0,1
2030-11-19 06:00:00,-118.21507298824213,0.0,61.73243391196986,0.0,59.367028855989105,0.0,-74.35726532802639,0.0,0
2030-11-19 08:00:00,-69.40960725058201,0.0,23.064941700926298,0.0,22.181161064752573,0.0,-46.318225025644175,0.0,0
2030-11-19 10:00:00,-49.38675491028183,0.0,15.456814811773338,0.0,14.864555190886474,0.0,-32.85160276413741,0.0,0
2030-11-19 12:00:00,-27.193447082147763,0.0,-0.1779307940461763,0.0,-0.17111301005191315,0.0,-20.04421657522929,0.0,0
2030-11-19 14:00:00,-44.38713552596289,0.0,15.81418982704804,0.0,15.20823664810038,0.0,-29.40747150982677,0.0,0
2030-11-19 16:00:00,-46.953297632309116,0.0,17.89768568197303,0.0,17.211899078080762,0.0,-30.962707737031472,0.0,0
2030-11-19 18:00:00,-26.818075576135875,0.0,-8.405037775322366,0.0,-8.082981481902785,0.0,-20.710273888400724,0.0,0
2030-11-19 20:00:00,-19.53904822506329,0.0,-10.194894663043325,0.0,-9.804256325090476,0.0,-15.899214829841382,0.0,0
2030-11-19 22:00:00,-26.862327852593584,0.0,-8.76206752022194,0.0,-8.426330898485343,0.0,-20.874275644776947,0.0,0
2030-11-20 00:00:00,-38.373576363652546,0.0,6.713682208475133,0.0,6.456433679074474,0.0,-26.801941281148725,0.0,0
2030-11-20 02:00:00,-46.23830948097631,0.0,21.39221444581184,0.0,20.57252779161469,0.0,-30.463669481793794,0.0,0
2030-11-20 04:00:00,-43.31502809956385,0.0,22.584277941460755,0.0,21.71891492492103,0.0,-28.290694558196577,0.0,0
2030-11-20 06:00:00,-38.70846575281547,0.0,14.848405114369244,0.0,14.279457961226822,0.0,-26.11791898517415,0.0,0
2030-11-20 08:00:00,-36.38290789713802,0.0,4.7853590269814426,0.0,4.601998162686877,0.0,-25.79643018641216,0.0,0
2030-11-20 10:00:00,-56.327504907818245,0.0,29.522983146180493,0.0,28.391749381751488,0.0,-36.25783714567881,0.0,0
2030-11-20 12:00:00,-35.12278271339926,0.0,17.933469264117953,0.0,17.246311538746106,0.0,-22.585725501304193,0.0,0
2030-11-20 14:00:00,-23.653639214342967,0.0,9.377991107941112,0.0,9.018654108313067,0.0,-15.598467292650566,0.0,0
2030-11-20 16:00:00,-30.54748318709904,0.0,3.712316032916349,0.0,3.5700710158774482,0.0,-21.392213134739187,0.0,0
2030-11-20 18:00:00,-28.089682535346597,0.0,-4.080507938538725,0.0,-3.924154892058236,0.0,-20.736152418637904,0.0,0
2030-11-20 20:00:00,-13.443698711511583,0.0,-21.038642319400232,0.0,-20.232503507762843,0.0,-12.378244451685072,0.0,0
2030-11-20 22:00:00,-37.75973614581093,0.0,16.848670551723664,0.0,16.20307911811139,0.0,-24.119267195910876,0.0,0
2030-11-21 00:00:00,-60.67329593477491,0.0,24.952910997559272,0.0,23.996788938298973,0.0,-39.45964554198157,0.0,0
2030-11-21 02:00:00,-89.8921269797811,0.0,53.89305526154323,0.0,51.8280321072693,0.0,-56.04510112285754,0.0,0
2030-11-21 04:00:00,-136.28889198884727,15.288891988847269,95.98238919818138,0.0,92.30462672702656,0.0,-82.36095999712998,0.0,1
2030-11-21 06:00:00,-172.1523760323879,51.152376032387906,119.64564682884374,0.0,115.06117801722026,0.0,-104.76114012021243,0.0,1
2030-11-21 08:00:00,-180.18757341192546,59.187573411925456,130.63720544597155,5.637205445971546,125.63157247997272,0.6315724799727178,-109.09086102358559,0.0,3
2030-11-21 10:00:00,-165.27685750848383,44.27685750848383,114.51831474935919,0.0,110.13031020223885,0.0,-100.15972802819842,0.0,1
2030-11-21 12:00:00,-159.8725830120194,38.87258301201939,108.00348674432496,0.0,103.86511121918556,0.0,-96.8166939409255,0.0,1
2030-11-21 14:00:00,-145.89742692803088,24.89742692803088,90.9690834223021,0.0,87.48341606352125,0.0,-88.5715538037453,0.0,1
2030-11-21 16:00:00,-147.03043574382207,26.030435743822068,90.76532093280514,0.0,87.28746115250995,0.0,-90.23063918686528,0.0,1
2030-11-21 18:00:00,-90.9135384180407,0.0,43.40934342984,0.0,41.746025236810915,0.0,-57.51088945843693,0.0,0
2030-11-21 20:00:00,-114.18015580084008,0.0,72.46101500594779,0.0,69.68452231976951,0.0,-69.50226451378455,0.0,0
2030-11-21 22:00:00,-118.66752659508424,0.0,74.40683688509608,0.0,71.55578603525396,0.0,-72.89418460271195,0.0,0
2030-11-22 00:00:00,-164.32331018031329,43.323310180313285,129.27537626307262,4.275376263072616,124.32192458056576,0.0,-97.67841238776879,0.0,2
2030-11-22 02:00:00,-113.9785911561483,0.0,79.48342159944386,0.0,76.43785097467187,0.0,-69.2333238473925,0.0,0
2030-11-22 04:00:00,-103.57623282153577,0.0,61.5643610815727,0.0,59.20539608145242,0.0,-64.14113868705064,0.0,0
2030-11-22 06:00:00,-52.405024205008104,0.0,21.264237683885383,0.0,20.449454722294053,0.0,-34.50248157142464,0.0,0
2030-11-22 08:00:00,-72.23670131778506,0.0,41.67064937434938,0.0,40.073952816804876,0.0,-45.27955034650685,0.0,0
2030-11-22 10:00:00,-52.57507751091171,0.0,21.802433087739033,0.0,20.96702806334035,0.0,-33.85958275252845,0.0,0
2030-11-22 12:00:00,-73.15078183873636,0.0,46.93019499876324,0.0,45.13196814306308,0.0,-45.00721566234397,0.0,0
2030-11-22 14:00:00,-2.3016536287759743,0.0,-7.649806127263982,0.0,-7.356688086324401,0.0,-3.5399397100094743,0.0,0
2030-11-22 16:00:00,-32.11919192120645,0.0,10.265589300163835,0.0,9.872242151923217,0.0,-21.54720359462594,0.0,0
2030-11-22 18:00:00,-10.628931101809634,0.0,-11.32128535619934,0.0,-10.887487044278899,0.0,-9.3813538324073,0.0,0
2030-11-22 20:00:00,-14.495026223134696,0.0,-3.2983027497271715,0.0,-3.171921502367277,0.0,-10.913592109503368,0.0,0
2030-11-22 22:00:00,-9.515938977463986,0.0,-14.08156202513139,0.0,-13.541998040697353,0.0,-9.022871407389026,0.0,0
2030-11-23 00:00:00,-22.744301556514344,0.0,1.8286803124283244,0.0,1.7586106686012517,0.0,-16.110875006555855,0.0,0
2030-11-23 02:00:00,-16.562704836880233,0.0,-7.449780833395497,0.0,-7.164327172611737,0.0,-13.264175318099515,0.0,0
2030-11-23 04:00:00,-25.105831916994877,0.0,4.874585525055538,0.0,4.687805764140602,0.0,-17.80205535757722,0.0,0
2030-11-23 06:00:00,-24.31464205070205,0.0,12.983065830169627,0.0,12.485592984686024,0.0,-16.045536587633762,0.0,0
2030-11-23 08:00:00,-11.373271290441464,0.0,-3.3054020813973013,0.0,-3.1787488085564175,0.0,-9.094230457657435,0.0,0
2030-11-23 10:00:00,32.95660423071432,0.0,-32.086578612458275,0.0,-30.857115419944826,0.0,17.83751721255194,0.0,0
2030-11-23 12:00:00,-17.39928501462373,0.0,5.975132394283779,0.0,5.74618291862015,0.0,-11.932752375631154,0.0,0
2030-11-23 14:00:00,-14.04815348323854,0.0,2.0422705040961073,0.0,1.9640167131803663,0.0,-9.81757208140192,0.0,0
2030-11-23 16:00:00,-21.507891706473533,0.0,10.187206968688931,0.0,9.796863200542374,0.0,-14.356635533115153,0.0,0
2030-11-23 18:00:00,-24.188046123076106,0.0,0.7161621513648022,0.0,0.6887209269323984,0.0,-17.581827116734992,0.0,0
2030-11-23 20:00:00,-28.81642877997689,0.0,3.634997550275056,0.0,3.495715149776153,0.0,-20.201234263374502,0.0,0
2030-11-23 22:00:00,-11.02374501617856,0.0,-17.630194278213814,0.0,-16.954657157110177,0.0,-10.576268174909304,0.0,0
2030-11-24 00:00:00,-15.743604931235549,0.0,-6.801276822594344,0.0,-6.540671925560277,0.0,-12.209879737996156,0.0,0
2030-11-24 02:00:00,-3.8031391903448055,0.0,-5.956483439369854,0.0,-5.72824853673431,0.0,-3.95092125914564,0.0,0
2030-11-24 04:00:00,-18.162186374408087,0.0,9.082535816654442,0.0,8.734519793627149,0.0,-11.71378716900518,0.0,0
2030-11-24 06:00:00,-48.43166810609368,0.0,34.01724392820849,0.0,32.713803326902266,0.0,-29.80215690299858,0.0,0
2030-11-24 08:00:00,-55.34156952980017,0.0,45.76888081147979,0.0,44.01515209518722,0.0,-33.01991901782149,0.0,0
2030-11-24 10:00:00,-15.538993462276249,0.0,0.8227400446571567,0.0,0.7912150692420479,0.0,-10.293099853168204,0.0,0
2030-11-24 12:00:00,-20.54319168822056,0.0,1.7996316743340603,0.0,1.7306750887660876,0.0,-14.25443884287784,0.0,0
2030-11-24 14:00:00,-22.303078447280846,0.0,7.274731023069345,0.0,6.995984755468668,0.0,-14.571837185176156,0.0,0
2030-11-24 16:00:00,-18.73270893948473,0.0,-2.779184745816983,0.0,-2.6726945714844303,0.0,-14.042696668909473,0.0,0
2030-11-24 18:00:00,-0.9934458512801483,0.0,-2.599589354010881,0.0,-2.499980746156163,0.0,-1.8030694803860705,0.0,0
2030-11-24 20:00:00,-40.669018927022734,0.0,20.515488586877712,0.0,19.72939548550226,0.0,-25.99862756605823,0.0,0
2030-11-24 22:00:00,-41.3355501132199,0.0,22.713648702892993,0.0,21.843328579791958,0.0,-25.21148306476377,0.0,0
2030-11-25 00:00:00,-23.03965690798332,0.0,10.223463413987751,0.0,9.831730405638144,0.0,-14.769991909077328,0.0,0
2030-11-25 02:00:00,-15.732834103806125,0.0,-6.31033585597536,0.0,-6.068542370885373,0.0,-12.182097245733113,0.0,0
2030-11-25 04:00:00,-36.45582997105156,0.0,26.0476256738108,0.0,25.049557372259887,0.0,-21.780025900927317,0.0,0
2030-11-25 06:00:00,-52.22807911903731,0.0,31.673037515042907,0.0,30.459419999440275,0.0,-31.911365585014888,0.0,0
2030-11-25 08:00:00,-37.05766227242298,0.0,14.023743576011146,0.0,13.486395024263228,0.0,-24.09514997999486,0.0,0
2030-11-25 10:00:00,-45.421968265761265,0.0,25.09286482319648,0.0,24.131380145523277,0.0,-28.46867893990582,0.0,0
2030-11-25 12:00:00,-51.5017956868053,0.0,30.931682872975486,0.0,29.746471883853317,0.0,-31.6614972358481,0.0,0
2030-11-25 14:00:00,-30.24303460498396,0.0,32.94223854247802,0.0,31.679988981496578,0.0,-16.49172085415983,0.0,0
2030-11-25 16:00:00,-86.09978761730636,0.0,80.6389978699065,0.0,77.54914896580053,0.0,-49.27840170873335,0.0,0
2030-11-25 18:00:00,-88.02500616653941,0.0,75.40775495019531,0.0,72.51835186795671,0.0,-51.83444379498223,0.0,0
2030-11-25 20:00:00,-82.4710200622724,0.0,63.51172389653567,0.0,61.0781416886294,0.0,-48.86717790606026,0.0,0
2030-11-25 22:00:00,-76.03825184341,0.0,66.13647538029787,0.0,63.602320425831174,0.0,-44.719402071059754,0.0,0
2030-11-26 00:00:00,-68.25246264811615,0.0,52.41971149736076,0.0,50.411142536906,0.0,-41.14289617485117,0.0,0
2030-11-26 02:00:00,-112.91904119487569,0.0,108.50443611345378,0.0,104.34686568386243,0.0,-65.04870236893001,0.0,0
2030-11-26 04:00:00,-102.7724237070445,0.0,88.25171367008699,0.0,84.87016791713863,0.0,-59.98370177343235,0.0,0
2030-11-26 06:00:00,-73.99239536814987,0.0,61.42441695270517,0.0,59.07081419944604,0.0,-43.72059577905832,0.0,0
2030-11-26 08:00:00,-110.7142700192943,0.0,82.11939682556593,0.0,78.97282339348197,0.0,-65.9401737921998,0.0,0
2030-11-26 10:00:00,-60.89432145548503,0.0,46.650419972994,0.0,44.86291327230076,0.0,-36.54686686768695,0.0,0
2030-11-26 12:00:00,-47.053373271746345,0.0,43.12384372502492,0.0,41.4714650398436,0.0,-26.86063187650686,0.0,0
2030-11-26 14:00:00,-21.413935536827193,0.0,17.22248166253873,0.0,16.562566888091446,0.0,-13.421548258561582,0.0,0
2030-11-26 16:00:00,-83.45272069087632,0.0,51.456074473504415,0.0,49.48442924574441,0.0,-52.18014078159742,0.0,0
2030-11-26 18:00:00,-91.41509876249012,0.0,60.80713585448881,0.0,58.47718549492549,0.0,-56.39181049452207,0.0,0
2030-11-26 20:00:00,-81.06922615277716,0.0,49.54578011107698,0.0,47.64733173717407,0.0,-50.44001366346923,0.0,0
2030-11-26 22:00:00,-102.669895223076,0.0,80.15235733580329,0.0,77.08115506373275,0.0,-61.8586119935593,0.0,0
2030-11-27 00:00:00,-51.17966552784743,0.0,29.453881459491605,0.0,28.325295468181253,0.0,-32.53829560965328,0.0,0
2030-11-27 02:00:00,-92.94055845650546,0.0,67.09361914710274,0.0,64.52278926242803,0.0,-56.473877432481956,0.0,0
2030-11-27 04:00:00,-85.56131520806983,0.0,76.95717611700232,0.0,74.00840377893547,0.0,-50.78426426402369,0.0,0
2030-11-27 06:00:00,-87.63997340875731,0.0,75.22120844220495,0.0,72.33895327274413,0.0,-52.1720273186477,0.0,0
2030-11-27 08:00:00,-74.53352644947185,0.0,60.309190260653864,0.0,57.99831970971984,0.0,-45.649423399937184,0.0,0
2030-11-27 10:00:00,-60.59071202883399,0.0,46.896335763894825,0.0,45.099406294354225,0.0,-37.51612215299987,0.0,0
2030-11-27 12:00:00,-120.11748113395879,0.0,101.68503487839604,0.0,97.78876381994525,0.0,-71.3937913115277,0.0,0
2030-11-27 14:00:00,-119.66709388364879,0.0,106.57901196469274,0.0,102.49521811781136,0.0,-70.43646445114966,0.0,0
2030-11-27 16:00:00,-83.00332041928549,0.0,85.00759175781573,0.0,81.75035120210684,0.0,-48.023843572541956,0.0,0
2030-11-27 18:00:00,-143.5174996858991,22.51749968589911,127.60703776736796,2.607037767367956,122.71751190250284,0.0,-84.09882937320363,0.0,2
2030-11-27 20:00:00,-130.57002022126036,9.570020221260364,121.36733265762494,0.0,116.7168939156725,0.0,-75.84140939828495,0.0,1
2030-11-27 22:00:00,-133.9897826874076,12.989782687407597,124.7765184973915,0.0,119.99544979463653,0.0,-77.40540942002262,0.0,1
2030-11-28 00:00:00,-119.55877714149128,0.0,107.45004880529653,0.0,103.33287939202079,0.0,-68.42528173727432,0.0,0
2030-11-28 02:00:00,-104.83454074626482,0.0,86.26595473393701,0.0,82.96049741505594,0.0,-60.189625469890025,0.0,0
2030-11-28 04:00:00,-108.75041964622878,0.0,92.17080767933791,0.0,88.6390937862904,0.0,-62.46327032388524,0.0,0
2030-11-28 06:00:00,-124.04512582159857,3.0451258215985746,107.7711744469191,0.0,103.64170044482081,0.0,-71.1371229045328,0.0,1
2030-11-28 08:00:00,-131.22642486590453,10.226424865904534,128.07813299610856,3.0781329961085646,123.17055614952594,0.0,-75.24306585663702,0.0,2
2030-11-28 10:00:00,-121.35442292927675,0.3544229292767511,121.0660629861571,0.0,116.42716801072973,0.0,-69.22145429043226,0.0,1
2030-11-28 12:00:00,-117.9778897941224,0.0,123.33844215359525,0.0,118.61247630097824,0.0,-66.19663916824048,0.0,0
2030-11-28 14:00:00,-133.8242614206505,12.824261420650487,133.9803105107553,8.980310510755288,128.84657960463346,3.8465796046334617,-75.65996792498969,0.0,3
2030-11-28 16:00:00,-121.09074961107743,0.09074961107742752,117.512426700356,0.0,113.00969660139437,0.0,-68.98777183767461,0.0,1
2030-11-28 18:00:00,-145.7451569143295,24.7451569143295,140.33068865934328,15.33068865934328,134.95362996540908,9.953629965409078,-83.30067390084773,0.0,3
2030-11-28 20:00:00,-157.38668675492625,36.386686754926245,150.25735716676928,25.25735716676928,144.49993777119806,19.499937771198063,-90.08524813828367,0.0,3
2030-11-28 22:00:00,-146.52833757214677,25.528337572146768,143.5939355753033,18.593935575303306,138.09183887031443,13.091838870314433,-83.58712234137583,0.0,3
2030-11-29 00:00:00,-142.83643507399967,21.836435073999667,142.97693614089266,17.97693614089266,137.49848103707205,12.498481037072054,-81.20738715443328,0.0,3
2030-11-29 02:00:00,-135.9742281940987,14.974228194098714,140.10236379009066,15.102363790090664,134.73405383269431,9.734053832694315,-76.21024358750496,0.0,3
2030-11-29 04:00:00,-145.2952244604141,24.29522446041409,146.9145993730183,21.91459937301829,141.28526461116715,16.28526461116715,-81.68184788185278,0.0,3
2030-11-29 06:00:00,-144.13518294784623,23.135182947846232,143.27560651217127,18.275606512171265,137.78570723935343,12.785707239353428,-81.39983927284274,0.0,3
2030-11-29 08:00:00,-137.58968336603687,16.589683366036866,131.79624954365448,6.796249543654483,126.74620542139576,1.7462054213957572,-79.14694885199584,0.0,3
2030-11-29 10:00:00,-132.97500102264655,11.975001022646552,126.02623447329867,1.026234473298672,121.19728033495298,0.0,-76.80903251804348,0.0,2
2030-11-29 12:00:00,-95.31402330230085,0.0,103.19757767410206,0.0,99.24335043039122,0.0,-53.783935550700775,0.0,0
2030-11-29 14:00:00,-147.5325584687813,26.532558468781303,142.5923863165649,17.592386316564898,137.12866602945394,12.128666029453939,-84.41225137758047,0.0,3
2030-11-29 16:00:00,-134.0318066342004,13.031806634200393,125.32647054850848,0.3264705485084818,120.52432930284832,0.0,-77.46442615930705,0.0,2
2030-11-29 18:00:00,-155.66075509170514,34.66075509170514,140.93702201550263,15.937022015502635,135.53673041310554,10.536730413105545,-90.03574555725773,0.0,3
2030-11-29 20:00:00,-148.1300840966405,27.130084096640502,136.91248508484483,11.912485084844832,131.6664018847507,6.666401884750712,-85.68764242086736,0.0,3
2030-11-29 22:00:00,-175.80411954855316,54.80411954855316,165.10899632686372,40.10899632686372,158.78250585904283,33.78250585904283,-100.80491045911779,0.0,3
2030-11-30 00:00:00,-131.01217942416093,10.012179424160934,126.62412297037505,1.6241229703750548,121.77225950569508,0.0,-74.07860706231926,0.0,2
2030-11-30 02:00:00,-162.65845253943408,41.65845253943408,157.44790926136704,32.447909261367045,151.41496908681444,26.414969086814438,-92.81321593896764,0.0,3
2030-11-30 04:00:00,-196.43500312383983,75.43500312383983,180.82408193333637,55.82408193333637,173.89543566842266,48.895435668422664,-113.03475368323396,0.0,3
2030-11-30 06:00:00,-193.63734059538888,72.63734059538888,184.4154251314251,59.41542513142511,177.34916917221955,52.34916917221955,-110.67804726099675,0.0,3
2030-11-30 08:00:00,-190.25037212450337,69.25037212450337,173.64117582307625,48.64117582307625,166.9877573655429,41.987757365542905,-109.7919339432854,0.0,3
2030-11-30 10:00:00,-189.37936982316012,68.37936982316012,171.76058481254444,46.76058481254444,165.1792250639047,40.17922506390471,-109.43530511887813,0.0,3
2030-11-30 12:00:00,-209.30663974978603,88.30663974978603,179.4393464516519,54.439346451651886,172.56375917213717,47.56375917213717,-122.20166570289075,1.2016657028907503,4
2030-11-30 14:00:00,-180.50264817562854,59.502648175628536,132.69450505038793,7.6945050503879315,127.61004242261214,2.610042422612139,-108.47176087877033,0.0,3
2030-11-30 16:00:00,-186.91674140343878,65.91674140343878,164.60177620752512,39.60177620752512,158.29472092083574,33.29472092083574,-108.94318505280711,0.0,3
2030-11-30 18:00:00,-180.02901879827743,59.029018798277434,158.61578500555493,33.615785005554926,152.53809527205897,27.538095272058968,-105.02463754600124,0.0,3
2030-11-30 20:00:00,-151.8177282447076,30.81772824470761,139.698205706486,14.698205706485993,134.34538189654558,9.345381896545575,-88.1372951680206,0.0,3
2030-11-30 22:00:00,-132.9895311475205,11.989531147520495,128.86264544890668,3.862645448906676,123.925008395643,0.0,-76.0165686589555,0.0,2
2030-12-01 00:00:00,-193.3215395814105,72.32153958141049,173.17014874068656,48.17014874068656,166.5347786537032,41.5347786537032,-112.31978714873355,0.0,3
2030-12-01 02:00:00,-196.40985751742605,75.40985751742605,169.1252580458157,44.12525804581571,162.64487625743396,37.644876257433964,-115.1279113379719,0.0,3
2030-12-01 04:00:00,-190.07741868337138,69.07741868337138,155.4294584914635,30.429458491463492,149.47385940576527,24.473859405765268,-112.27186458748614,0.0,3
2030-12-01 06:00:00,-190.1320667289384,69.13206672893841,147.55886727544788,22.55886727544788,141.90484606504396,16.904846065043955,-113.1394878362245,0.0,3
2030-12-01 08:00:00,-209.41174013623834,88.41174013623834,174.5159596768429,49.5159596768429,167.8290220784064,42.82902207840641,-123.82434749655941,2.8243474965594118,4
2030-12-01 10:00:00,-164.13870752514572,43.13870752514572,148.56091274633175,23.560912746331752,142.8684961046618,17.8684961046618,-95.9602656517377,0.0,3
2030-12-01 12:00:00,-177.7440219102623,56.74402191026229,151.57202896558783,26.572028965587833,145.76423521859704,20.764235218597037,-104.37750160057239,0.0,3
2030-12-01 14:00:00,-188.72515238338394,67.72515238338394,152.2782922736214,27.27829227362139,146.4434365967208,21.4434365967208,-112.12588193952183,0.0,3
2030-12-01 16:00:00,-150.7464173467234,29.746417346723405,124.55381601585162,0.0,119.78128061629607,0.0,-88.62465400128326,0.0,1
2030-12-01 18:00:00,-163.16038970165417,42.16038970165417,128.9991748642047,3.99917486420469,124.05630640584687,0.0,-96.64629428618754,0.0,2
2030-12-01 20:00:00,-155.6237877771631,34.6237877771631,120.07222644252886,0.0,115.47141235645155,0.0,-92.45594577329801,0.0,1
2030-12-01 22:00:00,-138.787592751144,17.78759275114399,105.22898141738926,0.0,101.19691676503254,0.0,-82.64029384862494,0.0,1
2030-12-02 00:00:00,-108.23785851497226,0.0,73.59456103995466,0.0,70.77463420822089,0.0,-65.79072234223695,0.0,0
2030-12-02 02:00:00,-149.24487588065787,28.244875880657872,119.0422093782848,0.0,114.48086251255043,0.0,-88.30087389232195,0.0,1
2030-12-02 04:00:00,-138.82395533007661,17.823955330076615,123.80856374890013,0.0,119.06458422133151,0.0,-80.69481077148542,0.0,1
2030-12-02 06:00:00,-142.81674323353255,21.81674323353255,129.95529557777726,4.955295577777264,124.97579138959799,0.0,-83.03186581437849,0.0,2
2030-12-02 08:00:00,-129.372286346655,8.372286346654988,107.6012115933182,0.0,103.47825006720322,0.0,-76.40883809032806,0.0,1
2030-12-02 10:00:00,-138.6448917704568,17.64489177045681,125.77424009149497,0.7742400914949741,120.95494163569775,0.0,-80.22064304154995,0.0,2
2030-12-02 12:00:00,-108.877546176142,0.0,111.90128495641233,0.0,107.61355728340195,0.0,-61.54563663391717,0.0,0
2030-12-02 14:00:00,-140.78927545722868,19.789275457228683,129.550991573453,4.55099157345299,124.58697912398196,0.0,-81.25594597572466,0.0,2
2030-12-02 16:00:00,-95.87718188420402,0.0,95.88226509273966,0.0,92.20833908242476,0.0,-55.279955323402014,0.0,0
2030-12-02 18:00:00,-144.70898421693278,23.708984216932777,129.82922627729937,4.8292262772993695,124.85455269342096,0.0,-84.39656717117188,0.0,2
2030-12-02 20:00:00,-145.79747375960136,24.79747375960136,135.9420174567847,10.942017456784697,130.7331197180199,5.733119718019907,-84.31655471933988,0.0,3
2030-12-02 22:00:00,-142.24486520485578,21.244865204855785,137.65958036915956,12.659580369159556,132.38487067807984,7.384870678079835,-80.87464572291387,0.0,3
2030-12-03 00:00:00,-72.09499898085161,0.0,89.71083808528752,0.0,86.2733829820948,0.0,-38.43079189430549,0.0,0
2030-12-03 02:00:00,-77.51032989298437,0.0,86.3672415057458,0.0,83.05790317607412,0.0,-42.49636249451579,0.0,0
2030-12-03 04:00:00,-78.53444611277374,0.0,85.64763254030876,0.0,82.36586750683355,0.0,-43.083511410201346,0.0,0
2030-12-03 06:00:00,-114.96757766708826,0.0,116.19117898046841,0.0,111.73907520285476,0.0,-64.63201136367258,0.0,0
2030-12-03 08:00:00,-139.0925516738003,18.0925516738003,132.10658824147953,7.106588241479528,127.0446528543155,2.044652854315501,-80.19428629322363,0.0,3
2030-12-03 10:00:00,-103.15597804856804,0.0,100.58582518756788,0.0,96.73167260712768,0.0,-59.579239263838055,0.0,0
2030-12-03 12:00:00,-118.51178959762467,0.0,119.43353712735983,0.0,114.85719573480142,0.0,-66.96046996308762,0.0,0
2030-12-03 14:00:00,-132.31350344264723,11.313503442647232,126.65564289990797,1.6556428999079742,121.80257168435952,0.0,-76.35539224741429,0.0,2
2030-12-03 16:00:00,-133.28002654295062,12.280026542950623,126.28775136843399,1.2877513684339874,121.44877667287425,0.0,-76.9660019617347,0.0,2
2030-12-03 18:00:00,-141.9946408461518,20.99464084615181,131.1525878972311,6.152587897231086,126.1272069935807,1.1272069935806996,-82.33826783109014,0.0,3
2030-12-03 20:00:00,-118.91227873731259,0.0,118.12932535567879,0.0,113.60295751710663,0.0,-68.18168149460524,0.0,0
2030-12-03 22:00:00,-118.03720110576181,0.0,119.96160895615063,0.0,115.36503340636584,0.0,-66.76847249971269,0.0,0
2030-12-04 00:00:00,-105.0681167188835,0.0,113.35157400263867,0.0,109.00827552470145,0.0,-58.756108910122705,0.0,0
2030-12-04 02:00:00,-119.77598970143538,0.0,118.82300265529487,0.0,114.27005514558803,0.0,-67.45028371026781,0.0,0
2030-12-04 04:00:00,-120.64821231854648,0.0,119.16367508248933,0.0,114.59767400870513,0.0,-67.88788105485752,0.0,0
2030-12-04 06:00:00,-122.26829138609912,1.268291386099122,116.45992260795872,0.0,111.99752136603087,0.0,-69.26938136101519,0.0,1
2030-12-04 08:00:00,-148.12436400321207,27.124364003212065,139.8648513386216,14.864851338621605,134.50564215885478,9.505642158854783,-85.37678473224636,0.0,3
2030-12-04 10:00:00,-139.84143869585193,18.841438695851934,133.86081720323713,8.860817203237133,128.73166492873304,3.7316649287330392,-79.63557181212343,0.0,3
2030-12-04 12:00:00,-93.07541261698532,0.0,104.87505420747489,0.0,100.85655100343202,0.0,-51.268974919438435,0.0,0
2030-12-04 14:00:00,-83.48880754237098,0.0,93.78382560747696,0.0,90.19030561800945,0.0,-45.3793202002563,0.0,0
2030-12-04 16:00:00,-146.74420979483062,25.744209794830624,137.36708170563918,12.36708170563918,132.10357970189204,7.103579701892045,-84.74763889842029,0.0,3
2030-12-04 18:00:00,-141.01178967131955,20.011789671319548,131.76151278977323,6.761512789773235,126.7127996776182,1.712799677618193,-81.45855028325322,0.0,3
2030-12-04 20:00:00,-127.55204890489645,6.552048904896452,125.04675633885421,0.046756338854208934,120.2553329179066,0.0,-73.04390642975889,0.0,2
2030-12-04 22:00:00,-132.15475645788104,11.154756457881035,131.43501157466545,6.435011574665452,126.39880902747703,1.3988090274770286,-75.38123197010265,0.0,3
2030-12-05 00:00:00,-124.44106826488726,3.4410682648872637,120.40614168749258,0.0,115.79253295266024,0.0,-70.38669498858413,0.0,1
2030-12-05 02:00:00,-115.94980116963245,0.0,115.54033150888168,0.0,111.11316628953314,0.0,-64.84640759422285,0.0,0
2030-12-05 04:00:00,-99.96928451849502,0.0,104.89543802474734,0.0,100.87615377286,0.0,-55.43557128055779,0.0,0
2030-12-05 06:00:00,-130.2855089950125,9.285508995012492,128.7278061542593,3.727806154259298,123.795335745644,0.0,-73.84993606967966,0.0,2
2030-12-05 08:00:00,-119.64719342546675,0.0,118.32878346077537,0.0,113.79477297505083,0.0,-68.7236218861641,0.0,0
2030-12-05 10:00:00,-92.25936673634212,0.0,101.14505362579911,0.0,97.2694730586199,0.0,-51.96401240643667,0.0,0
2030-12-05 12:00:00,-86.61651014415659,0.0,101.32717022794077,0.0,97.44461148892896,0.0,-48.00440954731879,0.0,0
2030-12-05 14:00:00,-76.27012187674532,0.0,93.15729792671024,0.0,89.58778463274928,0.0,-41.75746077777128,0.0,0
2030-12-05 16:00:00,-37.908713418462284,0.0,44.81723817083475,0.0,43.099973597797415,0.0,-21.716550866519597,0.0,0
2030-12-05 18:00:00,-52.15637183873491,0.0,62.00103648159054,0.0,59.62533936621777,0.0,-29.9982080486016,0.0,0
2030-12-05 20:00:00,-49.66580781241042,0.0,63.93359537717814,0.0,61.48384829661009,0.0,-28.131067506344046,0.0,0
2030-12-05 22:00:00,-65.41673816698636,0.0,77.53035910843116,0.0,74.5596240862449,0.0,-37.31034785576942,0.0,0
2030-12-06 00:00:00,-69.22320454368403,0.0,83.24134302287555,0.0,80.05177991681511,0.0,-38.8764982624392,0.0,0
2030-12-06 02:00:00,-65.0992997521794,0.0,80.43135491636212,0.0,77.3494622786954,0.0,-36.30495987659645,0.0,0
2030-12-06 04:00:00,-80.3720868811835,0.0,94.90270880099914,0.0,91.26631650283909,0.0,-44.246342653639324,0.0,0
2030-12-06 06:00:00,-90.63749525849354,0.0,99.13822578116458,0.0,95.33954094657454,0.0,-51.36468823564786,0.0,0
2030-12-06 08:00:00,-118.92213965277375,0.0,120.15780917895196,0.0,115.55371581446906,0.0,-67.83612900486159,0.0,0
2030-12-06 10:00:00,-32.60575254789692,0.0,57.459283433978754,0.0,55.25761291922821,0.0,-16.72351482057985,0.0,0
2030-12-06 12:00:00,-55.127256682570106,0.0,63.59137717684867,0.0,61.15474288983192,0.0,-31.319918798143167,0.0,0
2030-12-06 14:00:00,-29.842523542354975,0.0,41.52684657659964,0.0,39.93566011874351,0.0,-16.929195377281037,0.0,0
2030-12-06 16:00:00,-103.33286659828767,0.0,100.70732524336117,0.0,96.8485171386194,0.0,-60.16385093457693,0.0,0
2030-12-06 18:00:00,-88.6522490442581,0.0,81.40015558851519,0.0,78.28114136235882,0.0,-52.817164449768974,0.0,0
2030-12-06 20:00:00,-71.81994895183405,0.0,63.74068915460302,0.0,61.298333672345564,0.0,-44.00585500718794,0.0,0
2030-12-06 22:00:00,-79.33698102016095,0.0,68.48614551463774,0.0,65.86195812076359,0.0,-48.913911346778846,0.0,0
2030-12-07 00:00:00,-80.19617758218658,0.0,72.57701386053557,0.0,69.7960764398841,0.0,-48.7645051432454,0.0,0
2030-12-07 02:00:00,-56.13809663678199,0.0,40.23398132289378,0.0,38.69233365387241,0.0,-35.815383794447825,0.0,0
2030-12-07 04:00:00,-13.038712226106995,0.0,9.234669006420043,0.0,8.880823687616578,0.0,-10.087066717815233,0.0,0
2030-12-07 06:00:00,-74.09511798101744,0.0,74.43000856356548,0.0,71.5780698432487,0.0,-43.665875820299135,0.0,0
2030-12-07 08:00:00,-73.16597326716783,0.0,54.813986222271026,0.0,52.713675705865995,0.0,-45.99141371836247,0.0,0
2030-12-07 10:00:00,-46.82316008841701,0.0,42.93704336848279,0.0,41.2918223228085,0.0,-29.48408662958153,0.0,0
2030-12-07 12:00:00,1.3254663285458865,0.0,10.854300014631303,0.0,10.438395205656105,0.0,-0.8205341272289272,0.0,0
2030-12-07 14:00:00,-26.91792191198872,0.0,24.892230180994936,0.0,23.938433231910963,0.0,-17.705953118996007,0.0,0
2030-12-07 16:00:00,-5.444999944824497,0.0,17.658270117668792,0.0,16.98165721308504,0.0,-4.140050660777041,0.0,0
2030-12-07 18:00:00,-55.36360204312837,0.0,44.092758785598875,0.0,42.40325412890045,0.0,-35.17335819701585,0.0,0
2030-12-07 20:00:00,-50.0644460570615,0.0,42.70861099959317,0.0,41.07214280952609,0.0,-31.674788610480974,0.0,0
2030-12-07 22:00:00,-40.74245971863228,0.0,33.06148609439112,0.0,31.794667318422796,0.0,-26.083677373170232,0.0,0
2030-12-08 00:00:00,-35.93786695520356,0.0,30.681577122542784,0.0,29.505949449177116,0.0,-22.62595617703597,0.0,0
2030-12-08 02:00:00,-27.838017397352232,0.0,14.856117628353001,0.0,14.286874954389132,0.0,-18.74610396933377,0.0,0
2030-12-08 04:00:00,-34.00922561417194,0.0,27.679087362812144,0.0,26.618506254244586,0.0,-21.638933888969895,0.0,0
2030-12-08 06:00:00,-32.7974305958668,0.0,17.249324172581346,0.0,16.588380872204482,0.0,-22.29162826545886,0.0,0
2030-12-08 08:00:00,-20.84691240534876,0.0,-2.821165236079346,0.0,-2.7130664929988457,0.0,-16.583544958116235,0.0,0
2030-12-08 10:00:00,-27.57478661104607,0.0,13.912655518280566,0.0,13.379563533733476,0.0,-18.928716282560806,0.0,0
2030-12-08 12:00:00,8.88801105870312,0.0,1.1371551171643777,0.0,1.0935826821717693,0.0,3.9884007427488237,0.0,0
2030-12-08 14:00:00,-30.93759024862103,0.0,26.069351599134272,0.0,25.070450824111134,0.0,-19.55801924978363,0.0,0
2030-12-08 16:00:00,-33.68181077255063,0.0,33.42941062751008,0.0,32.148494067026995,0.0,-20.991942792976015,0.0,0
2030-12-08 18:00:00,-27.981697074361392,0.0,14.821828433316487,0.0,14.253899620319526,0.0,-19.197423596601254,0.0,0
2030-12-08 20:00:00,-26.33484171810001,0.0,17.432327672962096,0.0,16.764372217424274,0.0,-17.45554645277222,0.0,0
2030-12-08 22:00:00,-42.798809840824404,0.0,41.94250024740778,0.0,40.335387165050335,0.0,-25.76531599222499,0.0,0
2030-12-09 00:00:00,-25.36120146654772,0.0,20.735242939636727,0.0,19.94072949867394,0.0,-15.976506538354,0.0,0
2030-12-09 02:00:00,-3.3175634904812674,0.0,6.925673341540753,0.0,6.660301936267641,0.0,-2.4058754313170434,0.0,0
2030-12-09 04:00:00,-17.597757578024584,0.0,6.20798305289496,0.0,5.970111425774261,0.0,-12.14894563526571,0.0,0
2030-12-09 06:00:00,-13.249767872628803,0.0,-0.301347861229023,0.0,-0.2898010987026489,0.0,-10.157179412789446,0.0,0
2030-12-09 08:00:00,-2.0523184964043217,0.0,-23.71254852921213,0.0,-22.80395350668035,0.0,-5.539372629930978,0.0,0
2030-12-09 10:00:00,52.733391760936144,0.0,-59.02955705075942,0.0,-56.76771827571159,0.0,28.096657968846134,0.0,0
2030-12-09 12:00:00,7.440783911475544,0.0,-24.449345317788953,0.0,-23.51251841229886,0.0,1.642721407763552,0.0,0
2030-12-09 14:00:00,-0.9264302550636336,0.0,-16.065410642573305,0.0,-15.449831421858601,0.0,-3.616652904420038,0.0,0
2030-12-09 16:00:00,55.59598391001185,0.0,-59.255000406673695,0.0,-56.98452330619257,0.0,30.155624420365097,0.0,0
2030-12-09 18:00:00,2.6298264648241525,0.0,-22.657044252379567,0.0,-21.78889304511326,0.0,-1.6353936564256117,0.0,0
2030-12-09 20:00:00,6.324810896060966,0.0,-33.57853874686278,0.0,-32.29190803605131,0.0,-0.19046189857009269,0.0,0
2030-12-09 22:00:00,24.655838070227738,0.0,-29.053540511596196,0.0,-27.94029440634336,0.0,13.631448583054492,0.0,0
2030-12-10 00:00:00,18.8868335611165,0.0,-18.044048619265666,0.0,-17.352653818677688,0.0,11.22614117190071,0.0,0
2030-12-10 02:00:00,22.71126679711435,0.0,-21.126064198340192,0.0,-20.31657563777268,0.0,13.384854017726807,0.0,0
2030-12-10 04:00:00,28.17354628671759,0.0,-29.428333679528144,0.0,-28.30072660390379,0.0,16.001933609270814,0.0,0
2030-12-10 06:00:00,30.37779983294877,0.0,-41.920395809567516,0.0,-40.31412970416706,0.0,15.644232013740938,0.0,0
2030-12-10 08:00:00,11.571933603038197,0.0,-36.92550923520997,0.0,-35.510632472628664,0.0,3.1977691833546023,0.0,0
2030-12-10 10:00:00,38.29176693970681,0.0,-44.46576993049881,0.0,-42.761972585303155,0.0,20.87001538599777,0.0,0
2030-12-10 12:00:00,40.03846721273459,0.0,-56.99445466874004,0.0,-54.81059502328125,0.0,19.94067561471807,0.0,0
2030-12-10 14:00:00,39.068076205623264,0.0,-53.83038498744233,0.0,-51.76776317349825,0.0,19.823741751581505,0.0,0
2030-12-10 16:00:00,89.33007757389929,0.0,-83.08255764201328,0.0,-79.89907872409995,0.0,50.897585301345686,0.0,0
2030-12-10 18:00:00,45.707390425097564,0.0,-58.90851319837408,0.0,-56.651312467256815,0.0,23.80759758646502,0.0,0
2030-12-10 20:00:00,40.458157136938965,0.0,-47.780005969631006,0.0,-45.949216860351314,0.0,21.904340284135476,0.0,0
2030-12-10 22:00:00,36.90738884373694,0.0,-43.036989164056536,0.0,-41.38793848985149,0.0,20.103687857433545,0.0,0
2030-12-11 00:00:00,32.59887219631411,0.0,-40.23548212170812,0.0,-38.693776946496094,0.0,17.254935880457303,0.0,0
2030-12-11 02:00:00,29.78461283546651,0.0,-40.047911507010376,0.0,-38.51339348532923,0.0,15.1344633937425,0.0,0
2030-12-11 04:00:00,29.043588483159873,0.0,-35.58967429374443,0.0,-34.22598279188041,0.0,15.377546015199712,0.0,0
2030-12-11 06:00:00,28.721389893219232,0.0,-21.239767173715485,0.0,-20.42592185000435,0.0,17.40620740664601,0.0,0
2030-12-11 08:00:00,0.7157963770004838,0.0,11.061006082115398,0.0,10.637180905415228,0.0,1.714799039448061,0.0,0
2030-12-11 10:00:00,-9.475538850332097,0.0,21.45652741327765,0.0,20.634376475578833,0.0,-3.9246366239944708,0.0,0
2030-12-11 12:00:00,-48.99122183902507,0.0,61.92397173024151,0.0,59.551227509172946,0.0,-26.094640963235847,0.0,0
2030-12-11 14:00:00,-94.12616830906968,0.0,93.9700290024932,0.0,90.36937424732636,0.0,-54.07102464668504,0.0,0
2030-12-11 16:00:00,-44.83552327070352,0.0,55.333727068192104,0.0,53.213501613287754,0.0,-24.29110282275171,0.0,0
2030-12-11 18:00:00,-21.385690616321465,0.0,34.40485574846831,0.0,33.08656300378613,0.0,-10.7956857953171,0.0,0
2030-12-11 20:00:00,-10.272057652912261,0.0,22.9783567290963,0.0,22.097893774037065,0.0,-4.7283649195353705,0.0,0
2030-12-11 22:00:00,-3.874867067966107,0.0,18.462705254927233,0.0,17.75526876506905,0.0,-0.6822610078110759,0.0,0
2030-12-12 00:00:00,-54.909516781772425,0.0,74.15226981695642,0.0,71.31097322742625,0.0,-29.050988924366386,0.0,0
2030-12-12 02:00:00,-70.42118604946546,0.0,85.74378117782783,0.0,82.45833201173531,0.0,-38.21931319117848,0.0,0
2030-12-12 04:00:00,-82.52754087954935,0.0,91.28332307468023,0.0,87.7856149779044,0.0,-46.68991529117728,0.0,0
2030-12-12 06:00:00,-93.83168350101477,0.0,95.48596774696512,0.0,91.82722668378311,0.0,-54.15005526753695,0.0,0
2030-12-12 08:00:00,-125.73032732715893,4.730327327158932,122.3053445668441,0.0,117.61896397111995,0.0,-72.36802920909429,0.0,1
2030-12-12 10:00:00,-84.79091890429561,0.0,86.47654317456593,0.0,83.16301672685533,0.0,-48.74248656035605,0.0,0
2030-12-12 12:00:00,-125.48137591923546,4.481375919235461,116.42754001664449,0.0,111.96637958024421,0.0,-73.0933299330691,0.0,1
2030-12-12 14:00:00,-119.77855519711223,0.0,115.66076971477649,0.0,111.22898965808724,0.0,-69.19589666320205,0.0,0
2030-12-12 16:00:00,-102.76323018990351,0.0,103.88473701951128,0.0,99.9041798534744,0.0,-59.1221122357713,0.0,0
2030-12-12 18:00:00,-102.19981969423124,0.0,104.59989775230937,0.0,100.59193773325015,0.0,-58.46787456723449,0.0,0
2030-12-12 20:00:00,-79.34834262228556,0.0,89.65951747782123,0.0,86.22402882915947,0.0,-44.63979118283361,0.0,0
2030-12-12 22:00:00,-118.35542802940091,0.0,112.05967106459424,0.0,107.76587450238972,0.0,-68.9496091817303,0.0,0
2030-12-13 00:00:00,-104.66687426221316,0.0,111.32176787468525,0.0,107.05624558947967,0.0,-58.76926272096261,0.0,0
2030-12-13 02:00:00,-88.64130989354418,0.0,99.5458961981202,0.0,95.73159063380479,0.0,-49.43665319262565,0.0,0
2030-12-13 04:00:00,-105.38225628784436,0.0,109.74953384918074,0.0,105.5442549413609,0.0,-59.553295065892165,0.0,0
2030-12-13 06:00:00,-115.21682239496252,0.0,112.32458093296765,0.0,108.02063380480735,0.0,-66.83262570507449,0.0,0
2030-12-13 08:00:00,-107.23185484961951,0.0,106.47137167913252,0.0,102.39170229097655,0.0,-61.87932759265376,0.0,0
2030-12-13 10:00:00,-103.17402647927844,0.0,104.67025963249404,0.0,100.65960355341277,0.0,-59.269683597303,0.0,0
2030-12-13 12:00:00,-92.67906121232193,0.0,97.99021525544444,0.0,94.23551880313222,0.0,-52.77480845737891,0.0,0
2030-12-13 14:00:00,-42.965960688925776,0.0,64.5433138036928,0.0,62.07020410873552,0.0,-22.660958870784558,0.0,0
2030-12-13 16:00:00,-86.88623410778953,0.0,94.86338060140667,0.0,91.22849524402764,0.0,-48.755788991830634,0.0,0
2030-12-13 18:00:00,-122.47154251729935,1.4715425172993548,119.76850618932076,0.0,115.1793297688435,0.0,-70.12654976724411,0.0,1
2030-12-13 20:00:00,-107.44612292583177,0.0,106.33907035066667,0.0,102.26447035976966,0.0,-61.71259960004527,0.0,0
2030-12-13 22:00:00,-100.13010362765291,0.0,103.63917216411119,0.0,99.66802432010692,0.0,-57.0028834303226,0.0,0
2030-12-14 00:00:00,-80.69354211880692,0.0,87.48564509894206,0.0,84.13345283745002,0.0,-44.6691611454738,0.0,0
2030-12-14 02:00:00,-51.7448141304499,0.0,56.44210819052393,0.0,54.279412835364965,0.0,-29.096331410776926,0.0,0
2030-12-14 04:00:00,-43.66750263038665,0.0,51.83915620697444,0.0,49.85283241542252,0.0,-24.474594215505046,0.0,0
2030-12-14 06:00:00,-17.9465649038525,0.0,24.114060815412785,0.0,23.190081024589425,0.0,-9.895427861568237,0.0,0
2030-12-14 08:00:00,-12.211842616165656,0.0,0.8737887241467135,0.0,0.8403077136798003,0.0,-9.04426940026246,0.0,0
2030-12-14 10:00:00,-6.249230356341443,0.0,-2.9171670137772043,0.0,-2.8053897653153532,0.0,-5.05942664579885,0.0,0
2030-12-14 12:00:00,58.648838552108074,0.0,-42.75005113698167,0.0,-41.11199508289751,0.0,34.09194295855098,0.0,0
2030-12-14 14:00:00,-3.2772005975148923,0.0,-1.7146670337930656,0.0,-1.6489660430162245,0.0,-3.1055914286125645,0.0,0
2030-12-14 16:00:00,0.9506232842263831,0.0,-12.110375364438486,0.0,-11.646341447393848,0.0,-1.4033887621547567,0.0,0
2030-12-14 18:00:00,13.761127228862781,0.0,-20.036876830976738,0.0,-19.269122722502047,0.0,6.2677219308824155,0.0,0
2030-12-14 20:00:00,23.019216547355082,0.0,-22.7250481843363,0.0,-21.854291266679496,0.0,12.421126576455663,0.0,0
2030-12-14 22:00:00,-1.2817420084034215,0.0,16.190280262537193,0.0,15.569916405745847,0.0,0.20125136427773405,0.0,0
2030-12-15 00:00:00,48.51412312561786,0.0,-18.14239642925284,0.0,-17.447233230235625,0.0,30.166501288140623,0.0,0
2030-12-15 02:00:00,-2.6536402110314556,0.0,17.425949694867903,0.0,16.75823862466635,0.0,-0.401771790050898,0.0,0
2030-12-15 04:00:00,-0.13177176636724997,0.0,6.205084815234833,0.0,5.967324240045586,0.0,-0.06299913001866625,0.0,0
2030-12-15 06:00:00,-2.154192228699684,0.0,-0.11489224381706692,0.0,-0.11048991140930198,0.0,-2.5246230811035844,0.0,0
2030-12-15 08:00:00,-11.278680843419995,0.0,0.5992215697183734,0.0,0.5762611639666044,0.0,-8.196585039642857,0.0,0
2030-12-15 10:00:00,33.87606271060667,0.0,-19.89454384724712,0.0,-19.13224351951633,0.0,20.45613960306014,0.0,0
2030-12-15 12:00:00,43.396461470489406,0.0,-30.742721942017255,0.0,-29.56475137925029,0.0,25.80149534446633,0.0,0
2030-12-15 14:00:00,-10.046732012785437,0.0,4.28087118968158,0.0,4.116840813518053,0.0,-6.6391600514043345,0.0,0
2030-12-15 16:00:00,-4.865873776471482,0.0,-5.390786044598768,0.0,-5.184227000064905,0.0,-4.415469492252267,0.0,0
2030-12-15 18:00:00,-4.249882889415758,0.0,-14.12830548941088,0.0,-13.58695043309232,0.0,-5.056805011610859,0.0,0
2030-12-15 20:00:00,-10.303145850466953,0.0,-8.567627834820447,0.0,-8.239341569173668,0.0,-8.656610665821656,0.0,0
2030-12-15 22:00:00,-13.188513683708354,0.0,-0.38933036154399137,0.0,-0.3744123687274543,0.0,-9.414697762913562,0.0,0
2030-12-16 00:00:00,-19.577984055356417,0.0,3.1089871028431095,0.0,2.9898598735080593,0.0,-13.617740859296148,0.0,0
2030-12-16 02:00:00,-22.90290325178035,0.0,9.306287579864497,0.0,8.949698048254417,0.0,-15.218682355837489,0.0,0
2030-12-16 04:00:00,-23.21646162344814,0.0,0.1866560377935027,0.0,0.1795039281560742,0.0,-16.988815755400925,0.0,0
2030-12-16 06:00:00,-17.372368216332546,0.0,-7.474150148187957,0.0,-7.187762727032725,0.0,-13.818681054711814,0.0,0
2030-12-16 08:00:00,-13.854354958289374,0.0,-3.1588556470336893,0.0,-3.0378176019557435,0.0,-10.469384599843545,0.0,0
2030-12-16 10:00:00,-5.856016093644356,0.0,-10.343206420924803,0.0,-9.946885213210896,0.0,-5.959693398249049,0.0,0
2030-12-16 12:00:00,-9.02111389849226,0.0,-13.220630179435322,0.0,-12.714054567751475,0.0,-8.746203515454015,0.0,0
2030-12-16 14:00:00,-8.168503858187051,0.0,-6.780111368681595,0.0,-6.520317469505948,0.0,-7.17681120329757,0.0,0
2030-12-16 16:00:00,-10.529326702565436,0.0,-5.392989797129921,0.0,-5.186346311289458,0.0,-8.646382660885019,0.0,0
2030-12-16 18:00:00,-10.164950314910408,0.0,-13.908004031895405,0.0,-13.375090278607004,0.0,-9.983809542104645,0.0,0
2030-12-16 20:00:00,-15.769089052502467,0.0,-13.217770727696191,0.0,-12.71130468178149,0.0,-13.861430350340019,0.0,0
2030-12-16 22:00:00,-18.338883614807976,0.0,-7.452419864138813,0.0,-7.166865083469357,0.0,-14.83237546082302,0.0,0
2030-12-17 00:00:00,-18.6365393890681,0.0,-1.23731352221216,0.0,-1.1899033121198377,0.0,-14.04567458401738,0.0,0
2030-12-17 02:00:00,-15.690408665274457,0.0,-4.394592561958241,0.0,-4.226204717735917,0.0,-12.317580608432312,0.0,0
2030-12-17 04:00:00,-21.973671062307726,0.0,-3.071247801778198,0.0,-2.953566631311827,0.0,-16.67113979397215,0.0,0
2030-12-17 06:00:00,-14.671658304519934,0.0,-13.74668118105716,0.0,-13.219948844292375,0.0,-12.91250859816719,0.0,0
2030-12-17 08:00:00,-13.003132140856744,0.0,-28.359612562403406,0.0,-27.27295573243901,0.0,-13.446461245754207,0.0,0
2030-12-17 10:00:00,-13.46861607407089,0.0,-14.117578425507439,0.0,-13.576634398684751,0.0,-12.436724346295872,0.0,0
2030-12-17 12:00:00,38.75700110330483,0.0,-52.28430601708548,0.0,-50.280925395844754,0.0,18.827301365717783,0.0,0
2030-12-17 14:00:00,-19.95657994076387,0.0,-5.825634949832458,0.0,-5.60241377594707,0.0,-15.892121342326547,0.0,0
2030-12-17 16:00:00,-14.710089310115391,0.0,-5.263863728683733,0.0,-5.062167973489977,0.0,-11.708437432897293,0.0,0
2030-12-17 18:00:00,-23.539256702806412,0.0,-0.6524064714436069,0.0,-0.6274081768953481,0.0,-17.486127700172162,0.0,0
2030-12-17 20:00:00,-25.290810814138677,0.0,3.5882087799993423,0.0,3.4507191873773095,0.0,-18.10254855931412,0.0,0
2030-12-17 22:00:00,-39.31964150974069,0.0,26.37783806370557,0.0,25.367116995900382,0.0,-25.586004885333107,0.0,0
2030-12-18 00:00:00,-65.54438540194718,0.0,49.14010377111879,0.0,47.257199719783735,0.0,-41.29847185824157,0.0,0
2030-12-18 02:00:00,-79.56140591070738,0.0,65.37575568688129,0.0,62.870749270629844,0.0,-48.87633418447299,0.0,0
2030-12-18 04:00:00,-99.36050721609286,0.0,78.65881517104269,0.0,75.64484103601416,0.0,-60.82708505688712,0.0,0
2030-12-18 06:00:00,-104.19619095284386,0.0,84.96698901573558,0.0,81.71130423752194,0.0,-63.69908811181508,0.0,0
2030-12-18 08:00:00,-83.24559980326995,0.0,66.43482537169433,0.0,63.889238524244064,0.0,-51.74202925969915,0.0,0
2030-12-18 10:00:00,-103.18073004969531,0.0,85.15321239357965,0.0,81.89039208398361,0.0,-63.369695271977506,0.0,0
2030-12-18 12:00:00,-100.89805028984884,0.0,89.11738858131282,0.0,85.7026727153121,0.0,-61.216553621696804,0.0,0
2030-12-18 14:00:00,-85.29527735982924,0.0,78.94983596982607,0.0,75.92471077488912,0.0,-51.77773500371081,0.0,0
2030-12-18 16:00:00,-99.4411151048991,0.0,68.46091123375552,0.0,65.83769074320607,0.0,-62.68763408417854,0.0,0
2030-12-18 18:00:00,-71.46508250537069,0.0,48.309322499724544,0.0,46.45825153993054,0.0,-46.27767297270289,0.0,0
2030-12-18 20:00:00,-53.637503207189525,0.0,29.833621551220133,0.0,28.690485037987774,0.0,-35.778341989018145,0.0,0
2030-12-18 22:00:00,-48.32666895109023,0.0,34.589059384381144,0.0,33.26370849887894,0.0,-31.17394983803635,0.0,0
2030-12-19 00:00:00,-39.19502765490857,0.0,27.005322258651688,0.0,25.970557844533737,0.0,-25.02475840143888,0.0,0
2030-12-19 02:00:00,-52.17549343491828,0.0,29.526618184004427,0.0,28.395245135631658,0.0,-34.44502352347195,0.0,0
2030-12-19 04:00:00,-54.507077023797876,0.0,33.21871249380879,0.0,31.945869265270705,0.0,-35.1932252039324,0.0,0
2030-12-19 06:00:00,-81.79232388977358,0.0,70.5043886779266,0.0,67.80286815007229,0.0,-49.943334942024066,0.0,0
2030-12-19 08:00:00,-79.56238728101138,0.0,53.73063929184498,0.0,51.671839439189824,0.0,-50.43616082635448,0.0,0
2030-12-19 10:00:00,-44.92794070582051,0.0,31.978717703340493,0.0,30.753387423197598,0.0,-28.431312152909708,0.0,0
2030-12-19 12:00:00,-32.95834653066467,0.0,14.497052315905675,0.0,13.941567967212109,0.0,-22.303690223881002,0.0,0
2030-12-19 14:00:00,-40.69967947168967,0.0,21.500073007450148,0.0,20.676253530831133,0.0,-26.292656448258466,0.0,0
2030-12-19 16:00:00,-86.96261609293597,0.0,59.72583127767398,0.0,57.43731332488569,0.0,-55.115059493221025,0.0,0
2030-12-19 18:00:00,-116.50844154542395,0.0,79.92654410799602,0.0,76.86399433376042,0.0,-72.33867956888614,0.0,0
2030-12-19 20:00:00,-163.71715026255345,42.717150262553446,134.99115239619294,9.991152396192945,129.81868900610613,4.818689006106126,-97.5684157162018,0.0,3
2030-12-19 22:00:00,-160.80145885599313,39.80145885599313,134.54092485487948,9.540924854879478,129.38571285818625,4.385712858186253,-96.10784497579805,0.0,3
2030-12-20 00:00:00,-141.85502117925415,20.85502117925415,126.02428843072701,1.0242884307270117,121.19540885900125,0.0,-83.5640653414668,0.0,2
2030-12-20 02:00:00,-120.33640253179999,0.0,113.35113376169886,0.0,109.00785215249772,0.0,-69.86186770314004,0.0,0
2030-12-20 04:00:00,-70.19893411905134,0.0,62.804506500532895,0.0,60.39802278037724,0.0,-41.55381560726774,0.0,0
2030-12-20 06:00:00,-101.2852309919507,0.0,90.09978638191645,0.0,86.6474279255095,0.0,-59.56057333319145,0.0,0
2030-12-20 08:00:00,-133.87282990195484,12.872829901954844,122.25224969754248,0.0,117.56790354083742,0.0,-78.39989854127846,0.0,1
2030-12-20 10:00:00,-94.1384324346783,0.0,76.84930318975015,0.0,73.90466422455333,0.0,-57.51401723404023,0.0,0
2030-12-20 12:00:00,-89.67821987429616,0.0,84.29347539659753,0.0,81.06359767666791,0.0,-53.178056248322854,0.0,0
2030-12-20 14:00:00,-50.01171869566757,0.0,62.01793349667412,0.0,59.64158893744764,0.0,-28.70015954369557,0.0,0
2030-12-20 16:00:00,-55.62071017471353,0.0,45.56772316198749,0.0,43.82170221438326,0.0,-35.06482011253692,0.0,0
2030-12-20 18:00:00,-32.280954522075014,0.0,11.357557646565825,0.0,10.922369487306039,0.0,-22.394673242097895,0.0,0
2030-12-20 20:00:00,-26.178485190403304,0.0,4.840068255793304,0.0,4.654611094977783,0.0,-19.183354342403703,0.0,0
2030-12-20 22:00:00,-28.82878549945176,0.0,4.713887043601528,0.0,4.533264775214097,0.0,-20.95155095356056,0.0,0
2030-12-21 00:00:00,-26.234465798490977,0.0,0.21848097006435285,0.0,0.2101094227516498,0.0,-19.32862383422354,0.0,0
2030-12-21 02:00:00,-20.212728959648253,0.0,0.9025758988523407,0.0,0.8679918486334133,0.0,-14.863758061255092,0.0,0
2030-12-21 04:00:00,-16.82626262345247,0.0,-5.771061736399499,0.0,-5.549931647326263,0.0,-13.499340090574275,0.0,0
2030-12-21 06:00:00,-19.56924900514451,0.0,-5.054304306668804,0.0,-4.860638251341763,0.0,-15.484374517985465,0.0,0
2030-12-21 08:00:00,-23.70959519581625,0.0,-7.86405774608063,0.0,-7.562730214112077,0.0,-18.721982372886227,0.0,0
2030-12-21 10:00:00,-12.535665123981708,0.0,-14.32054358161695,0.0,-13.771822527775747,0.0,-11.835277454245665,0.0,0
2030-12-21 12:00:00,-6.725287575083165,0.0,-18.201250627916625,0.0,-17.503832309341302,0.0,-8.14845625355043,0.0,0
2030-12-21 14:00:00,-23.56817961213169,0.0,7.2420550794653185,0.0,6.964560857787892,0.0,-16.672240011280117,0.0,0
2030-12-21 16:00:00,-52.32653353407012,0.0,50.59405521398547,0.0,48.65544002547068,0.0,-31.803025464625602,0.0,0
2030-12-21 18:00:00,-19.753034385426204,0.0,15.826181334658722,0.0,15.219768676456198,0.0,-13.951529976215507,0.0,0
2030-12-21 20:00:00,-35.33918840942425,0.0,37.92371062301532,0.0,36.470585723110176,0.0,-21.812941170284716,0.0,0
2030-12-21 22:00:00,-40.07671054622118,0.0,50.73962299350177,0.0,48.79543007639539,0.0,-23.415200304103028,0.0,0
2030-12-22 00:00:00,-45.35094613593876,0.0,59.62089797499213,0.0,57.336400757317676,0.0,-25.91507648329237,0.0,0
2030-12-22 02:00:00,-35.99769140199229,0.0,47.386406853118025,0.0,45.57069930277318,0.0,-21.030012618485895,0.0,0
2030-12-22 04:00:00,-26.451659840723543,0.0,37.3687834999122,0.0,35.936921773018554,0.0,-15.696119664858108,0.0,0
2030-12-22 06:00:00,-33.762822556556515,0.0,46.899535515769294,0.0,45.102483441160686,0.0,-19.551668543093825,0.0,0
2030-12-22 08:00:00,-34.16305694346545,0.0,39.94121230756318,0.0,38.4107826849593,0.0,-20.997268140394766,0.0,0
2030-12-22 10:00:00,-19.28315659504412,0.0,40.00337680417669,0.0,38.470565221146515,0.0,-10.280154959675714,0.0,0
2030-12-22 12:00:00,-58.26521250092285,0.0,66.19927990646548,0.0,63.662718467525195,0.0,-33.5651265744682,0.0,0
2030-12-22 14:00:00,-74.94666752845455,0.0,86.4436083590912,0.0,83.13134387651152,0.0,-42.38465208551155,0.0,0
2030-12-22 16:00:00,-85.10759207359013,0.0,92.49584574502597,0.0,88.9516773505886,0.0,-48.57236461114702,0.0,0
2030-12-22 18:00:00,-92.3754679132438,0.0,98.61576269561883,0.0,94.83709710773269,0.0,-52.62688947710159,0.0,0
2030-12-22 20:00:00,-105.90638005464254,0.0,112.2410523486727,0.0,107.940305789858,0.0,-59.953351627323386,0.0,0
2030-12-22 22:00:00,-105.4792005555459,0.0,112.74679533659564,0.0,108.42667019597481,0.0,-58.71338944389996,0.0,0
2030-12-23 00:00:00,-123.80036906176363,2.8003690617636323,121.66422209328384,0.0,117.00240742254209,0.0,-69.66470714533294,0.0,1
2030-12-23 02:00:00,-147.8897110413576,26.8897110413576,136.69794705714958,11.697947057149577,131.46008432242783,6.460084322427832,-85.19175872170815,0.0,3
2030-12-23 04:00:00,-153.1275826020505,32.127582602050495,140.506277114477,15.506277114477001,135.12249038807724,10.122490388077239,-88.36500068816126,0.0,3
2030-12-23 06:00:00,-148.88064703884035,27.88064703884035,135.2847376706813,10.284737670681295,130.10102495752977,5.1010249575297735,-86.20722158668876,0.0,3
2030-12-23 08:00:00,-141.40006168368495,20.400061683684953,132.21865064276466,7.218650642764658,127.15242135442452,2.1524213544245185,-81.83193316527814,0.0,3
2030-12-23 10:00:00,-128.59467262871016,7.594672628710157,125.3561732265605,0.3561732265605002,120.55289386175625,0.0,-73.157754779415,0.0,2
2030-12-23 12:00:00,-104.70657587565248,0.0,109.98452076659814,0.0,105.77023785217564,0.0,-59.40300190454649,0.0,0
2030-12-23 14:00:00,-96.04782495859786,0.0,102.87533160275713,0.0,98.93345187943598,0.0,-54.384106180029505,0.0,0
2030-12-23 16:00:00,-110.90526326081118,0.0,110.21910097506975,0.0,105.99582963793343,0.0,-63.66304398089938,0.0,0
2030-12-23 18:00:00,-129.15706174863453,8.157061748634533,125.34957789668672,0.3495778966867249,120.54655124549888,0.0,-74.20011823834031,0.0,2
2030-12-23 20:00:00,-107.64076987309232,0.0,110.27355887402771,0.0,106.0482008705902,0.0,-61.562274130936025,0.0,0
2030-12-23 22:00:00,-110.59784087365546,0.0,114.10986687443744,0.0,109.73751284694214,0.0,-63.02458368430778,0.0,0
2030-12-24 00:00:00,-110.14124245511721,0.0,116.37978736416497,0.0,111.92045666876876,0.0,-62.42086176080097,0.0,0
2030-12-24 02:00:00,-114.47930666957366,0.0,123.43349489070124,0.0,118.70388689714329,0.0,-63.73381155900924,0.0,0
2030-12-24 04:00:00,-124.00264010901594,3.0026401090159425,128.709323235403,3.709323235402991,123.77756103780311,0.0,-69.50033880683398,0.0,2
2030-12-24 06:00:00,-136.45808387524318,15.458083875243176,137.47213536145512,12.472135361455116,132.2046080110163,7.2046080110162904,-77.53585065939372,0.0,3
2030-12-24 08:00:00,-148.46620418829863,27.466204188298633,144.45953013525474,19.459530135254738,138.9242663960378,13.924266396037808,-84.83172839030607,0.0,3
2030-12-24 10:00:00,-124.2323106048222,3.232310604822203,121.20842566329563,0.0,116.56407576936034,0.0,-71.5962052137487,0.0,1
2030-12-24 12:00:00,-107.3265950782233,0.0,105.45373051721914,0.0,101.41305414127777,0.0,-62.26197352381243,0.0,0
2030-12-24 14:00:00,-95.35685381101874,0.0,74.904917355484,0.0,72.03478152894036,0.0,-58.268759154040914,0.0,0
2030-12-24 16:00:00,-112.15918405855604,0.0,93.85641012451036,0.0,90.26010891012302,0.0,-67.35092260298674,0.0,0
2030-12-24 18:00:00,-87.22365532045285,0.0,68.70871681424838,0.0,66.07600114367996,0.0,-53.8260695443132,0.0,0
2030-12-24 20:00:00,-78.76761948827219,0.0,66.97884935496444,0.0,64.4124171107096,0.0,-47.425919427503594,0.0,0
2030-12-24 22:00:00,-101.04439973893902,0.0,87.50919880438015,0.0,84.15610403426493,0.0,-60.60532320025746,0.0,0
2030-12-25 00:00:00,-96.55028486704505,0.0,91.77493026604165,0.0,88.25838522955172,0.0,-56.97635720902626,0.0,0
2030-12-25 02:00:00,-62.417241818019264,0.0,45.3497830672197,0.0,43.61211294217982,0.0,-39.497769897638,0.0,0
2030-12-25 04:00:00,-61.674667198000876,0.0,62.525629844052006,0.0,60.12983185603804,0.0,-36.99160901234154,0.0,0
2030-12-25 06:00:00,-78.4060935698574,0.0,78.93150744136145,0.0,75.90708454165494,0.0,-46.10874075375345,0.0,0
2030-12-25 08:00:00,-64.96755136937772,0.0,45.929897369077025,0.0,44.1699989725159,0.0,-40.85294966350144,0.0,0
2030-12-25 10:00:00,-46.94822838957506,0.0,42.2219324924413,0.0,40.604112389425325,0.0,-29.5520787309321,0.0,0
2030-12-25 12:00:00,-101.46223162467942,0.0,77.26232220141745,0.0,74.30185756409799,0.0,-61.51345398345314,0.0,0
2030-12-25 14:00:00,-138.60722862769745,17.607228627697452,125.83680889348052,0.8368088934805229,121.015112985466,0.0,-80.62657681159716,0.0,2
2030-12-25 16:00:00,-149.5420986567057,28.54209865670569,134.62581703330667,9.625817033306674,129.46735221835664,4.467352218356638,-86.9588468795721,0.0,3
2030-12-25 18:00:00,-152.78914618159698,31.789146181596976,130.5262920013795,5.526292001379488,125.52490891192033,0.5249089119203347,-89.57150930515375,0.0,3
2030-12-25 20:00:00,-155.58865764837662,34.588657648376625,135.6889382380773,10.688938238077299,130.4897377496161,5.489737749616097,-91.13927584596631,0.0,3
2030-12-25 22:00:00,-153.29729406196859,32.297294061968586,121.67418767553855,0.0,117.011991153035,0.0,-91.94124420179492,0.0,1
2030-12-26 00:00:00,-132.89858657408982,11.89858657408982,95.25812999491654,0.0,91.60811900337586,0.0,-80.85030553569746,0.0,1
2030-12-26 02:00:00,-152.52103619377016,31.521036193770158,136.12179916794236,11.121799167942356,130.90601272349107,5.906012723491074,-89.05787416891162,0.0,3
2030-12-26 04:00:00,-126.98868954199325,5.988689541993253,120.1935585750523,0.0,115.58809539899849,0.0,-72.1460739549716,0.0,1
2030-12-26 06:00:00,-137.96399331673672,16.96399331673672,132.38430513576407,7.384305135764066,127.31172845512995,2.311728455129952,-78.73822454932218,0.0,3
2030-12-26 08:00:00,-111.55335798416979,0.0,101.12171497616234,0.0,97.24702867730126,0.0,-65.31659247931158,0.0,0
2030-12-26 10:00:00,-85.80712731519598,0.0,80.2861770606869,0.0,77.20984721087846,0.0,-50.85064972252428,0.0,0
2030-12-26 12:00:00,-133.4714696700596,12.471469670059605,130.96152894366622,5.961528943666224,125.94346885641855,0.9434688564185478,-76.5976416984854,0.0,3
2030-12-26 14:00:00,-145.92699925201748,24.92699925201748,137.83255975800117,12.832559758001167,132.55122200619212,7.55122200619212,-84.17243553562506,0.0,3
2030-12-26 16:00:00,-145.34791397979652,24.347913979796516,135.24402757124622,10.244027571246221,130.0618747492076,5.06187474920759,-84.20796523170631,0.0,3
2030-12-26 18:00:00,-122.01115372727226,1.0111537272722586,104.07538228615579,0.0,100.08752015498072,0.0,-73.44672279276469,0.0,1
2030-12-26 20:00:00,-109.03631501242089,0.0,83.70717897876644,0.0,80.49976641083495,0.0,-66.61458094841315,0.0,0
2030-12-26 22:00:00,-100.24639031924434,0.0,90.40260762049348,0.0,86.9386459460793,0.0,-59.85804925803055,0.0,0
2030-12-27 00:00:00,-121.74834724835033,0.7483472483503277,119.36971214857215,0.0,114.79581634122641,0.0,-70.25021391906475,0.0,1
2030-12-27 02:00:00,-148.16389085551975,27.163890855519753,144.91218009254794,19.912180092547942,139.3595721400913,14.359572140091302,-84.11965166060381,0.0,3
2030-12-27 04:00:00,-153.63772061589668,32.63772061589668,146.80946069277627,21.80946069277627,141.1841545355025,16.1841545355025,-88.33071717790254,0.0,3
2030-12-27 06:00:00,-145.42772818066678,24.427728180666776,136.33175515268684,11.331755152686839,131.10792381325257,6.107923813252569,-83.81275267554379,0.0,3
2030-12-27 08:00:00,-144.86617473752773,23.86617473752773,134.81924781843406,9.819247818434064,129.65337130548164,4.653371305481642,-83.79668802189684,0.0,3
2030-12-27 10:00:00,-145.27199954872074,24.271999548720743,135.35454362012896,10.354543620128965,130.168156148584,5.168156148583989,-84.00535496959203,0.0,3
2030-12-27 12:00:00,-98.80488919056711,0.0,102.2718828141462,0.0,98.35312547115498,0.0,-56.400252343696124,0.0,0
2030-12-27 14:00:00,-138.42466147061438,17.42466147061438,108.37359352591787,0.0,104.22103659892925,0.0,-84.0028299661015,0.0,1
2030-12-27 16:00:00,-108.20743175871624,0.0,85.45848080123946,0.0,82.18396350532416,0.0,-66.34705060746029,0.0,0
2030-12-27 18:00:00,-146.7454965971141,25.745496597114112,127.07164559223995,2.071645592239946,122.20263437871313,0.0,-86.28377544953328,0.0,2
2030-12-27 20:00:00,-141.60275806555023,20.602758065550233,127.472843569003,2.472843569003004,122.58845963059656,0.0,-82.39796239700887,0.0,2
2030-12-27 22:00:00,-139.75559121787103,18.75559121787103,126.87103351454235,1.8710335145423471,122.00970916499949,0.0,-80.8312651274056,0.0,2
2030-12-28 00:00:00,-123.05912512328592,2.0591251232859236,115.31748042319585,0.0,110.89885420112006,0.0,-69.69080058482675,0.0,1
2030-12-28 02:00:00,-130.20034022724798,9.200340227247978,126.36421670950034,1.3642167095003401,121.52231208727314,0.0,-73.48860318340628,0.0,2
2030-12-28 04:00:00,-130.0889258748797,9.088925874879692,126.55999964798096,1.559999647980959,121.71059320016215,0.0,-73.36724280794435,0.0,2
2030-12-28 06:00:00,-145.64135110267796,24.64135110267796,132.67987354334113,7.679873543341131,127.59597155182331,2.595971551823311,-83.51811305088607,0.0,3
2030-12-28 08:00:00,-154.82237598391856,33.82237598391856,130.3232304584813,5.323230458481305,125.32962808929842,0.32962808929842424,-89.377679799038,0.0,3
2030-12-28 10:00:00,-112.85964451962991,0.0,96.11655778581337,0.0,92.43365436952762,0.0,-64.05680491179947,0.0,0
2030-12-28 12:00:00,-101.17425442427484,0.0,83.07683436946236,0.0,79.8935747504973,0.0,-57.740919444860715,0.0,0
2030-12-28 14:00:00,-65.5722168940211,0.0,53.243681118470164,0.0,51.20354006885192,0.0,-37.057197398687215,0.0,0
2030-12-28 16:00:00,-53.27665550852798,0.0,34.15664670735247,0.0,32.84786460211208,0.0,-31.610760550267862,0.0,0
2030-12-28 18:00:00,-59.085088484229445,0.0,45.26039002965691,0.0,43.52614518254009,0.0,-34.10070154738419,0.0,0
2030-12-28 20:00:00,-101.80027248329458,0.0,78.1673929297582,0.0,75.17224864770137,0.0,-58.70976906630617,0.0,0
2030-12-28 22:00:00,-92.5403930440693,0.0,67.10290447623848,0.0,64.53171880509788,0.0,-53.839761551390694,0.0,0
2030-12-29 00:00:00,-70.71521001664233,0.0,39.50281732322432,0.0,37.989185705279645,0.0,-42.80307622392906,0.0,0
2030-12-29 02:00:00,-79.96184605745557,0.0,58.66010824395366,0.0,56.41242565909897,0.0,-46.527052524043654,0.0,0
2030-12-29 04:00:00,-82.64254723265395,0.0,54.979810975882806,0.0,52.873146543298276,0.0,-49.02746194124459,0.0,0
2030-12-29 06:00:00,-119.19959149678562,0.0,84.45313613091113,0.0,81.21714068186807,0.0,-70.38857595099738,0.0,0
2030-12-29 08:00:00,-123.74588111400439,2.7458811140043906,93.51115336739227,0.0,89.92808137510305,0.0,-73.00051753061855,0.0,1
2030-12-29 10:00:00,-54.28689720293033,0.0,50.79980347780778,0.0,48.85330462178372,0.0,-31.27909592736216,0.0,0
2030-12-29 12:00:00,-86.46691034161762,0.0,78.86514313358545,0.0,75.84326311869982,0.0,-49.166649792205625,0.0,0
2030-12-29 14:00:00,-2.320693447506368,0.0,2.221195442227941,0.0,2.136085774644497,0.0,-1.3799704510911113,0.0,0
2030-12-29 16:00:00,-29.326121257371884,0.0,15.565058815253863,0.0,14.968651602948984,0.0,-18.429789141360583,0.0,0
2030-12-29 18:00:00,-34.44968533738058,0.0,0.9963297533642859,0.0,0.9581533315600375,0.0,-24.589709753583527,0.0,0
2030-12-29 20:00:00,-58.59081928337109,0.0,28.614082362793226,0.0,27.517674999530744,0.0,-37.1179822862476,0.0,0
2030-12-29 22:00:00,-64.10322105548555,0.0,30.946104975744788,0.0,29.76034137411977,0.0,-40.89609849827785,0.0,0
2030-12-30 00:00:00,-68.05497994651496,0.0,48.28142989897049,0.0,46.43142770148931,0.0,-40.63997263432866,0.0,0
2030-12-30 02:00:00,-126.70545292081366,5.705452920813656,82.31687056532301,0.0,79.16273052112213,0.0,-76.36462992813321,0.0,1
2030-12-30 04:00:00,-137.44811334914465,16.44811334914465,106.44209698024099,0.0,102.36354931232796,0.0,-80.5198163480045,0.0,1
2030-12-30 06:00:00,-137.3309326358402,16.330932635840213,91.91831701769907,0.0,88.39627782318169,0.0,-82.65711771207232,0.0,1
2030-12-30 08:00:00,-84.51137828298494,0.0,40.83947484116398,0.0,39.27462644379409,0.0,-53.46020954853177,0.0,0
2030-12-30 10:00:00,-155.94300623168579,34.943006231685786,123.86484436345333,0.0,119.1187083284902,0.0,-91.0800560241074,0.0,1
2030-12-30 12:00:00,-117.1075959410752,0.0,83.68806381088983,0.0,80.48138367989415,0.0,-68.79848038983395,0.0,0
2030-12-30 14:00:00,-149.02230905595044,28.022309055950444,113.88310898704754,0.0,109.51944365396025,0.0,-87.52818438387851,0.0,1
2030-12-30 16:00:00,-95.5565786594312,0.0,61.74354131473662,0.0,59.37771065579481,0.0,-57.8378699310503,0.0,0
2030-12-30 18:00:00,-111.14643765513219,0.0,73.58122245580111,0.0,70.76180671932795,0.0,-67.330011600676,0.0,0
2030-12-30 20:00:00,-131.5537904684042,10.553790468404202,94.83527008963016,0.0,91.20146184427252,0.0,-78.9706796309113,0.0,1
2030-12-30 22:00:00,-120.45860229702245,0.0,79.67268856628888,0.0,76.61986578876774,0.0,-72.87707141644681,0.0,0
2030-12-31 00:00:00,-133.77355151854943,12.773551518549425,93.57185406018945,0.0,89.9864561961252,0.0,-79.81595782100672,0.0,1
2030-12-31 02:00:00,-118.2935277146758,0.0,83.92180768340225,0.0,80.70617117562352,0.0,-70.56868731501588,0.0,0
2030-12-31 04:00:00,-85.21740739711764,0.0,49.180042101722144,0.0,47.29560773118291,0.0,-52.82425003546693,0.0,0
2030-12-31 06:00:00,-83.28670279657538,0.0,45.36420154037927,0.0,43.62597894191253,0.0,-51.59237289220471,0.0,0
2030-12-31 08:00:00,-92.13612154290159,0.0,57.5674764548243,0.0,55.361660302160196,0.0,-56.55584522668004,0.0,0
2030-12-31 10:00:00,-24.41220782414409,0.0,17.200832973585584,0.0,16.541747713140175,0.0,-14.751189113645724,0.0,0
2030-12-31 12:00:00,-65.4812127247706,0.0,45.196624221245926,0.0,43.46482269210733,0.0,-39.33548878623491,0.0,0
2030-12-31 14:00:00,-86.00738453666723,0.0,72.66502726794059,0.0,69.88071743273032,0.0,-49.588902734702415,0.0,0
2030-12-31 16:00:00,-88.67541280632923,0.0,71.64735705483574,0.0,68.90204134499618,0.0,-51.867946261149044,0.0,0
2030-12-31 18:00:00,-80.92632447734613,0.0,58.31458497314278,0.0,56.080141822406404,0.0,-48.854375322051396,0.0,0
2030-12-31 20:00:00,-79.83785169358924,0.0,74.18022259009544,0.0,71.3378549326238,0.0,-45.879984384119844,0.0,0
2030-12-31 22:00:00,-53.24660099432773,0.0,38.77123070936444,0.0,37.285631335827574,0.0,-31.706257565128773,0.0,0
