hour,F_FLG_SLIGO_N1,O_FLG_SLIGO_N1,F_T25221_N1,O_T25221_N1,F_T25222_N1,O_T25222_N1,F_FLG_SLIGO_N0,O_FLG_SLIGO_N0,n_rows_over
2030-01-01 00:00:00,-65.57850877147845,0.0,49.51829742140786,0.0,47.62090210323219,0.0,-39.74418688729339,0.0,0
2030-01-01 02:00:00,-58.57063900678369,0.0,26.16653127055513,0.0,25.16390685673224,0.0,-37.44439113302182,0.0,0
2030-01-01 04:00:00,-76.98996750920787,0.0,49.321327043486214,0.0,47.431479050084434,0.0,-48.03153378136159,0.0,0
2030-01-01 06:00:00,-74.38385565006291,0.0,46.59102297946174,0.0,44.805792196627394,0.0,-46.27198352991294,0.0,0
2030-01-01 08:00:00,-47.844253672099775,0.0,10.46391985410779,0.0,10.06297326315401,0.0,-32.47897080818022,0.0,0
2030-01-01 10:00:00,-44.51252418454579,0.0,15.845207808282854,0.0,15.23806611164693,0.0,-29.195702569530038,0.0,0
2030-01-01 12:00:00,27.931804105230437,0.0,-37.82057662376125,0.0,-36.37140351496198,0.0,13.67515703012757,0.0,0
2030-01-01 14:00:00,20.722007137985212,0.0,-32.601636575671435,0.0,-31.352437878932733,0.0,9.887057262115716,0.0,0
2030-01-01 16:00:00,-37.383719515409304,0.0,6.930165369272975,0.0,6.664621842726843,0.0,-24.85088191174276,0.0,0
2030-01-01 18:00:00,-49.39323184342716,0.0,20.28763504233281,0.0,19.51027261772055,0.0,-31.638379169695096,0.0,0
2030-01-01 20:00:00,-63.903386923894736,0.0,32.52827811311855,0.0,31.28189029661294,0.0,-40.10053798854332,0.0,0
2030-01-01 22:00:00,-35.08541620917457,0.0,10.04128537079533,0.0,9.656532888518424,0.0,-23.222070338426697,0.0,0
2030-01-02 00:00:00,-25.613868492033134,0.0,-1.1102982586403893,0.0,-1.0677548993686292,0.0,-17.977419732075802,0.0,0
2030-01-02 02:00:00,-46.006359303159144,0.0,9.219091208099755,0.0,8.865842784648917,0.0,-30.732572088982756,0.0,0
2030-01-02 04:00:00,-40.60315287178673,0.0,9.116254264918625,0.0,8.766946250259862,0.0,-26.8993369464384,0.0,0
2030-01-02 06:00:00,-80.44775343786824,0.0,45.70505425494542,0.0,43.953771184320196,0.0,-49.65837591831949,0.0,0
2030-01-02 08:00:00,-116.78294255945006,0.0,76.19126012234821,0.0,73.27183542945586,0.0,-70.57820155282326,0.0,0
2030-01-02 10:00:00,-61.35285465698146,0.0,35.77287325140326,0.0,34.402162105031024,0.0,-37.74316190617833,0.0,0
2030-01-02 12:00:00,-55.030000421757904,0.0,32.736374981210375,0.0,31.482013505596786,0.0,-33.831385299591716,0.0,0
2030-01-02 14:00:00,-35.28383283199148,0.0,11.302260876399256,0.0,10.86919152651463,0.0,-23.21958038975818,0.0,0
2030-01-02 16:00:00,-88.83972297177223,0.0,52.63731881333794,0.0,50.62041178142193,0.0,-54.576453208801894,0.0,0
2030-01-02 18:00:00,-105.3794609231708,0.0,63.25859047404785,0.0,60.83470759337439,0.0,-64.87796178557332,0.0,0
2030-01-02 20:00:00,-92.77214946340757,0.0,44.51681262298233,0.0,42.81105947213928,0.0,-58.51067444966832,0.0,0
2030-01-02 22:00:00,-84.66581400708456,0.0,59.04459915175441,0.0,56.782184007697765,0.0,-50.65148054073673,0.0,0
2030-01-03 00:00:00,-25.998699116214567,0.0,-1.5481150624418776,0.0,-1.4887958526863816,0.0,-18.43264390398191,0.0,0
2030-01-03 02:00:00,-66.5136688596236,0.0,44.80659416644245,0.0,43.089737440305335,0.0,-40.15728938710411,0.0,0
2030-01-03 04:00:00,-50.08580905726087,0.0,25.885697198882973,0.0,24.89383351958699,0.0,-31.373816544626866,0.0,0
2030-01-03 06:00:00,-65.67854213056202,0.0,39.60768167250896,0.0,38.090031961541335,0.0,-40.90922411126217,0.0,0
2030-01-03 08:00:00,-50.03604097995249,0.0,19.1807559311356,0.0,18.445805854134917,0.0,-32.87848606191166,0.0,0
2030-01-03 10:00:00,29.35689147022385,0.0,-36.39177841944989,0.0,-34.99735264980902,0.0,14.689382000122032,0.0,0
2030-01-03 12:00:00,-29.634942805146114,0.0,-1.5232384664451466,0.0,-1.4648724545828085,0.0,-21.73147185597744,0.0,0
2030-01-03 14:00:00,-26.214527028535244,0.0,5.817249828050997,0.0,5.59434994733677,0.0,-17.88633437353849,0.0,0
2030-01-03 16:00:00,-27.54273541477458,0.0,2.705927588878774,0.0,2.6022444130464955,0.0,-19.25440861981298,0.0,0
2030-01-03 18:00:00,-18.29706029893259,0.0,-9.506257525433497,0.0,-9.14200573445139,0.0,-14.53335797815125,0.0,0
2030-01-03 20:00:00,-17.691103451602814,0.0,-6.0644763259629935,0.0,-5.832103453968896,0.0,-13.577064545209122,0.0,0
2030-01-03 22:00:00,-40.595410433514516,0.0,7.550562277352576,0.0,7.261246968453298,0.0,-28.08595853664491,0.0,0
2030-01-04 00:00:00,-53.230776487388894,0.0,31.937601293516032,0.0,30.71384647310341,0.0,-33.35585771710458,0.0,0
2030-01-04 02:00:00,-53.178960165830375,0.0,33.93958404585216,0.0,32.63911914251749,0.0,-32.806959732155995,0.0,0
2030-01-04 04:00:00,-38.28285880523418,0.0,11.625756117151264,0.0,11.180291382384398,0.0,-25.09409378209908,0.0,0
2030-01-04 06:00:00,-89.59892343013112,0.0,55.71959369096959,0.0,53.58458296351704,0.0,-55.24791769893563,0.0,0
2030-01-04 08:00:00,-34.585638211624406,0.0,6.852253035876663,0.0,6.589694880482519,0.0,-23.647527189039053,0.0,0
2030-01-04 10:00:00,-41.293015691647796,0.0,17.08348267761715,0.0,16.42889393489857,0.0,-26.4338238172696,0.0,0
2030-01-04 12:00:00,-117.76882247871399,0.0,94.38196018961446,0.0,90.7655214445579,0.0,-69.19720083932718,0.0,0
2030-01-04 14:00:00,-86.46355776014676,0.0,63.04488058148253,0.0,60.62918643448364,0.0,-51.86152429796119,0.0,0
2030-01-04 16:00:00,-129.9871559022514,8.987155902251402,86.18611400992795,0.0,82.88371595244755,0.0,-79.01165156926466,0.0,1
2030-01-04 18:00:00,-114.08212718593418,0.0,68.41891394500895,0.0,65.79730266687567,0.0,-70.43407426593441,0.0,0
2030-01-04 20:00:00,-122.72358559282299,1.7235855928229853,76.99508855429607,0.0,74.04486352328999,0.0,-75.17438229934824,0.0,1
2030-01-04 22:00:00,-98.45676306657852,0.0,50.08752730463435,0.0,48.168320773803195,0.0,-61.75246952911801,0.0,0
2030-01-05 00:00:00,-100.84178391435492,0.0,65.31928222145521,0.0,62.81643970207574,0.0,-61.311992242391725,0.0,0
2030-01-05 02:00:00,-95.34392255892277,0.0,66.76049347099581,0.0,64.20242798112301,0.0,-57.6509112051925,0.0,0
2030-01-05 04:00:00,-104.18201737590715,0.0,86.43143100636163,0.0,83.11963312407428,0.0,-60.73380661788501,0.0,0
2030-01-05 06:00:00,-104.33982724720163,0.0,81.20496889075017,0.0,78.09343364399723,0.0,-61.7606503140132,0.0,0
2030-01-05 08:00:00,-115.73587440243624,0.0,90.89483323671367,0.0,87.41201092636638,0.0,-69.02125496021442,0.0,0
2030-01-05 10:00:00,-77.50265953538437,0.0,44.527242712653205,0.0,42.82108991149218,0.0,-48.12092108409484,0.0,0
2030-01-05 12:00:00,-106.0600923146529,0.0,77.95278542586834,0.0,74.96586427130842,0.0,-63.020703671278916,0.0,0
2030-01-05 14:00:00,-105.67454870271271,0.0,75.75637534682883,0.0,72.85361415773178,0.0,-62.7473978988195,0.0,0
2030-01-05 16:00:00,-122.4125859399621,1.4125859399620992,93.00227306670277,0.0,89.43869986880516,0.0,-72.6415906193323,0.0,1
2030-01-05 18:00:00,-116.69799121514677,0.0,72.67292560120059,0.0,69.88831312512163,0.0,-70.99821134324021,0.0,0
2030-01-05 20:00:00,-117.12450442347944,0.0,79.59587702701032,0.0,76.54599744145258,0.0,-70.68872365082112,0.0,0
2030-01-05 22:00:00,-112.46050802764529,0.0,76.13653987930837,0.0,73.21921190496978,0.0,-67.32417323982952,0.0,0
2030-01-06 00:00:00,-115.94811910849559,0.0,86.22645228361407,0.0,82.92250858228857,0.0,-68.00722666543243,0.0,0
2030-01-06 02:00:00,-107.95491571896281,0.0,78.89956737149475,0.0,75.87636832119716,0.0,-63.344152211588394,0.0,0
2030-01-06 04:00:00,-111.15893429461875,0.0,74.63340424889729,0.0,71.77367200495011,0.0,-66.22192943232444,0.0,0
2030-01-06 06:00:00,-100.83670936760439,0.0,58.031322524582365,0.0,55.8077331566232,0.0,-61.51522821467539,0.0,0
2030-01-06 08:00:00,-107.68770022286256,0.0,68.61151107321241,0.0,65.98252004035461,0.0,-64.80318785214959,0.0,0
2030-01-06 10:00:00,-62.199014111038494,0.0,31.43154774992344,0.0,30.227183410895577,0.0,-38.39819660290798,0.0,0
2030-01-06 12:00:00,-108.2138802765096,0.0,55.45534668258793,0.0,53.33046112224834,0.0,-66.89364004877451,0.0,0
2030-01-06 14:00:00,-112.96739804173258,0.0,63.46902523693788,0.0,61.037079115913315,0.0,-69.17374539696237,0.0,0
2030-01-06 16:00:00,-108.14695187578147,0.0,54.70379782416695,0.0,52.607709402655026,0.0,-67.07644303091041,0.0,0
2030-01-06 18:00:00,-133.96187156388862,12.961871563888621,80.85250354898741,0.0,77.75447373606609,0.0,-81.48482073969602,0.0,1
2030-01-06 20:00:00,-129.9199312060684,8.919931206068412,91.24316010130373,0.0,87.74699093138162,0.0,-77.40617917062272,0.0,1
2030-01-06 22:00:00,-123.6213001785433,2.6213001785432937,86.6583346463061,0.0,83.33784248480231,0.0,-73.58797450634917,0.0,1
2030-01-07 00:00:00,-103.99429973226182,0.0,59.344262430876086,0.0,57.07036507251799,0.0,-63.74543448310517,0.0,0
2030-01-07 02:00:00,-117.13612844199773,0.0,73.25774202856293,0.0,70.45072110936187,0.0,-70.80250435791481,0.0,0
2030-01-07 04:00:00,-120.86206720729199,0.0,90.64421610336849,0.0,87.17099670346485,0.0,-71.12696154490187,0.0,0
2030-01-07 06:00:00,-132.91386234638955,11.91386234638955,110.35224939553619,0.0,106.12387620307018,0.0,-77.3894075871806,0.0,1
2030-01-07 08:00:00,-156.3389300921874,35.33893009218741,126.25825231767311,1.2582523176731115,121.42040793885934,0.0,-91.21568138235605,0.0,2
2030-01-07 10:00:00,-149.1722179948555,28.172217994855487,127.9264481321485,2.9264481321484936,123.02468340281762,0.0,-86.36220611350703,0.0,2
2030-01-07 12:00:00,-153.5244564933102,32.5244564933102,133.9148958409796,8.914895840979597,128.78367143234715,3.7836714323471483,-88.4059028530425,0.0,3
2030-01-07 14:00:00,-135.65096497280024,14.650964972800239,120.58491474239241,0.0,115.96445595061036,0.0,-78.4277364221759,0.0,1
2030-01-07 16:00:00,-105.73611045604099,0.0,106.67987006768595,0.0,102.5922116353405,0.0,-59.97741143080547,0.0,0
2030-01-07 18:00:00,-128.4004490561726,7.40044905617259,115.22884506532037,0.0,110.81361508911363,0.0,-74.19782981548595,0.0,1
2030-01-07 20:00:00,-113.57689579960203,0.0,110.96427803578106,0.0,106.71245370833947,0.0,-64.80599668796428,0.0,0
2030-01-07 22:00:00,-152.69932035287133,31.699320352871325,142.4277349345648,17.427734934564796,136.9703236034884,11.970323603488396,-87.59275134201413,0.0,3
2030-01-08 00:00:00,-133.76842103461723,12.768421034617234,124.09018637222681,0.0,119.33541589515438,0.0,-77.1221790591086,0.0,1
2030-01-08 02:00:00,-126.1112148038769,5.111214803876905,114.16386085861899,0.0,109.7894379406705,0.0,-72.71076365598314,0.0,1
2030-01-08 04:00:00,-126.64375782704127,5.64375782704127,106.25554817857218,0.0,102.18414851132422,0.0,-73.0888149362905,0.0,1
2030-01-08 06:00:00,-145.9311886523341,24.9311886523341,106.3406240092923,0.0,102.26596448677246,0.0,-85.39509840090997,0.0,1
2030-01-08 08:00:00,-141.51799453674457,20.517994536744567,103.59840050798371,0.0,99.62881491376339,0.0,-82.68278581258345,0.0,1
2030-01-08 10:00:00,-140.4441868880255,19.444186888025513,107.67884565460531,0.0,103.55290941990593,0.0,-81.27051777051383,0.0,1
2030-01-08 12:00:00,-143.803760713024,22.80376071302399,111.11489881343765,0.0,106.85730314139764,0.0,-83.30923211128194,0.0,1
2030-01-08 14:00:00,-145.8114854627678,24.81148546276779,113.15463195895768,0.0,108.81887972010962,0.0,-84.63714684737027,0.0,1
2030-01-08 16:00:00,-126.78851702616748,5.788517026167483,86.9762422967348,0.0,83.64356885035372,0.0,-75.02169271851508,0.0,1
2030-01-08 18:00:00,-105.69595390807346,0.0,54.30107615157203,0.0,52.22041883847649,0.0,-65.09661132835149,0.0,0
2030-01-08 20:00:00,-122.65558184390099,1.6555818439009897,75.8928619443601,0.0,72.9848709908197,0.0,-74.34131249321334,0.0,1
2030-01-08 22:00:00,-154.73297379959422,33.73297379959422,127.87479397980485,2.874793979804849,122.97500848546225,0.0,-89.93040905986088,0.0,2
2030-01-09 00:00:00,-156.7993433586073,35.7993433586073,135.21230221818413,10.212302218184135,130.03136501823877,5.031365018238773,-90.14444041861884,0.0,3
2030-01-09 02:00:00,-149.74048383293194,28.740483832931943,137.8195294406458,12.819529440645795,132.53869097222127,7.538690972221275,-85.93381330067751,0.0,3
2030-01-09 04:00:00,-153.12947554350617,32.129475543506175,136.59267505830724,11.592675058307236,131.3588460365395,6.358846036539489,-88.19453288965808,0.0,3
2030-01-09 06:00:00,-144.87566013530972,23.875660135309715,133.25664976822168,8.256649768221678,128.15064741046112,3.1506474104611186,-83.36573789398969,0.0,3
2030-01-09 08:00:00,-151.75772541811193,30.75772541811193,137.48985045300248,12.489850453002475,132.2216443124293,7.221644312429305,-87.31773647769712,0.0,3
2030-01-09 10:00:00,-131.91637361276932,10.91637361276932,118.30369965497661,0.0,113.77065030681459,0.0,-75.42793149459142,0.0,1
2030-01-09 12:00:00,-102.58361026547283,0.0,91.27926449831864,0.0,87.78171191423587,0.0,-57.84265685560019,0.0,0
2030-01-09 14:00:00,-144.07290587042024,23.072905870420243,124.6853174594549,0.0,119.9077433118726,0.0,-82.1554870282559,0.0,1
2030-01-09 16:00:00,-93.36915056454299,0.0,84.31873058797811,0.0,81.0878851634952,0.0,-52.7599462286283,0.0,0
2030-01-09 18:00:00,-108.24785095676013,0.0,82.93889144395904,0.0,79.7609173916361,0.0,-62.80918906553934,0.0,0
2030-01-09 20:00:00,-101.03357529184436,0.0,80.09332342822883,0.0,77.02438316163263,0.0,-58.38674458988001,0.0,0
2030-01-09 22:00:00,-102.98312577901234,0.0,84.84292960791461,0.0,81.59199842083456,0.0,-59.475067229338684,0.0,0
2030-01-10 00:00:00,-118.57348173796767,0.0,100.54764440087207,0.0,96.69495479572973,0.0,-68.25474838046888,0.0,0
2030-01-10 02:00:00,-90.75307605934876,0.0,83.14411262502396,0.0,79.9582751014506,0.0,-51.15054937394458,0.0,0
2030-01-10 04:00:00,-83.9882174054793,0.0,77.45731207117305,0.0,74.48937599631975,0.0,-47.19005084768248,0.0,0
2030-01-10 06:00:00,-115.11618021099781,0.0,101.96128504135967,0.0,98.0544288902633,0.0,-66.07729123225153,0.0,0
2030-01-10 08:00:00,-134.41085184770077,13.41085184770077,118.4623230853396,0.0,113.9231957544965,0.0,-78.24113933173842,0.0,1
2030-01-10 10:00:00,-72.29038438445669,0.0,67.97509277409925,0.0,65.37048741611356,0.0,-41.38294614848938,0.0,0
2030-01-10 12:00:00,-127.64717594472958,6.647175944729582,111.16052989361737,0.0,106.9011857729754,0.0,-73.99642445308287,0.0,1
2030-01-10 14:00:00,-57.354280096758174,0.0,57.352556619193976,0.0,55.15497556165921,0.0,-32.49378354431755,0.0,0
2030-01-10 16:00:00,-40.035877937748545,0.0,42.57848051411935,0.0,40.94699854100135,0.0,-22.19170160263565,0.0,0
2030-01-10 18:00:00,-72.74410185016394,0.0,53.62613283346157,0.0,51.57133736050402,0.0,-42.51195383389774,0.0,0
2030-01-10 20:00:00,-108.6621469463469,0.0,84.75362694892107,0.0,81.50611757672354,0.0,-63.21326317717771,0.0,0
2030-01-10 22:00:00,-71.73817727681865,0.0,51.53876496712505,0.0,49.56395128318563,0.0,-41.94520559595537,0.0,0
2030-01-11 00:00:00,-98.67763727048936,0.0,79.0502240271685,0.0,76.0212522575325,0.0,-57.10873832852918,0.0,0
2030-01-11 02:00:00,-36.226197401535984,0.0,18.961790986843575,0.0,18.235231001622715,0.0,-21.821536865600265,0.0,0
2030-01-11 04:00:00,-16.090041101305403,0.0,0.39844807467932153,0.0,0.383180717948564,0.0,-10.440111235744935,0.0,0
2030-01-11 06:00:00,-16.101832111202334,0.0,-1.4010171952292652,0.0,-1.3473343425194955,0.0,-10.635018376773116,0.0,0
2030-01-11 08:00:00,-63.44319223732584,0.0,27.715516432916935,0.0,26.65353946967224,0.0,-39.471789712079925,0.0,0
2030-01-11 10:00:00,-78.14247465506762,0.0,48.06279769519863,0.0,46.221172839860486,0.0,-47.256850859473005,0.0,0
2030-01-11 12:00:00,-28.07631182257807,0.0,12.692236239536511,0.0,12.2059071274281,0.0,-16.826741039804123,0.0,0
2030-01-11 14:00:00,-31.597830116697473,0.0,14.218777986478022,0.0,13.6739562905273,0.0,-18.94224354170274,0.0,0
2030-01-11 16:00:00,-100.2802956780597,0.0,70.85425999467368,0.0,68.13933342838648,0.0,-58.59825358770059,0.0,0
2030-01-11 18:00:00,-95.02868954734572,0.0,52.300809791097194,0.0,50.29679679384252,0.0,-57.59239914317098,0.0,0
2030-01-11 20:00:00,-87.60160767925363,0.0,53.14675088583728,0.0,51.11032391725901,0.0,-52.88547031306288,0.0,0
2030-01-11 22:00:00,-67.21250864489406,0.0,48.25844085433134,0.0,46.40931952933446,0.0,-39.28677803910004,0.0,0
2030-01-12 00:00:00,-59.588428376313274,0.0,41.85379620895237,0.0,40.2500820041015,0.0,-34.37411797033461,0.0,0
2030-01-12 02:00:00,-79.41829135365253,0.0,60.95581674902593,0.0,58.62016937547203,0.0,-45.369721685380625,0.0,0
2030-01-12 04:00:00,-105.8303421677018,0.0,87.25829727763306,0.0,83.91481631507922,0.0,-59.93912908505521,0.0,0
2030-01-12 06:00:00,-88.81646135597468,0.0,77.42184531108265,0.0,74.45526821802093,0.0,-49.46157722854141,0.0,0
2030-01-12 08:00:00,-61.848998135657574,0.0,28.13328393254298,0.0,27.055299349102242,0.0,-38.2115153135574,0.0,0
2030-01-12 10:00:00,-75.67103124764999,0.0,57.90011840398222,0.0,55.681556391508146,0.0,-44.04224859638053,0.0,0
2030-01-12 12:00:00,-38.138969834356054,0.0,15.970554048865537,0.0,15.35860945345448,0.0,-23.677464894808747,0.0,0
2030-01-12 14:00:00,30.95238881214863,0.0,-25.24818613884308,0.0,-24.280750005799817,0.0,19.08129035797922,0.0,0
2030-01-12 16:00:00,-44.141135057266695,0.0,37.487384398812125,0.0,36.050978234770525,0.0,-24.12059107653463,0.0,0
2030-01-12 18:00:00,-37.64290949328743,0.0,16.658975218132067,0.0,16.020652351021106,0.0,-22.80156015513823,0.0,0
2030-01-12 20:00:00,-14.994026489815536,0.0,7.494086158151421,0.0,7.206934847809032,0.0,-8.363475281130567,0.0,0
2030-01-12 22:00:00,-9.222085039348524,0.0,-8.292164487093077,0.0,-7.974433165649198,0.0,-7.337150841394215,0.0,0
2030-01-13 00:00:00,-6.550946671366367,0.0,-8.668595447623426,0.0,-8.336440400419216,0.0,-5.408405290174357,0.0,0
2030-01-13 02:00:00,-15.184192783817776,0.0,3.253072149653974,0.0,3.1284240056777755,0.0,-10.217798548799554,0.0,0
2030-01-13 04:00:00,-6.968902028126868,0.0,-12.299867240598344,0.0,-11.828572552942024,0.0,-6.3891263723386755,0.0,0
2030-01-13 06:00:00,2.2582581892815847,0.0,-3.15783677048314,0.0,-3.0368377657538477,0.0,1.8143357739602834,0.0,0
2030-01-13 08:00:00,-9.966607475994866,0.0,-2.288514591279164,0.0,-2.200825452169306,0.0,-6.6699981697911275,0.0,0
2030-01-13 10:00:00,-4.891581344251774,0.0,11.333591890982708,0.0,10.899322028893955,0.0,-0.7522894746967894,0.0,0
2030-01-13 12:00:00,-49.44431666337584,0.0,51.28423678222531,0.0,49.31917586870658,0.0,-26.124759214643127,0.0,0
2030-01-13 14:00:00,-61.142091569170816,0.0,59.14087059768131,0.0,56.87476661535094,0.0,-33.11432074202805,0.0,0
2030-01-13 16:00:00,-52.680466349305405,0.0,45.925181391289655,0.0,44.16546369710808,0.0,-29.0260617149063,0.0,0
2030-01-13 18:00:00,-80.69299759388016,0.0,64.7906619660064,0.0,62.30807461794764,0.0,-46.06538209357865,0.0,0
2030-01-13 20:00:00,-80.78459273096357,0.0,62.533683650675755,0.0,60.137577064511675,0.0,-46.564852910598276,0.0,0
2030-01-13 22:00:00,-77.04113750935801,0.0,58.31773328461931,0.0,56.08316949985931,0.0,-44.51263764962516,0.0,0
2030-01-14 00:00:00,-83.44236422093331,0.0,70.5606982233288,0.0,67.85702007953486,0.0,-47.2132778336827,0.0,0
2030-01-14 02:00:00,-59.24562925211316,0.0,53.95704078536761,0.0,51.889565894267896,0.0,-32.79291166815008,0.0,0
2030-01-14 04:00:00,-54.55198118465505,0.0,52.87405309283898,0.0,50.84807510055144,0.0,-29.64987878141979,0.0,0
2030-01-14 06:00:00,-40.795907421541926,0.0,34.46960797300206,0.0,33.1488341137811,0.0,-23.05879810509867,0.0,0
2030-01-14 08:00:00,-71.35797718920905,0.0,55.80778443217108,0.0,53.669394495251005,0.0,-41.28972404252078,0.0,0
2030-01-14 10:00:00,-86.25910287852268,0.0,75.63686292074647,0.0,72.73868109583444,0.0,-49.43822591604458,0.0,0
2030-01-14 12:00:00,-36.08948182649307,0.0,23.4925647594212,0.0,22.592398867061718,0.0,-21.39629686994464,0.0,0
2030-01-14 14:00:00,-20.36596877901427,0.0,3.6734073887172176,0.0,3.532653236332192,0.0,-13.349658445302198,0.0,0
2030-01-14 16:00:00,-61.08176335291775,0.0,52.066816875652115,0.0,50.07176979777218,0.0,-34.97748383523411,0.0,0
2030-01-14 18:00:00,-59.12726588468802,0.0,50.1348503013149,0.0,48.21383049262438,0.0,-34.20864237871684,0.0,0
2030-01-14 20:00:00,-37.460722390132716,0.0,25.977774568851956,0.0,24.982382755920742,0.0,-22.27265339754926,0.0,0
2030-01-14 22:00:00,-38.76941472576079,0.0,32.03353037522392,0.0,30.806099834926098,0.0,-21.881562934828832,0.0,0
2030-01-15 00:00:00,-101.22785669388,0.0,90.19609531499896,0.0,86.74004658392097,0.0,-57.87977174921945,0.0,0
2030-01-15 02:00:00,-107.7715617881547,0.0,101.41952974276275,0.0,97.53343205915587,0.0,-60.730211197492956,0.0,0
2030-01-15 04:00:00,-109.63107064118167,0.0,103.68206567695472,0.0,99.70927427986626,0.0,-62.08059975706648,0.0,0
2030-01-15 06:00:00,-100.45694333168173,0.0,95.70979609201856,0.0,92.04247858586305,0.0,-56.929845082552305,0.0,0
2030-01-15 08:00:00,-81.22878361560612,0.0,76.66727031153495,0.0,73.72960631011631,0.0,-46.31672546551814,0.0,0
2030-01-15 10:00:00,-78.16424619889224,0.0,82.52821329880798,0.0,79.36597522349675,0.0,-43.79998977808324,0.0,0
2030-01-15 12:00:00,-66.79081509689803,0.0,71.07578314946487,0.0,68.35236846830585,0.0,-36.97827197011825,0.0,0
2030-01-15 14:00:00,-34.92335576334361,0.0,34.62559553905328,0.0,33.29884469570867,0.0,-19.597240401622496,0.0,0
2030-01-15 16:00:00,-16.713285035081526,0.0,15.848466020101444,0.0,15.241199478384587,0.0,-10.030250263352956,0.0,0
2030-01-15 18:00:00,-16.608329482253353,0.0,5.654730801076411,0.0,5.4380581708322495,0.0,-10.709579023487231,0.0,0
2030-01-15 20:00:00,-46.28054225753584,0.0,21.704118148981124,0.0,20.872480263483006,0.0,-29.250948082004353,0.0,0
2030-01-15 22:00:00,-28.442283313685696,0.0,13.89640657533661,0.0,13.363937202427472,0.0,-19.000163021347106,0.0,0
2030-01-16 00:00:00,-37.80398800411574,0.0,13.774846245224449,0.0,13.247034706151265,0.0,-25.156669588817742,0.0,0
2030-01-16 02:00:00,-17.598816184645575,0.0,-3.943658035902679,0.0,-3.7925486746471586,0.0,-13.66067331944759,0.0,0
2030-01-16 04:00:00,-48.23648049933071,0.0,23.323554028501277,0.0,22.42986412958815,0.0,-31.11033351628977,0.0,0
2030-01-16 06:00:00,-41.51550563237632,0.0,19.405863118800596,0.0,18.66228759734399,0.0,-27.3945965747687,0.0,0
2030-01-16 08:00:00,-50.45165983701084,0.0,30.542791948530944,0.0,29.37248211428974,0.0,-32.47334132348089,0.0,0
2030-01-16 10:00:00,-44.28154539054627,0.0,27.559551609589448,0.0,26.503550759034148,0.0,-28.59428793030794,0.0,0
2030-01-16 12:00:00,-18.736113290303965,0.0,2.3025139680801594,0.0,2.214288414081567,0.0,-14.329221594892472,0.0,0
2030-01-16 14:00:00,-50.40473784440076,0.0,43.69320867526109,0.0,42.0190136020542,0.0,-30.878505565447846,0.0,0
2030-01-16 16:00:00,-88.87041934042905,0.0,64.02199061972411,0.0,61.568856493799444,0.0,-54.909519118266594,0.0,0
2030-01-16 18:00:00,-103.3828857539134,0.0,72.92371565418148,0.0,70.12949364188752,0.0,-63.74870828837191,0.0,0
2030-01-16 20:00:00,-92.34453291240135,0.0,70.46082907222532,0.0,67.7609776201716,0.0,-56.64022762727623,0.0,0
2030-01-16 22:00:00,-84.9451046911638,0.0,74.82575462888119,0.0,71.95865208487456,0.0,-50.463900233815615,0.0,0
2030-01-17 00:00:00,-85.10526306778766,0.0,68.39478664615021,0.0,65.77409985505062,0.0,-52.00687418913157,0.0,0
2030-01-17 02:00:00,-103.6180629918573,0.0,87.72176198940986,0.0,84.3605224240757,0.0,-62.076499392585255,0.0,0
2030-01-17 04:00:00,-83.29342681805832,0.0,70.94257994960319,0.0,68.22426922275896,0.0,-49.78749168841742,0.0,0
2030-01-17 06:00:00,-68.98740688402545,0.0,53.35358181271863,0.0,51.309229692171314,0.0,-42.29888673899044,0.0,0
2030-01-17 08:00:00,-84.97392246947919,0.0,64.36944276571663,0.0,61.90299529685743,0.0,-51.74652073658236,0.0,0
2030-01-17 10:00:00,-9.134370290827466,0.0,6.356649817743608,0.0,6.113081718040506,0.0,-6.559047709380485,0.0,0
2030-01-17 12:00:00,-65.11197940797837,0.0,46.52851797366663,0.0,44.745682198567536,0.0,-39.92173035842165,0.0,0
2030-01-17 14:00:00,2.197285822282466,0.0,-10.938315955570719,0.0,-10.519191903178388,0.0,-1.0287967419627286,0.0,0
2030-01-17 16:00:00,-29.335675332921426,0.0,7.771861763062477,0.0,7.4740669096318495,0.0,-20.020759532935553,0.0,0
2030-01-17 18:00:00,-25.2520445364559,0.0,-5.935462105907346,0.0,-5.708032678859047,0.0,-19.33672802027885,0.0,0
2030-01-17 20:00:00,-23.850304809206413,0.0,-5.161406448785777,0.0,-4.963636554805249,0.0,-18.00354360507394,0.0,0
2030-01-17 22:00:00,-41.20581831091172,0.0,17.91498812247361,0.0,17.22853854001979,0.0,-27.134562811624562,0.0,0
2030-01-18 00:00:00,-59.25876651302627,0.0,35.14935812043195,0.0,33.80253823753045,0.0,-37.643352943814804,0.0,0
2030-01-18 02:00:00,-51.2290679446482,0.0,31.34437514736924,0.0,30.143351005734527,0.0,-32.073844098892934,0.0,0
2030-01-18 04:00:00,-53.22882588665338,0.0,36.15487694596689,0.0,34.76952854307867,0.0,-32.82138680941021,0.0,0
2030-01-18 06:00:00,-36.36443724109233,0.0,17.72422040810756,0.0,17.045080482627974,0.0,-23.115211709869733,0.0,0
2030-01-18 08:00:00,-21.7070290688885,0.0,1.86843495136183,0.0,1.796842026854324,0.0,-15.965418441700924,0.0,0
2030-01-18 10:00:00,-13.358084935895675,0.0,-1.818822923569111,0.0,-1.749130985851508,0.0,-10.475714676939884,0.0,0
2030-01-18 12:00:00,-57.7932050599332,0.0,58.783641807107664,0.0,56.531225779938225,0.0,-33.784776657483874,0.0,0
2030-01-18 14:00:00,-55.23402210655608,0.0,56.764617332261636,0.0,54.58956437663035,0.0,-32.21055532908272,0.0,0
2030-01-18 16:00:00,-87.93285725989509,0.0,73.12639886247624,0.0,70.32441062657375,0.0,-52.7964736567925,0.0,0
2030-01-18 18:00:00,-51.508130430388405,0.0,36.25145399381864,0.0,34.86240504289093,0.0,-32.73411171512228,0.0,0
2030-01-18 20:00:00,-67.16041255307694,0.0,63.758501840269076,0.0,61.31546382835863,0.0,-39.690568533756,0.0,0
2030-01-18 22:00:00,-64.92817165838613,0.0,54.878713959984,0.0,52.77592326730232,0.0,-39.15022889156475,0.0,0
2030-01-19 00:00:00,-109.210433866648,0.0,102.9864092775322,0.0,99.04027338485443,0.0,-62.553395840187754,0.0,0
2030-01-19 02:00:00,-125.52547867197968,4.525478671979684,121.34884043502959,0.0,116.69911026058446,0.0,-71.16407797983416,0.0,1
2030-01-19 04:00:00,-127.17920280311148,6.17920280311148,121.72266152812385,0.0,117.05860763035217,0.0,-72.17489600301056,0.0,1
2030-01-19 06:00:00,-110.77247349509926,0.0,103.05614178561086,0.0,99.10733394859656,0.0,-63.46978499638203,0.0,0
2030-01-19 08:00:00,-101.4192468949812,0.0,87.4631365034771,0.0,84.11180670507198,0.0,-60.108021531256355,0.0,0
2030-01-19 10:00:00,-64.27385104677961,0.0,50.94369293965666,0.0,48.991680663231094,0.0,-38.13753318581493,0.0,0
2030-01-19 12:00:00,-68.69390126307009,0.0,47.6646057530876,0.0,45.838238440234655,0.0,-41.34393509805723,0.0,0
2030-01-19 14:00:00,-47.66938499539059,0.0,27.662637041060222,0.0,26.602686260373538,0.0,-29.72190532739935,0.0,0
2030-01-19 16:00:00,-106.8149032076982,0.0,85.02326367812404,0.0,81.7654226205851,0.0,-63.493008611543374,0.0,0
2030-01-19 18:00:00,-113.90989304316452,0.0,90.25544058691575,0.0,86.79711791979894,0.0,-67.86462548713061,0.0,0
2030-01-19 20:00:00,-123.11108770087094,2.1110877008709394,99.79809028477173,0.0,95.97412138580617,0.0,-73.08940830936226,0.0,1
2030-01-19 22:00:00,-138.47786467468734,17.47786467468734,131.38471600314162,6.3847160031416195,126.3504406341257,1.3504406341257038,-79.18553058629034,0.0,3
2030-01-20 00:00:00,-128.18829818061326,7.188298180613259,124.2208986054691,0.0,119.4611196205864,0.0,-72.53805150514768,0.0,1
2030-01-20 02:00:00,-138.31901099830236,17.31901099830236,139.12730878701217,14.127308787012169,133.7963600656467,8.796360065646695,-78.16398205518604,0.0,3
2030-01-20 04:00:00,-119.84194865151835,0.0,110.66931832887684,0.0,106.42879598870202,0.0,-69.64900910257897,0.0,0
2030-01-20 06:00:00,-74.50354193090325,0.0,53.95377272435571,0.0,51.88642305572907,0.0,-45.45981293999791,0.0,0
2030-01-20 08:00:00,-122.82102437141222,1.8210243714122214,93.15952068096081,0.0,89.58992221760329,0.0,-73.61274804059526,0.0,1
2030-01-20 10:00:00,-123.87644428377861,2.8764442837786106,100.97960826518289,0.0,97.11036707696034,0.0,-73.09896471164139,0.0,1
2030-01-20 12:00:00,-105.9247264854147,0.0,95.24186424443472,0.0,91.59247650854735,0.0,-60.85556631297585,0.0,0
2030-01-20 14:00:00,-98.19421372443529,0.0,61.38540265045534,0.0,59.03329481035532,0.0,-59.85456535932949,0.0,0
2030-01-20 16:00:00,-98.3390198947584,0.0,59.272690982999706,0.0,57.00153603173537,0.0,-60.469149467734916,0.0,0
2030-01-20 18:00:00,-113.70548054056573,0.0,80.2393071945424,0.0,77.16477325996581,0.0,-68.6960282928914,0.0,0
2030-01-20 20:00:00,-98.49014619461096,0.0,70.48276517832801,0.0,67.7820731992937,0.0,-58.984460852586245,0.0,0
2030-01-20 22:00:00,-66.07980452316488,0.0,42.75790647334184,0.0,41.11954942590354,0.0,-40.65155543448894,0.0,0
2030-01-21 00:00:00,-26.17504711766173,0.0,2.3015198328143276,0.0,2.2133323711512842,0.0,-18.699226511229185,0.0,0
2030-01-21 02:00:00,-28.334603590727276,0.0,-4.505582807508218,0.0,-4.332942143959807,0.0,-20.805396714380436,0.0,0
2030-01-21 04:00:00,-31.027089265039038,0.0,2.582843872180778,0.0,2.4838769018719304,0.0,-22.17070479635675,0.0,0
2030-01-21 06:00:00,-21.30224926356931,0.0,-7.058624285655073,0.0,-6.788158591764448,0.0,-16.606703060112636,0.0,0
2030-01-21 08:00:00,-23.918492688221637,0.0,3.095782319808044,0.0,2.97716105886874,0.0,-17.0395725283177,0.0,0
2030-01-21 10:00:00,-29.923791404022214,0.0,7.8228769459168355,0.0,7.523127340926774,0.0,-20.482118055762644,0.0,0
2030-01-21 12:00:00,-42.825082285562935,0.0,23.076993988071045,0.0,22.192751543749715,0.0,-27.180903374596646,0.0,0
2030-01-21 14:00:00,-54.03969653328639,0.0,29.360538303459748,0.0,28.23552894697859,0.0,-34.13219159794923,0.0,0
2030-01-21 16:00:00,-28.439584367613925,0.0,6.031445990208114,0.0,5.800338743400729,0.0,-19.353714673279438,0.0,0
2030-01-21 18:00:00,-35.25626662098547,0.0,4.94979471879299,0.0,4.760133163076693,0.0,-24.336589529866156,0.0,0
2030-01-21 20:00:00,-17.085268855363587,0.0,-10.920315894612845,0.0,-10.501881551543525,0.0,-13.764117481395285,0.0,0
2030-01-21 22:00:00,-12.303507503775077,0.0,-21.654285406553395,0.0,-20.824556964979987,0.0,-12.300855342124379,0.0,0
2030-01-22 00:00:00,-15.995778136361785,0.0,-9.825508260634063,0.0,-9.449023721721659,0.0,-13.255461806445657,0.0,0
2030-01-22 02:00:00,-20.636281377041165,0.0,0.8421183602333233,0.0,0.809850864837439,0.0,-14.814456550952878,0.0,0
2030-01-22 04:00:00,-30.967457990114536,0.0,6.192521617519868,0.0,5.955242427066479,0.0,-21.29898586344419,0.0,0
2030-01-22 06:00:00,-44.39601450725795,0.0,13.211757642437288,0.0,12.705522000240165,0.0,-29.737764340005167,0.0,0
2030-01-22 08:00:00,-43.915971148134695,0.0,3.5387617534842892,0.0,3.4031668252892295,0.0,-30.108490213874028,0.0,0
2030-01-22 10:00:00,-34.41099838654527,0.0,3.2895018791982604,0.0,3.1634578552771213,0.0,-24.231687750412288,0.0,0
2030-01-22 12:00:00,-72.19742376388216,0.0,34.722783360822966,0.0,33.39230856638129,0.0,-46.15925357652742,0.0,0
2030-01-22 14:00:00,-19.89307949480424,0.0,-15.763761405453165,0.0,-15.15974049510147,0.0,-16.225269825778486,0.0,0
2030-01-22 16:00:00,-34.83374889029549,0.0,-0.40709280850821017,0.0,-0.39149421103721593,0.0,-25.070897736377265,0.0,0
2030-01-22 18:00:00,-28.944334148790222,0.0,-15.082153046261205,0.0,-14.50424936079208,0.0,-22.918868644693926,0.0,0
2030-01-22 20:00:00,-54.62400152166748,0.0,21.60029172382362,0.0,20.772632161152764,0.0,-35.32674243259528,0.0,0
2030-01-22 22:00:00,-49.30095146215747,0.0,7.891942204631032,0.0,7.589546222334903,0.0,-33.69556437109186,0.0,0
2030-01-23 00:00:00,-33.16581335355628,0.0,1.970144470750208,0.0,1.8946543370099516,0.0,-23.259443413876017,0.0,0
2030-01-23 02:00:00,-50.372827362154894,0.0,14.92351077121269,0.0,14.351685790497605,0.0,-33.58319999529536,0.0,0
2030-01-23 04:00:00,-47.92268944029357,0.0,11.913437732277167,0.0,11.456949885285368,0.0,-31.75287655955444,0.0,0
2030-01-23 06:00:00,-80.19894674685784,0.0,35.83282586977139,0.0,34.45981751563289,0.0,-51.00003694053973,0.0,0
2030-01-23 08:00:00,-59.374767145985324,0.0,18.1747089116253,0.0,17.478307593448864,0.0,-38.67244230182471,0.0,0
2030-01-23 10:00:00,-2.73849435849615,0.0,-21.91258039622547,0.0,-21.072954851366344,0.0,-5.078378729503386,0.0,0
2030-01-23 12:00:00,-51.42387093816927,0.0,20.781518062897643,0.0,19.985231495498883,0.0,-33.438813105557024,0.0,0
2030-01-23 14:00:00,-54.58586899549448,0.0,28.62918544367778,0.0,27.53219937483665,0.0,-33.98978149219568,0.0,0
2030-01-23 16:00:00,-11.05680668474787,0.0,-10.563919815578265,0.0,-10.159141520616169,0.0,-9.303961425824559,0.0,0
2030-01-23 18:00:00,-18.628183151693385,0.0,-14.817747138274555,0.0,-14.24997470848343,0.0,-15.340563904339435,0.0,0
2030-01-23 20:00:00,1.068531908605578,0.0,-23.674887675987886,0.0,-22.767735706434614,0.0,-2.8614236048876833,0.0,0
2030-01-23 22:00:00,-21.878797384245992,0.0,-2.3935576115551473,0.0,-2.301843533276143,0.0,-16.14984508223344,0.0,0
2030-01-24 00:00:00,-3.5814065184030976,0.0,-15.272642302621342,0.0,-14.687439629868766,0.0,-4.742787691212049,0.0,0
2030-01-24 02:00:00,-29.631576955616605,0.0,9.41831812691216,0.0,9.057435914686385,0.0,-20.16890394934988,0.0,0
2030-01-24 04:00:00,-23.200353431343775,0.0,0.9439627973920528,0.0,0.9077929231118418,0.0,-16.898322751269994,0.0,0
2030-01-24 06:00:00,-12.554891758900995,0.0,-2.5642220481644253,0.0,-2.465968611307662,0.0,-9.565785158905948,0.0,0
2030-01-24 08:00:00,-0.3022726409603762,0.0,-21.14836209001291,0.0,-20.33801913990723,0.0,-3.1186840468308668,0.0,0
2030-01-24 10:00:00,2.6378501969335133,0.0,-24.73037788755345,0.0,-23.78278264167424,0.0,-1.4521783243326576,0.0,0
2030-01-24 12:00:00,2.0023172067030774,0.0,-24.12345628436201,0.0,-23.19911648683949,0.0,-1.8208994161131398,0.0,0
2030-01-24 14:00:00,-20.53505668009444,0.0,3.335984329077533,0.0,3.208159234574893,0.0,-14.520303769815907,0.0,0
2030-01-24 16:00:00,-24.410672864038943,0.0,9.805644952739925,0.0,9.429921517285564,0.0,-16.24029956504774,0.0,0
2030-01-24 18:00:00,-53.161144180600104,0.0,20.77684307812797,0.0,19.980735642377066,0.0,-34.9811486399295,0.0,0
2030-01-24 20:00:00,-27.97718984599967,0.0,-0.7469240831774595,0.0,-0.718304152116505,0.0,-20.1608989741398,0.0,0
2030-01-24 22:00:00,-17.095096997446962,0.0,-15.449135541885068,0.0,-14.857170168003659,0.0,-14.400717670129564,0.0,0
2030-01-25 00:00:00,-37.36382972975308,0.0,4.223957328203635,0.0,4.062107723591819,0.0,-25.508142869460947,0.0,0
2030-01-25 02:00:00,-52.980992863730165,0.0,29.23214397849569,0.0,28.11205431440612,0.0,-33.28722427123139,0.0,0
2030-01-25 04:00:00,-67.01875605657769,0.0,39.93915507891346,0.0,38.40880428325272,0.0,-41.53656584509577,0.0,0
2030-01-25 06:00:00,-89.45190432032119,0.0,50.20752933862531,0.0,48.28372468327601,0.0,-55.395082272461195,0.0,0
2030-01-25 08:00:00,-109.86351649434489,0.0,63.6907156954242,0.0,61.250275048942925,0.0,-68.22634993898512,0.0,0
2030-01-25 10:00:00,-103.70929399515975,0.0,63.786802136059784,0.0,61.3426797401627,0.0,-63.50725501240041,0.0,0
2030-01-25 12:00:00,-31.87799751058906,0.0,12.092798121504492,0.0,11.629437712641458,0.0,-20.697175045143894,0.0,0
2030-01-25 14:00:00,-51.48542959838794,0.0,24.7662960017812,0.0,23.817324479549242,0.0,-32.914021789225124,0.0,0
2030-01-25 16:00:00,-37.7329809880391,0.0,7.417467867968689,0.0,7.1332523448535134,0.0,-25.99341579774876,0.0,0
2030-01-25 18:00:00,-44.87133233960519,0.0,19.208582395602146,0.0,18.472566090436317,0.0,-29.43004824792388,0.0,0
2030-01-25 20:00:00,-41.15721504907971,0.0,18.17775048781376,0.0,17.481232625395627,0.0,-27.01038419426706,0.0,0
2030-01-25 22:00:00,-78.58183742834717,0.0,47.75231708814239,0.0,45.922588935253444,0.0,-49.23695963013786,0.0,0
2030-01-26 00:00:00,-88.39089089545269,0.0,61.81551496319491,0.0,59.446926486017674,0.0,-54.260932369453265,0.0,0
2030-01-26 02:00:00,-67.45756073334798,0.0,37.76800000423269,0.0,36.320841476647544,0.0,-42.20501330133088,0.0,0
2030-01-26 04:00:00,-109.94903424248439,0.0,85.42453985413817,0.0,82.15132307535458,0.0,-65.40341359615066,0.0,0
2030-01-26 06:00:00,-64.61873742412322,0.0,39.33175986129869,0.0,37.824682661504454,0.0,-40.00623457588434,0.0,0
2030-01-26 08:00:00,-38.58984119509913,0.0,11.770271977607155,0.0,11.319269820689108,0.0,-25.855598780697463,0.0,0
2030-01-26 10:00:00,-19.456565865759394,0.0,10.064156972261689,0.0,9.678528117576985,0.0,-12.325355829378253,0.0,0
2030-01-26 12:00:00,-29.798696295254928,0.0,19.451344748258855,0.0,18.706026504711794,0.0,-18.13506033375947,0.0,0
2030-01-26 14:00:00,-28.126314298748675,0.0,6.253248370987564,0.0,6.0136423101908685,0.0,-19.20717981572854,0.0,0
2030-01-26 16:00:00,-55.988804652029785,0.0,31.140691249098012,0.0,29.947471674564717,0.0,-35.22115773476225,0.0,0
2030-01-26 18:00:00,-51.328555715546756,0.0,18.300682585128673,0.0,17.599454326795463,0.0,-34.063995655832585,0.0,0
2030-01-26 20:00:00,-46.54983179399818,0.0,34.42041052653427,0.0,33.10152176856798,0.0,-28.02327222424319,0.0,0
2030-01-26 22:00:00,-66.24013925570847,0.0,48.52021603416081,0.0,46.66106425524108,0.0,-39.745625468621434,0.0,0
2030-01-27 00:00:00,-68.85257402698197,0.0,49.14413357949351,0.0,47.26107511776989,0.0,-41.42472293623552,0.0,0
2030-01-27 02:00:00,-75.9609273544629,0.0,61.59644297752513,0.0,59.23624869363798,0.0,-44.62377678240818,0.0,0
2030-01-27 04:00:00,-48.453988854805345,0.0,35.08204572315608,0.0,33.73780505307276,0.0,-29.32037419581025,0.0,0
2030-01-27 06:00:00,-45.0292198461169,0.0,34.61991965837258,0.0,33.2933862980593,0.0,-26.910733207814076,0.0,0
2030-01-27 08:00:00,-57.45863199177248,0.0,48.85376327501058,0.0,46.98183094816949,0.0,-34.37995283500356,0.0,0
2030-01-27 10:00:00,-98.72246258230552,0.0,83.31787144549091,0.0,80.12537599566383,0.0,-58.3830657662483,0.0,0
2030-01-27 12:00:00,-88.50039969854528,0.0,74.96733644686874,0.0,72.09480890457704,0.0,-52.47481322029018,0.0,0
2030-01-27 14:00:00,-61.33223249066458,0.0,45.579611348463544,0.0,43.83313488056611,0.0,-37.045310747798744,0.0,0
2030-01-27 16:00:00,-65.79456915954053,0.0,51.48252099051173,0.0,49.50986241010905,0.0,-39.451867990013874,0.0,0
2030-01-27 18:00:00,-49.516255874255805,0.0,27.141625990543474,0.0,26.101638818854735,0.0,-31.428060025620294,0.0,0
2030-01-27 20:00:00,-60.3507642259671,0.0,45.17894285080273,0.0,43.44781881970515,0.0,-36.15324210190606,0.0,0
2030-01-27 22:00:00,-75.47448337584257,0.0,56.353734321959465,0.0,54.194425193169124,0.0,-45.49266808745226,0.0,0
2030-01-28 00:00:00,-55.89681614011209,0.0,35.61938474957575,0.0,34.254554830546205,0.0,-35.057689181709016,0.0,0
2030-01-28 02:00:00,-62.13290370556461,0.0,41.23893326885684,0.0,39.658778801004395,0.0,-38.65528383575684,0.0,0
2030-01-28 04:00:00,-27.868266829032585,0.0,15.634592427728313,0.0,15.035520892180536,0.0,-17.692056641170783,0.0,0
2030-01-28 06:00:00,-28.300714549359668,0.0,13.026427726688762,0.0,12.527293381038017,0.0,-18.468522133224557,0.0,0
2030-01-28 08:00:00,-38.78480354086672,0.0,12.0162426785087,0.0,11.55581564875374,0.0,-26.254113494127186,0.0,0
2030-01-28 10:00:00,-16.470182645012088,0.0,-0.7605600536618846,0.0,-0.7314176323720094,0.0,-12.06439638860297,0.0,0
2030-01-28 12:00:00,-22.0401207426121,0.0,4.22776115309071,0.0,4.065765797111988,0.0,-15.335594069296869,0.0,0
2030-01-28 14:00:00,-11.552931141661684,0.0,0.23157594758513378,0.0,0.22270263930055423,0.0,-8.347050285330026,0.0,0
2030-01-28 16:00:00,41.27034208604094,0.0,-51.59233341284609,0.0,-49.61546714383398,0.0,20.552764779618045,0.0,0
2030-01-28 18:00:00,-0.6226401639439119,0.0,-23.51064116949347,0.0,-22.609782642337784,0.0,-4.117826839097147,0.0,0
2030-01-28 20:00:00,-5.745368193674934,0.0,-10.93713570672371,0.0,-10.51805687799119,0.0,-6.2167539535612955,0.0,0
2030-01-28 22:00:00,-9.575836171345925,0.0,-5.425876704051593,0.0,-5.217973088794873,0.0,-7.844233628561938,0.0,0
2030-01-29 00:00:00,-12.765013166091649,0.0,2.316739107948808,0.0,2.2279684884857933,0.0,-9.514716707850331,0.0,0
2030-01-29 02:00:00,-6.929299080351688,0.0,1.4170285268592961,0.0,1.3627321670773376,0.0,-5.813711497826726,0.0,0
2030-01-29 04:00:00,-15.897740728178803,0.0,13.375595524788494,0.0,12.863082097467558,0.0,-10.572232905569226,0.0,0
2030-01-29 06:00:00,-29.507833481974235,0.0,15.443508503162555,0.0,14.851758740832492,0.0,-19.16888502754559,0.0,0
2030-01-29 08:00:00,-14.408004228126677,0.0,5.66009873698765,0.0,5.443220423248862,0.0,-10.433969682461049,0.0,0
2030-01-29 10:00:00,-13.805153062118109,0.0,12.110073430088423,0.0,11.64605108227889,0.0,-8.712498100041117,0.0,0
2030-01-29 12:00:00,3.0706406031143625,0.0,4.845438088036296,0.0,4.659775171064237,0.0,2.09095569647925,0.0,0
2030-01-29 14:00:00,-18.76312773624122,0.0,17.69867377257362,0.0,17.020512718928895,0.0,-11.421414797603463,0.0,0
2030-01-29 16:00:00,-23.71558320641014,0.0,40.22880417586999,0.0,38.68735487987517,0.0,-12.198807387960706,0.0,0
2030-01-29 18:00:00,-39.95398945994003,0.0,31.54779921654277,0.0,30.338980463692977,0.0,-24.988145787287134,0.0,0
2030-01-29 20:00:00,-16.810267544925665,0.0,0.3293604776340695,0.0,0.3167403541485596,0.0,-12.565827392579017,0.0,0
2030-01-29 22:00:00,11.326191389672074,0.0,-19.610673956772487,0.0,-18.859250687204142,0.0,4.545505101748974,0.0,0
2030-01-30 00:00:00,-7.756188009293772,0.0,-1.3577703537553383,0.0,-1.3057445926422446,0.0,-6.2607528390416185,0.0,0
2030-01-30 02:00:00,-15.336711260942002,0.0,2.1788216757461782,0.0,2.095335646097017,0.0,-10.86839111592935,0.0,0
2030-01-30 04:00:00,-71.15133283372423,0.0,58.1701124549849,0.0,55.94120506565041,0.0,-42.71130504162173,0.0,0
2030-01-30 06:00:00,-82.42781829157697,0.0,67.31565822873799,0.0,64.73632046039432,0.0,-49.46015493309235,0.0,0
2030-01-30 08:00:00,-36.55067299068585,0.0,36.01558013989879,0.0,34.63556918036854,0.0,-21.90289007675588,0.0,0
2030-01-30 10:00:00,-54.93002772991138,0.0,46.90409681587053,0.0,45.106869965675656,0.0,-32.73366952798032,0.0,0
2030-01-30 12:00:00,-73.96006587130574,0.0,66.76349426285857,0.0,64.20531379147936,0.0,-43.29940813682558,0.0,0
2030-01-30 14:00:00,-46.16932505834888,0.0,50.65774223671042,0.0,48.71668674905294,0.0,-26.394738680124576,0.0,0
2030-01-30 16:00:00,-11.757725190905246,0.0,13.752639914437768,0.0,13.225679256559216,0.0,-7.104855919367769,0.0,0
2030-01-30 18:00:00,-13.324371396297181,0.0,7.407910045311529,0.0,7.1240607498112745,0.0,-8.812308605069727,0.0,0
2030-01-30 20:00:00,38.93545799399584,0.0,-27.240521952326798,0.0,-26.196745378646394,0.0,22.96502669404908,0.0,0
2030-01-30 22:00:00,-4.192804366097311,0.0,-1.9680614702046437,0.0,-1.8926511509105106,0.0,-3.174813198781871,0.0,0
2030-01-31 00:00:00,7.343738805920843,0.0,-7.947105439988242,0.0,-7.642595764977429,0.0,4.05553762850286,0.0,0
2030-01-31 02:00:00,-12.891848056388532,0.0,10.508183348839534,0.0,10.105540711130441,0.0,-7.585744031783857,0.0,0
2030-01-31 04:00:00,-10.836198675799626,0.0,2.211469489298586,0.0,2.12673249158689,0.0,-7.165426763726174,0.0,0
2030-01-31 06:00:00,-41.58054271301961,0.0,28.146252666157274,0.0,27.067771159039367,0.0,-25.0718871830097,0.0,0
2030-01-31 08:00:00,-29.833258229696007,0.0,18.213061881866444,0.0,17.515190990825765,0.0,-17.93435802357226,0.0,0
2030-01-31 10:00:00,20.301294784358554,0.0,-15.461258737606716,0.0,-14.868828838569941,0.0,12.340241122929768,0.0,0
2030-01-31 12:00:00,-24.8113510391684,0.0,14.536161163884543,0.0,13.979178279318058,0.0,-15.067045877370262,0.0,0
2030-01-31 14:00:00,-23.379908329388215,0.0,10.895374937199751,0.0,10.477896258163584,0.0,-14.24568771474399,0.0,0
2030-01-31 16:00:00,-24.955915018885896,0.0,10.497730629304327,0.0,10.09548850902296,0.0,-15.70280775891946,0.0,0
2030-01-31 18:00:00,-65.0553079340145,0.0,42.74118290633648,0.0,41.103466656732365,0.0,-39.21993211323543,0.0,0
2030-01-31 20:00:00,-40.520837985934314,0.0,19.126597279907187,0.0,18.393722402916044,0.0,-25.806833715460694,0.0,0
2030-01-31 22:00:00,-97.7144645420857,0.0,74.71069189193776,0.0,71.84799821313325,0.0,-58.11333463862093,0.0,0
2030-02-01 00:00:00,-85.69576971168557,0.0,61.02304457963412,0.0,58.68482123360762,0.0,-51.627796329799715,0.0,0
2030-02-01 02:00:00,-110.37050853847452,0.0,81.90028624412852,0.0,78.76210848421087,0.0,-66.41763232284767,0.0,0
2030-02-01 04:00:00,-110.0892291493669,0.0,86.07167988200086,0.0,82.7736666032767,0.0,-65.52765731516122,0.0,0
2030-02-01 06:00:00,-71.23981484760314,0.0,40.80173504375739,0.0,39.23833272427459,0.0,-44.34785383218969,0.0,0
2030-02-01 08:00:00,-22.797374165130243,0.0,-11.17504763870332,0.0,-10.746852725424649,0.0,-17.564244692242955,0.0,0
2030-02-01 10:00:00,-46.649671274102964,0.0,21.39378974719333,0.0,20.574042732086752,0.0,-29.4258272100996,0.0,0
2030-02-01 12:00:00,-82.23461137378115,0.0,58.617696543283735,0.0,56.37163904988976,0.0,-49.27024743937269,0.0,0
2030-02-01 14:00:00,-84.55176633773254,0.0,57.53286386469452,0.0,55.32837396454478,0.0,-51.13922921861656,0.0,0
2030-02-01 16:00:00,0.688480571939549,0.0,-17.184030056802445,0.0,-16.525588634640968,0.0,-1.8378054230972254,0.0,0
2030-02-01 18:00:00,-62.10506257797826,0.0,16.947383977712736,0.0,16.298010136342803,0.0,-40.77383489609897,0.0,0
2030-02-01 20:00:00,-92.04551443920124,0.0,44.11027118658725,0.0,42.42009550625976,0.0,-58.17127650843032,0.0,0
2030-02-01 22:00:00,-95.10346778162565,0.0,43.504578967759066,0.0,41.83761162940023,0.0,-60.25553337983984,0.0,0
2030-02-02 00:00:00,-80.49952737150127,0.0,45.939510191474966,0.0,44.17924345987075,0.0,-50.10867029450732,0.0,0
2030-02-02 02:00:00,-105.59827141098569,0.0,64.86692237852533,0.0,62.38141295605745,0.0,-64.9639192155456,0.0,0
2030-02-02 04:00:00,-134.40306264680154,13.403062646801544,96.04480286061977,0.0,92.36464888173813,0.0,-81.13439076653785,0.0,1
2030-02-02 06:00:00,-81.17141812667091,0.0,38.73500102114957,0.0,37.250789862563124,0.0,-51.61249131855323,0.0,0
2030-02-02 08:00:00,-80.31515948528195,0.0,32.210779964967585,0.0,30.976557742418148,0.0,-51.78976324951269,0.0,0
2030-02-02 10:00:00,-59.9342915832395,0.0,23.013893490046428,0.0,22.132068870968794,0.0,-38.55170782810855,0.0,0
2030-02-02 12:00:00,7.783442708087785,0.0,-18.697208600227178,0.0,-17.980786632825527,0.0,2.7213569915190776,0.0,0
2030-02-02 14:00:00,-82.02309243539425,0.0,42.18083598842161,0.0,40.564590582404165,0.0,-51.9498151896417,0.0,0
2030-02-02 16:00:00,-60.69783992672116,0.0,33.543462526948375,0.0,32.25817583357926,0.0,-38.44773185498591,0.0,0
2030-02-02 18:00:00,-83.64960739845282,0.0,41.1699144757552,0.0,39.59240460478345,0.0,-54.16356906389732,0.0,0
2030-02-02 20:00:00,-99.17609113094792,0.0,56.20282250685394,0.0,54.04929587436008,0.0,-62.91959963630165,0.0,0
2030-02-02 22:00:00,-49.844855289562865,0.0,21.512011037211018,0.0,20.687734130450927,0.0,-32.94798204866696,0.0,0
2030-02-03 00:00:00,-69.60221204778017,0.0,34.043478354358164,0.0,32.739032527106346,0.0,-44.875770160940945,0.0,0
2030-02-03 02:00:00,-106.77569993074036,0.0,65.84937787046914,0.0,63.32622364703272,0.0,-66.80054158686156,0.0,0
2030-02-03 04:00:00,-92.39028465418511,0.0,54.07987790602823,0.0,52.007696258239044,0.0,-58.14621593455247,0.0,0
2030-02-03 06:00:00,-63.88692238442964,0.0,24.76564421205406,0.0,23.81669766448477,0.0,-42.14170209446873,0.0,0
2030-02-03 08:00:00,-54.57850878275014,0.0,23.757472678327584,0.0,22.84715629471027,0.0,-35.86047096378632,0.0,0
2030-02-03 10:00:00,-28.658018907666477,0.0,2.8414464300296434,0.0,2.732570571328596,0.0,-20.698794788897953,0.0,0
2030-02-03 12:00:00,-24.422680415751117,0.0,1.2682941783752444,0.0,1.2196968807816129,0.0,-17.767228149346867,0.0,0
2030-02-03 14:00:00,-35.59315238552635,0.0,17.88559038768912,0.0,17.200267239851325,0.0,-23.07819667014113,0.0,0
2030-02-03 16:00:00,-32.693381105271975,0.0,15.51944816172317,0.0,14.924788615331098,0.0,-21.58812550128026,0.0,0
2030-02-03 18:00:00,-98.77318060285094,0.0,68.15815220469857,0.0,65.54653254847051,0.0,-61.55351978247533,0.0,0
2030-02-03 20:00:00,-69.4388413227089,0.0,50.95921120683229,0.0,49.00660431611229,0.0,-43.222931819928526,0.0,0
2030-02-03 22:00:00,-78.82747570882596,0.0,63.31927793122817,0.0,60.89306968592953,0.0,-48.48188330106823,0.0,0
2030-02-04 00:00:00,-33.93868776337868,0.0,6.958712713783288,0.0,6.692075337071812,0.0,-23.783137297239747,0.0,0
2030-02-04 02:00:00,-37.36957641352796,0.0,24.179771453996445,0.0,23.25327382503046,0.0,-24.443428245701835,0.0,0
2030-02-04 04:00:00,-22.36200133599966,0.0,13.001861350068069,0.0,12.503668315617714,0.0,-14.677724880313553,0.0,0
2030-02-04 06:00:00,-17.098472193702847,0.0,-3.0757038039912135,0.0,-2.957851892643703,0.0,-13.446080927590508,0.0,0
2030-02-04 08:00:00,-9.895168219741286,0.0,-24.43174820449547,0.0,-23.495595568560613,0.0,-11.155272873470802,0.0,0
2030-02-04 10:00:00,-15.956614054219557,0.0,-0.20951872766019353,0.0,-0.2014905870811532,0.0,-12.026571184230699,0.0,0
2030-02-04 12:00:00,30.38617459773562,0.0,-26.538852435317892,0.0,-25.521961771004307,0.0,16.404873157656784,0.0,0
2030-02-04 14:00:00,-19.9850413849515,0.0,10.852043080064192,0.0,10.436224750174311,0.0,-13.477478668953742,0.0,0
2030-02-04 16:00:00,24.005615625603674,0.0,-19.750739847610927,0.0,-18.993949665621308,0.0,12.3966757954302,0.0,0
2030-02-04 18:00:00,-18.498268793227226,0.0,1.5485551890901617,0.0,1.4892191149778657,0.0,-13.703137883434145,0.0,0
2030-02-04 20:00:00,-39.859692376561625,0.0,22.313544381238742,0.0,21.45855507737469,0.0,-26.394223130623722,0.0,0
2030-02-04 22:00:00,-25.956309563826707,0.0,11.27614852610095,0.0,10.844079724575039,0.0,-17.8355186900203,0.0,0
2030-02-05 00:00:00,-29.322542344874876,0.0,16.538657802028375,0.0,15.904945143949229,0.0,-19.60122305696635,0.0,0
2030-02-05 02:00:00,-33.18621465959521,0.0,17.007018145300982,0.0,16.355359298260993,0.0,-22.350689325445614,0.0,0
2030-02-05 04:00:00,-21.14497039649969,0.0,6.484272745147427,0.0,6.235814510735332,0.0,-14.608022997385026,0.0,0
2030-02-05 06:00:00,-12.996382288392788,0.0,-11.267634706927304,0.0,-10.835892129877438,0.0,-11.41483971842992,0.0,0
2030-02-05 08:00:00,-14.035225779596367,0.0,-9.329778964615809,0.0,-8.972289312327742,0.0,-11.986277348110173,0.0,0
2030-02-05 10:00:00,39.140011688412734,0.0,-34.50909354582744,0.0,-33.1868067157469,0.0,21.8253352576536,0.0,0
2030-02-05 12:00:00,-12.08238097559178,0.0,-6.009244984463348,0.0,-5.778988414810665,0.0,-10.294082724164207,0.0,0
2030-02-05 14:00:00,-17.784702169906694,0.0,9.666706439963324,0.0,9.296306719123283,0.0,-11.815755738005508,0.0,0
2030-02-05 16:00:00,17.632107820927402,0.0,-23.579038725015252,0.0,-22.675559404973345,0.0,7.486730397957537,0.0,0
2030-02-05 18:00:00,-32.549111727686835,0.0,14.604705031184869,0.0,14.045095747495626,0.0,-21.852732897196667,0.0,0
2030-02-05 20:00:00,-33.33799695752848,0.0,21.267232422797527,0.0,20.452334711631003,0.0,-22.125197474969756,0.0,0
2030-02-05 22:00:00,-41.35790127256037,0.0,19.55574577768956,0.0,18.806427194171913,0.0,-28.309585632291977,0.0,0
2030-02-06 00:00:00,-47.00145217484744,0.0,29.00185670935943,0.0,27.890590975191635,0.0,-31.007283748809055,0.0,0
2030-02-06 02:00:00,-64.45798195259667,0.0,57.14105267976248,0.0,54.95157583027519,0.0,-39.34697390417562,0.0,0
2030-02-06 04:00:00,-64.06191184220421,0.0,50.425406487833484,0.0,48.49325342180825,0.0,-39.684543623051354,0.0,0
2030-02-06 06:00:00,-76.25611984797247,0.0,66.35825329189865,0.0,63.81560046102962,0.0,-46.325169535588,0.0,0
2030-02-06 08:00:00,-106.26208495006756,0.0,92.41539140398402,0.0,88.87430578294493,0.0,-63.45270167298978,0.0,0
2030-02-06 10:00:00,-58.050815029987184,0.0,56.15583648952985,0.0,54.00411022283862,0.0,-34.30650306320096,0.0,0
2030-02-06 12:00:00,-51.336849744931484,0.0,39.55118052700139,0.0,38.03569577352499,0.0,-31.999477636061226,0.0,0
2030-02-06 14:00:00,-21.941204058920587,0.0,18.3188501387865,0.0,17.61692575330334,0.0,-13.041372296068582,0.0,0
2030-02-06 16:00:00,-17.896518688205795,0.0,-1.9281992574729658,0.0,-1.854316340770369,0.0,-13.489628954246887,0.0,0
2030-02-06 18:00:00,-24.926342083098998,0.0,0.635424308813695,0.0,0.6110767207223713,0.0,-18.606281280583936,0.0,0
2030-02-06 20:00:00,-53.22868125207938,0.0,40.76820251179566,0.0,39.20608506017926,0.0,-32.58311141270599,0.0,0
2030-02-06 22:00:00,-63.550573103797475,0.0,55.808105183267955,0.0,53.669702956110555,0.0,-37.61633853182699,0.0,0
2030-02-07 00:00:00,-53.39779528229316,0.0,36.27232375588757,0.0,34.88247513714205,0.0,-33.08440077450564,0.0,0
2030-02-07 02:00:00,-22.602108567059673,0.0,0.9282928315893626,0.0,0.8927233842482245,0.0,-16.34678108428098,0.0,0
2030-02-07 04:00:00,-10.977561498982023,0.0,-19.796783965667842,0.0,-19.03822950868132,0.0,-10.551679393537977,0.0,0
2030-02-07 06:00:00,-24.853982646276524,0.0,4.7007900032571905,0.0,4.520669574882976,0.0,-17.449087928782948,0.0,0
2030-02-07 08:00:00,-31.909411751823416,0.0,11.531618157116315,0.0,11.089760511727144,0.0,-21.774293109364624,0.0,0
2030-02-07 10:00:00,-22.204248216827146,0.0,12.142403442107309,0.0,11.6771423034541,0.0,-14.733368614982323,0.0,0
2030-02-07 12:00:00,-20.813447812469615,0.0,13.043910578724919,0.0,12.544106341673839,0.0,-13.384841587475517,0.0,0
2030-02-07 14:00:00,-33.15346223970454,0.0,30.741217171728728,0.0,29.563304267327446,0.0,-19.37665588797953,0.0,0
2030-02-07 16:00:00,-24.720999715581478,0.0,-3.0717534190908973,0.0,-2.954052874858295,0.0,-18.22963285808296,0.0,0
2030-02-07 18:00:00,-76.3673288127863,0.0,47.69887472360263,0.0,45.871194324726986,0.0,-48.14372269056567,0.0,0
2030-02-07 20:00:00,-76.38533529409737,0.0,53.331675946224536,0.0,51.28816319396508,0.0,-47.253636892642916,0.0,0
2030-02-07 22:00:00,-108.9356595465873,0.0,96.02099602771511,0.0,92.34175425655565,0.0,-63.792127994526076,0.0,0
2030-02-08 00:00:00,-60.91730365398796,0.0,37.53382059730062,0.0,36.095635134894735,0.0,-38.510020310130415,0.0,0
2030-02-08 02:00:00,-69.9453662449788,0.0,48.56046280782417,0.0,46.6997688910706,0.0,-42.80288354931285,0.0,0
2030-02-08 04:00:00,-61.755145759789016,0.0,33.5640262240334,0.0,32.277951590355244,0.0,-38.951898645165755,0.0,0
2030-02-08 06:00:00,-86.5100857947649,0.0,56.91323975514361,0.0,54.73249202598339,0.0,-53.659937861877644,0.0,0
2030-02-08 08:00:00,-114.01167582085893,0.0,81.06199961477417,0.0,77.9559425296101,0.0,-69.60055462373604,0.0,0
2030-02-08 10:00:00,-88.85255094222646,0.0,75.52033292274115,0.0,72.62661618415387,0.0,-51.70907113182625,0.0,0
2030-02-08 12:00:00,-71.87811971840277,0.0,47.09100033674383,0.0,45.286611894088736,0.0,-43.74820196993456,0.0,0
2030-02-08 14:00:00,-124.32181473563935,3.32181473563935,92.9159948078796,0.0,89.35572753875783,0.0,-73.96744968933916,0.0,1
2030-02-08 16:00:00,-141.12560963445765,20.125609634457646,116.23125542960648,0.0,111.77761604049317,0.0,-82.63235821058841,0.0,1
2030-02-08 18:00:00,-176.54555033813182,55.54555033813182,142.23909496843686,17.23909496843686,136.7889117652887,11.788911765288702,-104.06831915706628,0.0,3
2030-02-08 20:00:00,-169.25959853417248,48.25959853417248,146.6666260800749,21.666626080074906,141.04679292448986,16.046792924489864,-99.21506451548154,0.0,3
2030-02-08 22:00:00,-198.16917828134677,77.16917828134677,164.561849204317,39.561849204317014,158.25632380279947,33.25632380279947,-117.02983615518671,0.0,3
2030-02-09 00:00:00,-197.2850262548076,76.2850262548076,162.35936043025507,37.359360430255066,156.13822791189082,31.138227911890823,-116.7987525031919,0.0,3
2030-02-09 02:00:00,-183.54407568767135,62.54407568767135,156.03420697910246,31.034206979102464,150.05543571243538,25.055435712435383,-107.94979301623104,0.0,3
2030-02-09 04:00:00,-166.85215215352633,45.85215215352633,133.04857114516415,8.048571145164146,127.95054174741564,2.9505417474156417,-99.68124093726199,0.0,3
2030-02-09 06:00:00,-185.26401689436824,64.26401689436824,154.71932543572524,29.71932543572524,148.7909365572716,23.790936557271607,-109.53553108881749,0.0,3
2030-02-09 08:00:00,-169.62019440308669,48.620194403086685,131.7682071623488,6.768207162348801,126.71923754155264,1.7192375415526442,-101.70716817110362,0.0,3
2030-02-09 10:00:00,-144.90838227947842,23.908382279478417,108.75727593796319,0.0,104.59001743094885,0.0,-87.40859710331641,0.0,1
2030-02-09 12:00:00,-94.66549341806802,0.0,74.10149236304495,0.0,71.26214141600124,0.0,-56.984037240914176,0.0,0
2030-02-09 14:00:00,-144.3471534705453,23.347153470545294,113.53205457354633,0.0,109.18184061167491,0.0,-86.15519494135653,0.0,1
2030-02-09 16:00:00,-168.4925642417152,47.4925642417152,128.68041983842988,3.6804198384298843,123.74976513387709,0.0,-101.16528147337168,0.0,2
2030-02-09 18:00:00,-153.25987862021512,32.25987862021512,105.08426080342811,0.0,101.05774141877396,0.0,-93.45734608392324,0.0,1
2030-02-09 20:00:00,-166.93622723400978,45.93622723400978,130.11486369398247,5.114863693982471,125.12924532554307,0.12924532554306722,-99.9165775281281,0.0,3
2030-02-09 22:00:00,-98.63393212435949,0.0,72.1690085845224,0.0,69.40370472440925,0.0,-59.889567431262805,0.0,0
2030-02-10 00:00:00,-49.10287174474864,0.0,25.759124051903093,0.0,24.772110282821934,0.0,-31.227253372107377,0.0,0
2030-02-10 02:00:00,-73.15307354853951,0.0,44.22259007172856,0.0,42.52811066251887,0.0,-45.656339866566505,0.0,0
2030-02-10 04:00:00,-31.75137757549163,0.0,0.9654175564484149,0.0,0.9284255989887331,0.0,-22.706139874372187,0.0,0
2030-02-10 06:00:00,-71.20831297527076,0.0,33.117191979170165,0.0,31.84823871775951,0.0,-45.77453306009094,0.0,0
2030-02-10 08:00:00,-84.06845550129202,0.0,47.49163325135131,0.0,45.67189373533416,0.0,-52.78699270359346,0.0,0
2030-02-10 10:00:00,-13.698674897466965,0.0,4.839458296516139,0.0,4.654024507543745,0.0,-9.879977794729133,0.0,0
2030-02-10 12:00:00,-62.53530451917109,0.0,45.1623262091425,0.0,43.43183887881474,0.0,-38.15302667673885,0.0,0
2030-02-10 14:00:00,-18.582812612044748,0.0,11.853276599683175,0.0,11.399093950108501,0.0,-12.408195285820836,0.0,0
2030-02-10 16:00:00,-68.02725781248103,0.0,39.30025693649421,0.0,37.794386835997415,0.0,-43.43463915807674,0.0,0
2030-02-10 18:00:00,-75.58651475767682,0.0,51.697028131651926,0.0,49.7161502693574,0.0,-47.620769597278375,0.0,0
2030-02-10 20:00:00,-82.02615909063239,0.0,52.50026925480523,0.0,50.488613558340205,0.0,-51.26224267513471,0.0,0
2030-02-10 22:00:00,-67.70127957166103,0.0,41.3649935105919,0.0,39.780008785543046,0.0,-42.58388005535837,0.0,0
2030-02-11 00:00:00,-138.76511809052528,17.765118090525277,107.01255563454599,0.0,102.91214967108863,0.0,-83.08992047558097,0.0,1
2030-02-11 02:00:00,-173.37766713231915,52.37766713231915,137.18359907282368,12.183599072823682,131.9271275831813,6.927127583181289,-103.75779803816233,0.0,3
2030-02-11 04:00:00,-149.93019918928786,28.930199189287862,123.0975556602269,0.0,118.38081986858796,0.0,-89.71819620092818,0.0,1
2030-02-11 06:00:00,-133.56521157418854,12.565211574188538,94.54780828057764,0.0,90.9250147251235,0.0,-82.00534831500714,0.0,1
2030-02-11 08:00:00,-113.73360625513276,0.0,80.91496009108766,0.0,77.81453712741722,0.0,-69.74075334134201,0.0,0
2030-02-11 10:00:00,-163.36813126548134,42.36813126548134,128.4063691292484,3.4063691292483895,123.48621524074997,0.0,-97.61912428560709,0.0,2
2030-02-11 12:00:00,-191.55032161620562,70.55032161620562,156.535882345347,31.535882345347005,150.53788835615654,25.537888356156543,-113.45335169967564,0.0,3
2030-02-11 14:00:00,-134.8495777521812,13.849577752181204,120.16482808897607,0.0,115.56046578053305,0.0,-79.12817386754908,0.0,1
2030-02-11 16:00:00,-133.53687313605508,12.536873136055078,135.5266514962789,10.526651496278902,130.33366935780407,5.3336693578040695,-75.86386361545051,0.0,3
2030-02-11 18:00:00,-168.81113049952114,47.81113049952114,157.71948896875824,32.71948896875824,151.6761426596625,26.676142659662503,-97.09885528585507,0.0,3
2030-02-11 20:00:00,-150.2125682419574,29.2125682419574,141.31758272016037,16.317582720160374,135.90270915237076,10.902709152370761,-86.65364699628431,0.0,3
2030-02-11 22:00:00,-140.06244713336062,19.06244713336062,133.29749290368835,8.297492903688351,128.18992555726604,3.1899255572660365,-79.50059042001156,0.0,3
2030-02-12 00:00:00,-129.13356150816384,8.133561508163837,124.06990816773059,0.0,119.31591469173196,0.0,-73.20362057859167,0.0,1
2030-02-12 02:00:00,-130.78879160295025,9.788791602950255,126.94786269774676,1.947862697746757,122.08359448017735,0.0,-73.95282341661131,0.0,2
2030-02-12 04:00:00,-128.26383503986708,7.263835039867075,125.45079033744024,0.4507903374402389,120.64388552360904,0.0,-72.43617436054724,0.0,2
2030-02-12 06:00:00,-125.54712022833039,4.547120228330385,120.83172662865248,0.0,116.20181073228798,0.0,-71.15943709180966,0.0,1
2030-02-12 08:00:00,-131.09627207194833,10.096272071948334,128.10408988649172,3.104089886491721,123.19551844831668,0.0,-74.47334061223029,0.0,2
2030-02-12 10:00:00,-118.86998288608916,0.0,115.8715638772573,0.0,111.43170680908307,0.0,-66.95917360952166,0.0,0
2030-02-12 12:00:00,-105.6478950486773,0.0,107.18237178814864,0.0,103.07545896981993,0.0,-58.88906334169679,0.0,0
2030-02-12 14:00:00,-68.75879972783207,0.0,82.87571136351237,0.0,79.70015818579719,0.0,-36.75568236926897,0.0,0
2030-02-12 16:00:00,-102.3071823231582,0.0,100.24883498372277,0.0,96.40759487540603,0.0,-57.52800474764617,0.0,0
2030-02-12 18:00:00,-121.62260122010235,0.6226012201023536,112.89190783020481,0.0,108.5662224062076,0.0,-70.2273153975854,0.0,1
2030-02-12 20:00:00,-135.17505521379292,14.175055213792916,128.09426606855558,3.0942660685555836,123.18607105015116,0.0,-77.09804058145018,0.0,2
2030-02-12 22:00:00,-129.6897104002781,8.689710400278102,119.59508655850411,0.0,115.01255506753222,0.0,-73.86750484497774,0.0,1
2030-02-13 00:00:00,-126.26654547333418,5.266545473334176,116.85817882236881,0.0,112.38051757523084,0.0,-71.5355921870771,0.0,1
2030-02-13 02:00:00,-124.60290746976588,3.6029074697658814,116.79426506715221,0.0,112.31905280687832,0.0,-70.67228030335998,0.0,1
2030-02-13 04:00:00,-127.28539244532791,6.285392445327915,121.55915841902483,0.0,116.9013694788519,0.0,-72.05461428682975,0.0,1
2030-02-13 06:00:00,-122.172960179283,1.1729601792829953,112.59641292181912,0.0,108.28204999243314,0.0,-69.69634991697073,0.0,1
2030-02-13 08:00:00,-122.86181508226753,1.8618150822675261,97.0865563098747,0.0,93.36648540694193,0.0,-72.67330172096266,0.0,1
2030-02-13 10:00:00,-118.7869947752971,0.0,98.40900988877715,0.0,94.63826645953034,0.0,-69.60336211905366,0.0,0
2030-02-13 12:00:00,-52.66762245127519,0.0,47.944080255962916,0.0,46.10700430325515,0.0,-30.67568774272917,0.0,0
2030-02-13 14:00:00,-104.16792878058557,0.0,84.62504589795657,0.0,81.38246337294102,0.0,-60.73810514844704,0.0,0
2030-02-13 16:00:00,-113.45291459606369,0.0,88.89192866656212,0.0,85.4858517604805,0.0,-67.08758607024951,0.0,0
2030-02-13 18:00:00,-92.26605144986527,0.0,66.33247551818545,0.0,63.79081041568553,0.0,-55.49497457924715,0.0,0
2030-02-13 20:00:00,-124.33263414026416,3.3326341402641617,105.12118325464263,0.0,101.09324911040027,0.0,-72.93468765721353,0.0,1
2030-02-13 22:00:00,-128.6380253948165,7.638025394816509,112.84047096449771,0.0,108.5167564497049,0.0,-74.59845090395787,0.0,1
2030-02-14 00:00:00,-106.337887631049,0.0,88.64248683247456,0.0,85.24596780283059,0.0,-62.57916622408303,0.0,0
2030-02-14 02:00:00,-116.07863979810179,0.0,105.54013453959683,0.0,101.49614741599105,0.0,-65.9994996971623,0.0,0
2030-02-14 04:00:00,-119.18076385016808,0.0,108.53927261798566,0.0,104.38036735613952,0.0,-68.07060680747158,0.0,0
2030-02-14 06:00:00,-118.89060466981203,0.0,108.00589240654416,0.0,103.86742470351372,0.0,-68.2188080110153,0.0,0
2030-02-14 08:00:00,-118.34194598470422,0.0,105.40823005042299,0.0,101.36929711836333,0.0,-69.237704890402,0.0,0
2030-02-14 10:00:00,-82.83149069812447,0.0,69.0626195954652,0.0,66.41634341261874,0.0,-48.89940672865033,0.0,0
2030-02-14 12:00:00,-69.26694862809794,0.0,61.86621392804592,0.0,59.495682815851914,0.0,-40.35220283464972,0.0,0
2030-02-14 14:00:00,0.47234875180613844,0.0,17.20588700331128,0.0,16.546608087331666,0.0,1.3140513756877052,0.0,0
2030-02-14 16:00:00,-125.72782976953806,4.7278297695380616,120.18652404022497,0.0,115.58133040682804,0.0,-71.9068008330787,0.0,1
2030-02-14 18:00:00,-127.90055702348556,6.900557023485561,115.90459619948084,0.0,111.4634734300042,0.0,-74.78958606497292,0.0,1
2030-02-14 20:00:00,-150.17701577521657,29.177015775216574,136.3542723553192,11.35427235531921,131.12957822299686,6.129578222996855,-87.69904214899199,0.0,3
2030-02-14 22:00:00,-123.67589236969083,2.6758923696908283,122.14612368653388,0.0,117.46584396601332,0.0,-71.26433411507406,0.0,1
2030-02-15 00:00:00,-103.98924304978135,0.0,112.9536836879899,0.0,108.62563119506169,0.0,-58.68917274981174,0.0,0
2030-02-15 02:00:00,-116.23838305782388,0.0,117.7918715347254,0.0,113.27843393271873,0.0,-66.73390993476222,0.0,0
2030-02-15 04:00:00,-129.12162547132172,8.121625471321721,132.04060874425468,7.040608744254683,126.98120149710454,1.9812014971045357,-73.40585065193999,0.0,3
2030-02-15 06:00:00,-82.95337197826389,0.0,81.92302523976221,0.0,78.78397618850173,0.0,-48.28054001799491,0.0,0
2030-02-15 08:00:00,-51.02479725171229,0.0,43.67122493581701,0.0,41.99787221476029,0.0,-31.5027039317046,0.0,0
2030-02-15 10:00:00,-70.33839538802005,0.0,80.64756026527289,0.0,77.55738327539405,0.0,-39.63822518514849,0.0,0
2030-02-15 12:00:00,-16.59700785622955,0.0,12.89868495220906,0.0,12.404445333454369,0.0,-11.063064852984901,0.0,0
2030-02-15 14:00:00,-21.566286714927617,0.0,3.59391656761591,0.0,3.456208269382647,0.0,-15.416976803447541,0.0,0
2030-02-15 16:00:00,21.40655753015223,0.0,-15.556082111166429,0.0,-14.960018859724311,0.0,11.388371259052514,0.0,0
2030-02-15 18:00:00,-34.93897049611885,0.0,15.972446094883292,0.0,15.360429001841169,0.0,-23.490458084587953,0.0,0
2030-02-15 20:00:00,-48.98472329661144,0.0,28.62756129288309,0.0,27.530637456717074,0.0,-32.19617624133233,0.0,0
2030-02-15 22:00:00,-19.85760297257561,0.0,3.534634229434772,0.0,3.3991974558050275,0.0,-14.582666257433871,0.0,0
2030-02-16 00:00:00,5.77522223527398,0.0,-17.611344913462418,0.0,-16.936530044501758,0.0,0.4706133283109229,0.0,0
2030-02-16 02:00:00,-6.102312856222864,0.0,9.472312173936277,0.0,9.109361068849356,0.0,-4.2675496938270285,0.0,0
2030-02-16 04:00:00,-4.910274449985353,0.0,-2.1873277366251145,0.0,-2.1035157797746633,0.0,-5.149921032011844,0.0,0
2030-02-16 06:00:00,-4.840133730783602,0.0,-3.612146498309639,0.0,-3.473739682822166,0.0,-5.136903840465221,0.0,0
2030-02-16 08:00:00,-11.158986836300713,0.0,-9.591047396364482,0.0,-9.22354670724759,0.0,-9.794926831002535,0.0,0
2030-02-16 10:00:00,62.09314747204836,0.0,-51.780007393452834,0.0,-49.79595001023262,0.0,35.46346892646944,0.0,0
2030-02-16 12:00:00,8.864590255885375,0.0,-6.952883607494014,0.0,-6.686469584967991,0.0,4.811590829799313,0.0,0
2030-02-16 14:00:00,17.788446014861968,0.0,-24.240967557257058,0.0,-23.312125073845948,0.0,8.602763165689076,0.0,0
2030-02-16 16:00:00,41.401306565419105,0.0,-29.641026919894404,0.0,-28.505270065713518,0.0,23.827980871255082,0.0,0
2030-02-16 18:00:00,5.128783235390858,0.0,-18.67532735855307,0.0,-17.959743815888622,0.0,0.7186375360647536,0.0,0
2030-02-16 20:00:00,-49.61950001432133,0.0,40.12978483019756,0.0,38.59212966390157,0.0,-29.793395923643736,0.0,0
2030-02-16 22:00:00,-16.106552668776153,0.0,8.722290091861609,0.0,8.388077624029254,0.0,-10.271205318389791,0.0,0
2030-02-17 00:00:00,-18.229762257122342,0.0,18.145318228545484,0.0,17.45004307478451,0.0,-10.656069362193987,0.0,0
2030-02-17 02:00:00,-99.81479666580944,0.0,97.78701006214271,0.0,94.04009983436714,0.0,-56.14146055037272,0.0,0
2030-02-17 04:00:00,-45.333791589349914,0.0,45.43965504385585,0.0,43.69854128935805,0.0,-26.099966104605127,0.0,0
2030-02-17 06:00:00,-65.52456594797596,0.0,64.26497609453813,0.0,61.80253148084816,0.0,-38.2029700648709,0.0,0
2030-02-17 08:00:00,-35.9942123737494,0.0,27.857309211223505,0.0,26.789899166315564,0.0,-22.097185364888652,0.0,0
2030-02-17 10:00:00,-21.08310232103146,0.0,31.90303356419548,0.0,30.680603277363126,0.0,-11.504022998743949,0.0,0
2030-02-17 12:00:00,-89.6823633905934,0.0,82.29289059269966,0.0,79.13966939042498,0.0,-51.75724338689643,0.0,0
2030-02-17 14:00:00,-102.30504707019944,0.0,88.66813241730753,0.0,85.27063072438287,0.0,-60.16486033440102,0.0,0
2030-02-17 16:00:00,-93.74201578665352,0.0,72.12871022989177,0.0,69.36495048404336,0.0,-56.69553858261978,0.0,0
2030-02-17 18:00:00,-107.13092907841633,0.0,78.62026138343185,0.0,75.60776451599776,0.0,-65.44398242559444,0.0,0
2030-02-17 20:00:00,-62.760158700821606,0.0,26.412280267842995,0.0,25.40023947621272,0.0,-41.16134325895262,0.0,0
2030-02-17 22:00:00,-22.62899467249253,0.0,-1.814759819789006,0.0,-1.7452235682418094,0.0,-17.052884594752882,0.0,0
2030-02-18 00:00:00,-33.7338729464271,0.0,16.507418222045516,0.0,15.874902572665906,0.0,-22.43482068491087,0.0,0
2030-02-18 02:00:00,-2.5165158582375082,0.0,-21.607389100834606,0.0,-20.779457587579515,0.0,-5.6657191181764475,0.0,0
2030-02-18 04:00:00,-3.606336116417874,0.0,-19.80880064651276,0.0,-19.0497857457072,0.0,-5.870863155491367,0.0,0
2030-02-18 06:00:00,-43.10581741483978,0.0,6.519055622880412,0.0,6.26926461103454,0.0,-29.746479179118193,0.0,0
2030-02-18 08:00:00,-53.82984954472751,0.0,17.707764277641793,0.0,17.02925490261577,0.0,-35.76191897386858,0.0,0
2030-02-18 10:00:00,-49.9955556201501,0.0,22.765610915463487,0.0,21.893299753413427,0.0,-32.37453874817052,0.0,0
2030-02-18 12:00:00,-79.3442222341957,0.0,59.013441229916104,0.0,56.75221996565945,0.0,-48.54270323412005,0.0,0
2030-02-18 14:00:00,-68.4916110003138,0.0,47.05112708740934,0.0,45.2482664702361,0.0,-42.69228591102063,0.0,0
2030-02-18 16:00:00,-97.13112828921246,0.0,64.63148311309251,0.0,62.15499502987115,0.0,-59.59588894999546,0.0,0
2030-02-18 18:00:00,-101.27745842849879,0.0,69.16365678470216,0.0,66.51350915433416,0.0,-62.378173089033986,0.0,0
2030-02-18 20:00:00,-56.75219140833248,0.0,19.456265384297406,0.0,18.710758596469297,0.0,-37.788839755455456,0.0,0
2030-02-18 22:00:00,-86.6655710033111,0.0,40.773082278761436,0.0,39.21077784884649,0.0,-55.118212410559565,0.0,0
2030-02-19 00:00:00,-59.4588640265067,0.0,20.93055942616919,0.0,20.128562032679646,0.0,-38.70849940462243,0.0,0
2030-02-19 02:00:00,-43.39344030889704,0.0,15.694411516990431,0.0,15.093047890118594,0.0,-28.284912898207303,0.0,0
2030-02-19 04:00:00,-75.96398753489021,0.0,39.410977547967065,0.0,37.900864959727954,0.0,-47.63975625311617,0.0,0
2030-02-19 06:00:00,-102.40006988706122,0.0,82.95570228473362,0.0,79.77708409050268,0.0,-61.09176152141039,0.0,0
2030-02-19 08:00:00,-124.41459263072896,3.4145926307289614,98.43462294650377,0.0,94.66289810031935,0.0,-74.50013615217931,0.0,1
2030-02-19 10:00:00,-85.35773014604483,0.0,57.1631929230186,0.0,54.972867724616094,0.0,-52.756271942708295,0.0,0
2030-02-19 12:00:00,-114.74101288135475,0.0,93.74669163542615,0.0,90.15459451040235,0.0,-67.87724835717106,0.0,0
2030-02-19 14:00:00,-123.98400075298906,2.9840007529890613,105.8693148332087,0.0,101.81271449023845,0.0,-72.81644535337432,0.0,1
2030-02-19 16:00:00,-145.45284160090236,24.45284160090236,121.53940434589435,0.0,116.8823723236249,0.0,-85.91302811831288,0.0,1
2030-02-19 18:00:00,-146.6324121369022,25.63241213690219,126.10205805350553,1.1020580535055302,121.27019857887846,0.0,-86.45252999120271,0.0,2
2030-02-19 20:00:00,-132.68293210048773,11.682932100487733,105.71906235701327,0.0,101.66821924641424,0.0,-80.20792326472113,0.0,1
2030-02-19 22:00:00,-102.04093504036686,0.0,75.14029335574013,0.0,72.26113861408538,0.0,-62.647542496059316,0.0,0
2030-02-20 00:00:00,-48.67736137677448,0.0,19.224240756720352,0.0,18.487624469272756,0.0,-32.054397249262806,0.0,0
2030-02-20 02:00:00,-49.243196252758665,0.0,16.559634743504528,0.0,15.925118310808248,0.0,-32.950885395061725,0.0,0
2030-02-20 04:00:00,-47.83735171046243,0.0,17.35832256005582,0.0,16.693202762488006,0.0,-31.641088772046462,0.0,0
2030-02-20 06:00:00,-41.27839753779993,0.0,22.826480512349562,0.0,21.951837006617176,0.0,-26.247203957299742,0.0,0
2030-02-20 08:00:00,-30.75469263902451,0.0,8.48029052714117,0.0,8.155350769902904,0.0,-20.8172969919092,0.0,0
2030-02-20 10:00:00,-32.74860864749755,0.0,10.78771207793397,0.0,10.374358722581167,0.0,-22.004847694254448,0.0,0
2030-02-20 12:00:00,-21.696505213334746,0.0,-4.0835346164531545,0.0,-3.927065596589043,0.0,-16.642460385860378,0.0,0
2030-02-20 14:00:00,-40.858187791544914,0.0,21.663644440323473,0.0,20.833557388139866,0.0,-26.483818783061416,0.0,0
2030-02-20 16:00:00,6.204832672720682,0.0,-7.37234322567333,0.0,-7.089856745951801,0.0,2.3024818838429835,0.0,0
2030-02-20 18:00:00,-33.20948252550327,0.0,5.068847017180836,0.0,4.874623728017797,0.0,-23.35503165118376,0.0,0
2030-02-20 20:00:00,-31.93779664458609,0.0,-1.561707443574944,0.0,-1.5018674138060621,0.0,-22.968412386477986,0.0,0
2030-02-20 22:00:00,-52.91043545893527,0.0,27.59794653112223,0.0,26.540474500252817,0.0,-33.95332666848586,0.0,0
2030-02-21 00:00:00,-49.64487552577577,0.0,23.255938094913773,0.0,22.364839039436287,0.0,-32.18353861675707,0.0,0
2030-02-21 02:00:00,-30.131480948065537,0.0,14.060811599938676,0.0,13.522042710684902,0.0,-20.161272778151115,0.0,0
2030-02-21 04:00:00,-14.427003575219901,0.0,1.3049602784476986,0.0,1.2549580438866021,0.0,-10.762450029654312,0.0,0
2030-02-21 06:00:00,-3.7920114453277654,0.0,-15.640815029271245,0.0,-15.041505061958814,0.0,-5.563016749404166,0.0,0
2030-02-21 08:00:00,-26.684041506907626,0.0,19.145377109025013,0.0,18.41178264429154,0.0,-16.679436723996123,0.0,0
2030-02-21 10:00:00,-53.21948765095949,0.0,38.14292518250182,0.0,36.681400626297815,0.0,-32.36993050224735,0.0,0
2030-02-21 12:00:00,-25.25153045837861,0.0,34.910076363859574,0.0,33.57242505314823,0.0,-13.491949613370705,0.0,0
2030-02-21 14:00:00,-70.53812450851387,0.0,63.71395545962899,0.0,61.272624333828105,0.0,-41.26924803313518,0.0,0
2030-02-21 16:00:00,3.1308945689547705,0.0,-11.490036872965176,0.0,-11.049772499921442,0.0,-0.3904255211391052,0.0,0
2030-02-21 18:00:00,-68.36538633102604,0.0,50.23898988668084,0.0,48.313979755786306,0.0,-41.50329478356996,0.0,0
2030-02-21 20:00:00,-85.35049539007774,0.0,74.28222791526409,0.0,71.43595171415339,0.0,-50.05261510615185,0.0,0
2030-02-21 22:00:00,-104.28195532345364,0.0,97.2546213400343,0.0,93.52811068012329,0.0,-60.55803361183089,0.0,0
2030-02-22 00:00:00,-84.2340675910218,0.0,86.68865824961676,0.0,83.36700417694182,0.0,-47.83858045184015,0.0,0
2030-02-22 02:00:00,-103.44840420049033,0.0,101.63611589615103,0.0,97.74171926902591,0.0,-58.73550812083542,0.0,0
2030-02-22 04:00:00,-64.58551781946153,0.0,63.044173492371776,0.0,60.62850643894524,0.0,-37.857729992015265,0.0,0
2030-02-22 06:00:00,-82.87117500295369,0.0,77.7541802209546,0.0,74.77486903292416,0.0,-48.67469881743641,0.0,0
2030-02-22 08:00:00,-62.551102404812646,0.0,61.61010587259925,0.0,59.24938806681221,0.0,-36.573368078651654,0.0,0
2030-02-22 10:00:00,-32.31466315467732,0.0,32.06730637986145,0.0,30.838581642541428,0.0,-19.26027474185924,0.0,0
2030-02-22 12:00:00,13.242685271319559,0.0,3.9347022503120597,0.0,3.7839360483841906,0.0,8.76069080352962,0.0,0
2030-02-22 14:00:00,-103.91874248334095,0.0,109.3862917005207,0.0,105.1949311620335,0.0,-58.66354528521025,0.0,0
2030-02-22 16:00:00,-95.89994566071803,0.0,91.19214235495554,0.0,87.69792803481832,0.0,-55.59388174564715,0.0,0
2030-02-22 18:00:00,-72.81610053740695,0.0,59.26269441390018,0.0,56.9919225017226,0.0,-43.83178791729049,0.0,0
2030-02-22 20:00:00,-85.2397748015535,0.0,58.77256646333952,0.0,56.52057481072477,0.0,-51.73421268631069,0.0,0
2030-02-22 22:00:00,-56.73682533687861,0.0,58.74082842308181,0.0,56.490052878696225,0.0,-32.23014270578977,0.0,0
2030-02-23 00:00:00,-34.883513208806505,0.0,50.35443782637658,0.0,48.425004070444835,0.0,-17.615224695967125,0.0,0
2030-02-23 02:00:00,-81.40244386412044,0.0,72.68447335674819,0.0,69.89941840468659,0.0,-46.95554197318321,0.0,0
2030-02-23 04:00:00,-69.18531611542389,0.0,64.8438785838313,0.0,62.35925213170866,0.0,-39.50040754399858,0.0,0
2030-02-23 06:00:00,-45.3859920395511,0.0,35.98628308763949,0.0,34.60739470486752,0.0,-26.85587598881357,0.0,0
2030-02-23 08:00:00,-22.897811162096637,0.0,11.78415545674482,0.0,11.33262132579518,0.0,-14.91618881839126,0.0,0
2030-02-23 10:00:00,2.750762262030779,0.0,-12.126759157815838,0.0,-11.662097462061809,0.0,0.3398588705498217,0.0,0
2030-02-23 12:00:00,17.97368114891477,0.0,-19.527447415406797,0.0,-18.77921314178854,0.0,9.512901008865672,0.0,0
2030-02-23 14:00:00,62.67768864785539,0.0,-57.58320203957259,0.0,-55.37678332881513,0.0,35.656797181037085,0.0,0
2030-02-23 16:00:00,-13.376235842369715,0.0,-2.319936260886125,0.0,-2.23104313593859,0.0,-10.10386430995347,0.0,0
2030-02-23 18:00:00,-12.992779619402214,0.0,-13.488254724199278,0.0,-12.971424528155548,0.0,-11.719267666642393,0.0,0
2030-02-23 20:00:00,-14.503725606108807,0.0,-4.179733189980445,0.0,-4.019578124098396,0.0,-11.17793524000819,0.0,0
2030-02-23 22:00:00,-15.07036375701005,0.0,-2.0431114944921767,0.0,-1.9648254793012998,0.0,-11.324377281638688,0.0,0
2030-02-24 00:00:00,-14.55977062331278,0.0,-10.698107571289398,0.0,-10.28818759673203,0.0,-12.190763902113124,0.0,0
2030-02-24 02:00:00,-15.535439814559226,0.0,-8.328497163828196,0.0,-8.009373681217209,0.0,-12.574539051498286,0.0,0
2030-02-24 04:00:00,-14.813957242943466,0.0,-2.268013858957967,0.0,-2.181110247532807,0.0,-10.986226621916789,0.0,0
2030-02-24 06:00:00,-18.589820536423638,0.0,2.844810949072321,0.0,2.7358061719102187,0.0,-12.889486251162383,0.0,0
2030-02-24 08:00:00,-29.189756478730487,0.0,21.917379001244484,0.0,21.07756958797372,0.0,-17.91764597874128,0.0,0
2030-02-24 10:00:00,15.742784485742419,0.0,-9.015880913285162,0.0,-8.670418909845903,0.0,9.022353071364254,0.0,0
2030-02-24 12:00:00,-22.87282615199519,0.0,6.250520206574416,0.0,6.011018681003274,0.0,-15.751810331922819,0.0,0
2030-02-24 14:00:00,19.681704639255955,0.0,-20.16183007943053,0.0,-19.389288130481603,0.0,10.200183993539024,0.0,0
2030-02-24 16:00:00,-16.375456071079448,0.0,4.55589194836232,0.0,4.38132358670454,0.0,-11.202352384927627,0.0,0
2030-02-24 18:00:00,-25.051774841993304,0.0,0.34213915814967066,0.0,0.3290293932619681,0.0,-18.334285006795245,0.0,0
2030-02-24 20:00:00,-20.201426474914257,0.0,5.745240446082662,0.0,5.525099752806794,0.0,-13.88619939350398,0.0,0
2030-02-24 22:00:00,-18.87116227080204,0.0,-2.430835438208131,0.0,-2.3376929834007756,0.0,-14.189845615721584,0.0,0
2030-02-25 00:00:00,-21.337476470637842,0.0,-2.3510972228321387,0.0,-2.261010101596617,0.0,-15.799035193029054,0.0,0
2030-02-25 02:00:00,-25.2319101125533,0.0,0.9385112345670388,0.0,0.9025502481186161,0.0,-18.249818928868034,0.0,0
2030-02-25 04:00:00,-25.333043824733696,0.0,8.085780544104853,0.0,7.775957247523857,0.0,-17.008173784069797,0.0,0
2030-02-25 06:00:00,-26.946295972029514,0.0,6.3560064556194105,0.0,6.112463007658014,0.0,-18.58545127262441,0.0,0
2030-02-25 08:00:00,-25.758056747120563,0.0,8.772027574082248,0.0,8.435909312415767,0.0,-17.174904403106076,0.0,0
2030-02-25 10:00:00,-22.545604616934607,0.0,3.216195956501657,0.0,3.0929607996409936,0.0,-15.826769577454542,0.0,0
2030-02-25 12:00:00,-25.80309637807556,0.0,4.110760691075054,0.0,3.953248448216474,0.0,-18.303276908243472,0.0,0
2030-02-25 14:00:00,-32.29259045412732,0.0,19.98191212202449,0.0,19.216264099317385,0.0,-20.428824121937723,0.0,0
2030-02-25 16:00:00,-19.763678118110114,0.0,1.3917360697707846,0.0,1.3384088424542835,0.0,-14.379261858483419,0.0,0
2030-02-25 18:00:00,-22.930844961373566,0.0,11.50799739824362,0.0,11.06704483076777,0.0,-15.057651942257587,0.0,0
2030-02-25 20:00:00,-22.72140153597939,0.0,2.3781980776876743,0.0,2.2870725315103133,0.0,-16.456662836962472,0.0,0
2030-02-25 22:00:00,-25.83061516012559,0.0,12.085077409768866,0.0,11.622012835840842,0.0,-16.980181127668928,0.0,0
2030-02-26 00:00:00,-19.861997636545162,0.0,-0.312362588852511,0.0,-0.3003937744035925,0.0,-14.483283417855313,0.0,0
2030-02-26 02:00:00,-18.763435950766162,0.0,1.570815095093216,0.0,1.510626086941683,0.0,-13.554653365923567,0.0,0
2030-02-26 04:00:00,-13.059547294114681,0.0,-8.952903145764235,0.0,-8.6098542648972,0.0,-10.941230969492972,0.0,0
2030-02-26 06:00:00,-18.190160707112714,0.0,-3.8906380108717764,0.0,-3.741560220823313,0.0,-13.879926951841888,0.0,0
2030-02-26 08:00:00,-13.11879122650795,0.0,-3.4731756485062832,0.0,-3.3400937866926874,0.0,-10.429213736608327,0.0,0
2030-02-26 10:00:00,-15.582942547783762,0.0,5.908203946551042,0.0,5.681818971889872,0.0,-10.4789978163762,0.0,0
2030-02-26 12:00:00,-31.79142522777221,0.0,22.331645293169615,0.0,21.475962415670324,0.0,-20.05688144281253,0.0,0
2030-02-26 14:00:00,-30.890639617335417,0.0,17.173130696117493,0.0,16.515106905357193,0.0,-20.098801981418106,0.0,0
2030-02-26 16:00:00,-19.387966037646855,0.0,-0.7101964469271174,0.0,-0.6829838107186905,0.0,-14.384998214498403,0.0,0
2030-02-26 18:00:00,-14.716722646357757,0.0,-13.03202837750987,0.0,-12.532679431414419,0.0,-12.843462392511483,0.0,0
2030-02-26 20:00:00,-31.172635998098876,0.0,3.585898697272283,0.0,3.44849762021682,0.0,-22.318055228907337,0.0,0
2030-02-26 22:00:00,-30.45132175010186,0.0,-1.657865979779869,0.0,-1.5943414381053405,0.0,-21.57152431668122,0.0,0
2030-02-27 00:00:00,-50.226096526368735,0.0,28.808884346779518,0.0,27.705012745212503,0.0,-31.64681909882538,0.0,0
2030-02-27 02:00:00,-49.600118864745454,0.0,32.02088657042633,0.0,30.793940503490482,0.0,-30.74070454002263,0.0,0
2030-02-27 04:00:00,-37.63703945340885,0.0,18.39574809038819,0.0,17.690877201875963,0.0,-24.41331546805425,0.0,0
2030-02-27 06:00:00,-64.11759281116052,0.0,37.43819073161309,0.0,36.003669524015606,0.0,-40.28004921024378,0.0,0
2030-02-27 08:00:00,-14.385356807217653,0.0,-2.4903856956281922,0.0,-2.3949614503408845,0.0,-11.57992014878458,0.0,0
2030-02-27 10:00:00,-50.972189741262355,0.0,34.749302146024206,0.0,33.417811229835465,0.0,-31.400545456120483,0.0,0
2030-02-27 12:00:00,-47.734998842833996,0.0,24.55057353059523,0.0,23.60986785812323,0.0,-30.60272943925519,0.0,0
2030-02-27 14:00:00,19.531300592032135,0.0,-23.64321523927528,0.0,-22.73727686421664,0.0,9.590913679200122,0.0,0
2030-02-27 16:00:00,-50.58999200667306,0.0,20.122841156942183,0.0,19.351793148674727,0.0,-33.55640250893346,0.0,0
2030-02-27 18:00:00,-94.15919086500043,0.0,62.70425275034954,0.0,60.30161045863826,0.0,-58.28235619018248,0.0,0
2030-02-27 20:00:00,-82.54894982364273,0.0,56.24976960264289,0.0,54.094444095704766,0.0,-50.819631500536474,0.0,0
2030-02-27 22:00:00,-108.97012973279035,0.0,81.4031429578462,0.0,78.28401426449526,0.0,-66.26196025858071,0.0,0
2030-02-28 00:00:00,-167.1155251634047,46.1155251634047,124.03872499532302,0.0,119.28592636665198,0.0,-100.83407709488223,0.0,1
2030-02-28 02:00:00,-202.49070606950244,81.49070606950244,164.42900153299172,39.42900153299172,158.1285664629824,33.128566462982405,-120.45528899946692,0.0,3
2030-02-28 04:00:00,-172.02542027120626,51.02542027120626,136.14617015238827,11.146170152388265,130.9294498835891,5.929449883589086,-102.75356107554475,0.0,3
2030-02-28 06:00:00,-159.94855219726844,38.94855219726844,125.90728402676343,0.9072840267634348,121.08288771920172,0.0,-95.76443746523485,0.0,2
2030-02-28 08:00:00,-95.99070837619935,0.0,78.01792083169974,0.0,75.02850388022202,0.0,-57.823253283128366,0.0,0
2030-02-28 10:00:00,-148.51315297725301,27.513152977253014,109.22525207139071,0.0,105.04006209720525,0.0,-89.16103641952559,0.0,1
2030-02-28 12:00:00,-101.97308030842046,0.0,84.51929852177464,0.0,81.28076792477214,0.0,-60.20372512034,0.0,0
2030-02-28 14:00:00,-155.54672892994984,34.546728929949836,136.24097929466387,11.240979294663873,131.02062621876024,6.020626218760242,-90.40312346914347,0.0,3
2030-02-28 16:00:00,-178.8768173037247,57.87681730372469,161.03666092221815,36.03666092221815,154.86621035344808,29.866210353448082,-103.35161426689118,0.0,3
2030-02-28 18:00:00,-187.69636034272446,66.69636034272446,155.73269014969094,30.73269014969094,149.76547211991326,24.765472119913255,-110.3062746864113,0.0,3
2030-02-28 20:00:00,-186.9121263731755,65.91212637317551,147.40133940606216,22.401339406062164,141.75335419966922,16.753354199669218,-110.66526832256446,0.0,3
2030-02-28 22:00:00,-181.90261942977253,60.90261942977253,146.43666958238552,21.43666958238552,140.8256476825347,15.825647682534708,-107.75866936958525,0.0,3
2030-03-01 00:00:00,-172.50548912746143,51.50548912746143,137.63319898336943,12.633198983369425,132.35950014929594,7.35950014929594,-102.37598013966769,0.0,3
2030-03-01 02:00:00,-135.38258730862248,14.382587308622476,86.052274415156,0.0,82.7550046967692,0.0,-83.30162539081522,0.0,1
2030-03-01 04:00:00,-93.94781197286031,0.0,52.80067455074732,0.0,50.77750820808162,0.0,-58.8822917677242,0.0,0
2030-03-01 06:00:00,-83.22358881488205,0.0,51.26664787072017,0.0,49.30226091248832,0.0,-51.95883589974437,0.0,0
2030-03-01 08:00:00,-84.6724977529482,0.0,43.41169766782119,0.0,41.74828926732623,0.0,-53.72911717966302,0.0,0
2030-03-01 10:00:00,-92.63544999831191,0.0,57.56161090270404,0.0,55.356019500722304,0.0,-57.50926053293006,0.0,0
2030-03-01 12:00:00,-12.459113726425555,0.0,-3.2992710007690285,0.0,-3.1728526528807954,0.0,-10.2359005184552,0.0,0
2030-03-01 14:00:00,-49.99766726207107,0.0,24.2258749142051,0.0,23.29761073642568,0.0,-31.40123378838907,0.0,0
2030-03-01 16:00:00,-55.96945072628523,0.0,23.708818547814992,0.0,22.80036644718506,0.0,-36.53660650177893,0.0,0
2030-03-01 18:00:00,-30.296513873242162,0.0,-2.5322142641657788,0.0,-2.4351872713239864,0.0,-22.11647124415273,0.0,0
2030-03-01 20:00:00,-22.913056062580157,0.0,4.398050136673495,0.0,4.229529808371187,0.0,-15.796691599401067,0.0,0
2030-03-01 22:00:00,-13.061227901903166,0.0,-12.313352332133555,0.0,-11.841540935485357,0.0,-11.328560875326817,0.0,0
2030-03-02 00:00:00,-27.94507501355088,0.0,0.6151506544264542,0.0,0.5915798930622795,0.0,-19.860705047608647,0.0,0
2030-03-02 02:00:00,-22.995694090240644,0.0,8.09107953692791,0.0,7.781053198548289,0.0,-15.017055581334384,0.0,0
2030-03-02 04:00:00,-28.638494044115518,0.0,7.922223034672374,0.0,7.618666780150777,0.0,-19.496354422171773,0.0,0
2030-03-02 06:00:00,-21.57312161017567,0.0,1.7075584004004671,0.0,1.6421297915196185,0.0,-15.391399289011517,0.0,0
2030-03-02 08:00:00,-15.220893889453624,0.0,-10.142212047235695,0.0,-9.753592351962162,0.0,-12.805382598900408,0.0,0
2030-03-02 10:00:00,-12.016685328711477,0.0,-3.534800097328661,0.0,-3.399356968129733,0.0,-9.284468061246805,0.0,0
2030-03-02 12:00:00,-14.783470248773634,0.0,-5.5080713470025735,0.0,-5.297018275103862,0.0,-11.659971950432073,0.0,0
2030-03-02 14:00:00,-22.627598143505153,0.0,1.1945591130312447,0.0,1.148787125980518,0.0,-16.266441821149368,0.0,0
2030-03-02 16:00:00,-27.58218603851592,0.0,8.956737444345901,0.0,8.613541644449832,0.0,-18.42352756287578,0.0,0
2030-03-02 18:00:00,21.890042963503607,0.0,-33.14347603850177,0.0,-31.87351564934805,0.0,10.16575627013802,0.0,0
2030-03-02 20:00:00,-42.5438118061657,0.0,15.201932693281064,0.0,14.619439404507741,0.0,-28.112356601200855,0.0,0
2030-03-02 22:00:00,-72.04209289459055,0.0,41.130787319644895,0.0,39.554776686059746,0.0,-44.613280061201685,0.0,0
2030-03-03 00:00:00,-63.412209144345844,0.0,37.94287022126312,0.0,36.48901118198111,0.0,-38.88957481812159,0.0,0
2030-03-03 02:00:00,-75.12201934592217,0.0,57.148013365974805,0.0,54.95826980349197,0.0,-43.55674869051709,0.0,0
2030-03-03 04:00:00,-49.97791964960723,0.0,29.99569527067591,0.0,28.846348569846143,0.0,-30.02637359974653,0.0,0
2030-03-03 06:00:00,-74.85218933133973,0.0,44.077139765045025,0.0,42.388233583213896,0.0,-45.36614845771166,0.0,0
2030-03-03 08:00:00,-66.09724686812112,0.0,37.098404977461655,0.0,35.676903359241905,0.0,-41.1843468091901,0.0,0
2030-03-03 10:00:00,-12.49945869230877,0.0,-2.8857432431138026,0.0,-2.7751700609959915,0.0,-9.507454793064403,0.0,0
2030-03-03 12:00:00,-28.25367374357868,0.0,4.799041764154857,0.0,4.615156617669647,0.0,-19.541446648635766,0.0,0
2030-03-03 14:00:00,-23.252204270761172,0.0,-1.9764966810806728,0.0,-1.9007631493488217,0.0,-16.822449876936396,0.0,0
2030-03-03 16:00:00,-25.179490855783747,0.0,15.617975541220513,0.0,15.019540715824412,0.0,-15.551065487121317,0.0,0
2030-03-03 18:00:00,-27.81355424874245,0.0,2.778926831829038,0.0,2.672446540000884,0.0,-19.415254402722944,0.0,0
2030-03-03 20:00:00,-22.945215763328555,0.0,-4.235106504386561,0.0,-4.072829696179367,0.0,-17.35446163974273,0.0,0
2030-03-03 22:00:00,-28.448295212389215,0.0,5.25180072737637,0.0,5.050567190865362,0.0,-19.755669651274008,0.0,0
2030-03-04 00:00:00,-19.62273905920614,0.0,-2.8664010914269076,0.0,-2.7565690435961336,0.0,-14.880247431824802,0.0,0
2030-03-04 02:00:00,-14.709691736701542,0.0,-6.669200113997766,0.0,-6.413656007450865,0.0,-11.654028012105302,0.0,0
2030-03-04 04:00:00,-21.35481734940588,0.0,1.547010768632406,0.0,1.4877338721634423,0.0,-15.076491448066387,0.0,0
2030-03-04 06:00:00,-14.819197898225665,0.0,-11.285022725217507,0.0,-10.852613890517173,0.0,-12.103309025221161,0.0,0
2030-03-04 08:00:00,-18.586409648898,0.0,3.388947126389569,0.0,3.259092653477624,0.0,-12.883869537307664,0.0,0
2030-03-04 10:00:00,-23.035758405661877,0.0,7.821449666309917,0.0,7.521754750470839,0.0,-15.21546984509271,0.0,0
2030-03-04 12:00:00,-31.73721063761345,0.0,13.304196769618217,0.0,12.794419132315063,0.0,-20.62027605740505,0.0,0
2030-03-04 14:00:00,-22.45352842648986,0.0,7.766725543571717,0.0,7.469127494945022,0.0,-14.895820363454892,0.0,0
2030-03-04 16:00:00,-18.659165461585744,0.0,3.6813428776765527,0.0,3.54028466072584,0.0,-12.904133320671358,0.0,0
2030-03-04 18:00:00,-31.346830644086737,0.0,9.35192881944193,0.0,8.993590449951654,0.0,-21.1462830299869,0.0,0
2030-03-04 20:00:00,-25.55974056821831,0.0,-3.5979851622229804,0.0,-3.4601209674270352,0.0,-18.034836420512203,0.0,0
2030-03-04 22:00:00,-40.04425816448298,0.0,15.680148469021988,0.0,15.079331360141351,0.0,-25.213706258150395,0.0,0
2030-03-05 00:00:00,-34.22485506590374,0.0,26.160485277933745,0.0,25.15809252874175,0.0,-19.977101709762515,0.0,0
2030-03-05 02:00:00,-27.772934670008375,0.0,17.990566095022313,0.0,17.301220587249144,0.0,-17.13920223349758,0.0,0
2030-03-05 04:00:00,-48.568794395152494,0.0,41.703302060666005,0.0,40.105354348348946,0.0,-28.498816278272823,0.0,0
2030-03-05 06:00:00,-43.775117308639054,0.0,37.711569882702946,0.0,36.26657359117945,0.0,-25.987660562686436,0.0,0
2030-03-05 08:00:00,-15.341672750256986,0.0,1.9583065535921267,0.0,1.883270013972853,0.0,-10.581967786708418,0.0,0
2030-03-05 10:00:00,-15.517800592720569,0.0,26.33142098461697,0.0,25.322478482576923,0.0,-7.069449139429471,0.0,0
2030-03-05 12:00:00,-24.613985943841328,0.0,17.30421295755047,0.0,16.64116648058949,0.0,-14.804220752074572,0.0,0
2030-03-05 14:00:00,-22.054511292046495,0.0,27.324400231015062,0.0,26.277409688729733,0.0,-11.437984988466859,0.0,0
2030-03-05 16:00:00,-14.565319587718456,0.0,6.447832293103303,0.0,6.200770349490831,0.0,-9.78142806741605,0.0,0
2030-03-05 18:00:00,-39.175749896775855,0.0,35.442181134840844,0.0,34.08414113643592,0.0,-22.22954234306444,0.0,0
2030-03-05 20:00:00,-45.03850818525756,0.0,52.071300434227126,0.0,50.07608155958788,0.0,-24.376188324711187,0.0,0
2030-03-05 22:00:00,-43.41036249194704,0.0,52.03440049038713,0.0,50.0405955129195,0.0,-23.396497542071415,0.0,0
2030-03-06 00:00:00,-96.64691564172227,0.0,105.34316281874456,0.0,101.30672307136985,0.0,-53.328500903253776,0.0,0
2030-03-06 02:00:00,-71.04053653293067,0.0,85.34695923125605,0.0,82.07671511345441,0.0,-38.66944020383611,0.0,0
2030-03-06 04:00:00,-82.38141153565881,0.0,99.17115646362288,0.0,95.37120982226693,0.0,-44.89627290686662,0.0,0
2030-03-06 06:00:00,-86.50557244779878,0.0,101.91343087250726,0.0,98.00840835222357,0.0,-47.167187162018266,0.0,0
2030-03-06 08:00:00,-60.874313771499786,0.0,60.08297285359879,0.0,57.78077028745801,0.0,-34.65341763457553,0.0,0
2030-03-06 10:00:00,-36.641428045907396,0.0,31.291718171743007,0.0,30.092711690331424,0.0,-21.545103050948217,0.0,0
2030-03-06 12:00:00,-44.461956903956704,0.0,41.69630966494125,0.0,40.09862988063472,0.0,-26.23785763025422,0.0,0
2030-03-06 14:00:00,-66.05266048308366,0.0,63.5750628239085,0.0,61.139053654848304,0.0,-38.42881942791539,0.0,0
2030-03-06 16:00:00,-39.321499022944494,0.0,29.68476598567105,0.0,28.547333179308023,0.0,-24.778854467177904,0.0,0
2030-03-06 18:00:00,-25.9447782576761,0.0,7.0564330634398065,0.0,6.786051330731064,0.0,-18.250023593057776,0.0,0
2030-03-06 20:00:00,-16.558481069995036,0.0,-11.39554581188634,0.0,-10.95890205801241,0.0,-14.000158114692761,0.0,0
2030-03-06 22:00:00,-15.911250910088224,0.0,5.536103116521486,0.0,5.323975949772737,0.0,-10.660079318741747,0.0,0
2030-03-07 00:00:00,-21.252684094080895,0.0,-1.2748106266131964,0.0,-1.2259636379149628,0.0,-15.935934821662174,0.0,0
2030-03-07 02:00:00,-31.418494034534778,0.0,10.399476953836416,0.0,10.000999625026774,0.0,-21.200235822414385,0.0,0
2030-03-07 04:00:00,-54.26418042374023,0.0,35.77567155920141,0.0,34.40485318991574,0.0,-33.70928383305663,0.0,0
2030-03-07 06:00:00,-106.03565144618159,0.0,83.78538491017818,0.0,80.5749757212833,0.0,-62.63739429110824,0.0,0
2030-03-07 08:00:00,-67.87606286269843,0.0,49.235110268966466,0.0,47.348565848442675,0.0,-40.93683348976152,0.0,0
2030-03-07 10:00:00,-83.7544372611516,0.0,56.067296032948555,0.0,53.91896237578832,0.0,-50.526322708166575,0.0,0
2030-03-07 12:00:00,-108.5023010737051,0.0,111.80044821555055,0.0,107.5165843094701,0.0,-60.749894868776714,0.0,0
2030-03-07 14:00:00,-77.48645480248035,0.0,61.07910171941174,0.0,58.73873042888589,0.0,-45.10858768008665,0.0,0
2030-03-07 16:00:00,-49.69636506017913,0.0,38.77191873440168,0.0,37.28629299777175,0.0,-29.405712638657523,0.0,0
2030-03-07 18:00:00,-63.52678550110926,0.0,45.87761822303953,0.0,44.1197230093844,0.0,-38.153262376701505,0.0,0
2030-03-07 20:00:00,-61.59384920840745,0.0,35.57342988482088,0.0,34.2103608208646,0.0,-38.642271949570905,0.0,0
2030-03-07 22:00:00,-77.0356361579559,0.0,55.00203574772635,0.0,52.89451972734014,0.0,-46.06997870556343,0.0,0
2030-03-08 00:00:00,-85.05260637063826,0.0,61.83690980888912,0.0,59.467501544236015,0.0,-51.163101669607435,0.0,0
2030-03-08 02:00:00,-53.01532762662734,0.0,37.53392332447366,0.0,36.095733925865,0.0,-32.22506745930759,0.0,0
2030-03-08 04:00:00,-75.78351757782991,0.0,53.095234451006334,0.0,51.060781440486906,0.0,-46.00002659531997,0.0,0
2030-03-08 06:00:00,-79.95588517629805,0.0,57.11024959212311,0.0,54.92195302623412,0.0,-48.22721864677549,0.0,0
2030-03-08 08:00:00,-104.19892767888821,0.0,88.31592389974782,0.0,84.93191779990781,0.0,-60.66664857969054,0.0,0
2030-03-08 10:00:00,-94.03267338345748,0.0,75.14531752589801,0.0,72.26597027283958,0.0,-54.35010291984098,0.0,0
2030-03-08 12:00:00,-93.32644524310484,0.0,78.85694289561405,0.0,75.83537708969644,0.0,-53.108230435825654,0.0,0
2030-03-08 14:00:00,-142.43403462247778,21.434034622477782,136.2554027915593,11.255402791559305,131.0344970497341,6.034497049734114,-80.20559695914432,0.0,3
2030-03-08 16:00:00,-78.40373462142826,0.0,55.97049411091719,0.0,53.82586961831262,0.0,-46.01897213166543,0.0,0
2030-03-08 18:00:00,-124.59601814232694,3.5960181423269404,97.31087821537584,0.0,93.58221195768675,0.0,-72.53956065828018,0.0,1
2030-03-08 20:00:00,-149.0435274517426,28.04352745174259,120.8161341689008,0.0,116.18681572967226,0.0,-86.3041030810258,0.0,1
2030-03-08 22:00:00,-153.3300629898319,32.3300629898319,129.63184687061508,4.631846870615078,124.66473628428813,0.0,-88.47121445504298,0.0,2
2030-03-09 00:00:00,-144.59708067788992,23.59708067788992,130.7539893877791,5.753989387779086,125.74388160507701,0.7438816050770072,-82.0766418603152,0.0,3
2030-03-09 02:00:00,-121.86742094486888,0.8674209448688828,115.1598556105326,0.0,110.74726910704865,0.0,-68.5794711297091,0.0,1
2030-03-09 04:00:00,-109.88056968105685,0.0,106.27125355321847,0.0,102.19925210226882,0.0,-61.32886821664283,0.0,0
2030-03-09 06:00:00,-123.1736151858373,2.1736151858373063,120.84819328224279,0.0,116.2176464322096,0.0,-68.71922914207475,0.0,1
2030-03-09 08:00:00,-99.58488406409698,0.0,100.47478658756998,0.0,96.624888679256,0.0,-55.26562256795251,0.0,0
2030-03-09 10:00:00,-114.48697290806194,0.0,116.59506654421638,0.0,112.12748698467091,0.0,-63.207880470703266,0.0,0
2030-03-09 12:00:00,-102.44597577118418,0.0,102.13506136605722,0.0,98.22154661799645,0.0,-57.03235277467759,0.0,0
2030-03-09 14:00:00,-110.42909830785877,0.0,109.10593185157256,0.0,104.92531387679406,0.0,-62.07635292055793,0.0,0
2030-03-09 16:00:00,-122.12229227319709,1.1222922731970897,116.56407311894817,0.0,112.09768113617875,0.0,-69.19204445323668,0.0,1
2030-03-09 18:00:00,-151.6667745918682,30.666774591868204,140.0433891885483,15.043389188548304,134.67733896419384,9.677338964193837,-86.7561945870871,0.0,3
2030-03-09 20:00:00,-136.77106545429223,15.771065454292227,128.68317537307433,3.6831753730743344,123.75241508454934,0.0,-77.77364015417672,0.0,2
2030-03-09 22:00:00,-104.11236545302361,0.0,93.483848410273,0.0,89.90182266352325,0.0,-60.028676835830225,0.0,0
2030-03-10 00:00:00,-103.7206694942749,0.0,85.9147388782114,0.0,82.62273911653692,0.0,-60.48476084930453,0.0,0
2030-03-10 02:00:00,-107.21608466018483,0.0,87.16332749755273,0.0,83.82348549727126,0.0,-62.64723966066344,0.0,0
2030-03-10 04:00:00,-97.41240307279764,0.0,69.4810756445298,0.0,66.8187654583011,0.0,-57.81788286809991,0.0,0
2030-03-10 06:00:00,-138.38984823409294,17.389848234092938,106.17886622698549,0.0,102.11040478628209,0.0,-81.26317177168738,0.0,1
2030-03-10 08:00:00,-126.5314271864614,5.5314271864614,90.75155888426684,0.0,87.27422642514023,0.0,-75.21593456781193,0.0,1
2030-03-10 10:00:00,-148.1286382434023,27.128638243402293,112.50512325304007,0.0,108.19425827489965,0.0,-87.14151219730759,0.0,1
2030-03-10 12:00:00,-116.35221145867735,0.0,87.87127618172518,0.0,84.5043076728838,0.0,-68.46425905920186,0.0,0
2030-03-10 14:00:00,-77.85087819720952,0.0,60.57116964640226,0.0,58.25026081697588,0.0,-45.88506281471263,0.0,0
2030-03-10 16:00:00,-84.61972433623464,0.0,55.26453300834551,0.0,53.14695886602727,0.0,-51.14877123511386,0.0,0
2030-03-10 18:00:00,-114.679293064739,0.0,64.79503548742132,0.0,62.312280558902586,0.0,-70.52360267859721,0.0,0
2030-03-10 20:00:00,-121.8164674059565,0.8164674059565016,82.18690962582744,0.0,79.03774930207308,0.0,-72.8610790569503,0.0,1
2030-03-10 22:00:00,-111.5217217209924,0.0,72.99899214379147,0.0,70.20188575811655,0.0,-66.88365248920101,0.0,0
2030-03-11 00:00:00,-135.83086251760128,14.830862517601275,87.7410575265066,0.0,84.3790786130192,0.0,-82.10307591070658,0.0,1
2030-03-11 02:00:00,-105.76943181034848,0.0,71.45118845970806,0.0,68.71338935268702,0.0,-63.66854264001355,0.0,0
2030-03-11 04:00:00,-107.03708204872052,0.0,69.17204959864017,0.0,66.52158038036026,0.0,-64.66682801307967,0.0,0
2030-03-11 06:00:00,-149.7491636516922,28.749163651692186,126.29506901914826,1.295069019148258,121.45581393276477,0.0,-86.43166492779137,0.0,2
2030-03-11 08:00:00,-113.28392797805535,0.0,82.67034554358901,0.0,79.50266137925917,0.0,-67.38803738094158,0.0,0
2030-03-11 10:00:00,-107.41536214848344,0.0,80.98416522124201,0.0,77.88109052080375,0.0,-62.51087098752881,0.0,0
2030-03-11 12:00:00,-113.28328786188993,0.0,88.22317689100154,0.0,84.84272458338242,0.0,-65.92328785020527,0.0,0
2030-03-11 14:00:00,-126.07220726135432,5.072207261354322,99.26229451477994,0.0,95.45885573171931,0.0,-74.40730001208472,0.0,1
2030-03-11 16:00:00,-102.79205056281211,0.0,69.99794471477355,0.0,67.31582962803168,0.0,-62.06875090823111,0.0,0
2030-03-11 18:00:00,-167.20111455861948,46.20111455861948,126.62970622449359,1.6297062244935887,121.77762882595937,0.0,-99.37720273406202,0.0,2
2030-03-11 20:00:00,-139.8979923389088,18.897992338908807,103.50386327962897,0.0,99.53790007357256,0.0,-83.53208854871903,0.0,1
2030-03-11 22:00:00,-194.68443266998975,73.68443266998975,153.59366669952033,28.593666699520327,147.70840974859962,22.70840974859962,-114.36444739598029,0.0,3
2030-03-12 00:00:00,-136.60804251744446,15.60804251744446,91.44384662725523,0.0,87.93998774071142,0.0,-82.91970067860144,0.0,1
2030-03-12 02:00:00,-114.64719117306402,0.0,78.21294757310861,0.0,75.2160577712841,0.0,-69.0055740213219,0.0,0
2030-03-12 04:00:00,-117.26402088237765,0.0,81.99269042055619,0.0,78.85097200474232,0.0,-71.0094777172595,0.0,0
2030-03-12 06:00:00,-66.81092270780803,0.0,21.624471755688415,0.0,20.79588568541058,0.0,-43.71083114605717,0.0,0
2030-03-12 08:00:00,-144.9980328207512,23.998032820751206,106.9756211832017,0.0,102.87663043914212,0.0,-86.71814185007709,0.0,1
2030-03-12 10:00:00,-108.07817143055391,0.0,76.42019651684026,0.0,73.49199965556396,0.0,-64.33003105610881,0.0,0
2030-03-12 12:00:00,-51.728810656337174,0.0,34.027250029408684,0.0,32.72342602377399,0.0,-31.153634174340798,0.0,0
2030-03-12 14:00:00,-28.822732105416108,0.0,9.50944549120229,0.0,9.145071546761054,0.0,-19.48971397267179,0.0,0
2030-03-12 16:00:00,-102.43261222372635,0.0,63.89461716822756,0.0,61.44636361782972,0.0,-62.855176422855244,0.0,0
2030-03-12 18:00:00,-55.613073181206914,0.0,18.713767242453798,0.0,17.996710796649833,0.0,-36.325870319323336,0.0,0
2030-03-12 20:00:00,-73.20306512464367,0.0,40.1216328759139,0.0,38.584290068497275,0.0,-45.404510369930925,0.0,0
2030-03-12 22:00:00,-50.545604817291604,0.0,15.717205018119541,0.0,15.114968011414811,0.0,-33.444059795014,0.0,0
2030-03-13 00:00:00,-45.517363141868685,0.0,18.870903493905423,0.0,18.147826049736402,0.0,-29.30579249415284,0.0,0
2030-03-13 02:00:00,-95.95596774199632,0.0,49.003156932333994,0.0,47.12550028053164,0.0,-60.347110214376386,0.0,0
2030-03-13 04:00:00,-85.0715478219667,0.0,51.26412690162642,0.0,49.29983653950554,0.0,-52.498030768933305,0.0,0
2030-03-13 06:00:00,-118.84908097799939,0.0,73.46639916360132,0.0,70.65138311751296,0.0,-73.15217102066977,0.0,0
2030-03-13 08:00:00,-145.59572070778992,24.595720707789923,99.13412874084577,0.0,95.33560089277435,0.0,-88.50990019138999,0.0,1
2030-03-13 10:00:00,-135.47908752799037,14.479087527990373,85.80986757899959,0.0,82.52188617664869,0.0,-83.32646277213733,0.0,1
2030-03-13 12:00:00,-143.9353936890288,22.935393689028814,93.15031872175209,0.0,89.58107285037016,0.0,-87.23349677499066,0.0,1
2030-03-13 14:00:00,-109.39815688883775,0.0,66.02078531636198,0.0,63.49106326442037,0.0,-67.16682606388237,0.0,0
2030-03-13 16:00:00,-74.39469431647788,0.0,39.422059080396764,0.0,37.91152188047177,0.0,-46.557599719604305,0.0,0
2030-03-13 18:00:00,-100.8593287200584,0.0,52.97418330553272,0.0,50.944368618393625,0.0,-63.44243833558671,0.0,0
2030-03-13 20:00:00,-95.65865698234852,0.0,48.94117227414839,0.0,47.06589069189331,0.0,-60.29495293668231,0.0,0
2030-03-13 22:00:00,-87.92383367135926,0.0,46.04052832356965,0.0,44.27639087465761,0.0,-55.19581262919872,0.0,0
2030-03-14 00:00:00,-106.9890398161341,0.0,64.90501844518133,0.0,62.41804929363843,0.0,-65.72057866798541,0.0,0
2030-03-14 02:00:00,-137.1749074441057,16.174907444105713,86.11036814126344,0.0,82.81087244238732,0.0,-83.4503759113801,0.0,1
2030-03-14 04:00:00,-147.6562845081966,26.656284508196592,89.79808617007262,0.0,86.3572879772299,0.0,-90.40275191590985,0.0,1
2030-03-14 06:00:00,-120.92522814999145,0.0,63.7948848829616,0.0,61.35045278000835,0.0,-75.17926946176574,0.0,0
2030-03-14 08:00:00,-43.76645723238405,0.0,18.861429529003797,0.0,18.138715099267376,0.0,-28.02968263551593,0.0,0
2030-03-14 10:00:00,-104.04720457135545,0.0,55.77259053774617,0.0,53.63554912720896,0.0,-64.69999589691093,0.0,0
2030-03-14 12:00:00,-106.44475941405904,0.0,58.68875467784556,0.0,56.43997444601233,0.0,-66.22328432387931,0.0,0
2030-03-14 14:00:00,-114.96996313089221,0.0,53.05985355879786,0.0,51.026756239865726,0.0,-72.6971779798277,0.0,0
2030-03-14 16:00:00,-168.73646985211622,47.736469852116215,115.63306058350902,0.0,111.20234225912232,0.0,-101.77405948473353,0.0,1
2030-03-14 18:00:00,-161.44499069323686,40.44499069323686,104.79635786788894,0.0,100.78087007580588,0.0,-98.01953697611248,0.0,1
2030-03-14 20:00:00,-76.51802508356526,0.0,29.931449560948465,0.0,28.784564566501956,0.0,-49.54136602833138,0.0,0
2030-03-14 22:00:00,-86.7521041858765,0.0,58.71592290858821,0.0,56.46610167016752,0.0,-52.69127821590271,0.0,0
2030-03-15 00:00:00,-116.21873650705129,0.0,77.87616099164877,0.0,74.89217585973739,0.0,-70.52187602891789,0.0,0
2030-03-15 02:00:00,-51.347707668967765,0.0,23.371346622278335,0.0,22.47582545192812,0.0,-32.85653608146094,0.0,0
2030-03-15 04:00:00,-38.358945584307186,0.0,17.701820412115705,0.0,17.023538788511022,0.0,-24.425937848099743,0.0,0
2030-03-15 06:00:00,-48.67652030630538,0.0,24.37584100479023,0.0,23.441830568092847,0.0,-30.917819537915694,0.0,0
2030-03-15 08:00:00,-62.3854356064371,0.0,23.004910301343074,0.0,22.12342989159967,0.0,-40.61982171668351,0.0,0
2030-03-15 10:00:00,-54.494463346370125,0.0,27.87457706116915,0.0,26.806505363107853,0.0,-34.37474646261391,0.0,0
2030-03-15 12:00:00,10.280208598568159,0.0,-18.82722488951609,0.0,-18.105821080826885,0.0,4.096507224409198,0.0,0
2030-03-15 14:00:00,-39.2606095851218,0.0,14.611145637943205,0.0,14.051289569171578,0.0,-25.619714789634294,0.0,0
2030-03-15 16:00:00,-24.033147419294053,0.0,-3.842041589391396,0.0,-3.6948258710901234,0.0,-17.09755412820274,0.0,0
2030-03-15 18:00:00,-30.848249780587437,0.0,3.8098405681319223,0.0,3.663858698128446,0.0,-21.333783963932692,0.0,0
2030-03-15 20:00:00,-34.7797309053184,0.0,9.899835704731418,0.0,9.520503157067065,0.0,-22.867308772202552,0.0,0
2030-03-15 22:00:00,-27.821622328405056,0.0,9.53251503031467,0.0,9.167257129078004,0.0,-18.36546053220733,0.0,0
2030-03-16 00:00:00,-52.9405004368064,0.0,36.13752206991595,0.0,34.75283865476516,0.0,-32.00278370573052,0.0,0
2030-03-16 02:00:00,-67.71449895585782,0.0,43.62557699794151,0.0,41.953973371423864,0.0,-40.475368081677644,0.0,0
2030-03-16 04:00:00,-67.84958208299668,0.0,39.98947044258418,0.0,38.457191710373976,0.0,-41.233289647471224,0.0,0
2030-03-16 06:00:00,-57.99589137817807,0.0,32.14679699359693,0.0,30.91502641007073,0.0,-35.410151990519545,0.0,0
2030-03-16 08:00:00,-68.4956679312497,0.0,41.39336853550738,0.0,39.80729656307255,0.0,-42.09138908443572,0.0,0
2030-03-16 10:00:00,5.398311858675093,0.0,-11.885757260673435,0.0,-11.430330047830148,0.0,1.7313764719211657,0.0,0
2030-03-16 12:00:00,-44.594645245749064,0.0,33.6438570338988,0.0,32.35472351870064,0.0,-26.31733511683008,0.0,0
2030-03-16 14:00:00,-34.791931341232235,0.0,17.05618118933683,0.0,16.402638559242085,0.0,-22.093218601055217,0.0,0
2030-03-16 16:00:00,-31.840768826370656,0.0,16.810323590143636,0.0,16.16620149916144,0.0,-19.978073825024598,0.0,0
2030-03-16 18:00:00,23.570839234128,0.0,-31.91563060882259,0.0,-30.692717640340295,0.0,11.39909786674978,0.0,0
2030-03-16 20:00:00,-33.212238554950105,0.0,-0.38397356177953945,0.0,-0.3692608257534147,0.0,-24.03438556573504,0.0,0
2030-03-16 22:00:00,-55.22030939825132,0.0,30.226048866507966,0.0,29.067875694312722,0.0,-34.523105626541955,0.0,0
2030-03-17 00:00:00,-43.32806655953318,0.0,16.803680669323846,0.0,16.15981311550304,0.0,-28.09830730682735,0.0,0
2030-03-17 02:00:00,-45.099261635915155,0.0,24.147224584115875,0.0,23.221974055348134,0.0,-28.0803356787556,0.0,0
2030-03-17 04:00:00,-63.46745694613922,0.0,36.89190500326245,0.0,35.478315855879785,0.0,-38.73916098986038,0.0,0
2030-03-17 06:00:00,-33.932866618879785,0.0,16.81229044373699,0.0,16.1680929887178,0.0,-21.643584390435517,0.0,0
2030-03-17 08:00:00,-30.51934327574582,0.0,7.965557410653053,0.0,7.6603407104702725,0.0,-20.62183880146598,0.0,0
2030-03-17 10:00:00,-41.54107057752415,0.0,26.090839415774273,0.0,25.091115290902415,0.0,-25.437419899133694,0.0,0
2030-03-17 12:00:00,-30.289388950428993,0.0,13.751887707623407,0.0,13.22495587209466,0.0,-19.571489928527647,0.0,0
2030-03-17 14:00:00,-14.257390637302505,0.0,-4.062214261803265,0.0,-3.906562175137626,0.0,-10.726158725114628,0.0,0
2030-03-17 16:00:00,-18.8951732518603,0.0,4.341914233275185,0.0,4.175544867462275,0.0,-12.877997832260183,0.0,0
2030-03-17 18:00:00,-11.974031582399288,0.0,-4.203126984529099,0.0,-4.042075537338284,0.0,-9.349208857052151,0.0,0
2030-03-17 20:00:00,-15.933701794555011,0.0,-9.310455066813645,0.0,-8.953705849377418,0.0,-13.164456292412666,0.0,0
2030-03-17 22:00:00,-19.95971475550718,0.0,4.134045082639645,0.0,3.9756406504724597,0.0,-13.748591607048292,0.0,0
2030-03-18 00:00:00,-23.404301530764997,0.0,3.774806082399031,0.0,3.630166630706809,0.0,-16.270564234225528,0.0,0
2030-03-18 02:00:00,-60.718002839384226,0.0,33.05320006489181,0.0,31.786698785170216,0.0,-38.02395222655626,0.0,0
2030-03-18 04:00:00,-103.22203307448072,0.0,68.3629354878963,0.0,65.74346913937441,0.0,-62.14001225380503,0.0,0
2030-03-18 06:00:00,-130.7558562365666,9.755856236566586,91.64467515835898,0.0,88.13312111397414,0.0,-77.99048751974775,0.0,1
2030-03-18 08:00:00,-98.02767037036034,0.0,55.159152662576744,0.0,53.04561638474699,0.0,-60.26566589807443,0.0,0
2030-03-18 10:00:00,-79.99401104543763,0.0,48.69482676725211,0.0,46.8289844192958,0.0,-49.091373698402116,0.0,0
2030-03-18 12:00:00,-97.23904460218137,0.0,71.81067551407385,0.0,69.05910192187432,0.0,-57.882688503512796,0.0,0
2030-03-18 14:00:00,-60.54313684278248,0.0,47.33700008699723,0.0,45.523185658419706,0.0,-35.685067646941256,0.0,0
2030-03-18 16:00:00,-47.94995943496978,0.0,38.327035997159264,0.0,36.85845685677227,0.0,-28.407960958359933,0.0,0
2030-03-18 18:00:00,-104.25750086382308,0.0,85.32624464654718,0.0,82.05679425062395,0.0,-60.99486484504317,0.0,0
2030-03-18 20:00:00,-82.15490959321438,0.0,61.76933030643755,0.0,59.402511489286326,0.0,-48.52029776900934,0.0,0
2030-03-18 22:00:00,-91.25459402916596,0.0,66.97231443777508,0.0,64.40613259230064,0.0,-54.23811532893073,0.0,0
2030-03-19 00:00:00,-106.49627193799319,0.0,68.94391976533213,0.0,66.30219181038703,0.0,-64.33219478158045,0.0,0
2030-03-19 02:00:00,-166.1784589363262,45.178458936326194,135.0229165956526,10.022916595652589,129.84923609499288,4.849236094992875,-96.97213366899474,0.0,3
2030-03-19 04:00:00,-192.7057345277492,71.7057345277492,166.58205398366215,41.58205398366215,160.19912028481417,35.19912028481417,-111.26228103867507,0.0,3
2030-03-19 06:00:00,-150.61103826033556,29.61103826033556,128.47315932441813,3.473159324418134,123.55044623234801,0.0,-86.91229879469184,0.0,2
2030-03-19 08:00:00,-161.90666850127565,40.90666850127565,135.29335733797274,10.293357337972736,130.1093143445568,5.109314344556793,-93.63903839174523,0.0,3
2030-03-19 10:00:00,-148.5893692870831,27.589369287083088,138.48548174606395,13.485481746063954,133.17912594662823,8.179125946628233,-84.4498551706114,0.0,3
2030-03-19 12:00:00,-150.50999067786643,29.509990677866426,137.03841148406406,12.038411484064056,131.78750315522316,6.787503155223163,-86.01104646987659,0.0,3
2030-03-19 14:00:00,-150.9755055904798,29.9755055904798,146.33431189683944,21.334311896839438,140.72721204203955,15.727212042039554,-84.89632001337313,0.0,3
2030-03-19 16:00:00,-167.1086053842896,46.1086053842896,162.9207895440534,37.920789544053406,156.6781447155435,31.67814471554351,-94.5041019421226,0.0,3
2030-03-19 18:00:00,-147.21469603584717,26.21469603584717,144.0905137841812,19.090513784181212,138.56938966472742,13.569389664727424,-83.4542927995423,0.0,3
2030-03-19 20:00:00,-169.89342871128207,48.89342871128207,156.5399728678115,31.539972867811514,150.54182214184738,25.541822141847376,-97.03389332001142,0.0,3
2030-03-19 22:00:00,-171.70132085656658,50.70132085656658,165.6917310261772,40.691731026177195,159.34291188092203,34.34291188092203,-97.44844580532067,0.0,3
2030-03-20 00:00:00,-155.3096168738073,34.3096168738073,152.47339567707874,27.47339567707874,146.6310642123674,21.63106421236739,-88.25341555155622,0.0,3
2030-03-20 02:00:00,-149.01945634419246,28.019456344192463,148.9378269878817,23.937826987881692,143.23096810254594,18.230968102545944,-83.59892751650672,0.0,3
2030-03-20 04:00:00,-148.05807145528203,27.058071455282033,147.24052329720888,22.24052329720888,141.59870009047893,16.59870009047893,-83.0939180825144,0.0,3
2030-03-20 06:00:00,-148.5055070460604,27.505507046060387,146.3390922435776,21.339092243577596,140.7318092199697,15.731809219969705,-83.55333934511015,0.0,3
2030-03-20 08:00:00,-150.45525710282607,29.455257102826067,147.40790498482227,22.407904984822267,141.75966820478777,16.759668204787772,-85.69746327407053,0.0,3
2030-03-20 10:00:00,-72.02734500207669,0.0,84.06106985538463,0.0,80.84009723132415,0.0,-38.96955058580638,0.0,0
2030-03-20 12:00:00,-144.94725870260368,23.947258702603676,146.66914984867697,21.669149848676966,141.04921998971193,16.04921998971193,-81.10435361448653,0.0,3
2030-03-20 14:00:00,-75.75715652671325,0.0,88.71370409458424,0.0,85.31445622920214,0.0,-40.86319870614574,0.0,0
2030-03-20 16:00:00,-121.82124439089344,0.8212443908934404,114.83427193033368,0.0,110.43416083458092,0.0,-69.35179577405462,0.0,1
2030-03-20 18:00:00,-142.49758956150214,21.49758956150214,135.54826637961486,10.548266379614859,130.35445602246972,5.354456022469719,-81.45707130472321,0.0,3
2030-03-20 20:00:00,-140.08105634358694,19.081056343586937,131.05254127603305,6.052541276033054,126.0309938642543,1.0309938642542988,-79.94749215976405,0.0,3
2030-03-20 22:00:00,-127.29945637379484,6.29945637379484,118.21856766510614,0.0,113.6887803240692,0.0,-72.88485176026808,0.0,1
2030-03-21 00:00:00,-131.00828261684018,10.008282616840177,124.95926780862825,0.0,120.17119669049151,0.0,-74.45504704622982,0.0,1
2030-03-21 02:00:00,-133.36379538192793,12.363795381927929,128.09782802864666,3.09782802864666,123.18949652642218,0.0,-75.65211622301554,0.0,2
2030-03-21 04:00:00,-133.33765714705697,12.337657147056973,130.2167572135904,5.216757213590398,125.22723458557167,0.2272345855716651,-75.26312708744706,0.0,3
2030-03-21 06:00:00,-130.5873991094212,9.587399109421199,123.46698844393146,0.0,118.73609707605729,0.0,-74.38529295502772,0.0,1
2030-03-21 08:00:00,-137.30701312416167,16.30701312416167,128.28336447611085,3.2833644761108474,123.36792376365298,0.0,-78.12208584759072,0.0,2
2030-03-21 10:00:00,-122.07535958499719,1.0753595849971873,116.26542896234471,0.0,111.81048014410328,0.0,-69.28522661488968,0.0,1
2030-03-21 12:00:00,-121.06059366291217,0.06059366291216861,115.6780595121019,0.0,111.24561696130013,0.0,-68.51237117355072,0.0,1
2030-03-21 14:00:00,-116.62578722448572,0.0,107.9935672131858,0.0,103.85557177526516,0.0,-66.21965202758578,0.0,0
2030-03-21 16:00:00,-67.51964708338497,0.0,75.0173740195848,0.0,72.14292918487503,0.0,-36.82850692263455,0.0,0
2030-03-21 18:00:00,-110.21577243554913,0.0,92.98644396401284,0.0,89.4234772907111,0.0,-63.67347403687629,0.0,0
2030-03-21 20:00:00,-82.31903380698895,0.0,65.48352237443785,0.0,62.9743866561086,0.0,-48.043487052428674,0.0,0
2030-03-21 22:00:00,-75.39340476369628,0.0,57.12904518812866,0.0,54.94002843035666,0.0,-44.50275115935838,0.0,0
2030-03-22 00:00:00,-63.869972265470025,0.0,47.11240573883296,0.0,45.307197104212044,0.0,-37.5935084880447,0.0,0
2030-03-22 02:00:00,-59.27626105265679,0.0,42.907186248604575,0.0,41.26310923983017,0.0,-35.18487338003053,0.0,0
2030-03-22 04:00:00,-56.13884632509725,0.0,36.33983255436975,0.0,34.94739719729023,0.0,-34.585758830726185,0.0,0
2030-03-22 06:00:00,-61.0030412424758,0.0,26.97541117264636,0.0,25.941792863251223,0.0,-38.75655251607815,0.0,0
2030-03-22 08:00:00,-81.38949673051947,0.0,59.880633916826625,0.0,57.58618438282356,0.0,-48.38090613265137,0.0,0
2030-03-22 10:00:00,-100.9038914384972,0.0,76.4171905388029,0.0,73.48910885775192,0.0,-59.20900866963717,0.0,0
2030-03-22 12:00:00,-81.65860208007723,0.0,54.36646876356948,0.0,52.28330579817352,0.0,-49.31781139339095,0.0,0
2030-03-22 14:00:00,-73.93299326559253,0.0,45.315363423275386,0.0,43.57901215762025,0.0,-44.63777856877682,0.0,0
2030-03-22 16:00:00,-52.257413557550606,0.0,27.57912205874822,0.0,26.5223713262192,0.0,-32.74589703011196,0.0,0
2030-03-22 18:00:00,-34.20560429186091,0.0,17.375068007879072,0.0,16.70930657406854,0.0,-21.49274630607115,0.0,0
2030-03-22 20:00:00,-77.63891283337401,0.0,39.141108439641016,0.0,37.64133644082689,0.0,-48.81524332936716,0.0,0
2030-03-22 22:00:00,-87.35182048440959,0.0,51.50371321966364,0.0,49.5302426154542,0.0,-53.629024613555494,0.0,0
2030-03-23 00:00:00,-24.25422686768738,0.0,16.05123587772378,0.0,15.436199792251333,0.0,-14.80287095666268,0.0,0
2030-03-23 02:00:00,-31.704195122244606,0.0,30.81564364934088,0.0,29.63487894151494,0.0,-17.758122023559768,0.0,0
2030-03-23 04:00:00,-20.03078275378587,0.0,21.219065323803243,0.0,20.406013234010672,0.0,-10.996445253065625,0.0,0
2030-03-23 06:00:00,-19.879524214927045,0.0,18.954495925987523,0.0,18.228215466013552,0.0,-11.212811939538673,0.0,0
2030-03-23 08:00:00,-12.705882683080281,0.0,7.207844720913357,0.0,6.931661339420822,0.0,-7.685634273641332,0.0,0
2030-03-23 10:00:00,-29.169603581902948,0.0,20.376762443132804,0.0,19.595984919015823,0.0,-17.27178673735618,0.0,0
2030-03-23 12:00:00,-21.705643101830724,0.0,22.036238237247943,0.0,21.191874488112223,0.0,-11.42844882811806,0.0,0
2030-03-23 14:00:00,-87.00864316131927,0.0,95.2732728092565,0.0,91.62268158966822,0.0,-47.414966861373614,0.0,0
2030-03-23 16:00:00,-71.09041652320714,0.0,82.03952211421446,0.0,78.8960092458262,0.0,-38.4848534008657,0.0,0
2030-03-23 18:00:00,-21.68691040615105,0.0,44.77527238101109,0.0,43.059615813444225,0.0,-9.393172917589762,0.0,0
2030-03-23 20:00:00,-60.306188077605505,0.0,64.1961253938544,0.0,61.73631893623869,0.0,-32.72382838119043,0.0,0
2030-03-23 22:00:00,-58.79789470298157,0.0,67.38097118629867,0.0,64.79913081777786,0.0,-31.337697112325138,0.0,0
2030-03-24 00:00:00,-85.2072283870379,0.0,89.69936067604746,0.0,86.26234535337403,0.0,-46.44180786655451,0.0,0
2030-03-24 02:00:00,-74.90570393202877,0.0,84.63190374017898,0.0,81.38905844284683,0.0,-40.03335545949999,0.0,0
2030-03-24 04:00:00,-102.5674139261481,0.0,113.54802969192852,0.0,109.19720361056993,0.0,-56.58148883357781,0.0,0
2030-03-24 06:00:00,-34.920116140442715,0.0,47.21432706237207,0.0,45.40521310280718,0.0,-17.28908266805338,0.0,0
2030-03-24 08:00:00,-68.77879596140704,0.0,83.07097859580263,0.0,79.88794335283814,0.0,-37.083903018226174,0.0,0
2030-03-24 10:00:00,-127.57014616836128,6.570146168361276,130.03125695734954,5.031256957349541,125.04884215282331,0.048842152823311835,-72.28811159129879,0.0,3
2030-03-24 12:00:00,-113.26787872045153,0.0,125.76763725858089,0.7676372585808906,120.94859180389446,0.0,-62.71671462782704,0.0,1
2030-03-24 14:00:00,-49.24306179629829,0.0,83.37496675688573,0.0,80.18028358288032,0.0,-24.180589345402804,0.0,0
2030-03-24 16:00:00,-92.23369031317792,0.0,112.34326161223188,0.0,108.03859869545974,0.0,-50.03081181498267,0.0,0
2030-03-24 18:00:00,-73.9041463193621,0.0,92.39229460587578,0.0,88.85209398611659,0.0,-40.37478913557761,0.0,0
2030-03-24 20:00:00,-87.52636350386804,0.0,103.9497457381544,0.0,99.96669762948011,0.0,-48.374292841573414,0.0,0
2030-03-24 22:00:00,-95.08135675973449,0.0,107.6631656930605,0.0,103.53783026830767,0.0,-53.19286440474979,0.0,0
2030-03-25 00:00:00,-51.304113809594774,0.0,50.02147671317584,0.0,48.104801046480205,0.0,-30.371721326030748,0.0,0
2030-03-25 02:00:00,-62.9022491226284,0.0,64.30493111944838,0.0,61.840955546877495,0.0,-36.657246443446105,0.0,0
2030-03-25 04:00:00,-80.77023710334767,0.0,84.7363856887965,0.0,81.48953695090881,0.0,-47.18272420549199,0.0,0
2030-03-25 06:00:00,-58.70379448996751,0.0,51.09383964126946,0.0,49.136074185443306,0.0,-36.32687288897143,0.0,0
2030-03-25 08:00:00,-58.26769731561825,0.0,50.10466339660822,0.0,48.184800261201175,0.0,-36.38627931003503,0.0,0
2030-03-25 10:00:00,-38.480610448083766,0.0,33.766370454399734,0.0,32.47254258574901,0.0,-24.095930390734274,0.0,0
2030-03-25 12:00:00,-46.435209676487545,0.0,49.54061001655555,0.0,47.64235974544772,0.0,-27.954656798791394,0.0,0
2030-03-25 14:00:00,-40.585080745033395,0.0,36.249258732409096,0.0,34.86029389743373,0.0,-25.697767061563113,0.0,0
2030-03-25 16:00:00,-8.554279183338249,0.0,19.454540378126033,0.0,18.709099687454046,0.0,-5.916293913862416,0.0,0
2030-03-25 18:00:00,-16.536514308352604,0.0,33.70335960332947,0.0,32.411946124915005,0.0,-9.92488941776274,0.0,0
2030-03-25 20:00:00,-49.87516416898236,0.0,48.24261100959236,0.0,46.39409623762453,0.0,-30.170913839374226,0.0,0
2030-03-25 22:00:00,-45.82035060974779,0.0,32.977006981840404,0.0,31.713425196660918,0.0,-29.35123203072598,0.0,0
2030-03-26 00:00:00,-40.06278171121381,0.0,27.564528669373466,0.0,26.508337112545576,0.0,-25.804980538202276,0.0,0
2030-03-26 02:00:00,-42.36333871041748,0.0,37.15055418887718,0.0,35.72705436646373,0.0,-26.134660750732788,0.0,0
2030-03-26 04:00:00,-27.48123357468516,0.0,14.92248458035404,0.0,14.350698920250467,0.0,-18.358281859820824,0.0,0
2030-03-26 06:00:00,-38.47901998129023,0.0,23.263512762178046,0.0,22.372123467759813,0.0,-24.555297637881242,0.0,0
2030-03-26 08:00:00,-61.68308252505514,0.0,62.14912906413939,0.0,59.76775747715898,0.0,-36.135650859379076,0.0,0
2030-03-26 10:00:00,-88.49224038522507,0.0,103.39719631177846,0.0,99.43532026977931,0.0,-49.16773977101128,0.0,0
2030-03-26 12:00:00,-81.60576971150994,0.0,85.01620686892525,0.0,81.7586362075316,0.0,-46.74399232991282,0.0,0
2030-03-26 14:00:00,-71.83453232499691,0.0,78.71888589870616,0.0,75.7026100303111,0.0,-40.71326814366894,0.0,0
2030-03-26 16:00:00,-62.33845282750255,0.0,64.72517412147263,0.0,62.24509607474467,0.0,-36.57158257014109,0.0,0
2030-03-26 18:00:00,3.870378627856839,0.0,7.362054382331905,0.0,7.079962140784955,0.0,1.539370264813358,0.0,0
2030-03-26 20:00:00,-46.533736649937225,0.0,33.11905193089524,0.0,31.850027401612326,0.0,-30.314791661941957,0.0,0
2030-03-26 22:00:00,-40.61736942179147,0.0,24.755689798986033,0.0,23.80712467520826,0.0,-27.062262462082842,0.0,0
2030-03-27 00:00:00,-40.79656236702202,0.0,22.934062880209233,0.0,22.055297134987157,0.0,-27.267014731264204,0.0,0
2030-03-27 02:00:00,-49.84466382635802,0.0,41.403034436639075,0.0,39.816592095340326,0.0,-31.01992285795894,0.0,0
2030-03-27 04:00:00,-56.8500507219229,0.0,53.884660115184204,0.0,51.819958638193796,0.0,-34.59132377918561,0.0,0
2030-03-27 06:00:00,-40.60887748487588,0.0,36.08610302085404,0.0,34.703389832226456,0.0,-24.58259304260664,0.0,0
2030-03-27 08:00:00,-50.54739938914892,0.0,55.316901621197545,0.0,53.19732086786855,0.0,-29.147865941132398,0.0,0
2030-03-27 10:00:00,-46.73147023879988,0.0,50.0924778932511,0.0,48.17308167044434,0.0,-26.813853181999516,0.0,0
2030-03-27 12:00:00,-50.95769312122111,0.0,59.87007437688644,0.0,57.57602945335431,0.0,-28.42691144022616,0.0,0
2030-03-27 14:00:00,-63.824973048755155,0.0,66.1187389379218,0.0,63.585263591690385,0.0,-36.78697016403535,0.0,0
2030-03-27 16:00:00,-42.53103015275937,0.0,38.7818779208629,0.0,37.29587057753922,0.0,-26.050643418976637,0.0,0
2030-03-27 18:00:00,-22.58394409722785,0.0,17.23002227869185,0.0,16.56981857004182,0.0,-14.557807401266789,0.0,0
2030-03-27 20:00:00,-21.21072431874992,0.0,9.021910514490113,0.0,8.676217474490933,0.0,-14.437689113552278,0.0,0
2030-03-27 22:00:00,-21.233236927346827,0.0,13.171593680603563,0.0,12.666897003134936,0.0,-13.619444160489405,0.0,0
2030-03-28 00:00:00,-21.108218948085835,0.0,12.097042559247718,0.0,11.633519516030884,0.0,-13.523570569830184,0.0,0
2030-03-28 02:00:00,-28.992053078132983,0.0,26.784831111478567,0.0,25.7585152687398,0.0,-17.32242801253154,0.0,0
2030-03-28 04:00:00,-16.623422615205133,0.0,-0.20285722367121561,0.0,-0.1950843323058864,0.0,-12.198869607608758,0.0,0
2030-03-28 06:00:00,-21.49847778046427,0.0,12.765403065693887,0.0,12.276270416294693,0.0,-14.117280683333526,0.0,0
2030-03-28 08:00:00,-18.668880717733433,0.0,14.372255613895382,0.0,13.82155310727727,0.0,-11.962873320051246,0.0,0
2030-03-28 10:00:00,-11.958313146353799,0.0,3.0886562359430996,0.0,2.9703080255501217,0.0,-8.644143498102647,0.0,0
2030-03-28 12:00:00,-11.367316260803983,0.0,2.9319624672136233,0.0,2.819618300551055,0.0,-8.099247771822919,0.0,0
2030-03-28 14:00:00,23.291623518155966,0.0,-10.412202286266986,0.0,-10.013237360196573,0.0,13.562045613858443,0.0,0
2030-03-28 16:00:00,-32.218655575583725,0.0,36.01374222322674,0.0,34.63380168725044,0.0,-19.078311581065634,0.0,0
2030-03-28 18:00:00,-27.861748221277928,0.0,17.870723749572434,0.0,17.185970247522775,0.0,-18.375156359800716,0.0,0
2030-03-28 20:00:00,-25.308078355729076,0.0,7.46319604913059,0.0,7.177228356789884,0.0,-18.235136765613866,0.0,0
2030-03-28 22:00:00,-34.99717102860471,0.0,31.07518507786437,0.0,29.884475506886922,0.0,-21.768209437226542,0.0,0
2030-03-29 00:00:00,-38.68696345751874,0.0,31.136063058744,0.0,29.943020822834214,0.0,-24.331767541194417,0.0,0
2030-03-29 02:00:00,-66.6101407246984,0.0,55.478805647592466,0.0,53.35302120880431,0.0,-41.64199895832774,0.0,0
2030-03-29 04:00:00,-75.77366070465493,0.0,67.2918794985776,0.0,64.71345286114155,0.0,-46.22928864907837,0.0,0
2030-03-29 06:00:00,-84.57379011697222,0.0,74.3526170716369,0.0,71.50364376536093,0.0,-50.96310400342269,0.0,0
2030-03-29 08:00:00,-82.65816730963996,0.0,75.74530990857303,0.0,72.84297271448054,0.0,-49.32533685311318,0.0,0
2030-03-29 10:00:00,-89.71468420808174,0.0,87.10835963828328,0.0,83.77062384447981,0.0,-52.960925499979666,0.0,0
2030-03-29 12:00:00,-69.15155928373399,0.0,68.0541792823945,0.0,65.44654356233298,0.0,-41.30906359219721,0.0,0
2030-03-29 14:00:00,-69.84892981203797,0.0,61.62889866728925,0.0,59.26746077695745,0.0,-42.57927918944329,0.0,0
2030-03-29 16:00:00,-73.11966678831887,0.0,61.895234854442826,0.0,59.52359174582044,0.0,-44.61382082491655,0.0,0
2030-03-29 18:00:00,-121.16884585271181,0.16884585271181152,101.14245998379445,0.0,97.26697879733808,0.0,-72.51076567840731,0.0,1
2030-03-29 20:00:00,-151.2474316436651,30.247431643665095,130.70291892619298,5.702918926192979,125.69476801316868,0.6947680131686838,-89.30467691967678,0.0,3
2030-03-29 22:00:00,-155.30250217891836,34.30250217891836,124.27915319325652,0.0,119.51714206413854,0.0,-93.00533915016824,0.0,1
2030-03-30 00:00:00,-141.33016561177902,20.330165611779023,112.66564342222415,0.0,108.34862778395745,0.0,-84.89612310870555,0.0,1
2030-03-30 02:00:00,-160.99269275372757,39.99269275372757,136.4084387737467,11.408438773746695,131.1816691437985,6.181669143798501,-94.99168418932389,0.0,3
2030-03-30 04:00:00,-120.89358638082479,0.0,90.0268499417491,0.0,86.57728619492033,0.0,-73.29963018934565,0.0,0
2030-03-30 06:00:00,-77.45839681699694,0.0,50.83595359724268,0.0,48.88806957510941,0.0,-47.632654252342626,0.0,0
2030-03-30 08:00:00,-104.71302857762687,0.0,91.24377021864342,0.0,87.74757767082158,0.0,-61.103626475046575,0.0,0
2030-03-30 10:00:00,-118.54922527626749,0.0,116.47501280296487,0.0,112.01203334920746,0.0,-67.27996219099339,0.0,0
2030-03-30 12:00:00,-116.56402203528349,0.0,123.14238970798411,0.0,118.4239360076783,0.0,-64.9640276153134,0.0,0
2030-03-30 14:00:00,-143.7315594685607,22.731559468560704,135.85740140060972,10.857401400609717,130.65174589991025,5.651745899910253,-82.36581188409953,0.0,3
2030-03-30 16:00:00,-99.73609802709893,0.0,106.67475451796426,0.0,102.58729209841795,0.0,-55.94778193340678,0.0,0
2030-03-30 18:00:00,-147.0555280738123,26.055528073812297,138.56821402130885,13.568214021308847,133.258688164745,8.258688164744996,-84.33916814668466,0.0,3
2030-03-30 20:00:00,-138.53670686663918,17.53670686663918,135.85209737142057,10.85209737142057,130.6466451054984,5.646645105498408,-78.53966086208302,0.0,3
2030-03-30 22:00:00,-129.04604891782049,8.046048917820485,128.49683733532174,3.496837335321743,123.57321697160941,0.0,-73.50587979173807,0.0,2
2030-03-31 00:00:00,-142.77053382327603,21.770533823276025,144.59602017668766,19.59602017668766,139.05552654106722,14.055526541067223,-81.14319961181813,0.0,3
2030-03-31 02:00:00,-112.77453948973795,0.0,119.5117293415262,0.0,114.93239185360905,0.0,-63.50844573244744,0.0,0
2030-03-31 04:00:00,-102.89953767681543,0.0,117.01433783950041,0.0,112.53069303873829,0.0,-56.78885994316265,0.0,0
2030-03-31 06:00:00,-114.81379707530118,0.0,126.09495328488183,1.094953284881825,121.26336604406383,0.0,-63.72632254349814,0.0,1
2030-03-31 08:00:00,-63.64547573328431,0.0,89.18595961636507,0.0,85.76861631025335,0.0,-33.788684814993516,0.0,0
2030-03-31 10:00:00,-83.01454606009787,0.0,103.72427400769223,0.0,99.74986531168018,0.0,-44.775777749755505,0.0,0
2030-03-31 12:00:00,-84.49173815939983,0.0,99.33723534277414,0.0,95.53092504789711,0.0,-45.43273307844367,0.0,0
2030-03-31 14:00:00,-122.16296078988482,1.1629607898848207,122.68386498505399,0.0,117.98298060170498,0.0,-68.2527490901742,0.0,1
2030-03-31 16:00:00,-115.85959268895047,0.0,115.15369060305567,0.0,110.74134032450142,0.0,-65.04817735982267,0.0,0
2030-03-31 18:00:00,-63.95985530981639,0.0,80.60810957335414,0.0,77.51944421780122,0.0,-34.436917096911486,0.0,0
2030-03-31 20:00:00,-116.64162763281429,0.0,112.06457669479809,0.0,107.77059216329204,0.0,-65.93896791302296,0.0,0
2030-03-31 22:00:00,-127.15816673547249,6.158166735472491,124.14567640205263,0.0,119.38877971046392,0.0,-71.7351485843853,0.0,1
2030-04-01 00:00:00,-117.09872402313964,0.0,114.45853797528882,0.0,110.07282389809902,0.0,-65.85254218076234,0.0,0
2030-04-01 02:00:00,-132.57532452885562,11.575324528855617,130.56449781574725,5.564497815747245,125.56165079200353,0.5616507920035332,-74.55031599766068,0.0,3
2030-04-01 04:00:00,-132.1185516788003,11.118551678800287,129.7668963733688,4.766896373368809,124.79461108783799,0.0,-74.29911058404642,0.0,2
2030-04-01 06:00:00,-128.0526628188202,7.05266281882021,124.48794138940792,0.0,119.71793011152678,0.0,-72.12914530559556,0.0,1
2030-04-01 08:00:00,-106.39352817144632,0.0,100.95632403240596,0.0,97.08797502740777,0.0,-59.856550649431206,0.0,0
2030-04-01 10:00:00,-94.37729080311843,0.0,94.16738607189308,0.0,90.55916917507382,0.0,-51.720311115373775,0.0,0
2030-04-01 12:00:00,-80.26075589661096,0.0,83.02863846218207,0.0,79.8472255684396,0.0,-43.15997243066849,0.0,0
2030-04-01 14:00:00,-76.85120358846632,0.0,75.83834858272337,0.0,72.93244642065068,0.0,-42.278700070090906,0.0,0
2030-04-01 16:00:00,-82.1133999652443,0.0,79.65112526468744,0.0,76.59912872937636,0.0,-45.69132425262851,0.0,0
2030-04-01 18:00:00,-89.04899015589885,0.0,83.7442194632334,0.0,80.53538761302693,0.0,-49.86894637346649,0.0,0
2030-04-01 20:00:00,-64.7306761099369,0.0,52.30103923118064,0.0,50.297017442457914,0.0,-37.53623419955774,0.0,0
2030-04-01 22:00:00,-62.3738096693677,0.0,36.44339009207219,0.0,35.04698671514087,0.0,-38.13431416079063,0.0,0
2030-04-02 00:00:00,-80.64307567738773,0.0,61.13456517971714,0.0,58.7920686927408,0.0,-47.384080308716655,0.0,0
2030-04-02 02:00:00,-61.29750774481558,0.0,42.1869855891254,0.0,40.57050454852033,0.0,-36.51418537256235,0.0,0
2030-04-02 04:00:00,-87.45942541975117,0.0,78.72820807846736,0.0,75.7115750115991,0.0,-49.6546087414969,0.0,0
2030-04-02 06:00:00,-50.850139599321416,0.0,32.939169175849685,0.0,31.67703722395767,0.0,-30.914872982373627,0.0,0
2030-04-02 08:00:00,-35.5178036299145,0.0,18.240542191875505,0.0,17.541618336289012,0.0,-21.38937883204207,0.0,0
2030-04-02 10:00:00,-29.671956790927855,0.0,23.02822287434384,0.0,22.145849195462237,0.0,-17.373136763360574,0.0,0
2030-04-02 12:00:00,-52.845837826004185,0.0,46.3314023014861,0.0,44.55611941840891,0.0,-29.42172055196496,0.0,0
2030-04-02 14:00:00,-35.02747652879861,0.0,26.324082526716634,0.0,25.315421212770325,0.0,-19.97335340993058,0.0,0
2030-04-02 16:00:00,-26.250420051485477,0.0,25.091263361909082,0.0,24.129840047515863,0.0,-14.576041633042744,0.0,0
2030-04-02 18:00:00,35.91073256429003,0.0,-42.76306879739347,0.0,-41.12451394490129,0.0,18.311175981108747,0.0,0
2030-04-02 20:00:00,-20.839023787843562,0.0,9.822507053923918,0.0,9.446137512413713,0.0,-13.434296664434777,0.0,0
2030-04-02 22:00:00,-27.759287746284098,0.0,10.757455872489421,0.0,10.345261845820007,0.0,-18.344666116897834,0.0,0
2030-04-03 00:00:00,-33.00311004092512,0.0,23.38616086250179,0.0,22.4900720540964,0.0,-19.914508007069987,0.0,0
2030-04-03 02:00:00,-23.079633090888375,0.0,4.0907023419358595,0.0,3.933958675941324,0.0,-15.528138918586809,0.0,0
2030-04-03 04:00:00,-34.764878478876845,0.0,16.45141239896524,0.0,15.821042727780299,0.0,-22.554479998185567,0.0,0
2030-04-03 06:00:00,-37.966167964719794,0.0,15.943470062806188,0.0,15.332563245974416,0.0,-24.81752660574876,0.0,0
2030-04-03 08:00:00,0.2843300634135728,0.0,-7.092904326985197,0.0,-6.82112512287079,0.0,-1.7166441288415655,0.0,0
2030-04-03 10:00:00,-35.58018603276882,0.0,22.87283130228006,0.0,21.996411770787724,0.0,-22.05770178051727,0.0,0
2030-04-03 12:00:00,-45.77091148092241,0.0,28.937467538013333,0.0,27.828669007255538,0.0,-28.667516592318076,0.0,0
2030-04-03 14:00:00,-59.48309631052021,0.0,46.86122254202256,0.0,45.065638507730284,0.0,-35.726980903378795,0.0,0
2030-04-03 16:00:00,-59.962405796822374,0.0,44.183359995691944,0.0,42.490383767457445,0.0,-36.511368017415364,0.0,0
2030-04-03 18:00:00,-17.12312829489371,0.0,2.0939967047378625,0.0,2.0137609181551683,0.0,-12.182981881328944,0.0,0
2030-04-03 20:00:00,-21.400032172685677,0.0,6.977065910898846,0.0,6.709725293726981,0.0,-14.3369052363777,0.0,0
2030-04-03 22:00:00,-25.082932348863622,0.0,11.266429276949424,0.0,10.834732888426236,0.0,-16.3043369415318,0.0,0
2030-04-04 00:00:00,-31.695535380791284,0.0,4.818283100021558,0.0,4.6336606822146145,0.0,-22.25032595510624,0.0,0
2030-04-04 02:00:00,-28.558795736527998,0.0,3.345265941434186,0.0,3.217085202881882,0.0,-19.967421723902007,0.0,0
2030-04-04 04:00:00,-25.8622507237563,0.0,5.017582970262005,0.0,4.825323968396166,0.0,-17.984802196770822,0.0,0
2030-04-04 06:00:00,-13.089606784304571,0.0,-13.29302286975429,0.0,-12.783673383385022,0.0,-10.73155421848989,0.0,0
2030-04-04 08:00:00,-21.349329379957084,0.0,1.101098645754229,0.0,1.0589077885540297,0.0,-15.154755170827237,0.0,0
2030-04-04 10:00:00,37.98798922234246,0.0,-40.879782385800524,0.0,-39.313389522032054,0.0,20.895827741605736,0.0,0
2030-04-04 12:00:00,-33.9558300987124,0.0,19.72244927607177,0.0,18.966743105463507,0.0,-21.016659031051855,0.0,0
2030-04-04 14:00:00,23.781834758414586,0.0,-20.055602535515206,0.0,-19.287130913192687,0.0,13.55804209066232,0.0,0
2030-04-04 16:00:00,-26.708887690751983,0.0,9.028337460721671,0.0,8.682398159071202,0.0,-17.661560346620202,0.0,0
2030-04-04 18:00:00,-34.630592391001066,0.0,11.715307818134141,0.0,11.266411725929201,0.0,-22.916754436893033,0.0,0
2030-04-04 20:00:00,-30.579985297464564,0.0,3.135020483704766,0.0,3.014895731887446,0.0,-21.375707659560753,0.0,0
2030-04-04 22:00:00,-53.60578070528077,0.0,33.31246809962271,0.0,32.03603243239458,0.0,-33.08664338016928,0.0,0
2030-04-05 00:00:00,-44.45857511840643,0.0,18.168321698003986,0.0,17.472165119042216,0.0,-28.888068283216565,0.0,0
2030-04-05 02:00:00,-53.417437627761814,0.0,33.28402680086838,0.0,32.00868092044445,0.0,-33.030400506664876,0.0,0
2030-04-05 04:00:00,-47.372596655570845,0.0,24.676788728901894,0.0,23.731246861753956,0.0,-30.2002504679852,0.0,0
2030-04-05 06:00:00,-26.857168392611065,0.0,9.187121004347556,0.0,8.835097584947325,0.0,-17.69543413985131,0.0,0
2030-04-05 08:00:00,-37.89511739498064,0.0,16.103706391455507,0.0,15.48665979043058,0.0,-24.699940758491465,0.0,0
2030-04-05 10:00:00,-22.71592609268293,0.0,-5.054344527801827,0.0,-4.8606769313195395,0.0,-16.508881249598517,0.0,0
2030-04-05 12:00:00,10.881321325448857,0.0,-9.321250714950535,0.0,-8.964087840072715,0.0,5.552647325734435,0.0,0
2030-04-05 14:00:00,-7.097102628983035,0.0,-19.553851787845904,0.0,-18.804605776440837,0.0,-7.986464628395874,0.0,0
2030-04-05 16:00:00,-23.40297146336795,0.0,12.855870154950338,0.0,12.363271073130344,0.0,-14.827768475210782,0.0,0
2030-04-05 18:00:00,-20.541681355836342,0.0,-2.5116569242395084,0.0,-2.415417628119112,0.0,-15.233893428644482,0.0,0
2030-04-05 20:00:00,-2.3835413453415915,0.0,-25.422983314856726,0.0,-24.44884946883291,0.0,-5.210969409321137,0.0,0
2030-04-05 22:00:00,-15.142325206803704,0.0,-2.2646639448480226,0.0,-2.1778886922655523,0.0,-11.413957297943481,0.0,0
2030-04-06 00:00:00,-15.711217424365596,0.0,-5.2248414211380405,0.0,-5.024640885842738,0.0,-11.869669539967772,0.0,0
2030-04-06 02:00:00,-21.623240187370172,0.0,8.517929001667525,0.0,8.191547048936496,0.0,-14.120491251023257,0.0,0
2030-04-06 04:00:00,-19.01402637712078,0.0,-3.1524830893668607,0.0,-3.0316892219305647,0.0,-13.71395278143608,0.0,0
2030-04-06 06:00:00,-34.98798719498751,0.0,19.807975695218076,0.0,19.048992404116603,0.0,-22.24691617944575,0.0,0
2030-04-06 08:00:00,-30.486848450076117,0.0,16.422786386226434,0.0,15.793513579541615,0.0,-19.640120739883134,0.0,0
2030-04-06 10:00:00,-22.947020312906226,0.0,10.42175908915984,0.0,10.02242797454892,0.0,-15.187288462258579,0.0,0
2030-04-06 12:00:00,-33.01061332439851,0.0,25.967838643111804,0.0,24.972827545592185,0.0,-20.251672542157575,0.0,0
2030-04-06 14:00:00,-29.03707886430903,0.0,15.956322550821803,0.0,15.344923264501842,0.0,-19.091839567826906,0.0,0
2030-04-06 16:00:00,-16.2873555587903,0.0,-0.49907575280905814,0.0,-0.479952639816279,0.0,-12.221506475035156,0.0,0
2030-04-06 18:00:00,-26.859912799113246,0.0,9.632182286014073,0.0,9.26310542907449,0.0,-18.840345486904496,0.0,0
2030-04-06 20:00:00,-28.598345568356788,0.0,11.914213430860181,0.0,11.457695861383254,0.0,-19.39026962346618,0.0,0
2030-04-06 22:00:00,-25.79576732202905,0.0,14.958518110976101,0.0,14.385351752104137,0.0,-17.47590806877599,0.0,0
2030-04-07 00:00:00,-20.073702801808412,0.0,17.26610694790578,0.0,16.604520581006454,0.0,-13.315586711738643,0.0,0
2030-04-07 02:00:00,-25.518729347739693,0.0,21.32182293811263,0.0,20.504833479176668,0.0,-16.451330205249267,0.0,0
2030-04-07 04:00:00,-40.81976104223372,0.0,42.782121951741416,0.0,41.14283703848932,0.0,-24.356213211072543,0.0,0
2030-04-07 06:00:00,-56.49944136405786,0.0,58.75477729971061,0.0,56.50346727545431,0.0,-32.97862176800091,0.0,0
2030-04-07 08:00:00,-74.11236489292827,0.0,80.95025908216334,0.0,77.84848356511586,0.0,-42.223111414545244,0.0,0
2030-04-07 10:00:00,-0.9769367842469494,0.0,29.578848637805798,0.0,28.44547427227004,0.0,1.7296319982349195,0.0,0
2030-04-07 12:00:00,-56.264463028816294,0.0,78.4648472601495,0.0,75.45830540420079,0.0,-29.617181792744635,0.0,0
2030-04-07 14:00:00,-27.983690167527435,0.0,44.532790027643316,0.0,42.826424669709695,0.0,-14.895158771370477,0.0,0
2030-04-07 16:00:00,-36.29374807905617,0.0,51.156518628350604,0.0,49.19635149833887,0.0,-19.954062370275253,0.0,0
2030-04-07 18:00:00,-16.63983056162614,0.0,40.90283132255417,0.0,39.33555529141187,0.0,-8.200279801570087,0.0,0
2030-04-07 20:00:00,-105.5830058810406,0.0,109.73085862185152,0.0,105.52629529374148,0.0,-60.363703971058605,0.0,0
2030-04-07 22:00:00,-106.61636700479855,0.0,110.44371091844636,0.0,106.21183318979064,0.0,-61.01548411185734,0.0,0
2030-04-08 00:00:00,-92.20841458353428,0.0,99.76927989262177,0.0,95.94641492303225,0.0,-52.677458209022845,0.0,0
2030-04-08 02:00:00,-104.08377210948409,0.0,107.24725831937376,0.0,103.13785924026934,0.0,-59.931048829374035,0.0,0
2030-04-08 04:00:00,-124.21274479440399,3.2127447944039886,126.60557969225061,1.6055796922506147,121.75442675137575,0.0,-70.44169696154918,0.0,2
2030-04-08 06:00:00,-132.2286011630638,11.228601163063786,132.5426925784269,7.542692578426909,127.4640469574656,2.464046957465598,-75.05363215067953,0.0,3
2030-04-08 08:00:00,-132.7668246161194,11.766824616119408,131.58316504604852,6.583165046048521,126.54128569417149,1.541285694171492,-76.08476993365937,0.0,3
2030-04-08 10:00:00,-73.80037160658955,0.0,87.13189420967723,0.0,83.79325664041096,0.0,-39.811756645053265,0.0,0
2030-04-08 12:00:00,-116.9109582043341,0.0,123.84262027863961,0.0,119.09733580515311,0.0,-66.0795392200923,0.0,0
2030-04-08 14:00:00,-106.00210926150358,0.0,113.22602820573182,0.0,108.88754027298046,0.0,-59.725168535762236,0.0,0
2030-04-08 16:00:00,-127.56485844410778,6.564858444107784,130.65465584942064,5.654655849420635,125.64835423535567,0.6483542353556686,-71.78177006798022,0.0,3
2030-04-08 18:00:00,-88.90041824830277,0.0,99.42472962715735,0.0,95.61506680898702,0.0,-49.97770171954351,0.0,0
2030-04-08 20:00:00,-143.41835769264526,22.41835769264526,139.7522398612744,14.752239861274404,134.39734562166137,9.397345621661373,-82.19490883550809,0.0,3
2030-04-08 22:00:00,-129.3769097858499,8.376909785849904,129.21437399285176,4.214373992851762,124.26325973767874,0.0,-73.95706040491163,0.0,2
2030-04-09 00:00:00,-119.94514992511516,0.0,122.51965084854638,0.0,117.82505866727243,0.0,-67.8828791140567,0.0,0
2030-04-09 02:00:00,-115.65349807733988,0.0,115.24039174818947,0.0,110.82471933710187,0.0,-65.3082604647733,0.0,0
2030-04-09 04:00:00,-115.16242986768106,0.0,113.6480664950007,0.0,109.29340729797218,0.0,-65.28978691978139,0.0,0
2030-04-09 06:00:00,-112.27036302879961,0.0,112.69039894163981,0.0,108.37243474477764,0.0,-63.24637918338054,0.0,0
2030-04-09 08:00:00,-85.51371415900309,0.0,95.5734613068688,0.0,91.91136774815348,0.0,-46.728726699511725,0.0,0
2030-04-09 10:00:00,-121.99753520048353,0.9975352004835258,125.10712840914758,0.10712840914757749,120.31339170827125,0.0,-68.75351964673207,0.0,2
2030-04-09 12:00:00,-116.27418970679926,0.0,119.0095548840996,0.0,114.44945924240983,0.0,-65.5902007660688,0.0,0
2030-04-09 14:00:00,-116.28320535788794,0.0,115.04187901073702,0.0,110.63381302309807,0.0,-65.41605899155019,0.0,0
2030-04-09 16:00:00,-126.75212810790191,5.75212810790191,126.14597347164005,1.1459734716400476,121.31243128752774,0.0,-71.89467943740202,0.0,2
2030-04-09 18:00:00,-104.1313938697862,0.0,102.03345034376343,0.0,98.123829030817,0.0,-60.14158214082129,0.0,0
2030-04-09 20:00:00,-98.31183987114825,0.0,91.24298514452609,0.0,87.7468226784324,0.0,-57.210119702467345,0.0,0
2030-04-09 22:00:00,-84.13540675967045,0.0,85.27569515006437,0.0,82.00818166197038,0.0,-48.05643768448359,0.0,0
2030-04-10 00:00:00,-33.94183699562052,0.0,39.78809395758743,0.0,38.263531379197474,0.0,-19.244123742752773,0.0,0
2030-04-10 02:00:00,-5.585862889420509,0.0,9.952809252953857,0.0,9.571446914936939,0.0,-3.098615847728665,0.0,0
2030-04-10 04:00:00,-28.681235439808724,0.0,17.114212174693186,0.0,16.458445968149903,0.0,-17.802876451342758,0.0,0
2030-04-10 06:00:00,-42.93626615948539,0.0,35.32461779695201,0.0,33.97108247941295,0.0,-25.86224076083914,0.0,0
2030-04-10 08:00:00,-10.635128221318586,0.0,18.600454147538137,0.0,17.887739525806857,0.0,-5.489913333599866,0.0,0
2030-04-10 10:00:00,15.178224624160388,0.0,-2.4604871090931333,0.0,-2.3662084895862003,0.0,10.715803445491469,0.0,0
2030-04-10 12:00:00,20.766764912483048,0.0,-19.46490185098503,0.0,-18.719064139189243,0.0,12.014283209517007,0.0,0
2030-04-10 14:00:00,39.48963355910425,0.0,-34.36379318256751,0.0,-33.04707383447516,0.0,22.44574825069376,0.0,0
2030-04-10 16:00:00,-8.886810230527177,0.0,-0.2550358174906182,0.0,-0.24526359608416604,0.0,-6.697919469279923,0.0,0
2030-04-10 18:00:00,-17.998540283569753,0.0,8.327422189628592,0.0,8.00833989686297,0.0,-11.865117266086466,0.0,0
2030-04-10 20:00:00,-34.32015996200697,0.0,26.773864771281467,0.0,25.747969126401472,0.0,-20.61812855982319,0.0,0
2030-04-10 22:00:00,-23.5964650642494,0.0,10.927859051140318,0.0,10.509135676528594,0.0,-15.301458853204158,0.0,0
2030-04-11 00:00:00,-27.08441614611675,0.0,10.825117219402495,0.0,10.410330609192506,0.0,-17.399053069541363,0.0,0
2030-04-11 02:00:00,-39.8434503775446,0.0,32.005515074730866,0.0,30.77915799823858,0.0,-23.780468149931632,0.0,0
2030-04-11 04:00:00,-53.334613895177114,0.0,50.27605839729341,0.0,48.34962791024463,0.0,-30.594522762929955,0.0,0
2030-04-11 06:00:00,-75.70424014939388,0.0,66.25545092046792,0.0,63.71673717370321,0.0,-43.87229191248377,0.0,0
2030-04-11 08:00:00,-93.71238332335258,0.0,87.108299982517,0.0,83.77056647454683,0.0,-53.89258347396195,0.0,0
2030-04-11 10:00:00,-109.6947271893278,0.0,102.63435594017851,0.0,98.70170969453685,0.0,-62.57103031676396,0.0,0
2030-04-11 12:00:00,-121.32640860972262,0.32640860972261976,112.60079687309445,0.0,108.28626596360706,0.0,-69.3645339925475,0.0,1
2030-04-11 14:00:00,-102.48238015265858,0.0,96.36065713723468,0.0,92.66840055271254,0.0,-58.40753610532313,0.0,0
2030-04-11 16:00:00,-128.81756861717028,7.817568617170281,115.64344013201466,0.0,111.21232409389853,0.0,-74.02727934789048,0.0,1
2030-04-11 18:00:00,-118.31609476863407,0.0,109.77787425609955,0.0,105.57150942735353,0.0,-68.35857855528505,0.0,0
2030-04-11 20:00:00,-142.71816582480776,21.718165824807755,129.80549762247847,4.80549762247847,124.83173325076825,0.0,-82.81778124181221,0.0,2
2030-04-11 22:00:00,-133.24495577287306,12.244955772873055,115.12273513292982,0.0,110.7115709768222,0.0,-77.85571914159453,0.0,1
2030-04-12 00:00:00,-136.95336987656628,15.953369876566285,126.75183709732741,1.7518370973274102,121.89508000344043,0.0,-77.93798109412998,0.0,2
2030-04-12 02:00:00,-131.92701683154553,10.92701683154553,126.93169639818777,1.9316963981877677,122.06804762560517,0.0,-74.51597141677401,0.0,2
2030-04-12 04:00:00,-135.19482639626233,14.194826396262329,131.05057105132227,6.050571051322265,126.0290991327518,1.0290991327517958,-76.4212437128614,0.0,3
2030-04-12 06:00:00,-132.85829231679827,11.85829231679827,128.4186253919372,3.418625391937212,123.49800187954895,0.0,-75.0861954007086,0.0,2
2030-04-12 08:00:00,-125.48956238758126,4.489562387581259,120.18186840413934,0.0,115.57685316100563,0.0,-71.03584623922302,0.0,1
2030-04-12 10:00:00,-75.92058988408432,0.0,86.25672911787413,0.0,82.95162529742973,0.0,-41.45547495533347,0.0,0
2030-04-12 12:00:00,-77.09199037713317,0.0,90.76904597742939,0.0,87.291043464395,0.0,-41.517786524510335,0.0,0
2030-04-12 14:00:00,-77.67155409515155,0.0,91.7812988506686,0.0,88.26450978877222,0.0,-41.77171666185285,0.0,0
2030-04-12 16:00:00,-120.37999571021862,0.0,116.31338365892017,0.0,111.8565973579398,0.0,-68.07243861955821,0.0,0
2030-04-12 18:00:00,-182.3412919956926,61.341291995692586,160.65570481960023,35.65570481960023,154.49985136670813,29.49985136670813,-106.31837443727363,0.0,3
2030-04-12 20:00:00,-205.84007365356848,84.84007365356848,162.41315817370756,37.41315817370756,156.18996428425686,31.18996428425686,-123.29566948742355,2.2956694874235524,4
2030-04-12 22:00:00,-189.06879767500538,68.06879767500538,159.5265086593924,34.52650865939239,153.41392267770271,28.413922677702715,-111.60468497934617,0.0,3
2030-04-13 00:00:00,-194.64336624498583,73.64336624498583,172.29569642640772,47.295696426407716,165.6938327767108,40.69383277671079,-113.72567216780148,0.0,3
2030-04-13 02:00:00,-170.99345842560672,49.99345842560672,151.2977770674836,26.297777067483594,145.50049184551392,20.50049184551392,-100.35459145266184,0.0,3
2030-04-13 04:00:00,-200.22116562400856,79.22116562400856,167.3332976621531,42.333297662153086,160.92157851807377,35.92157851807377,-118.51451514522064,0.0,3
2030-04-13 06:00:00,-191.73196026014955,70.73196026014955,157.69292394429726,32.69292394429726,151.6505955287007,26.650595528700705,-113.78991381235348,0.0,3
2030-04-13 08:00:00,-166.16972609968627,45.16972609968627,123.6558730251673,0.0,118.91774415643451,0.0,-100.60201325966784,0.0,1
2030-04-13 10:00:00,-84.94089475013425,0.0,60.31913076523751,0.0,58.00787932344412,0.0,-52.18744407718476,0.0,0
2030-04-13 12:00:00,-107.5917789385204,0.0,88.287008593537,0.0,84.90411044307092,0.0,-64.09364084700638,0.0,0
2030-04-13 14:00:00,-167.5807383739485,46.58073837394849,132.0750255862606,7.075025586260608,127.01429958708766,2.014299587087663,-99.67030556034666,0.0,3
2030-04-13 16:00:00,-130.42001920930645,9.420019209306446,81.74644503664305,0.0,78.61416201871018,0.0,-80.16210059393372,0.0,1
2030-04-13 18:00:00,-39.66591245748569,0.0,14.667624718570895,0.0,14.105604537769178,0.0,-26.050890498790046,0.0,0
2030-04-13 20:00:00,-116.05186233810504,0.0,75.16824630948332,0.0,72.28802049296678,0.0,-71.38564916030265,0.0,0
2030-04-13 22:00:00,-109.96451247171777,0.0,67.20972455060073,0.0,64.63444584881222,0.0,-67.00686863109158,0.0,0
2030-04-14 00:00:00,-88.69872019779024,0.0,59.48833220604276,0.0,57.20891451820796,0.0,-53.827215587521934,0.0,0
2030-04-14 02:00:00,-74.63314573107803,0.0,39.00817168600099,0.0,37.51349343206711,0.0,-46.835981745933175,0.0,0
2030-04-14 04:00:00,-58.78554482486581,0.0,34.30351410004391,0.0,32.989104468862735,0.0,-36.63823644531983,0.0,0
2030-04-14 06:00:00,-61.76379651106758,0.0,36.32239638646929,0.0,34.93062913199149,0.0,-38.3455896681772,0.0,0
2030-04-14 08:00:00,-47.55738828045353,0.0,25.70783401163714,0.0,24.72278552584193,0.0,-29.58416605489243,0.0,0
2030-04-14 10:00:00,-69.36724339675848,0.0,43.05492649566798,0.0,41.405188515743795,0.0,-42.819692247995135,0.0,0
2030-04-14 12:00:00,-86.79410726664716,0.0,56.81166895148747,0.0,54.63481311638172,0.0,-53.42347567958975,0.0,0
2030-04-14 14:00:00,-87.79573631823584,0.0,56.521230804481675,0.0,54.355503703784066,0.0,-53.64934832596366,0.0,0
2030-04-14 16:00:00,-59.081462680151304,0.0,37.69349172111558,0.0,36.24918813150114,0.0,-36.627735743774124,0.0,0
2030-04-14 18:00:00,9.962805206256315,0.0,-17.60862251703487,0.0,-16.933911962287425,0.0,3.694844402387001,0.0,0
2030-04-14 20:00:00,-35.690176242199044,0.0,6.270293655127807,0.0,6.030034469243951,0.0,-24.59384024347392,0.0,0
2030-04-14 22:00:00,-36.38385262503327,0.0,11.907223054853644,0.0,11.45097333599752,0.0,-24.622151492574204,0.0,0
2030-04-15 00:00:00,-22.164986111850816,0.0,9.881579106174257,0.0,9.502946097598105,0.0,-14.531050499492368,0.0,0
2030-04-15 02:00:00,-29.398749860332583,0.0,6.5010129000856995,0.0,6.251913232238696,0.0,-20.140207388515723,0.0,0
2030-04-15 04:00:00,-33.94046727268333,0.0,14.661811873407316,0.0,14.100014423712581,0.0,-22.370953340940442,0.0,0
2030-04-15 06:00:00,26.536470160414673,0.0,-31.436413984368762,0.0,-30.23186318556875,0.0,13.120384865784752,0.0,0
2030-04-15 08:00:00,31.096386972143556,0.0,-22.953152068018433,0.0,-22.07365488134002,0.0,18.11113100899136,0.0,0
2030-04-15 10:00:00,-15.617576232298237,0.0,10.307428478274321,0.0,9.912478175951252,0.0,-9.575009892738958,0.0,0
2030-04-15 12:00:00,-20.994232230817396,0.0,18.62505897758936,0.0,17.91140157123546,0.0,-12.10448194364221,0.0,0
2030-04-15 14:00:00,-20.86062397637115,0.0,19.537129109776018,0.0,18.788523862143798,0.0,-11.52594636917867,0.0,0
2030-04-15 16:00:00,5.99823050161263,0.0,-8.666968560635464,0.0,-8.334875850949178,0.0,2.4268524642322746,0.0,0
2030-04-15 18:00:00,-34.405679773347515,0.0,10.575184474138656,0.0,10.169974550636734,0.0,-23.14558622291652,0.0,0
2030-04-15 20:00:00,-62.66170655610478,0.0,30.121355238951224,0.0,28.967193618225096,0.0,-39.737368626800944,0.0,0
2030-04-15 22:00:00,-83.20692147331994,0.0,54.18853483324261,0.0,52.11218977201397,0.0,-51.19193176971968,0.0,0
2030-04-16 00:00:00,-48.83598862004538,0.0,18.572487324344717,0.0,17.860844308911584,0.0,-32.0359256450328,0.0,0
2030-04-16 02:00:00,-40.05555916843555,0.0,18.3086113250175,0.0,17.607079260723033,0.0,-26.446447889828175,0.0,0
2030-04-16 04:00:00,-32.968907518850536,0.0,13.467426776963567,0.0,12.951394646516405,0.0,-21.866262292205803,0.0,0
2030-04-16 06:00:00,7.067303896422624,0.0,-22.098543086312937,0.0,-21.25179199885839,0.0,0.9489826396850058,0.0,0
2030-04-16 08:00:00,-41.508946751900126,0.0,9.789117536132595,0.0,9.414027382606868,0.0,-27.85941687762919,0.0,0
2030-04-16 10:00:00,-57.919867260579124,0.0,36.82269298753515,0.0,35.411755840755156,0.0,-36.27195524254115,0.0,0
2030-04-16 12:00:00,-96.60114954086865,0.0,64.64917492984314,0.0,62.17200894830897,0.0,-59.424269086226495,0.0,0
2030-04-16 14:00:00,-73.74231587286863,0.0,67.72542776809948,0.0,65.13038883784185,0.0,-43.58043757491011,0.0,0
2030-04-16 16:00:00,-45.10204880933176,0.0,21.25986632413111,0.0,20.445250860171203,0.0,-29.03635384746844,0.0,0
2030-04-16 18:00:00,16.960510326906764,0.0,-32.84559108590858,0.0,-31.587044770820803,0.0,6.765705556826316,0.0,0
2030-04-16 20:00:00,-91.6709248386087,0.0,60.70600015847305,0.0,58.37992502092071,0.0,-56.036469969368845,0.0,0
2030-04-16 22:00:00,-66.08575942637944,0.0,41.521946508732526,0.0,39.930947807045655,0.0,-40.731746577520916,0.0,0
2030-04-17 00:00:00,-107.50366768639083,0.0,91.0619880663381,0.0,87.57276087521623,0.0,-62.890341443656425,0.0,0
2030-04-17 02:00:00,-107.22071127622183,0.0,78.15299412909647,0.0,75.1584015666744,0.0,-64.26430525927617,0.0,0
2030-04-17 04:00:00,-106.36571605116913,0.0,91.310999485705,0.0,87.81223091037,0.0,-62.033349613399835,0.0,0
2030-04-17 06:00:00,-100.60658888622504,0.0,76.58417665352843,0.0,73.64969655636105,0.0,-60.29035387758572,0.0,0
2030-04-17 08:00:00,-109.63804016616925,0.0,90.344714543762,0.0,86.88297116154435,0.0,-64.77278242737924,0.0,0
2030-04-17 10:00:00,-125.367077414157,4.367077414156995,121.80402854619501,0.0,117.13685690392926,0.0,-71.67941098710405,0.0,1
2030-04-17 12:00:00,-126.3793357658651,5.379335765865093,122.80795604531745,0.0,118.10231685800638,0.0,-72.32599601855948,0.0,1
2030-04-17 14:00:00,-108.66604923794068,0.0,115.47052586249455,0.0,111.04603538992711,0.0,-61.25792938307559,0.0,0
2030-04-17 16:00:00,-122.86481889283789,1.8648188928378886,123.71723029489058,0.0,118.97675039628845,0.0,-69.53480290037992,0.0,1
2030-04-17 18:00:00,-95.9876687952313,0.0,78.843578198171,0.0,75.82252448809837,0.0,-56.39152209770299,0.0,0
2030-04-17 20:00:00,-104.36078855541099,0.0,85.18617147462652,0.0,81.92208827011422,0.0,-61.55923420241687,0.0,0
2030-04-17 22:00:00,-67.69893766415638,0.0,44.841152730930034,0.0,43.122971822382034,0.0,-40.68015049117067,0.0,0
2030-04-18 00:00:00,-59.45014973831432,0.0,38.38904046822476,0.0,36.91808549911927,0.0,-36.46137818002141,0.0,0
2030-04-18 02:00:00,-100.85612597986837,0.0,81.56080475392328,0.0,78.43563492488502,0.0,-58.77574208675486,0.0,0
2030-04-18 04:00:00,-104.81789041830311,0.0,81.33018722348359,0.0,78.2138539790076,0.0,-61.64764133725065,0.0,0
2030-04-18 06:00:00,-83.18521035892523,0.0,53.27004441823648,0.0,51.22889320461513,0.0,-50.63075433360352,0.0,0
2030-04-18 08:00:00,-60.778041507845266,0.0,36.80428550355239,0.0,35.39405367734568,0.0,-37.12027197595764,0.0,0
2030-04-18 10:00:00,-97.86087893403729,0.0,69.793973380121,0.0,67.11967387419604,0.0,-58.234018873084864,0.0,0
2030-04-18 12:00:00,-78.83528520326496,0.0,71.9829885641067,0.0,69.22481244331831,0.0,-44.717490991390584,0.0,0
2030-04-18 14:00:00,-11.544938919517588,0.0,17.07444140584353,0.0,16.42019909803134,0.0,-5.491257216102185,0.0,0
2030-04-18 16:00:00,-41.08098830426902,0.0,21.520881955183395,0.0,20.696265140972763,0.0,-25.403839111808807,0.0,0
2030-04-18 18:00:00,-52.812479110939854,0.0,47.00674405242731,0.0,45.20558406243949,0.0,-30.393420636763985,0.0,0
2030-04-18 20:00:00,-29.601163072142597,0.0,15.131849305278871,0.0,14.552041405527405,0.0,-18.1515498494,0.0,0
2030-04-18 22:00:00,-33.10282190569542,0.0,15.738722121862374,0.0,15.135660643113363,0.0,-20.473276961449567,0.0,0
2030-04-19 00:00:00,-35.1503441284352,0.0,25.691112671350794,0.0,24.706704898068402,0.0,-20.93034643307127,0.0,0
2030-04-19 02:00:00,-36.50836556033873,0.0,28.59969825798528,0.0,27.503842051255624,0.0,-21.535779845657704,0.0,0
2030-04-19 04:00:00,-24.189870664416524,0.0,7.535493357222622,0.0,7.246755444962419,0.0,-15.412923730851542,0.0,0
2030-04-19 06:00:00,-17.026815598810888,0.0,0.8053236671191222,0.0,0.7744660359973778,0.0,-11.651425855567386,0.0,0
2030-04-19 08:00:00,-39.5667212183761,0.0,42.790705990612366,0.0,41.15109216227183,0.0,-21.097542807827395,0.0,0
2030-04-19 10:00:00,-19.899968211213455,0.0,28.631859856922446,0.0,27.53477131244236,0.0,-8.888739873974083,0.0,0
2030-04-19 12:00:00,16.853019148931498,0.0,8.017586396778473,0.0,7.710376099080753,0.0,13.650623390337046,0.0,0
2030-04-19 14:00:00,-41.528738992090275,0.0,50.44412047463434,0.0,48.51125034375059,0.0,-21.123292092272376,0.0,0
2030-04-19 16:00:00,-34.62974482922803,0.0,43.17832019532793,0.0,41.5238541322463,0.0,-17.20247668272336,0.0,0
2030-04-19 18:00:00,-45.09532010814986,0.0,48.88658256049536,0.0,47.01339269529238,0.0,-24.49983160140379,0.0,0
2030-04-19 20:00:00,-26.63596769303362,0.0,33.88019062294822,0.0,32.58200150065642,0.0,-13.578287834393146,0.0,0
2030-04-19 22:00:00,-39.115300049879494,0.0,39.72829113281698,0.0,38.206020022543825,0.0,-21.55701418316841,0.0,0
2030-04-20 00:00:00,-22.914301595623378,0.0,16.165932291451846,0.0,15.546501377203883,0.0,-13.838893873709768,0.0,0
2030-04-20 02:00:00,-14.417622364710635,0.0,-3.353905750532073,0.0,-3.225393959940657,0.0,-10.450910033600165,0.0,0
2030-04-20 04:00:00,-17.92146500350014,0.0,4.300868126281931,0.0,4.136071526401868,0.0,-11.72568873212143,0.0,0
2030-04-20 06:00:00,-39.2360413372263,0.0,37.658537093276635,0.0,36.21557286205427,0.0,-22.4232988638634,0.0,0
2030-04-20 08:00:00,-17.197346072040453,0.0,18.093296687367733,0.0,17.400014845853278,0.0,-9.300220215695038,0.0,0
2030-04-20 10:00:00,-29.259628362303065,0.0,28.531863662246774,0.0,27.438606677442436,0.0,-16.592406647568538,0.0,0
2030-04-20 12:00:00,26.85846408858579,0.0,-21.420699660856293,0.0,-20.59992153711198,0.0,15.385992623229601,0.0,0
2030-04-20 14:00:00,-26.43374179845776,0.0,19.201596357828507,0.0,18.46584773705524,0.0,-16.236967010785627,0.0,0
2030-04-20 16:00:00,-25.42721079529992,0.0,9.466221121687262,0.0,9.103503407783393,0.0,-16.841670975300243,0.0,0
2030-04-20 18:00:00,31.629326671598072,0.0,-34.14882909114305,0.0,-32.840346533931694,0.0,16.98916109185766,0.0,0
2030-04-20 20:00:00,-18.171954449505396,0.0,4.755641196160554,0.0,4.573419031619545,0.0,-12.663492319246371,0.0,0
2030-04-20 22:00:00,-21.04188472711897,0.0,6.853427486074734,0.0,6.590824329207885,0.0,-14.433400725871094,0.0,0
2030-04-21 00:00:00,-15.655627137814964,0.0,-2.1925057468230262,0.0,-2.108495383871854,0.0,-11.49884181674204,0.0,0
2030-04-21 02:00:00,-19.261761631128202,0.0,-0.29063342320545793,0.0,-0.27949720638842646,0.0,-13.720410944510645,0.0,0
2030-04-21 04:00:00,-30.265130423923743,0.0,14.62699030107732,0.0,14.06652711147932,0.0,-19.444345661070678,0.0,0
2030-04-21 06:00:00,-22.209191990254176,0.0,5.260472461950319,0.0,5.058906650110027,0.0,-15.1409556895897,0.0,0
2030-04-21 08:00:00,36.73316815215497,0.0,-43.427967117026476,0.0,-41.76393531915389,0.0,19.360184181785048,0.0,0
2030-04-21 10:00:00,12.429981835354232,0.0,-22.506251274430337,0.0,-21.64387800997053,0.0,5.516382812401467,0.0,0
2030-04-21 12:00:00,-6.350092616513975,0.0,8.815019844013891,0.0,8.477254245182431,0.0,-2.8038586991798873,0.0,0
2030-04-21 14:00:00,24.117674237983007,0.0,-3.599572706094156,0.0,-3.4616476812926074,0.0,16.7071268374508,0.0,0
2030-04-21 16:00:00,-39.81731892669336,0.0,27.187477331245393,0.0,26.145733271220283,0.0,-23.78463935404394,0.0,0
2030-04-21 18:00:00,-34.97537300247983,0.0,27.869348308399708,0.0,26.801476960745024,0.0,-20.339020516032182,0.0,0
2030-04-21 20:00:00,-59.733832277531754,0.0,61.903831913346686,0.0,59.53185939074665,0.0,-32.168919880436746,0.0,0
2030-04-21 22:00:00,-60.419341491652304,0.0,63.46422072214268,0.0,61.03245869597495,0.0,-32.47167515439345,0.0,0
2030-04-22 00:00:00,-74.70207545710637,0.0,73.07111316676594,0.0,70.27124331589818,0.0,-40.989042177444404,0.0,0
2030-04-22 02:00:00,-64.32559568179062,0.0,63.50746878649679,0.0,61.07404962187525,0.0,-34.836942622926,0.0,0
2030-04-22 04:00:00,-83.67586789068997,0.0,77.9421211788515,0.0,74.95560864682946,0.0,-46.354404461376,0.0,0
2030-04-22 06:00:00,-93.6626348444555,0.0,85.30901865533178,0.0,82.04022830865873,0.0,-52.5491682574307,0.0,0
2030-04-22 08:00:00,-113.37359440787591,0.0,99.71910888295668,0.0,95.89816631869624,0.0,-64.08482385644515,0.0,0
2030-04-22 10:00:00,-94.87306440924871,0.0,85.61481709812581,0.0,82.33430945574838,0.0,-52.98951812302006,0.0,0
2030-04-22 12:00:00,-105.19899332642522,0.0,97.15588906665046,0.0,93.43316153667367,0.0,-58.81124520120694,0.0,0
2030-04-22 14:00:00,-108.30898840858927,0.0,94.51612684145333,0.0,90.89454722543974,0.0,-60.8009498354566,0.0,0
2030-04-22 16:00:00,-103.20442385359884,0.0,92.3121267535348,0.0,88.77499792977056,0.0,-57.74766281931857,0.0,0
2030-04-22 18:00:00,-128.50840830165515,7.508408301655152,97.93707135502049,0.0,94.18441122045559,0.0,-74.76824489934341,0.0,1
2030-04-22 20:00:00,-121.0464607604995,0.04646076049949954,105.30350626533276,0.0,101.26858604029005,0.0,-68.95566446452008,0.0,1
2030-04-22 22:00:00,-112.8203052389478,0.0,97.1353439638798,0.0,93.41340366173267,0.0,-64.48447584953627,0.0,0
2030-04-23 00:00:00,-121.71607092635128,0.7160709263512786,110.92742643388188,0.0,106.6770141512915,0.0,-68.98618774077144,0.0,1
2030-04-23 02:00:00,-123.04951698895574,2.0495169889557445,110.73629926643218,0.0,106.4932104139995,0.0,-69.84852227855981,0.0,1
2030-04-23 04:00:00,-136.03846214040306,15.038462140403055,112.93659056659973,0.0,108.60919303174143,0.0,-78.90339326055323,0.0,1
2030-04-23 06:00:00,-133.42942343864397,12.429423438643965,106.73300397553997,0.0,102.643309608333,0.0,-78.13412925338837,0.0,1
2030-04-23 08:00:00,-128.84826182628493,7.848261826284926,96.33085489321495,0.0,92.63974024291147,0.0,-76.23890873057807,0.0,1
2030-04-23 10:00:00,-109.02572682984704,0.0,87.91917759180635,0.0,84.55037364200766,0.0,-63.70453682499026,0.0,0
2030-04-23 12:00:00,-120.24713341977673,0.0,99.28605967865951,0.0,95.48171028451114,0.0,-70.46913506191684,0.0,0
2030-04-23 14:00:00,-115.91625836627651,0.0,94.22204210849863,0.0,90.61173095332708,0.0,-67.34132003936901,0.0,0
2030-04-23 16:00:00,-117.37208013703466,0.0,101.8823802704527,0.0,97.97854751779084,0.0,-67.03351231947605,0.0,0
2030-04-23 18:00:00,-57.82511060071201,0.0,56.61943006287509,0.0,54.44994025580778,0.0,-33.137319419937825,0.0,0
2030-04-23 20:00:00,-95.25628479483106,0.0,82.60951152734563,0.0,79.44415834335283,0.0,-56.26365436661462,0.0,0
2030-04-23 22:00:00,-93.88247358237547,0.0,83.11671757880501,0.0,79.93192975272022,0.0,-54.96186918013079,0.0,0
2030-04-24 00:00:00,-84.85242017637114,0.0,75.20543920945562,0.0,72.32378827055092,0.0,-49.8782720603071,0.0,0
2030-04-24 02:00:00,-42.23225762029762,0.0,30.700514416383683,0.0,29.524161121691364,0.0,-26.242600509916898,0.0,0
2030-04-24 04:00:00,-52.50632926669199,0.0,45.95911075219327,0.0,44.19809298482903,0.0,-31.705112545387063,0.0,0
2030-04-24 06:00:00,-59.65851911839961,0.0,61.201081835477304,0.0,58.85603662615412,0.0,-35.25034102526707,0.0,0
2030-04-24 08:00:00,-28.906118807923377,0.0,32.182366734086635,0.0,30.94923322286319,0.0,-17.32966752936921,0.0,0
2030-04-24 10:00:00,-36.511996506500765,0.0,36.8319539098088,0.0,35.42066191176208,0.0,-21.79092707741591,0.0,0
2030-04-24 12:00:00,-51.0370360730666,0.0,59.60634092106099,0.0,57.32240148682051,0.0,-28.97533942589935,0.0,0
2030-04-24 14:00:00,-14.51979307783165,0.0,6.240848408732506,0.0,6.001717477969665,0.0,-10.234049490426742,0.0,0
2030-04-24 16:00:00,-4.416123406122247,0.0,-5.152049607512369,0.0,-4.95463824013227,0.0,-4.2275466438755,0.0,0
2030-04-24 18:00:00,-13.244626894601096,0.0,-10.87405489683403,0.0,-10.457393138953814,0.0,-11.124896228862353,0.0,0
2030-04-24 20:00:00,-23.69138210036506,0.0,-5.072970787077632,0.0,-4.878589487197066,0.0,-17.960634567896506,0.0,0
2030-04-24 22:00:00,-35.277358980863895,0.0,15.137902446606132,0.0,14.55786260830649,0.0,-23.20001005299735,0.0,0
2030-04-25 00:00:00,-31.76083083427461,0.0,7.720033862417825,0.0,7.424224901498732,0.0,-21.842074168495284,0.0,0
2030-04-25 02:00:00,-30.35396635263743,0.0,4.221634510533602,0.0,4.059873909453832,0.0,-20.8291469177325,0.0,0
2030-04-25 04:00:00,-25.918963624920284,0.0,2.307159916468435,0.0,2.218756343410674,0.0,-18.204827750333642,0.0,0
2030-04-25 06:00:00,-30.61038247782495,0.0,12.033582428190657,0.0,11.57249099029605,0.0,-20.154432382599175,0.0,0
2030-04-25 08:00:00,-24.280728630749305,0.0,2.94415504916223,0.0,2.8313436986683964,0.0,-17.114899363934725,0.0,0
2030-04-25 10:00:00,-35.88170539986504,0.0,17.166261434934633,0.0,16.508500854031787,0.0,-23.003203919149794,0.0,0
2030-04-25 12:00:00,-34.052458194503004,0.0,4.504835753566194,0.0,4.332223714924691,0.0,-23.06263449591156,0.0,0
2030-04-25 14:00:00,-19.69533872492311,0.0,13.101992860359246,0.0,12.5999630813373,0.0,-12.474391057924167,0.0,0
2030-04-25 16:00:00,-56.05785658337659,0.0,30.694678640172697,0.0,29.518548955237556,0.0,-35.757956679827046,0.0,0
2030-04-25 18:00:00,-93.52113085010055,0.0,67.88402185419585,0.0,65.28290606564296,0.0,-56.734138745954915,0.0,0
2030-04-25 20:00:00,-61.730406596395504,0.0,36.05724517675367,0.0,34.67563773572111,0.0,-39.02652089933808,0.0,0
2030-04-25 22:00:00,-38.746184834455136,0.0,23.70412989558485,0.0,22.795857450299494,0.0,-24.07588126074328,0.0,0
2030-04-26 00:00:00,-50.754105614975586,0.0,27.896280305639827,0.0,26.827377003169868,0.0,-32.16502442562514,0.0,0
2030-04-26 02:00:00,-44.63055899645196,0.0,13.85409871486197,0.0,13.323250454563558,0.0,-29.367025216993945,0.0,0
2030-04-26 04:00:00,-49.22926914489146,0.0,19.656762040876714,0.0,18.903572811662123,0.0,-31.698390952365887,0.0,0
2030-04-26 06:00:00,-57.475710736113044,0.0,36.337776868153824,0.0,34.94542027891579,0.0,-35.59772202289125,0.0,0
2030-04-26 08:00:00,-31.38117301034268,0.0,14.062737490558856,0.0,13.523894806848551,0.0,-20.347430454565078,0.0,0
2030-04-26 10:00:00,23.049074979300514,0.0,-22.642609647780993,0.0,-21.775011532050804,0.0,12.511205968929314,0.0,0
2030-04-26 12:00:00,-18.713926573029482,0.0,-0.42035175358542975,0.0,-0.404245112388689,0.0,-13.006544370385601,0.0,0
2030-04-26 14:00:00,-21.787560987854448,0.0,7.623923538862822,0.0,7.331797242482664,0.0,-14.448661797223815,0.0,0
2030-04-26 16:00:00,-16.55355022200787,0.0,4.648078430315888,0.0,4.469977754173058,0.0,-11.227344441237731,0.0,0
2030-04-26 18:00:00,-19.906710362804965,0.0,12.446180319734221,0.0,11.969279345800016,0.0,-12.348768544410602,0.0,0
2030-04-26 20:00:00,-27.289677058862548,0.0,4.556292160916231,0.0,4.381708464292167,0.0,-19.20392820882814,0.0,0
2030-04-26 22:00:00,-20.72288268845101,0.0,4.417592379104878,0.0,4.248323249627519,0.0,-14.33212197195128,0.0,0
2030-04-27 00:00:00,-22.156357727827366,0.0,3.3837190423349117,0.0,3.2540648942064223,0.0,-15.523051168201729,0.0,0
2030-04-27 02:00:00,-29.543099745483207,0.0,15.899602137420871,0.0,15.29037621029202,0.0,-18.72255342064608,0.0,0
2030-04-27 04:00:00,-34.368823598262054,0.0,20.299134913635278,0.0,19.521331847823536,0.0,-21.353988363488465,0.0,0
2030-04-27 06:00:00,-45.137090644848485,0.0,35.51998670909032,0.0,34.15896543022969,0.0,-26.948268723126635,0.0,0
2030-04-27 08:00:00,17.21397799581841,0.0,-11.841035524524147,0.0,-11.387321916897712,0.0,9.74957944648398,0.0,0
2030-04-27 10:00:00,-30.26635832298206,0.0,16.206641900713898,0.0,15.585651114135139,0.0,-19.28979390224444,0.0,0
2030-04-27 12:00:00,20.125240299934823,0.0,-18.99180698972731,0.0,-18.264096879677663,0.0,10.726609344308267,0.0,0
2030-04-27 14:00:00,-20.476355583557382,0.0,6.3619364001399825,0.0,6.11816573416924,0.0,-13.91827316356176,0.0,0
2030-04-27 16:00:00,-40.35117295087146,0.0,28.911674453325112,0.0,27.803864237607897,0.0,-24.506763172553388,0.0,0
2030-04-27 18:00:00,1.6187483230373338,0.0,-5.207430166881694,0.0,-5.007896779570641,0.0,-0.49711698131157256,0.0,0
2030-04-27 20:00:00,-36.66210977527684,0.0,9.536210467951573,0.0,9.17081096842826,0.0,-24.937038141929236,0.0,0
2030-04-27 22:00:00,-30.65593173828178,0.0,13.748526077552462,0.0,13.221723049787613,0.0,-20.116609257512266,0.0,0
2030-04-28 00:00:00,-41.90506175340461,0.0,19.434281526675413,0.0,18.689617095525616,0.0,-27.005689052578475,0.0,0
2030-04-28 02:00:00,-48.7735220411934,0.0,33.543590319252914,0.0,32.25829872925904,0.0,-29.632603480286143,0.0,0
2030-04-28 04:00:00,-62.01613471584497,0.0,45.495626852803355,0.0,43.75236842343229,0.0,-37.62610504855534,0.0,0
2030-04-28 06:00:00,-72.39424681963018,0.0,57.706455911884944,0.0,55.49531447574217,0.0,-42.73799043329856,0.0,0
2030-04-28 08:00:00,-81.73571229497014,0.0,73.14524859820278,0.0,70.34253809594259,0.0,-46.99811433136872,0.0,0
2030-04-28 10:00:00,-26.431287583629956,0.0,37.03551800622346,0.0,35.61642603152971,0.0,-13.487174737980984,0.0,0
2030-04-28 12:00:00,-38.389828818766986,0.0,34.24504658757145,0.0,32.93287725927239,0.0,-22.09806892328605,0.0,0
2030-04-28 14:00:00,-18.02466226172234,0.0,12.561303506389502,0.0,12.079991350998176,0.0,-10.848277459578767,0.0,0
2030-04-28 16:00:00,-23.41937893187283,0.0,7.153171254300664,0.0,6.879082799027023,0.0,-15.987183824278077,0.0,0
2030-04-28 18:00:00,-23.535040910892118,0.0,3.543997737362772,0.0,3.4082021816862698,0.0,-16.517224746702574,0.0,0
2030-04-28 20:00:00,-17.445948264964308,0.0,-5.442624612635532,0.0,-5.234079266847085,0.0,-13.404477741567915,0.0,0
2030-04-28 22:00:00,-19.04118079787913,0.0,-0.09580612442823266,0.0,-0.09213511590388723,0.0,-13.984991606959394,0.0,0
2030-04-29 00:00:00,-21.661246724179634,0.0,1.7608422507590804,0.0,1.693371961661601,0.0,-15.577833910203305,0.0,0
2030-04-29 02:00:00,-20.693376665593682,0.0,7.223460632860508,0.0,6.9466788956134335,0.0,-13.915316601333858,0.0,0
2030-04-29 04:00:00,-25.406861549762258,0.0,5.190590631688137,0.0,4.991702485770678,0.0,-17.758459883451167,0.0,0
2030-04-29 06:00:00,29.99350948093661,0.0,-30.10345324713178,0.0,-28.949977578007978,0.0,15.982218071139032,0.0,0
2030-04-29 08:00:00,-15.972383123466408,0.0,3.341263366109624,0.0,3.21323599445555,0.0,-11.087690364661764,0.0,0
2030-04-29 10:00:00,30.43123511526577,0.0,-33.92002284840663,0.0,-32.62030747254727,0.0,16.27669806981106,0.0,0
2030-04-29 12:00:00,-12.152554108862965,0.0,-9.222795204840748,0.0,-8.869404855143614,0.0,-10.248078032700766,0.0,0
2030-04-29 14:00:00,35.08130828882795,0.0,-22.965947845734732,0.0,-22.0859603625398,0.0,20.976457922758662,0.0,0
2030-04-29 16:00:00,34.34227371587248,0.0,-35.55307126428102,0.0,-34.19078228270449,0.0,18.36106932105584,0.0,0
2030-04-29 18:00:00,-16.68846862112742,0.0,-5.32541717749781,0.0,-5.121362875429893,0.0,-12.982963251788593,0.0,0
2030-04-29 20:00:00,-31.14308664577355,0.0,6.675611883976558,0.0,6.41982209728776,0.0,-21.606957834766252,0.0,0
2030-04-29 22:00:00,-26.198273200197583,0.0,9.602623891351593,0.0,9.234679625041375,0.0,-17.432124452947104,0.0,0
2030-04-30 00:00:00,-29.263319129043946,0.0,13.3462635733327,0.0,12.834874060004381,0.0,-19.234652251345224,0.0,0
2030-04-30 02:00:00,-30.137412418668127,0.0,8.209021929767149,0.0,7.894476386252384,0.0,-20.742600777791697,0.0,0
2030-04-30 04:00:00,-33.657079915116974,0.0,11.987844307395202,0.0,11.528505419583643,0.0,-22.697230482867955,0.0,0
2030-04-30 06:00:00,-33.91855731280758,0.0,14.671619541132543,0.0,14.109446290495642,0.0,-22.45528159182135,0.0,0
2030-04-30 08:00:00,-31.806387881700083,0.0,15.88675802672591,0.0,15.278024248091125,0.0,-20.4156423627008,0.0,0
2030-04-30 10:00:00,-24.80593639530816,0.0,12.288642968271862,0.0,11.817778361673973,0.0,-15.892957060701738,0.0,0
2030-04-30 12:00:00,-58.10096106969654,0.0,58.6314850988723,0.0,56.38489926863745,0.0,-33.69826157619865,0.0,0
2030-04-30 14:00:00,-46.577185911549776,0.0,42.945265518410736,0.0,41.299729424166586,0.0,-27.522358577066026,0.0,0
2030-04-30 16:00:00,-3.517872681522746,0.0,6.483974594576826,0.0,6.235527784416601,0.0,-3.0421327813610874,0.0,0
2030-04-30 18:00:00,-69.06415327949462,0.0,45.802762203468816,0.0,44.0477352520212,0.0,-43.38765116545003,0.0,0
2030-04-30 20:00:00,-72.54730172502396,0.0,52.85560447046764,0.0,50.83033337505537,0.0,-45.07325290570763,0.0,0
2030-04-30 22:00:00,-92.640913637783,0.0,81.13357845710289,0.0,78.0247786815116,0.0,-55.42136335354563,0.0,0
2030-05-01 00:00:00,-121.7569854195419,0.7569854195419055,97.55520285219903,0.0,93.81717479400074,0.0,-73.31908545333941,0.0,1
2030-05-01 02:00:00,-143.16223459730057,22.162234597300568,123.47370290398585,0.0,118.74255425777767,0.0,-84.83149738548762,0.0,1
2030-05-01 04:00:00,-136.9737737044501,15.97377370445011,123.89433613519435,0.0,119.14707006239576,0.0,-81.1562475789411,0.0,1
2030-05-01 06:00:00,-99.60359207137975,0.0,91.21215293096543,0.0,87.7171718644905,0.0,-59.56162750763411,0.0,0
2030-05-01 08:00:00,-104.95215960643533,0.0,94.63170791696257,0.0,91.00569957453959,0.0,-62.70926932767837,0.0,0
2030-05-01 10:00:00,-165.43835824543817,44.43835824543817,139.0908761846925,14.09087618469249,133.76132345334872,8.761323453348723,-98.31926101012861,0.0,3
2030-05-01 12:00:00,-174.41122232147683,53.41122232147683,147.49069828951792,22.490698289517923,141.83928911388665,16.83928911388665,-103.39413834676783,0.0,3
2030-05-01 14:00:00,-126.82493406572455,5.824934065724548,114.87271369399477,0.0,110.47112962307547,0.0,-74.92674492292608,0.0,1
2030-05-01 16:00:00,-165.72830908232476,44.728309082324756,140.669628756978,15.669628756978,135.2795828767333,10.279582876733286,-98.39660815761707,0.0,3
2030-05-01 18:00:00,-176.6952833903589,55.695283390358895,144.03053683241785,19.03053683241785,138.51171085311398,13.511710853113982,-105.37809479673749,0.0,3
2030-05-01 20:00:00,-182.2913840660259,61.2913840660259,155.02626035329712,30.02626035329712,149.08611063277255,24.086110632772545,-107.79143492432188,0.0,3
2030-05-01 22:00:00,-143.74848802017922,22.748488020179224,129.52287647617106,4.522876476171064,124.55994131442466,0.0,-85.03403762506046,0.0,2
2030-05-02 00:00:00,-87.75210031383399,0.0,85.08576280449148,0.0,81.82552696449986,0.0,-52.496942894026844,0.0,0
2030-05-02 02:00:00,-153.10987470759463,32.10987470759463,140.13289804341204,15.132898043412041,134.76341810335657,9.763418103356571,-89.59265143543384,0.0,3
2030-05-02 04:00:00,-144.64067579049896,23.64067579049896,136.96626282345747,11.96626282345747,131.71811901880218,6.718119018802184,-84.08370130270681,0.0,3
2030-05-02 06:00:00,-129.81281430777017,8.812814307770168,129.53050966476832,4.530509664768317,124.56728202171568,0.0,-73.48304011269067,0.0,2
2030-05-02 08:00:00,-139.4687383816883,18.468738381688297,134.34389960292827,9.343899602928275,129.1962370336201,4.196237033620093,-80.43744351827581,0.0,3
2030-05-02 10:00:00,-113.93255219982052,0.0,118.60881934289874,0.0,114.06407870692001,0.0,-64.8187047734484,0.0,0
2030-05-02 12:00:00,-138.766860859444,17.766860859443995,137.64390905537869,12.643909055378685,132.36979984288888,7.369799842888881,-79.3717327445774,0.0,3
2030-05-02 14:00:00,-69.20408492830965,0.0,78.33646810358289,0.0,75.33484535881765,0.0,-39.64774921198348,0.0,0
2030-05-02 16:00:00,-148.55580027836658,27.555800278366576,149.41647397947042,24.416473979470425,143.69127475110628,18.691274751106278,-84.47614317372617,0.0,3
2030-05-02 18:00:00,-156.7390952288988,35.739095228898805,143.431285576519,18.431285576519002,137.93542114045414,12.935421140454139,-91.34630419797844,0.0,3
2030-05-02 20:00:00,-158.68644430590547,37.68644430590547,147.12783970623033,22.127839706230333,141.49033420283624,16.490334202836237,-92.16354058039057,0.0,3
2030-05-02 22:00:00,-166.6975099918157,45.69750999181571,160.2886342082617,35.2886342082617,154.14684582011648,29.146845820116482,-95.82443499945975,0.0,3
2030-05-03 00:00:00,-160.68745248606393,39.68745248606393,154.90997890044468,29.909978900444685,148.9742847427268,23.97428474272681,-92.51597561522476,0.0,3
2030-05-03 02:00:00,-160.02708635622844,39.02708635622844,149.14810806612897,24.14810806612897,143.4331918291849,18.433191829184892,-92.88993828980426,0.0,3
2030-05-03 04:00:00,-172.19080726646962,51.19080726646962,167.3148775907056,42.314877590705606,160.9038642495141,35.9038642495141,-98.62051302659894,0.0,3
2030-05-03 06:00:00,-109.32263169354175,0.0,120.44648175154323,0.0,115.83132730426405,0.0,-61.461742379278014,0.0,0
2030-05-03 08:00:00,-152.302029797833,31.302029797833,149.56745768386793,24.56745768386793,143.83647320462134,18.836473204621342,-86.24897881359594,0.0,3
2030-05-03 10:00:00,-157.56460651078095,36.56460651078095,150.845943891592,25.845943891591986,145.06597158620428,20.065971586204284,-90.5721467621375,0.0,3
2030-05-03 12:00:00,-136.94722065603418,15.947220656034176,137.356793163178,12.356793163177997,132.09368538607708,7.093685386077084,-78.33403717153229,0.0,3
2030-05-03 14:00:00,-162.6110567009514,41.611056700951394,153.3677900341023,28.367790034102313,147.49118801175894,22.491188011758936,-93.97870751117959,0.0,3
2030-05-03 16:00:00,-124.39401008313101,3.3940100831310076,108.43524869345953,0.0,104.28032932203482,0.0,-74.05670189302033,0.0,1
2030-05-03 18:00:00,-57.94868098139947,0.0,52.88808238054922,0.0,50.86156682727503,0.0,-35.121453170810064,0.0,0
2030-05-03 20:00:00,-49.232396812618646,0.0,29.72490594866018,0.0,28.585935097133813,0.0,-31.284228795422703,0.0,0
2030-05-03 22:00:00,-45.974260066957,0.0,23.26195994891345,0.0,22.370630153725934,0.0,-29.757304955282148,0.0,0
2030-05-04 00:00:00,-37.16096877575962,0.0,14.286294940677156,0.0,13.738886193889432,0.0,-24.807138806984433,0.0,0
2030-05-04 02:00:00,-33.255652418170236,0.0,7.10390391111712,0.0,6.831703235334285,0.0,-22.544620385755653,0.0,0
2030-05-04 04:00:00,-23.47133894724623,0.0,5.153508333128064,0.0,4.95604107167841,0.0,-16.129338270553195,0.0,0
2030-05-04 06:00:00,-35.914459223380085,0.0,20.718605038957726,0.0,19.924729113347784,0.0,-23.05038639898478,0.0,0
2030-05-04 08:00:00,-32.933865880600834,0.0,21.482033003920023,0.0,20.65890476710565,0.0,-20.371465597975877,0.0,0
2030-05-04 10:00:00,-30.195502401150428,0.0,15.753513313916585,0.0,15.149885080250355,0.0,-18.448342263790195,0.0,0
2030-05-04 12:00:00,-56.419419045514964,0.0,41.308224318344855,0.0,39.72541482154879,0.0,-33.592957748794326,0.0,0
2030-05-04 14:00:00,-61.0426535098558,0.0,45.375471796221085,0.0,43.63681735474346,0.0,-36.53837631308404,0.0,0
2030-05-04 16:00:00,-49.41783695560961,0.0,36.87064585983533,0.0,35.45787130021736,0.0,-29.561213137915534,0.0,0
2030-05-04 18:00:00,-52.26605371607129,0.0,30.74220010263109,0.0,29.564249535212568,0.0,-32.878293423318475,0.0,0
2030-05-04 20:00:00,-55.947429425826996,0.0,30.664891094840005,0.0,29.489902780912985,0.0,-35.39219347326638,0.0,0
2030-05-04 22:00:00,-72.70810518825722,0.0,47.98363472084457,0.0,46.14504315753659,0.0,-44.614699587075506,0.0,0
2030-05-05 00:00:00,-53.46248666444686,0.0,37.283075863292794,0.0,35.85449820061218,0.0,-32.61429676042114,0.0,0
2030-05-05 02:00:00,-56.78198962304468,0.0,45.16608450962859,0.0,43.43545317229501,0.0,-34.07905827576421,0.0,0
2030-05-05 04:00:00,-50.834606329664865,0.0,41.318413149590135,0.0,39.73521324678847,0.0,-30.28884073664884,0.0,0
2030-05-05 06:00:00,-15.303129361060149,0.0,13.483342689222582,0.0,12.966700707892503,0.0,-9.32891130096586,0.0,0
2030-05-05 08:00:00,-57.06983223156266,0.0,41.54059433630023,0.0,39.94888110478162,0.0,-34.47349721346931,0.0,0
2030-05-05 10:00:00,-25.488191073309245,0.0,17.39511204692979,0.0,16.72858258457562,0.0,-15.996858656799848,0.0,0
2030-05-05 12:00:00,-125.8176616689948,4.817661668994802,102.18719173868087,0.0,98.27167950827322,0.0,-74.46134838472548,0.0,1
2030-05-05 14:00:00,-66.88701759199449,0.0,62.18793940617917,0.0,59.805080721194166,0.0,-39.22420494561932,0.0,0
2030-05-05 16:00:00,-102.57605546325391,0.0,81.57895676218703,0.0,78.45309140165247,0.0,-61.69785876363059,0.0,0
2030-05-05 18:00:00,-90.4121957864399,0.0,63.396665964879205,0.0,60.96749243805068,0.0,-55.09094293912283,0.0,0
2030-05-05 20:00:00,-73.0642105670553,0.0,44.26991458370304,0.0,42.5736218385725,0.0,-45.50736741978012,0.0,0
2030-05-05 22:00:00,-57.77084554987249,0.0,30.485884659364725,0.0,29.317755344843647,0.0,-36.64248873612961,0.0,0
2030-05-06 00:00:00,-43.60832242559179,0.0,19.89278955372046,0.0,19.130556445351022,0.0,-27.8156210674032,0.0,0
2030-05-06 02:00:00,-82.002651314861,0.0,49.75262963956191,0.0,47.84625540093109,0.0,-50.81360668621555,0.0,0
2030-05-06 04:00:00,-77.69432429099831,0.0,59.574622037996974,0.0,57.291897977938625,0.0,-46.54142277069489,0.0,0
2030-05-06 06:00:00,-89.27636137029594,0.0,73.24893885169658,0.0,70.44225524430632,0.0,-53.382944401130025,0.0,0
2030-05-06 08:00:00,-82.49563985836674,0.0,63.30200640656032,0.0,60.876459955219545,0.0,-50.08387497501268,0.0,0
2030-05-06 10:00:00,-100.8324770767627,0.0,79.26533775008215,0.0,76.22812345612721,0.0,-60.575727874291054,0.0,0
2030-05-06 12:00:00,-161.96782408348594,40.96782408348594,121.14406544650127,0.0,116.50218164652271,0.0,-96.94597078579905,0.0,1
2030-05-06 14:00:00,-141.83837937031424,20.838379370314243,107.51207898418454,0.0,103.3925327571423,0.0,-85.53786189986106,0.0,1
2030-05-06 16:00:00,-167.6109355660294,46.61093556602941,126.37827774480274,1.3782777448027446,121.53583434511475,0.0,-101.14751745127698,0.0,2
2030-05-06 18:00:00,-138.04741908435014,17.04741908435014,122.16721642392203,0.0,117.48612849182592,0.0,-81.58433214115463,0.0,1
2030-05-06 20:00:00,-172.22250893990164,51.222508939901644,132.31528040734437,7.315280407344375,127.24534855101501,2.245348551015013,-103.40063117142759,0.0,3
2030-05-06 22:00:00,-134.83937502112516,13.839375021125164,96.20479653472424,0.0,92.51851206945693,0.0,-81.38066147519281,0.0,1
2030-05-07 00:00:00,-155.6261158927815,34.62611589278151,124.09438004682838,0.0,119.33944888049618,0.0,-92.40415693833943,0.0,1
2030-05-07 02:00:00,-144.3205116331203,23.320511633120304,110.0427131406909,0.0,105.82620046587864,0.0,-86.66319278763753,0.0,1
2030-05-07 04:00:00,-173.1401748589771,52.140174858977105,141.5345318725267,16.534531872526713,136.11134545216714,11.111345452167143,-102.4019463984612,0.0,3
2030-05-07 06:00:00,-92.89486752977638,0.0,61.02170259931471,0.0,58.68353067402174,0.0,-56.71302544914654,0.0,0
2030-05-07 08:00:00,-153.50113701906218,32.501137019062185,117.6026167020766,0.0,113.09643078787235,0.0,-92.05762440021822,0.0,1
2030-05-07 10:00:00,-99.92042032228514,0.0,75.07830126499749,0.0,72.20152187768363,0.0,-60.222306089192095,0.0,0
2030-05-07 12:00:00,-91.76587992349525,0.0,70.87447021549754,0.0,68.1587692530706,0.0,-55.36810947677716,0.0,0
2030-05-07 14:00:00,-97.8352717284437,0.0,78.25728544241127,0.0,75.25869674401676,0.0,-58.69926310530321,0.0,0
2030-05-07 16:00:00,-125.42344921007683,4.423449210076825,105.33033342815631,0.0,101.2943852652443,0.0,-74.2960465931532,0.0,1
2030-05-07 18:00:00,-158.67229087368224,37.67229087368224,130.0011568676585,5.001156867658494,125.01989540991957,0.019895409919570284,-94.32208965135827,0.0,3
2030-05-07 20:00:00,-195.92687637866854,74.92687637866854,162.56128370993179,37.561283709931786,156.3324140861855,31.33241408618551,-116.00650818234315,0.0,3
2030-05-07 22:00:00,-192.34400504742663,71.34400504742663,173.7569595593156,48.75695955931559,167.0991046100106,42.09910461001061,-111.63861809833976,0.0,3
2030-05-08 00:00:00,-174.1476598275177,53.147659827517714,149.56769397398494,24.567693973984944,143.83670044079727,18.836700440797273,-102.58561201204837,0.0,3
2030-05-08 02:00:00,-106.12596246141756,0.0,92.64749906997868,0.0,89.09751976677141,0.0,-63.37554463251359,0.0,0
2030-05-08 04:00:00,-103.33207882547865,0.0,97.03110172135158,0.0,93.31315567492861,0.0,-61.00799094024386,0.0,0
2030-05-08 06:00:00,-101.66149511436711,0.0,99.11926441133437,0.0,95.32130612059206,0.0,-59.40831061017671,0.0,0
2030-05-08 08:00:00,-106.34922172544265,0.0,101.32120286159676,0.0,97.43887277448836,0.0,-62.27058014154722,0.0,0
2030-05-08 10:00:00,-109.91308272466429,0.0,108.41341262179341,0.0,104.25932994432439,0.0,-63.260917763459354,0.0,0
2030-05-08 12:00:00,-95.68780731651896,0.0,100.71006451542996,0.0,96.85115144985014,0.0,-54.517047789954226,0.0,0
2030-05-08 14:00:00,-27.470190927374034,0.0,48.20450426276496,0.0,46.35744962910552,0.0,-14.16836122869708,0.0,0
2030-05-08 16:00:00,-99.7768931315646,0.0,108.64427423612455,0.0,104.48134562151728,0.0,-56.04627867724787,0.0,0
2030-05-08 18:00:00,-104.00854112011675,0.0,107.9671568996167,0.0,103.83017342712964,0.0,-59.329614080260654,0.0,0
2030-05-08 20:00:00,-63.32254401707944,0.0,67.45080910831662,0.0,64.86629275630747,0.0,-36.84763989931044,0.0,0
2030-05-08 22:00:00,-75.30986514590882,0.0,64.79385935268294,0.0,62.311149490183524,0.0,-45.06481297186795,0.0,0
2030-05-09 00:00:00,-83.1174013477808,0.0,80.32743555875041,0.0,77.24952480480877,0.0,-48.80926043579464,0.0,0
2030-05-09 02:00:00,-62.72721577532563,0.0,65.23491487872636,0.0,62.73530506744539,0.0,-36.761631130228444,0.0,0
2030-05-09 04:00:00,-58.92513650671009,0.0,64.92538786341558,0.0,62.43763821575662,0.0,-33.774115111000306,0.0,0
2030-05-09 06:00:00,-71.44886788983526,0.0,70.35053493542732,0.0,67.65490962986281,0.0,-41.675835559188066,0.0,0
2030-05-09 08:00:00,-4.170556932542408,0.0,17.803187299046037,0.0,17.121021594875213,0.0,-1.73786431970058,0.0,0
2030-05-09 10:00:00,-30.324017835127506,0.0,45.69396130061812,0.0,43.94310327933225,0.0,-15.322748955194427,0.0,0
2030-05-09 12:00:00,-34.80060928360983,0.0,52.13704502971175,0.0,50.13930701580085,0.0,-17.46737901580292,0.0,0
2030-05-09 14:00:00,-58.939484766825856,0.0,72.14561887166315,0.0,69.38121123646043,0.0,-31.932672918522638,0.0,0
2030-05-09 16:00:00,-59.60788650460538,0.0,71.94435734112476,0.0,69.18766145502609,0.0,-32.70418436924452,0.0,0
2030-05-09 18:00:00,-61.77265816546017,0.0,61.72568128499722,0.0,59.360534969794585,0.0,-36.049477027660494,0.0,0
2030-05-09 20:00:00,-78.52674624956049,0.0,69.25098150098594,0.0,66.5974878446747,0.0,-47.11432562400351,0.0,0
2030-05-09 22:00:00,-65.51793630856632,0.0,57.3839506384062,0.0,55.1851666545154,0.0,-39.2576815316314,0.0,0
2030-05-10 00:00:00,-49.66045253462517,0.0,42.05358459735741,0.0,40.4422150898704,0.0,-29.973461102295193,0.0,0
2030-05-10 02:00:00,-62.40691814938702,0.0,49.12427935006727,0.0,47.2419816439416,0.0,-37.629299661464174,0.0,0
2030-05-10 04:00:00,-25.900017672308774,0.0,3.1235237587381413,0.0,3.0038395275618495,0.0,-17.887633514395546,0.0,0
2030-05-10 06:00:00,-45.218016094309704,0.0,27.043380067944348,0.0,26.007157390660176,0.0,-28.771277669717737,0.0,0
2030-05-10 08:00:00,-25.79305155226632,0.0,7.223271280062724,0.0,6.946496798257204,0.0,-17.69089404876248,0.0,0
2030-05-10 10:00:00,-21.82460417817486,0.0,14.642093585578678,0.0,14.081051682600165,0.0,-13.494561748927191,0.0,0
2030-05-10 12:00:00,-19.824441891738097,0.0,14.050022591316324,0.0,13.511667105097667,0.0,-12.143392805782797,0.0,0
2030-05-10 14:00:00,-20.783651835129614,0.0,12.856289764795296,0.0,12.363674604761776,0.0,-13.102491732202669,0.0,0
2030-05-10 16:00:00,-26.612920589753667,0.0,11.535823555658082,0.0,11.093804771782395,0.0,-17.140038319071703,0.0,0
2030-05-10 18:00:00,-24.99624183189648,0.0,11.687850418062729,0.0,11.240006412562222,0.0,-16.219856844136274,0.0,0
2030-05-10 20:00:00,-46.77490949236007,0.0,30.627663180017862,0.0,29.45410133014495,0.0,-28.73784189083197,0.0,0
2030-05-10 22:00:00,-53.99750081634013,0.0,26.669086280856376,0.0,25.647205439140663,0.0,-34.26813404810716,0.0,0
2030-05-11 00:00:00,-70.53453660432689,0.0,49.38199050433147,0.0,47.48981806577333,0.0,-42.230328945500055,0.0,0
2030-05-11 02:00:00,-60.910074137023194,0.0,53.96921170149467,0.0,51.901270456734224,0.0,-35.573483147837436,0.0,0
2030-05-11 04:00:00,-46.449616582848705,0.0,37.467535685539566,0.0,36.03189006573298,0.0,-27.91469534907032,0.0,0
2030-05-11 06:00:00,-63.32661492260796,0.0,50.170645795587504,0.0,48.248254408979776,0.0,-37.768238194230015,0.0,0
2030-05-11 08:00:00,-43.67405824824435,0.0,31.68322551946693,0.0,30.469217629540022,0.0,-26.783882880569838,0.0,0
2030-05-11 10:00:00,-45.43478849841829,0.0,35.53342643261284,0.0,34.17189018312882,0.0,-27.135390919247275,0.0,0
2030-05-11 12:00:00,-43.93699128313748,0.0,39.580490536537155,0.0,38.06388270981789,0.0,-25.740231749794972,0.0,0
2030-05-11 14:00:00,-30.924234412405095,0.0,24.997910162486363,0.0,24.040063867755546,0.0,-18.436912455603995,0.0,0
2030-05-11 16:00:00,-36.24455104677309,0.0,25.4289882614694,0.0,24.45462432357691,0.0,-22.260682758382913,0.0,0
2030-05-11 18:00:00,-54.076415340268724,0.0,37.07101537567901,0.0,35.65056324633292,0.0,-33.02911108849413,0.0,0
2030-05-11 20:00:00,-111.09855242331508,0.0,95.59677609697563,0.0,91.93378918416894,0.0,-64.05820748892248,0.0,0
2030-05-11 22:00:00,-91.43657062614714,0.0,79.6608272298744,0.0,76.60845894383117,0.0,-52.6896683130649,0.0,0
2030-05-12 00:00:00,-66.39487621401612,0.0,54.68846425180813,0.0,52.592963367629224,0.0,-39.06139301195428,0.0,0
2030-05-12 02:00:00,-73.18108236664654,0.0,53.31624038463741,0.0,51.27331907763782,0.0,-43.79920123668778,0.0,0
2030-05-12 04:00:00,-61.66206217797672,0.0,47.48856811595735,0.0,45.66894604690123,0.0,-36.21743064485713,0.0,0
2030-05-12 06:00:00,-35.48815945453873,0.0,29.726333754515522,0.0,28.587308193673866,0.0,-20.740942663583063,0.0,0
2030-05-12 08:00:00,-31.23287643256168,0.0,31.021628801620448,0.0,29.83297134941715,0.0,-16.782760415826562,0.0,0
2030-05-12 10:00:00,-16.897252313468297,0.0,16.984625025313896,0.0,16.33382421668059,0.0,-9.002356608467935,0.0,0
2030-05-12 12:00:00,-33.341559975583344,0.0,27.05523581498826,0.0,26.018558860394428,0.0,-19.339259368467115,0.0,0
2030-05-12 14:00:00,-41.81638838300893,0.0,33.687388027700656,0.0,32.39658653302545,0.0,-24.88569337152113,0.0,0
2030-05-12 16:00:00,-34.5297716194461,0.0,22.806324121618346,0.0,21.932452949415115,0.0,-21.418352467088038,0.0,0
2030-05-12 18:00:00,-34.52686690103704,0.0,15.967692435615911,0.0,15.355857488796644,0.0,-22.548178609861562,0.0,0
2030-05-12 20:00:00,-31.32777066598176,0.0,19.36680332080702,0.0,18.624724455772366,0.0,-19.8086941116792,0.0,0
2030-05-12 22:00:00,-41.79341260166974,0.0,22.037153968289815,0.0,21.192755131037586,0.0,-26.804117505118253,0.0,0
2030-05-13 00:00:00,-50.775154060580746,0.0,35.8088518718016,0.0,34.436762130658224,0.0,-30.914661176633526,0.0,0
2030-05-13 02:00:00,-38.710500907222276,0.0,24.80828441031396,0.0,23.85770401592935,0.0,-24.237225058080078,0.0,0
2030-05-13 04:00:00,-49.28698877935168,0.0,28.866522541139013,0.0,27.760442413717456,0.0,-31.194921052303314,0.0,0
2030-05-13 06:00:00,14.649355419122992,0.0,-12.235059333224251,0.0,-11.766247893709279,0.0,7.854092683153944,0.0,0
2030-05-13 08:00:00,20.191655498874223,0.0,-21.62594331003897,0.0,-20.79730085413215,0.0,10.265049070332372,0.0,0
2030-05-13 10:00:00,-24.404726772066613,0.0,13.613618643258901,0.0,13.09198487105293,0.0,-15.51639784348231,0.0,0
2030-05-13 12:00:00,24.375276959479244,0.0,-17.728290366094093,0.0,-17.048994491810994,0.0,13.973683137839314,0.0,0
2030-05-13 14:00:00,-21.919875289215184,0.0,15.129495471432012,0.0,14.549777763661178,0.0,-13.491587944308518,0.0,0
2030-05-13 16:00:00,-18.719870660829134,0.0,11.633791642774671,0.0,11.188019010331793,0.0,-11.589824933931137,0.0,0
2030-05-13 18:00:00,-16.85288052796045,0.0,2.1897729827631354,0.0,2.1058673312823863,0.0,-11.840834334405177,0.0,0
2030-05-13 20:00:00,22.16436479979862,0.0,-29.614091693429145,0.0,-28.479366917798167,0.0,10.523542336072989,0.0,0
2030-05-13 22:00:00,-21.376363321517736,0.0,0.8670879653126731,0.0,0.8338637081895497,0.0,-15.221292748500101,0.0,0
2030-05-14 00:00:00,-27.36026869646061,0.0,10.776818487620758,0.0,10.363882542565436,0.0,-18.16807020654773,0.0,0
2030-05-14 02:00:00,-36.36999387855057,0.0,13.246484297370156,0.0,12.738918032031389,0.0,-24.293036171119493,0.0,0
2030-05-14 04:00:00,-37.0996233756867,0.0,14.927394396695899,0.0,14.355420606890162,0.0,-24.537172480734252,0.0,0
2030-05-14 06:00:00,-33.96356622421115,0.0,14.917959470776477,0.0,14.34634719954461,0.0,-22.18120460170198,0.0,0
2030-05-14 08:00:00,-37.23487958136111,0.0,2.6217474460437327,0.0,2.521289805361379,0.0,-25.559267506498337,0.0,0
2030-05-14 10:00:00,-27.913672952884163,0.0,7.174314389657983,0.0,6.899415791707229,0.0,-19.03479422662704,0.0,0
2030-05-14 12:00:00,-29.618502859539376,0.0,6.933184522423071,0.0,6.667525310820116,0.0,-20.03521331941087,0.0,0
2030-05-14 14:00:00,-26.901653633376405,0.0,11.647753486756358,0.0,11.201445877571853,0.0,-17.447914330516497,0.0,0
2030-05-14 16:00:00,29.51035012932984,0.0,-23.262385275329695,0.0,-22.37103918288657,0.0,16.998399968047032,0.0,0
2030-05-14 18:00:00,-19.62740775406199,0.0,6.471954966144683,0.0,6.223968712746196,0.0,-13.02335075781389,0.0,0
2030-05-14 20:00:00,-19.633655158830358,0.0,2.1046770904757004,0.0,2.0240320629669126,0.0,-13.89423909462629,0.0,0
2030-05-14 22:00:00,-17.01569507304967,0.0,-18.74384283037583,0.0,-18.025633976619858,0.0,-14.658521438865344,0.0,0
2030-05-15 00:00:00,-17.60962159168558,0.0,-0.670615194720817,0.0,-0.6449191955241238,0.0,-12.697377087275768,0.0,0
2030-05-15 02:00:00,-14.690832524752048,0.0,-9.198546950375517,0.0,-8.846085722374667,0.0,-11.381198217648189,0.0,0
2030-05-15 04:00:00,-30.676077204048134,0.0,16.341819640107236,0.0,15.715649240674088,0.0,-19.501400551136133,0.0,0
2030-05-15 06:00:00,21.14376853380159,0.0,-28.187682215674577,0.0,-27.10761325023551,0.0,10.000046235492498,0.0,0
2030-05-15 08:00:00,-19.31176437165113,0.0,6.575794846172997,0.0,6.3238297543963435,0.0,-12.878948850318134,0.0,0
2030-05-15 10:00:00,-12.002385367552229,0.0,-7.98138071141334,0.0,-7.675557708947446,0.0,-9.873306939228879,0.0,0
2030-05-15 12:00:00,-22.023726267392618,0.0,3.2479613140526746,0.0,3.1235090022445178,0.0,-15.507196126675597,0.0,0
2030-05-15 14:00:00,-17.96220439848146,0.0,9.69929138291575,0.0,9.327643103029432,0.0,-11.446388775309238,0.0,0
2030-05-15 16:00:00,31.601631808669303,0.0,-33.69950467190102,0.0,-32.40823890310548,0.0,16.56421239688096,0.0,0
2030-05-15 18:00:00,-18.602172083973713,0.0,1.1856758401312026,0.0,1.1402442339353929,0.0,-13.276699398264704,0.0,0
2030-05-15 20:00:00,-25.83033827913098,0.0,6.389664195783388,0.0,6.144831082346209,0.0,-17.692766114894976,0.0,0
2030-05-15 22:00:00,-60.444544907879816,0.0,32.95148207335411,0.0,31.688878327493008,0.0,-38.33891604821099,0.0,0
2030-05-16 00:00:00,-66.86937373749649,0.0,63.19391645133158,0.0,60.77251168873373,0.0,-39.471757444490294,0.0,0
2030-05-16 02:00:00,-111.78758338979392,0.0,80.68910330750705,0.0,77.59733451060038,0.0,-67.84323710152361,0.0,0
2030-05-16 04:00:00,-115.31144832252926,0.0,96.12546207755699,0.0,92.44221747503602,0.0,-67.95771632732333,0.0,0
2030-05-16 06:00:00,-150.1461829844712,29.14618298447121,134.39346754520375,9.393467545203748,129.24390567833274,4.243905678332737,-87.67982192864464,0.0,3
2030-05-16 08:00:00,-156.97626051491864,35.976260514918636,140.94744283969004,15.94744283969004,135.5467519420011,10.546751942001094,-91.20155659895839,0.0,3
2030-05-16 10:00:00,-107.73800049033815,0.0,114.30362734621329,0.0,109.92384898809416,0.0,-60.758291626415826,0.0,0
2030-05-16 12:00:00,-158.38816847549037,37.388168475490374,137.28299384774795,12.282993847747946,132.0227138430635,7.022713843063514,-92.79006713502666,0.0,3
2030-05-16 14:00:00,-158.70109802152692,37.70109802152692,144.8617677865812,19.861767786581197,139.31109148521705,14.311091485217048,-91.71632802815995,0.0,3
2030-05-16 16:00:00,-165.4668387855047,44.466838785504706,146.48284213825013,21.482842138250135,140.87005104204397,15.870051042043968,-96.221738617658,0.0,3
2030-05-16 18:00:00,-153.29872634178608,32.29872634178608,117.91131670911508,0.0,113.3933023198103,0.0,-91.36953958982623,0.0,1
2030-05-16 20:00:00,-110.0786218267012,0.0,87.85924883529648,0.0,84.49274117894794,0.0,-65.97688221807117,0.0,0
2030-05-16 22:00:00,-90.03233979673868,0.0,71.01698523353741,0.0,68.29582351534788,0.0,-54.038631438337134,0.0,0
2030-05-17 00:00:00,-51.59811553644778,0.0,30.639325263218687,0.0,29.465316556664135,0.0,-32.98134846246166,0.0,0
2030-05-17 02:00:00,-56.747822341520724,0.0,40.54226438715519,0.0,38.98880421905231,0.0,-34.66015479089979,0.0,0
2030-05-17 04:00:00,-44.72917202990162,0.0,28.525422884543143,0.0,27.432412691371344,0.0,-28.2011645090074,0.0,0
2030-05-17 06:00:00,1.5169895249537182,0.0,6.881998042410007,0.0,6.6183001459691075,0.0,1.243355075464053,0.0,0
2030-05-17 08:00:00,-26.928101480542104,0.0,23.954643169138823,0.0,23.03677179301108,0.0,-15.878125385044008,0.0,0
2030-05-17 10:00:00,-26.790051184069757,0.0,20.003190336481932,0.0,19.23672699526444,0.0,-16.460773620004186,0.0,0
2030-05-17 12:00:00,-24.884276394337846,0.0,14.302946016288184,0.0,13.75489924932294,0.0,-15.883332527536476,0.0,0
2030-05-17 14:00:00,-25.503671427594952,0.0,24.658320028656814,0.0,23.713485827709,0.0,-14.431405404413262,0.0,0
2030-05-17 16:00:00,-29.97249721205067,0.0,25.198916749388907,0.0,24.233368474243363,0.0,-17.365369563130038,0.0,0
2030-05-17 18:00:00,-26.19600928654655,0.0,7.557990167447261,0.0,7.2683902436758325,0.0,-17.80847626617229,0.0,0
2030-05-17 20:00:00,-23.12085207771093,0.0,5.324202545700827,0.0,5.120194784746121,0.0,-16.062382869362487,0.0,0
2030-05-17 22:00:00,-31.184392073069453,0.0,18.6067193386978,0.0,17.893764653293196,0.0,-19.649687896198813,0.0,0
2030-05-18 00:00:00,-24.53672977018669,0.0,6.610099473999469,0.0,6.35681992991689,0.0,-16.58118028104422,0.0,0
2030-05-18 02:00:00,-22.735916553632265,0.0,3.9424771076370693,0.0,3.79141299607476,0.0,-15.84635495290443,0.0,0
2030-05-18 04:00:00,-22.83194601087578,0.0,5.706710124953178,0.0,5.488045800105267,0.0,-15.527800922514853,0.0,0
2030-05-18 06:00:00,-26.095761417115483,0.0,12.887851059260857,0.0,12.394026563376384,0.0,-16.964562939489035,0.0,0
2030-05-18 08:00:00,-25.20868969695551,0.0,11.595657743558888,0.0,11.15134628982372,0.0,-16.42781636062184,0.0,0
2030-05-18 10:00:00,-18.14854260068642,0.0,4.825374563820808,0.0,4.640480422006414,0.0,-12.512380787193997,0.0,0
2030-05-18 12:00:00,-18.49748404206062,0.0,15.521019829764342,0.0,14.92630006168175,0.0,-10.878869663117182,0.0,0
2030-05-18 14:00:00,-14.43749774213676,0.0,4.147624871179545,0.0,3.988700101510008,0.0,-9.147734783774904,0.0,0
2030-05-18 16:00:00,-14.653460819382007,0.0,9.392862977246594,0.0,9.032956131386698,0.0,-8.782464816167108,0.0,0
2030-05-18 18:00:00,-16.33363285735723,0.0,3.1386768239786265,0.0,3.0184119719704365,0.0,-11.416969867457711,0.0,0
2030-05-18 20:00:00,30.432825381768332,0.0,-39.34525725017819,0.0,-37.8376628701939,0.0,15.112678731176944,0.0,0
2030-05-18 22:00:00,24.757803471603296,0.0,-21.752528086454284,0.0,-20.919035274726873,0.0,13.759682076272316,0.0,0
2030-05-19 00:00:00,-17.908795054000162,0.0,-0.7400682142219797,0.0,-0.7117109798678234,0.0,-13.066357326021933,0.0,0
2030-05-19 02:00:00,-23.280745054244566,0.0,12.840095518229038,0.0,12.348100874029473,0.0,-14.895417195467683,0.0,0
2030-05-19 04:00:00,-20.737410432819637,0.0,0.6747145070027338,0.0,0.6488614342326153,0.0,-14.895391851647165,0.0,0
2030-05-19 06:00:00,-23.680287101077717,0.0,6.817200942922416,0.0,6.55598588049642,0.0,-16.042644492940134,0.0,0
2030-05-19 08:00:00,21.101779105184495,0.0,-19.11988458711111,0.0,-18.38726692073797,0.0,11.466448009014204,0.0,0
2030-05-19 10:00:00,25.675807665803447,0.0,-23.445405120510117,0.0,-22.547046246621303,0.0,14.62096939855632,0.0,0
2030-05-19 12:00:00,-27.63492740892596,0.0,13.778469467513094,0.0,13.250519097232734,0.0,-17.597010121364736,0.0,0
2030-05-19 14:00:00,-25.266757980586934,0.0,10.349203293897645,0.0,9.952652303673169,0.0,-16.564611853832083,0.0,0
2030-05-19 16:00:00,-25.995396638068957,0.0,16.912445073887625,0.0,16.26440998841187,0.0,-16.237549087918197,0.0,0
2030-05-19 18:00:00,-28.382167651917676,0.0,19.32433183324551,0.0,18.583880350529157,0.0,-17.524003821062553,0.0,0
2030-05-19 20:00:00,-41.96943344384162,0.0,28.604380464621304,0.0,27.508344849523116,0.0,-25.94277355180684,0.0,0
2030-05-19 22:00:00,-71.00300861868979,0.0,63.885552049151,0.0,61.43764584741797,0.0,-40.75408801676578,0.0,0
2030-05-20 00:00:00,-34.58276543458675,0.0,12.89414310922075,0.0,12.400077520512902,0.0,-22.61510342536748,0.0,0
2030-05-20 02:00:00,-44.91083904900189,0.0,26.924613869883213,0.0,25.89294196352409,0.0,-28.022642518995443,0.0,0
2030-05-20 04:00:00,-42.36697903850701,0.0,29.856422135289286,0.0,28.71241197082667,0.0,-25.811043195927603,0.0,0
2030-05-20 06:00:00,2.804271593525101,0.0,0.5202083889303897,0.0,0.5002755355604158,0.0,1.7084383307514035,0.0,0
2030-05-20 08:00:00,-50.75601153746294,0.0,48.66267070999402,0.0,46.79806048744732,0.0,-28.524900247450883,0.0,0
2030-05-20 10:00:00,-86.69208341274113,0.0,82.16620422466528,0.0,79.0178372709028,0.0,-49.511216953252806,0.0,0
2030-05-20 12:00:00,-122.77104265313524,1.7710426531352397,116.24907353746084,0.0,111.79475141093155,0.0,-70.49220070437333,0.0,1
2030-05-20 14:00:00,-114.02185863636808,0.0,96.0834328035202,0.0,92.40179863899766,0.0,-67.0392438642192,0.0,0
2030-05-20 16:00:00,-97.81201399651673,0.0,100.84075287281213,0.0,96.97683221427476,0.0,-55.18300445021487,0.0,0
2030-05-20 18:00:00,-84.10507840187466,0.0,92.01282653987147,0.0,88.4871660188096,0.0,-47.100577228359874,0.0,0
2030-05-20 20:00:00,-98.14517868886615,0.0,93.90889824636203,0.0,90.31058584173057,0.0,-55.89883027482176,0.0,0
2030-05-20 22:00:00,-108.17641764430037,0.0,100.3550400550787,0.0,96.50973048121779,0.0,-62.323552317334716,0.0,0
2030-05-21 00:00:00,-124.54124298373077,3.5412429837307684,121.76542901299304,0.0,117.09973639115793,0.0,-70.43323120869552,0.0,1
2030-05-21 02:00:00,-120.2148898719228,0.0,122.6317215046486,0.0,117.93283510589802,0.0,-67.36485617428055,0.0,0
2030-05-21 04:00:00,-139.50958796379592,18.509587963795923,141.1784998731659,16.17849987316589,135.76895555045266,10.76895555045266,-78.32921050676156,0.0,3
2030-05-21 06:00:00,-137.5459326689752,16.54593266897521,144.03490193572458,19.034901935724577,138.51590869851793,13.515908698517933,-76.70533476605762,0.0,3
2030-05-21 08:00:00,-135.529758496133,14.529758496133013,136.47091828495013,11.47091828495013,131.24175462414448,6.241754624144477,-76.32429945793474,0.0,3
2030-05-21 10:00:00,-122.01967717556789,1.0196771755678924,122.8894810723552,0.0,118.18071808611191,0.0,-68.26406114681252,0.0,1
2030-05-21 12:00:00,-117.38336250596332,0.0,118.14260836069877,0.0,113.61573155649472,0.0,-65.56454424099107,0.0,0
2030-05-21 14:00:00,-83.66717376090241,0.0,98.55473987519952,0.0,94.77841250207028,0.0,-45.06251277826121,0.0,0
2030-05-21 16:00:00,-128.01657470640586,7.016574706405862,126.54076043759423,1.5407604375942299,121.6920911796548,0.0,-71.75418770545299,0.0,2
2030-05-21 18:00:00,-92.51518473723448,0.0,104.48248803295701,0.0,100.47902680855377,0.0,-50.291454756341146,0.0,0
2030-05-21 20:00:00,-143.16871179403893,22.168711794038927,141.52311021909014,16.523110219090142,136.1003614428516,11.100361442851607,-80.43177187996383,0.0,3
2030-05-21 22:00:00,-127.25371897538642,6.25371897538642,123.63217014424417,0.0,118.8949495000997,0.0,-71.5070500275398,0.0,1
2030-05-22 00:00:00,-85.89209644144681,0.0,100.30527861551045,0.0,96.46187575345867,0.0,-46.300636350438715,0.0,0
2030-05-22 02:00:00,-120.65793069373963,0.0,119.52214498287917,0.0,114.9424083982611,0.0,-67.22012312765013,0.0,0
2030-05-22 04:00:00,-133.94971047285438,12.949710472854377,133.4061471927703,8.406147192770305,128.29441653399414,3.294416533994138,-74.65383450957745,0.0,3
2030-05-22 06:00:00,-139.7677632552116,18.767763255211605,138.49803380246442,13.49803380246442,133.19119704519514,8.191197045195139,-78.04102240605535,0.0,3
2030-05-22 08:00:00,-129.3433109842989,8.34331098429891,119.30890750388932,0.0,114.73734155144885,0.0,-73.4216776799272,0.0,1
2030-05-22 10:00:00,-82.59089600260614,0.0,75.61439625126022,0.0,72.71707528295505,0.0,-46.5629042334962,0.0,0
2030-05-22 12:00:00,-101.73457531405172,0.0,100.2269719973111,0.0,96.38656961424357,0.0,-56.60666161752759,0.0,0
2030-05-22 14:00:00,-23.717538094252575,0.0,37.38694741597381,0.0,35.954389701312195,0.0,-11.28196914413229,0.0,0
2030-05-22 16:00:00,-86.28838449749836,0.0,83.37334275219283,0.0,80.17872180526439,0.0,-48.477643823250624,0.0,0
2030-05-22 18:00:00,-137.17796939489966,16.177969394899662,134.34331057084688,9.343310570846882,129.19567057151332,4.195670571513318,-77.50273755491133,0.0,3
2030-05-22 20:00:00,-61.63627059603267,0.0,76.13856417107202,0.0,73.22115863183495,0.0,-32.671799584352655,0.0,0
2030-05-22 22:00:00,-108.5450009847432,0.0,108.19201485047456,0.0,104.04641548355187,0.0,-60.98393900986229,0.0,0
2030-05-23 00:00:00,-116.13499533070011,0.0,127.60205649953747,2.6020564995374684,122.71272150218496,0.0,-64.3761091619446,0.0,1
2030-05-23 02:00:00,-99.27362992359798,0.0,116.76414007910448,0.0,112.2900821196497,0.0,-54.438843321102915,0.0,0
2030-05-23 04:00:00,-108.85521828213368,0.0,121.22823669997742,0.0,116.58312770546296,0.0,-60.19782172897828,0.0,0
2030-05-23 06:00:00,-105.15312836633339,0.0,124.43101674379639,0.0,119.66318665068326,0.0,-57.57167145490314,0.0,0
2030-05-23 08:00:00,-31.561268080063392,0.0,63.76510780570968,0.0,61.32181667265844,0.0,-14.5923294405828,0.0,0
2030-05-23 10:00:00,1.2307738681697757,0.0,29.566821259710263,0.0,28.433907747880628,0.0,3.5990275611103018,0.0,0
2030-05-23 12:00:00,-55.14257608070774,0.0,81.31626573287625,0.0,78.20046591891938,0.0,-28.5567368840211,0.0,0
2030-05-23 14:00:00,-0.51663916965739,0.0,39.84360667047521,0.0,38.316917008421036,0.0,3.7571497113897667,0.0,0
2030-05-23 16:00:00,-58.985801558147465,0.0,79.80552858544321,0.0,76.74761576962251,0.0,-31.29407636991177,0.0,0
2030-05-23 18:00:00,-58.87580997167022,0.0,77.20376090202934,0.0,74.24554016123038,0.0,-31.757406744863957,0.0,0
2030-05-23 20:00:00,-106.20179550580787,0.0,119.80335855894947,0.0,115.21284669831368,0.0,-58.56339589394868,0.0,0
2030-05-23 22:00:00,-103.27344799284882,0.0,116.88283641101218,0.0,112.4042303576978,0.0,-56.96829906496832,0.0,0
2030-05-24 00:00:00,-111.36139321868623,0.0,122.3166275481833,0.0,117.62981462184419,0.0,-62.369845098950115,0.0,0
2030-05-24 02:00:00,-104.4915192344716,0.0,110.09395796670503,0.0,105.87548174108375,0.0,-59.45950660871474,0.0,0
2030-05-24 04:00:00,-108.2997347848749,0.0,114.40972321789476,0.0,110.02587957844128,0.0,-61.45156832070526,0.0,0
2030-05-24 06:00:00,-114.38129613279605,0.0,105.45778609897913,0.0,101.41695432508938,0.0,-66.41035251349464,0.0,0
2030-05-24 08:00:00,-107.79273189623697,0.0,100.31432757038093,0.0,96.47057797902897,0.0,-63.09609977123022,0.0,0
2030-05-24 10:00:00,-75.50374389978218,0.0,58.53643513798837,0.0,56.293491342317935,0.0,-45.72849238174251,0.0,0
2030-05-24 12:00:00,-83.23861105315174,0.0,68.65062052482247,0.0,66.02013093296236,0.0,-49.861479685670915,0.0,0
2030-05-24 14:00:00,-93.52966615913701,0.0,77.46883599567175,0.0,74.50045835797144,0.0,-55.48607335052958,0.0,0
2030-05-24 16:00:00,-50.0333511891677,0.0,40.07141555635586,0.0,38.53599692872683,0.0,-30.46327328530102,0.0,0
2030-05-24 18:00:00,-69.38783139984369,0.0,45.5209266333451,0.0,43.77669879089537,0.0,-43.15816888054106,0.0,0
2030-05-24 20:00:00,-38.471802923546875,0.0,36.417735852290264,0.0,35.02231547027172,0.0,-23.38473110997812,0.0,0
2030-05-24 22:00:00,-66.09535933147612,0.0,50.11665073405041,0.0,48.196328279177045,0.0,-41.15497736063815,0.0,0
2030-05-25 00:00:00,-88.25980138857383,0.0,72.08717260929464,0.0,69.3250044627328,0.0,-53.46170593752928,0.0,0
2030-05-25 02:00:00,-88.74918301681151,0.0,72.4085197094293,0.0,69.6340384884069,0.0,-53.82555755402412,0.0,0
2030-05-25 04:00:00,-80.8389683969084,0.0,59.355650847959154,0.0,57.081317118999124,0.0,-49.82502032209712,0.0,0
2030-05-25 06:00:00,-66.73859420085569,0.0,42.41336963665806,0.0,40.78821422608739,0.0,-42.20537090709156,0.0,0
2030-05-25 08:00:00,-66.45301148261825,0.0,47.890678321609364,0.0,46.05564857374907,0.0,-41.10663766923888,0.0,0
2030-05-25 10:00:00,-28.563246630030566,0.0,28.505058892884406,0.0,27.412828987897846,0.0,-17.329735592129538,0.0,0
2030-05-25 12:00:00,-72.59842142059264,0.0,48.221390717192946,0.0,46.37368904433288,0.0,-44.529124667994935,0.0,0
2030-05-25 14:00:00,-65.2680347546526,0.0,47.725339909059514,0.0,45.896645442220986,0.0,-39.64273842330818,0.0,0
2030-05-25 16:00:00,-57.57998712637839,0.0,39.208535838464414,0.0,37.706180220311396,0.0,-35.839676239802856,0.0,0
2030-05-25 18:00:00,-36.24397853755723,0.0,20.056244604795054,0.0,19.28774838026872,0.0,-23.662477856936583,0.0,0
2030-05-25 20:00:00,-113.196618059264,0.0,86.73099744611045,0.0,83.40772106012139,0.0,-68.68429647576457,0.0,0
2030-05-25 22:00:00,-115.58790092145978,0.0,97.21748960081872,0.0,93.49240171979582,0.0,-69.18752302683207,0.0,0
2030-05-26 00:00:00,-137.75158732291686,16.751587322916862,126.95253722665674,1.9525372266567445,122.08808989490663,0.0,-80.7082883654685,0.0,2
2030-05-26 02:00:00,-117.03090895207143,0.0,115.85643589417407,0.0,111.41715848575733,0.0,-67.54948177039695,0.0,0
2030-05-26 04:00:00,-131.80987973985293,10.809879739852931,130.94677144204056,5.946771442040557,125.92927681879198,0.9292768187919762,-74.39262339223458,0.0,3
2030-05-26 06:00:00,-91.17415496224586,0.0,103.72345497207111,0.0,99.74907765909171,0.0,-50.71516142183455,0.0,0
2030-05-26 08:00:00,-63.74514731641976,0.0,81.11655355392193,0.0,78.00840612247957,0.0,-33.93015720014189,0.0,0
2030-05-26 10:00:00,-55.97878843747778,0.0,79.41648559900881,0.0,76.37347976463661,0.0,-28.610625616382197,0.0,0
2030-05-26 12:00:00,-99.21729201343766,0.0,106.82790606738112,0.0,102.73457533151606,0.0,-54.948448089434166,0.0,0
2030-05-26 14:00:00,-86.83176372996562,0.0,95.27391307122713,0.0,91.62329731868583,0.0,-48.0914633673273,0.0,0
2030-05-26 16:00:00,-96.15204227253597,0.0,96.93845752240853,0.0,93.2240613288378,0.0,-54.45006729523336,0.0,0
2030-05-26 18:00:00,-107.38671413887661,0.0,109.5176350593776,0.0,105.32124183020537,0.0,-60.28831184525445,0.0,0
2030-05-26 20:00:00,-108.24450318604288,0.0,110.81916636480233,0.0,106.57290228921647,0.0,-60.77206375792903,0.0,0
2030-05-26 22:00:00,-129.97632109246726,8.97632109246726,131.06368060531742,6.0636806053174155,126.04170636724751,1.0417063672475138,-72.86522338575631,0.0,3
2030-05-27 00:00:00,-134.0508247223031,13.050824722303105,134.272212461592,9.272212461592005,129.12729673241023,4.12729673241023,-75.22163746414749,0.0,3
2030-05-27 02:00:00,-120.34997966995653,0.0,127.14173427455017,2.141734274550174,122.27003746913925,0.0,-66.72020995701008,0.0,1
2030-05-27 04:00:00,-132.85138082475586,11.851380824755864,131.43795430683457,6.43795430683457,126.40163900281632,1.4016390028163244,-74.89164808645737,0.0,3
2030-05-27 06:00:00,-82.49199708594091,0.0,97.72522188122481,0.0,93.98067919456629,0.0,-44.412312592488945,0.0,0
2030-05-27 08:00:00,-125.53401831550201,4.53401831550201,126.6423829871527,1.6423829871527005,121.78981985240836,0.0,-70.19402294111858,0.0,2
2030-05-27 10:00:00,-123.82470601724255,2.8247060172425478,124.36960562289906,0.0,119.60412862307356,0.0,-69.33303818750704,0.0,1
2030-05-27 12:00:00,-79.95551968849585,0.0,94.704728061114,0.0,91.07592180182266,0.0,-43.05318624047005,0.0,0
2030-05-27 14:00:00,-132.42003292384163,11.420032923841632,131.2444146160727,6.244414616072703,126.21551518300001,1.215515183000008,-74.40766303409661,0.0,3
2030-05-27 16:00:00,-124.21935839649632,3.219358396496318,118.89860100237871,0.0,114.34275678666026,0.0,-69.95502208663271,0.0,1
2030-05-27 18:00:00,-117.8166081880091,0.0,110.27264638457635,0.0,106.04732334504719,0.0,-66.50657335413615,0.0,0
2030-05-27 20:00:00,-81.6226908340339,0.0,92.87605153870486,0.0,89.3173147780183,0.0,-44.41714249026986,0.0,0
2030-05-27 22:00:00,-129.3476444888467,8.347644488846697,125.0333073505249,0.03330735052489331,120.24239925520061,0.0,-72.81727070050826,0.0,2
2030-05-28 00:00:00,-139.0343233107327,18.034323310732702,134.52589715268485,9.525897152684848,129.3712609732808,4.371260973280812,-78.7009771953385,0.0,3
2030-05-28 02:00:00,-139.70423429616855,18.70423429616855,135.96326709743232,10.963267097432322,130.75355513502143,5.753555135021429,-78.95782859995374,0.0,3
2030-05-28 04:00:00,-141.08916449136953,20.08916449136953,133.59418771940094,8.594187719400935,128.47525190145257,3.475251901452566,-80.42474776648685,0.0,3
2030-05-28 06:00:00,-83.88956715549797,0.0,90.34977974510733,0.0,86.88784227929185,0.0,-46.19625089192293,0.0,0
2030-05-28 08:00:00,-116.44958692575975,0.0,106.6649556280386,0.0,102.57786867309503,0.0,-65.52371012397329,0.0,0
2030-05-28 10:00:00,-81.9738079425865,0.0,94.53289032766003,0.0,90.91066838422611,0.0,-44.10610459119889,0.0,0
2030-05-28 12:00:00,-133.9295886727718,12.929588672771814,132.18357496866832,7.183574968668324,127.11868967685614,2.1186896768561354,-75.07985547173374,0.0,3
2030-05-28 14:00:00,-137.43521407489467,16.435214074894674,135.90455159189617,10.904551591896166,130.69708943473125,5.697089434731254,-77.20330214219376,0.0,3
2030-05-28 16:00:00,-151.27996999627365,30.27996999627365,148.8977846322779,23.897784632277904,143.1924600520782,18.19246005207819,-84.77360989401126,0.0,3
2030-05-28 18:00:00,-190.24349841640768,69.24349841640768,181.41500404571866,56.41500404571866,174.4637153858153,49.463715385815306,-108.67558424565219,0.0,3
2030-05-28 20:00:00,-201.69147087584588,80.69147087584588,185.3052642193347,60.3052642193347,178.20491224699373,53.20491224699373,-116.23400724909064,0.0,3
2030-05-28 22:00:00,-190.6102200280428,69.61022002804279,176.69403822037742,51.69403822037742,169.9236430669297,44.92364306692971,-109.54981783204569,0.0,3
2030-05-29 00:00:00,-171.41167636968484,50.41167636968484,161.38374520540702,36.383745205407024,155.19999538912174,30.19999538912174,-98.49696718416523,0.0,3
2030-05-29 02:00:00,-166.0528420998307,45.05284209983071,157.6315659891124,32.6315659891124,151.59158862964992,26.59158862964992,-95.0341223931426,0.0,3
2030-05-29 04:00:00,-132.46820569194674,11.468205691946736,117.33815922428897,0.0,112.8421065417656,0.0,-77.33356496913301,0.0,1
2030-05-29 06:00:00,-128.1982471412369,7.198247141236891,105.59930247306829,0.0,101.5530482085106,0.0,-75.94145420832342,0.0,1
2030-05-29 08:00:00,-147.74344154386534,26.743441543865345,132.18720901721247,7.187209017212467,127.12218447936294,2.122184479362943,-86.24400802753986,0.0,3
2030-05-29 10:00:00,-88.21247315778979,0.0,91.57606746390388,0.0,88.06714226431052,0.0,-50.48486026169886,0.0,0
2030-05-29 12:00:00,-107.32573605267062,0.0,84.92454625068534,0.0,81.6704877542279,0.0,-64.12669542070837,0.0,0
2030-05-29 14:00:00,-35.66965550895109,0.0,21.998576997916185,0.0,21.15565631655354,0.0,-22.14596576327001,0.0,0
2030-05-29 16:00:00,-63.6018108413997,0.0,40.9433246479201,0.0,39.37449703180901,0.0,-38.88069701919354,0.0,0
2030-05-29 18:00:00,-34.93480844212423,0.0,13.454596014942826,0.0,12.939055521507786,0.0,-22.911442594814453,0.0,0
2030-05-29 20:00:00,-57.10059630278586,0.0,31.755253057079486,0.0,30.538485284043453,0.0,-35.42953119589835,0.0,0
2030-05-29 22:00:00,-44.96385958396441,0.0,31.451058499798282,0.0,30.24594656629739,0.0,-26.914127710844973,0.0,0
2030-05-30 00:00:00,-26.776532086086902,0.0,20.43557826282199,0.0,19.652547089716162,0.0,-15.930633531771683,0.0,0
2030-05-30 02:00:00,-28.067913127097416,0.0,18.508139030898498,0.0,17.798961652554574,0.0,-17.090716261891085,0.0,0
2030-05-30 04:00:00,-46.38348884899611,0.0,40.822284678978065,0.0,39.25809495799543,0.0,-26.963154236425986,0.0,0
2030-05-30 06:00:00,-57.27306361119541,0.0,57.96476803151335,0.0,55.74372883571539,0.0,-32.42090773263488,0.0,0
2030-05-30 08:00:00,-23.61542903079282,0.0,18.47566930930931,0.0,17.767736075068314,0.0,-13.922717670375201,0.0,0
2030-05-30 10:00:00,41.834340955350825,0.0,-28.725589965153752,0.0,-27.624909958975792,0.0,25.246649408771322,0.0,0
2030-05-30 12:00:00,-33.1519624978592,0.0,37.88081478192558,0.0,36.42933352431619,0.0,-17.55019968179607,0.0,0
2030-05-30 14:00:00,-43.651162805818,0.0,48.58121940496594,0.0,46.71973015654136,0.0,-23.687841023830448,0.0,0
2030-05-30 16:00:00,-53.22355792041283,0.0,42.50972079829154,0.0,40.88087349497608,0.0,-31.3393406286773,0.0,0
2030-05-30 18:00:00,-58.460627830293674,0.0,41.88937781274508,0.0,40.284300225630176,0.0,-35.54946969491081,0.0,0
2030-05-30 20:00:00,-60.45804749896746,0.0,45.098631795696086,0.0,43.37058504770174,0.0,-36.09583477081555,0.0,0
2030-05-30 22:00:00,-58.95678437931943,0.0,50.24996672241568,0.0,48.32453599150428,0.0,-34.68035467922506,0.0,0
2030-05-31 00:00:00,-75.6038498109814,0.0,57.56232283020312,0.0,55.356704149256316,0.0,-45.93186989356605,0.0,0
2030-05-31 02:00:00,-64.37697071751214,0.0,43.92724837260795,0.0,42.24408558748178,0.0,-39.8073948468096,0.0,0
2030-05-31 04:00:00,-94.3485568837084,0.0,76.94344447888072,0.0,73.9951982967449,0.0,-56.10788243454924,0.0,0
2030-05-31 06:00:00,-35.81932108622009,0.0,37.03323911184238,0.0,35.61423445766965,0.0,-21.000945422678384,0.0,0
2030-05-31 08:00:00,-50.90512326795947,0.0,29.514757685818424,0.0,28.38383909680515,0.0,-31.50271371750904,0.0,0
2030-05-31 10:00:00,-17.496433426073157,0.0,20.410927502602625,0.0,19.628840874028167,0.0,-9.93145992854745,0.0,0
2030-05-31 12:00:00,-8.947410452823128,0.0,7.232107826546367,0.0,6.954994754304602,0.0,-5.85579920239226,0.0,0
2030-05-31 14:00:00,-72.59897712437754,0.0,52.094722631457344,0.0,50.0986062872017,0.0,-44.00158929191652,0.0,0
2030-05-31 16:00:00,-108.55325192680863,0.0,84.13912726525547,0.0,80.91516371113977,0.0,-64.96592979648722,0.0,0
2030-05-31 18:00:00,-128.24733758060393,7.247337580603926,91.59803771648548,0.0,88.08827068151885,0.0,-77.95299864680412,0.0,1
2030-05-31 20:00:00,-96.96814411517656,0.0,75.94875071090155,0.0,73.03861826442832,0.0,-58.07948734522106,0.0,0
2030-05-31 22:00:00,-88.39757231317238,0.0,56.04995461422354,0.0,53.902285429155626,0.0,-54.57955578316243,0.0,0
2030-06-01 00:00:00,-71.05447371847579,0.0,47.56963998535076,0.0,45.74691148102855,0.0,-42.98612373710238,0.0,0
2030-06-01 02:00:00,-34.60590133945767,0.0,7.949741398978462,0.0,7.645130721782484,0.0,-23.24099563554488,0.0,0
2030-06-01 04:00:00,-37.351905094787426,0.0,22.983324691841904,0.0,22.10267137908164,0.0,-23.20922662769836,0.0,0
2030-06-01 06:00:00,-28.557536544370222,0.0,14.041305776214564,0.0,13.503284292678247,0.0,-18.485345884439663,0.0,0
2030-06-01 08:00:00,-22.07695563598751,0.0,6.5130528803167165,0.0,6.26349187588686,0.0,-14.682197733388145,0.0,0
2030-06-01 10:00:00,-21.838256578093343,0.0,10.646382016505747,0.0,10.238444012868122,0.0,-14.125718338472915,0.0,0
2030-06-01 12:00:00,27.492039283507975,0.0,-21.206138905121044,0.0,-20.39358211762204,0.0,15.760970682731703,0.0,0
2030-06-01 14:00:00,-21.66023808638341,0.0,8.320703711938986,0.0,8.001878851451476,0.0,-14.07360855216035,0.0,0
2030-06-01 16:00:00,-21.87605713388209,0.0,10.21943944957753,0.0,9.827860627692893,0.0,-14.230924500437636,0.0,0
2030-06-01 18:00:00,-19.92018785866786,0.0,-4.9880225093483785,0.0,-4.796896177284668,0.0,-14.96760388858563,0.0,0
2030-06-01 20:00:00,10.881584841950387,0.0,-18.60267918329061,0.0,-17.889879304742266,0.0,3.9272496690088174,0.0,0
2030-06-01 22:00:00,-19.859577910066037,0.0,-5.31751381913271,0.0,-5.113762350480746,0.0,-14.626444358305362,0.0,0
2030-06-02 00:00:00,-25.68708004536316,0.0,7.243306829177877,0.0,6.965764644138039,0.0,-17.262199982869603,0.0,0
2030-06-02 02:00:00,-31.071394554307048,0.0,17.993090127700782,0.0,17.303647906429,0.0,-19.59253168211301,0.0,0
2030-06-02 04:00:00,-24.26019525963623,0.0,3.4319844106867503,0.0,3.3004808757919637,0.0,-16.89229598132855,0.0,0
2030-06-02 06:00:00,-27.400122284126056,0.0,11.217626002217397,0.0,10.787799611448792,0.0,-18.14128811231479,0.0,0
2030-06-02 08:00:00,-28.22129772943878,0.0,19.337054896676236,0.0,18.596115903640587,0.0,-17.192903419711108,0.0,0
2030-06-02 10:00:00,-28.333651890319025,0.0,22.04227792160186,0.0,21.197682749549514,0.0,-16.77013391244706,0.0,0
2030-06-02 12:00:00,-25.263340771770473,0.0,13.379278759258863,0.0,12.866624201240684,0.0,-15.781676085493151,0.0,0
2030-06-02 14:00:00,-31.541692324840895,0.0,16.990875606621923,0.0,16.339835294121798,0.0,-19.7584221603022,0.0,0
2030-06-02 16:00:00,-35.66628630223782,0.0,23.143066045730556,0.0,22.256291914752218,0.0,-21.85357407450146,0.0,0
2030-06-02 18:00:00,-38.90013662471228,0.0,23.73638948595801,0.0,22.826880948178967,0.0,-24.024269588082024,0.0,0
2030-06-02 20:00:00,-39.64455265454666,0.0,14.364736961638586,0.0,13.81432254763142,0.0,-26.178823725725135,0.0,0
2030-06-02 22:00:00,-52.07012839326619,0.0,32.472252076867534,0.0,31.228011013065704,0.0,-32.68246714213978,0.0,0
2030-06-03 00:00:00,-47.03147709003847,0.0,29.5960052067651,0.0,28.461973452035625,0.0,-29.56341873714716,0.0,0
2030-06-03 02:00:00,-62.624516632475476,0.0,39.882870265114974,0.0,38.354676137751426,0.0,-39.07118714285584,0.0,0
2030-06-03 04:00:00,-34.92889318514363,0.0,12.318874991528137,0.0,11.846851982837013,0.0,-23.37544913551303,0.0,0
2030-06-03 06:00:00,-30.290235086920433,0.0,7.844017909463529,0.0,7.543458245013785,0.0,-20.962567665720528,0.0,0
2030-06-03 08:00:00,17.462377281563846,0.0,-21.415704127676953,0.0,-20.595117418051412,0.0,8.237201509185281,0.0,0
2030-06-03 10:00:00,-60.88077210672863,0.0,39.969388791561876,0.0,38.43787952907531,0.0,-38.02163197430638,0.0,0
2030-06-03 12:00:00,-53.5760630801509,0.0,35.17802222005946,0.0,33.83010401328034,0.0,-33.55528679265364,0.0,0
2030-06-03 14:00:00,6.525185193863818,0.0,-11.118614135994022,0.0,-10.692581588333779,0.0,1.9410400637352287,0.0,0
2030-06-03 16:00:00,-34.689812314890716,0.0,25.27895191116729,0.0,24.31033692433828,0.0,-21.563929768556832,0.0,0
2030-06-03 18:00:00,19.34994775288021,0.0,-20.255967721362573,0.0,-19.479818695224687,0.0,9.598016061645161,0.0,0
2030-06-03 20:00:00,9.605080218255015,0.0,-14.246103758289916,0.0,-13.700235019241937,0.0,3.0309199067598787,0.0,0
2030-06-03 22:00:00,-29.978268346724413,0.0,14.222698993848624,0.0,13.67772705644352,0.0,-19.8487864857312,0.0,0
2030-06-04 00:00:00,-51.15589782172444,0.0,35.88443821813215,0.0,34.50945223081077,0.0,-31.986147532466806,0.0,0
2030-06-04 02:00:00,-56.60137608997439,0.0,40.16219731071317,0.0,38.62330019362345,0.0,-35.51985681386163,0.0,0
2030-06-04 04:00:00,-79.9857000704165,0.0,70.83929576500992,0.0,68.1249425839315,0.0,-47.82032539943022,0.0,0
2030-06-04 06:00:00,-75.44540206767766,0.0,58.677677458886265,0.0,56.429321673459526,0.0,-45.99586436943015,0.0,0
2030-06-04 08:00:00,-66.54601745580979,0.0,57.46334840485932,0.0,55.261522132396856,0.0,-40.23964016631765,0.0,0
2030-06-04 10:00:00,-35.69396619622005,0.0,20.84232477923338,0.0,20.043708277549758,0.0,-22.999242331732773,0.0,0
2030-06-04 12:00:00,0.3031198555451604,0.0,1.69457296582,0.0,1.6296419205482726,0.0,-0.7762549974381221,0.0,0
2030-06-04 14:00:00,-25.355643998792488,0.0,15.324970913717046,0.0,14.737763162703155,0.0,-16.288677090864297,0.0,0
2030-06-04 16:00:00,-25.010271551415187,0.0,16.709906012725153,0.0,16.069631627564306,0.0,-16.0810922471685,0.0,0
2030-06-04 18:00:00,-31.38608634368191,0.0,12.783310262129364,0.0,12.293491461702141,0.0,-21.168795828537196,0.0,0
2030-06-04 20:00:00,-23.91670383675881,0.0,9.096510361281588,0.0,8.747958874861357,0.0,-16.39835062546895,0.0,0
2030-06-04 22:00:00,-29.039611754262346,0.0,13.778743833363576,0.0,13.250782950191821,0.0,-19.12473679149023,0.0,0
2030-06-05 00:00:00,-23.7461738894219,0.0,5.0859041761102395,0.0,4.8910273068528385,0.0,-16.781067388608637,0.0,0
2030-06-05 02:00:00,-22.15972212952765,0.0,6.32114574135457,0.0,6.078938053293707,0.0,-15.067493253906667,0.0,0
2030-06-05 04:00:00,-25.737352751119868,0.0,4.250232850957476,0.0,4.0873764456991735,0.0,-18.084590038180743,0.0,0
2030-06-05 06:00:00,-24.471703453403368,0.0,14.753113826032758,0.0,14.18781795441166,0.0,-15.497028544988412,0.0,0
2030-06-05 08:00:00,-22.933049268201877,0.0,9.249314019061112,0.0,8.894907546505106,0.0,-15.285484989865283,0.0,0
2030-06-05 10:00:00,-29.19573666363766,0.0,20.8022456388152,0.0,20.005164851753122,0.0,-17.86221221046633,0.0,0
2030-06-05 12:00:00,-21.473440948184784,0.0,13.010621410934528,0.0,12.512092716751502,0.0,-13.578604127139869,0.0,0
2030-06-05 14:00:00,-30.068602838938645,0.0,15.314087120880794,0.0,14.727296404753918,0.0,-19.436532073290113,0.0,0
2030-06-05 16:00:00,-30.60020900691138,0.0,17.579029245233748,0.0,16.90545261750507,0.0,-19.520893310224206,0.0,0
2030-06-05 18:00:00,-28.69075968926937,0.0,9.79642015820321,0.0,9.421050189707154,0.0,-19.436978869161283,0.0,0
2030-06-05 20:00:00,-34.1490859874436,0.0,18.46581000114136,0.0,17.75825454655221,0.0,-21.79766796185457,0.0,0
2030-06-05 22:00:00,-26.220336533249093,0.0,9.650741899697556,0.0,9.280953893022458,0.0,-17.631305073911122,0.0,0
2030-06-06 00:00:00,-28.808285109387953,0.0,17.752943475687992,0.0,17.072702966852518,0.0,-18.071251434246715,0.0,0
2030-06-06 02:00:00,-32.11170618918348,0.0,19.407720237774097,0.0,18.664073556987884,0.0,-20.20397016347256,0.0,0
2030-06-06 04:00:00,-30.731407200654715,0.0,16.983625115881964,0.0,16.33286262083315,0.0,-19.613443529714193,0.0,0
2030-06-06 06:00:00,-16.78961220246442,0.0,-2.7207359677499525,0.0,-2.616485378452226,0.0,-12.248781193567252,0.0,0
2030-06-06 08:00:00,-25.3224285447238,0.0,17.15284084295121,0.0,16.495594499607527,0.0,-15.832875144690131,0.0,0
2030-06-06 10:00:00,-29.05291434037516,0.0,22.80175778996393,0.0,21.928061586141148,0.0,-17.3396950280616,0.0,0
2030-06-06 12:00:00,-49.17642664180346,0.0,55.10733317692944,0.0,52.995782469173434,0.0,-26.945002711262056,0.0,0
2030-06-06 14:00:00,-50.17842434834729,0.0,55.738052931292884,0.0,53.60233490011642,0.0,-27.36580216279348,0.0,0
2030-06-06 16:00:00,-23.00273960079543,0.0,19.479530864269094,0.0,18.7331326117689,0.0,-13.479366160349391,0.0,0
2030-06-06 18:00:00,-29.52417467117266,0.0,10.717647160758194,0.0,10.306978486679531,0.0,-19.769375774201812,0.0,0
2030-06-06 20:00:00,-49.26931170574753,0.0,20.439270266909503,0.0,19.656097627080545,0.0,-32.41298221903594,0.0,0
2030-06-06 22:00:00,-51.25463152031272,0.0,30.060197522506638,0.0,28.908379285355796,0.0,-32.222910530169045,0.0,0
2030-06-07 00:00:00,-56.37712999014356,0.0,30.970534416871804,0.0,29.783834751011245,0.0,-35.89169297258562,0.0,0
2030-06-07 02:00:00,-94.6696652415157,0.0,65.63090231267444,0.0,63.116119429168506,0.0,-57.58627632095213,0.0,0
2030-06-07 04:00:00,-87.02196039297573,0.0,55.67020329418547,0.0,53.53708506127535,0.0,-53.70856624605,0.0,0
2030-06-07 06:00:00,-89.08880199987013,0.0,68.8623973691891,0.0,66.22379311236824,0.0,-53.22431433908107,0.0,0
2030-06-07 08:00:00,-74.86422130175528,0.0,55.046112019756976,0.0,52.93690712643807,0.0,-45.00882183675249,0.0,0
2030-06-07 10:00:00,-98.33652941825983,0.0,73.98856735930198,0.0,71.15354336582004,0.0,-58.81608114151459,0.0,0
2030-06-07 12:00:00,-83.2831650819709,0.0,56.912231519241445,0.0,54.73152242271162,0.0,-49.86231128857162,0.0,0
2030-06-07 14:00:00,-38.88293211384297,0.0,31.872005458836174,0.0,30.65076407761857,0.0,-22.184203398140532,0.0,0
2030-06-07 16:00:00,-59.43144878794047,0.0,39.04743039461768,0.0,37.55124786259254,0.0,-35.9195043381067,0.0,0
2030-06-07 18:00:00,-51.91334095510832,0.0,30.655336524726422,0.0,29.480714313786493,0.0,-32.316344786617414,0.0,0
2030-06-07 20:00:00,-41.640028562751,0.0,13.285388345022723,0.0,12.77633139115635,0.0,-27.677919687467543,0.0,0
2030-06-07 22:00:00,-42.81379626311053,0.0,23.833508000921952,0.0,22.920278167678525,0.0,-26.715346957572113,0.0,0
2030-06-08 00:00:00,-42.60149667756661,0.0,26.29330743392889,0.0,25.285825330900813,0.0,-26.44477314857676,0.0,0
2030-06-08 02:00:00,-48.484836192249396,0.0,22.663890865908737,0.0,21.795477316576417,0.0,-30.767003560388616,0.0,0
2030-06-08 04:00:00,-54.497847012293754,0.0,35.06492160223279,0.0,33.721337078030075,0.0,-32.994287342485016,0.0,0
2030-06-08 06:00:00,-82.15133542092849,0.0,67.78590923935008,0.0,65.18855283724133,0.0,-48.08514769656434,0.0,0
2030-06-08 08:00:00,-83.02274632220914,0.0,64.53135952302152,0.0,62.05870788089226,0.0,-48.89040794044056,0.0,0
2030-06-08 10:00:00,-53.81215698564293,0.0,36.33088078691307,0.0,34.93878843519814,0.0,-32.34822467048443,0.0,0
2030-06-08 12:00:00,-74.92460890765287,0.0,56.46807568383579,0.0,54.30438533081128,0.0,-44.5827547462843,0.0,0
2030-06-08 14:00:00,-79.77592213707311,0.0,61.68482560732796,0.0,59.32124476136725,0.0,-47.39675828068622,0.0,0
2030-06-08 16:00:00,-13.182226723724197,0.0,7.4087005452867185,0.0,7.124820960155579,0.0,-8.901965532184041,0.0,0
2030-06-08 18:00:00,-73.80992111592997,0.0,58.69221059878379,0.0,56.4432979462384,0.0,-43.561103042988755,0.0,0
2030-06-08 20:00:00,-57.069107033219424,0.0,51.39755552015271,0.0,49.42815256633772,0.0,-33.691827901696946,0.0,0
2030-06-08 22:00:00,-101.41417406991675,0.0,70.74925437649418,0.0,68.0383513162379,0.0,-61.22804841441701,0.0,0
2030-06-09 00:00:00,-86.17672588554942,0.0,68.33207984108913,0.0,65.71379579007817,0.0,-50.91884287065625,0.0,0
2030-06-09 02:00:00,-94.56022114219445,0.0,77.43910305920733,0.0,74.47186470006415,0.0,-56.12675795151637,0.0,0
2030-06-09 04:00:00,-64.28594421009883,0.0,46.77119211639786,0.0,44.979057782862064,0.0,-39.26939726492125,0.0,0
2030-06-09 06:00:00,-58.430373730685474,0.0,41.47011468599792,0.0,39.881102027105456,0.0,-36.07229160981323,0.0,0
2030-06-09 08:00:00,-51.007142695273856,0.0,36.169196472912745,0.0,34.78329938792514,0.0,-31.533814495853406,0.0,0
2030-06-09 10:00:00,-4.726220457489973,0.0,5.213610918492429,0.0,5.013840702982945,0.0,-3.4944032978993733,0.0,0
2030-06-09 12:00:00,8.29671957722573,0.0,-10.339633547179194,0.0,-9.943449241464556,0.0,3.495033695233976,0.0,0
2030-06-09 14:00:00,-45.75600137897794,0.0,35.69751869901725,0.0,34.32969491716165,0.0,-27.652604285487588,0.0,0
2030-06-09 16:00:00,-45.39087004432349,0.0,28.89751302646687,0.0,27.790245434919342,0.0,-28.157755544834153,0.0,0
2030-06-09 18:00:00,-56.06361323801232,0.0,38.11379362602035,0.0,36.65338530526384,0.0,-35.26414260784315,0.0,0
2030-06-09 20:00:00,-69.6094175731717,0.0,43.02627336626505,0.0,41.37763328987174,0.0,-44.35584176370558,0.0,0
2030-06-09 22:00:00,-98.12121878302302,0.0,82.2396169544433,0.0,79.0884370410876,0.0,-59.484674395935144,0.0,0
2030-06-10 00:00:00,-59.68386035854964,0.0,42.252706537109816,0.0,40.63370726333625,0.0,-37.18255891582487,0.0,0
2030-06-10 02:00:00,-67.31591140521837,0.0,51.80582887206618,0.0,49.82078208583379,0.0,-41.012899721921634,0.0,0
2030-06-10 04:00:00,-68.8787481827617,0.0,47.18642285226072,0.0,45.378378099845065,0.0,-42.816131374501325,0.0,0
2030-06-10 06:00:00,-43.40377843234078,0.0,31.79505224881714,0.0,30.57675948796848,0.0,-27.731299336199278,0.0,0
2030-06-10 08:00:00,-82.73912644114682,0.0,73.63600086546532,0.0,70.81448618166468,0.0,-49.18100932925271,0.0,0
2030-06-10 10:00:00,-113.98657051936276,0.0,90.20695774593213,0.0,86.75049279849226,0.0,-68.32944316246653,0.0,0
2030-06-10 12:00:00,-99.43451506375459,0.0,85.8248590722783,0.0,82.53630324005732,0.0,-57.98569519682299,0.0,0
2030-06-10 14:00:00,-92.42323670934414,0.0,78.87707640465642,0.0,75.85473914196899,0.0,-53.796840576435095,0.0,0
2030-06-10 16:00:00,-124.52376339812362,3.52376339812362,106.56505207823675,0.0,102.48179313309029,0.0,-72.89674507869447,0.0,1
2030-06-10 18:00:00,-74.01762945728863,0.0,52.00881245104306,0.0,50.015987931882194,0.0,-45.545318761256304,0.0,0
2030-06-10 20:00:00,-86.2429128808214,0.0,67.39791247298535,0.0,64.81542296425347,0.0,-51.84594165559724,0.0,0
2030-06-10 22:00:00,-75.49831206735267,0.0,41.26824209279297,0.0,39.68696459712632,0.0,-47.36040746406074,0.0,0
2030-06-11 00:00:00,-95.51729335373335,0.0,68.34780640987121,0.0,65.72891976306178,0.0,-57.65662735409307,0.0,0
2030-06-11 02:00:00,-113.76061673728697,0.0,81.58467881640459,0.0,78.45859420360478,0.0,-68.86421784259124,0.0,0
2030-06-11 04:00:00,-95.82461338553287,0.0,72.50975185700517,0.0,69.731391718232,0.0,-57.876318215718186,0.0,0
2030-06-11 06:00:00,-131.87465726280325,10.874657262803254,105.25405408431055,0.0,101.22102872120034,0.0,-78.42718353280951,0.0,1
2030-06-11 08:00:00,-118.35549231572855,0.0,78.27813607327312,0.0,75.27874844011244,0.0,-71.85649286865021,0.0,0
2030-06-11 10:00:00,-75.29162624170131,0.0,54.89253880225044,0.0,52.78921838232958,0.0,-45.50586721511567,0.0,0
2030-06-11 12:00:00,-84.2834610636198,0.0,68.69952005315858,0.0,66.0671567753892,0.0,-49.67664439061718,0.0,0
2030-06-11 14:00:00,-54.15927855535475,0.0,46.54132105915758,0.0,44.757994707529434,0.0,-32.045590237054355,0.0,0
2030-06-11 16:00:00,-41.84840106575511,0.0,24.516466560975502,0.0,23.577067767129016,0.0,-26.63801950313227,0.0,0
2030-06-11 18:00:00,-106.4518967202155,0.0,70.41671855518707,0.0,67.71855728823407,0.0,-65.29102551782097,0.0,0
2030-06-11 20:00:00,-135.22062773675756,14.220627736757564,91.04233046933322,0.0,87.55385649943395,0.0,-82.17423831684575,0.0,1
2030-06-11 22:00:00,-162.1186295705106,41.11862957051059,126.82927677687016,1.8292767768701594,121.9695524225349,0.0,-96.03609330960981,0.0,2
2030-06-12 00:00:00,-153.60442923211468,32.60442923211468,130.4329590640464,5.4329590640464005,125.43515221786592,0.4351522178659195,-89.58462766841885,0.0,3
2030-06-12 02:00:00,-156.2466468345695,35.2466468345695,145.39515122924848,20.395151229248484,139.82403724525787,14.82403724525787,-89.80755052041627,0.0,3
2030-06-12 04:00:00,-154.07932616946817,33.079326169468175,135.80679685232207,10.806796852322066,130.60308036887474,5.603080368874743,-89.81585963990774,0.0,3
2030-06-12 06:00:00,-105.93630538136497,0.0,113.10282545798464,0.0,108.76905829167572,0.0,-59.94650443727462,0.0,0
2030-06-12 08:00:00,-94.03992236955071,0.0,87.82808026755183,0.0,84.46276689892296,0.0,-55.129634079620054,0.0,0
2030-06-12 10:00:00,-142.27089336285542,21.270893362855418,110.95398881314672,0.0,106.70255873841316,0.0,-84.87349156523888,0.0,1
2030-06-12 12:00:00,-121.84258697457759,0.8425869745775856,100.62815445097769,0.0,96.77237993782987,0.0,-72.68126994961155,0.0,1
2030-06-12 14:00:00,-109.30878106731532,0.0,94.9498478674619,0.0,91.31164933910694,0.0,-64.26641243599713,0.0,0
2030-06-12 16:00:00,-113.38516500047038,0.0,88.0834765611607,0.0,84.7083771587422,0.0,-67.50717950186022,0.0,0
2030-06-12 18:00:00,-103.37209303754764,0.0,68.82523383097177,0.0,66.1880535714831,0.0,-63.72573565602168,0.0,0
2030-06-12 20:00:00,-54.08902641572521,0.0,33.75652257242325,0.0,32.463072045606125,0.0,-33.53906645898026,0.0,0
2030-06-12 22:00:00,-38.96202301337657,0.0,24.35131397782773,0.0,23.41824334456768,0.0,-24.260571358979966,0.0,0
2030-06-13 00:00:00,-51.366243342124605,0.0,31.72879173830124,0.0,30.513037885068073,0.0,-32.129932178734954,0.0,0
2030-06-13 02:00:00,-57.60012124198734,0.0,39.067716381869815,0.0,37.570756550558514,0.0,-35.8029728593944,0.0,0
2030-06-13 04:00:00,-55.37432164971881,0.0,37.7705914301814,0.0,36.32333360678605,0.0,-34.40611308504178,0.0,0
2030-06-13 06:00:00,-2.3559976868705514,0.0,7.570843246810557,0.0,7.280750830892188,0.0,-1.7435575425227317,0.0,0
2030-06-13 08:00:00,-10.45010772157733,0.0,13.126839643309605,0.0,12.623857808742564,0.0,-6.7351766684778545,0.0,0
2030-06-13 10:00:00,-56.61283020388133,0.0,47.9009770747484,0.0,46.06555270899922,0.0,-33.764117614036316,0.0,0
2030-06-13 12:00:00,-49.49091684329974,0.0,28.7996073261098,0.0,27.696091192652595,0.0,-31.358543318708538,0.0,0
2030-06-13 14:00:00,-90.7157719665671,0.0,73.42927888984221,0.0,70.61568518331936,0.0,-54.41147354279808,0.0,0
2030-06-13 16:00:00,1.291849557768842,0.0,-0.09630324293362702,0.0,-0.09261318629235094,0.0,-0.4278432596903428,0.0,0
2030-06-13 18:00:00,-116.6342288690718,0.0,102.2877353902763,0.0,98.36837062325603,0.0,-68.98426639271457,0.0,0
2030-06-13 20:00:00,-89.4845421661251,0.0,78.4917509769353,0.0,75.48417824979518,0.0,-53.478445907438335,0.0,0
2030-06-13 22:00:00,-106.53438347579329,0.0,98.5033972750278,0.0,94.72903719912537,0.0,-62.51818675525152,0.0,0
2030-06-14 00:00:00,-82.59201395262403,0.0,73.61036460220328,0.0,70.78983222450805,0.0,-48.59959169964142,0.0,0
2030-06-14 02:00:00,-70.2176074022842,0.0,59.80043829354284,0.0,57.509061619635574,0.0,-41.65599330387363,0.0,0
2030-06-14 04:00:00,-74.14419370726489,0.0,61.71123057459652,0.0,59.3466379680568,0.0,-43.90862758583737,0.0,0
2030-06-14 06:00:00,-21.917514355409097,0.0,34.63060450198973,0.0,33.30366172993756,0.0,-11.820794468770199,0.0,0
2030-06-14 08:00:00,-56.930656481376765,0.0,56.10181348248624,0.0,53.95215721831883,0.0,-32.83856247775729,0.0,0
2030-06-14 10:00:00,-38.25735553977162,0.0,41.302472080730595,0.0,39.71988299273861,0.0,-21.70112663377245,0.0,0
2030-06-14 12:00:00,-16.991521010226013,0.0,21.412041701547686,0.0,20.59159532530513,0.0,-9.147538768971515,0.0,0
2030-06-14 14:00:00,-35.47142083763399,0.0,41.85688747621115,0.0,40.253054823103234,0.0,-19.677933926818923,0.0,0
2030-06-14 16:00:00,-20.87314990936273,0.0,22.83640676228108,0.0,21.961382911885757,0.0,-11.913288376383706,0.0,0
2030-06-14 18:00:00,-10.047037319734386,0.0,8.455571124170888,0.0,8.131578541652598,0.0,-6.6016017018628155,0.0,0
2030-06-14 20:00:00,-35.87220087572107,0.0,29.06616921249755,0.0,27.952439212619808,0.0,-21.53139443790468,0.0,0
2030-06-14 22:00:00,-32.672525512227274,0.0,23.85951384453902,0.0,22.94528754395943,0.0,-20.56995587112968,0.0,0
2030-06-15 00:00:00,-29.52893167991694,0.0,14.19515656550588,0.0,13.651239972838074,0.0,-19.25528997704191,0.0,0
2030-06-15 02:00:00,-27.725573560700326,0.0,19.342027878192958,0.0,18.600898335151804,0.0,-17.407534103137458,0.0,0
2030-06-15 04:00:00,-19.364145836468662,0.0,7.231269984629439,0.0,6.954189016022321,0.0,-13.031790388428366,0.0,0
2030-06-15 06:00:00,-23.62761523529477,0.0,6.815118913755145,0.0,6.553983628554889,0.0,-16.33262023832692,0.0,0
2030-06-15 08:00:00,-19.036914509030222,0.0,9.457601553848658,0.0,9.095214116398434,0.0,-12.333335702604286,0.0,0
2030-06-15 10:00:00,-20.405338314097143,0.0,14.458342847683625,0.0,13.904341731807017,0.0,-12.41449535332412,0.0,0
2030-06-15 12:00:00,-26.05857220183828,0.0,19.7205337998405,0.0,18.964901024639992,0.0,-15.580132904607565,0.0,0
2030-06-15 14:00:00,16.259948637285305,0.0,-9.398444506127959,0.0,-9.038323792519716,0.0,9.445317238041836,0.0,0
2030-06-15 16:00:00,-20.278132376099215,0.0,10.429446187625212,0.0,10.029820526040819,0.0,-12.685318352809402,0.0,0
2030-06-15 18:00:00,-29.028116075940183,0.0,15.204265320461065,0.0,14.62168265228415,0.0,-18.69886855229542,0.0,0
2030-06-15 20:00:00,32.510088359549016,0.0,-25.534667033759362,0.0,-24.556253796552937,0.0,17.966052518064362,0.0,0
2030-06-15 22:00:00,-60.5227275669003,0.0,51.67610771784558,0.0,49.69603146419419,0.0,-35.707737693738416,0.0,0
2030-06-16 00:00:00,-70.0305995118307,0.0,62.20744668608847,0.0,59.82384053958923,0.0,-41.23117214079718,0.0,0
2030-06-16 02:00:00,-71.87074298641946,0.0,79.99256829371957,0.0,76.92748866713833,0.0,-40.216848145101885,0.0,0
2030-06-16 04:00:00,-46.24741741083059,0.0,53.58746314301797,0.0,51.53414937871008,0.0,-25.468219987728716,0.0,0
2030-06-16 06:00:00,-47.47760111096218,0.0,55.85798294223936,0.0,53.71766954625586,0.0,-25.983782094258384,0.0,0
2030-06-16 08:00:00,-32.02231108244712,0.0,36.687210175725966,0.0,35.28146433127678,0.0,-17.71783507563912,0.0,0
2030-06-16 10:00:00,-26.878142962858952,0.0,27.931903030472014,0.0,26.86163477010093,0.0,-15.346479935496799,0.0,0
2030-06-16 12:00:00,-29.01240603313382,0.0,23.81780039866317,0.0,22.90517243447705,0.0,-17.220432563545575,0.0,0
2030-06-16 14:00:00,19.534464842389387,0.0,-5.392966532053041,0.0,-5.186323937661889,0.0,11.760035007570686,0.0,0
2030-06-16 16:00:00,-34.3553594733368,0.0,34.522017727292585,0.0,33.199235680642026,0.0,-20.50680443661694,0.0,0
2030-06-16 18:00:00,-68.18376023696514,0.0,70.88229282023147,0.0,68.16629211862978,0.0,-39.787560476196944,0.0,0
2030-06-16 20:00:00,-72.32964047925654,0.0,80.62930159546445,0.0,77.53982422403803,0.0,-41.8025178457301,0.0,0
2030-06-16 22:00:00,-52.73672483612011,0.0,59.29434297979544,0.0,57.02235838778222,0.0,-31.16716268962469,0.0,0
2030-06-17 00:00:00,-57.05407940679393,0.0,59.18236344953235,0.0,56.91466958332199,0.0,-34.066874058542375,0.0,0
2030-06-17 02:00:00,-36.828663224053585,0.0,26.778558336679318,0.0,25.752482848196472,0.0,-23.58638026471748,0.0,0
2030-06-17 04:00:00,-48.8545018324477,0.0,37.980874401680126,0.0,36.525559154132715,0.0,-30.44416457194254,0.0,0
2030-06-17 06:00:00,-80.53079579470656,0.0,79.88539518071926,0.0,76.82442211218698,0.0,-46.9418078089945,0.0,0
2030-06-17 08:00:00,-46.48777978328981,0.0,37.398695003081606,0.0,35.965687155480566,0.0,-28.795211219183088,0.0,0
2030-06-17 10:00:00,-25.60298711849259,0.0,22.62385026771424,0.0,21.756970956179014,0.0,-15.327067140155892,0.0,0
2030-06-17 12:00:00,-23.01579979020149,0.0,13.688033974731377,0.0,13.163548826188055,0.0,-14.908604976818095,0.0,0
2030-06-17 14:00:00,32.04813948205545,0.0,-38.513068294079844,0.0,-37.03736094396863,0.0,15.883365949944402,0.0,0
2030-06-17 16:00:00,32.48845460636569,0.0,-34.913767519356455,0.0,-33.575974774437356,0.0,16.84992900944902,0.0,0
2030-06-17 18:00:00,-17.019852328388865,0.0,5.100342814380806,0.0,4.904912699028915,0.0,-11.566454494202524,0.0,0
2030-06-17 20:00:00,29.232349832074558,0.0,-38.07669049285491,0.0,-36.61770385488677,0.0,13.995845271466735,0.0,0
2030-06-17 22:00:00,-18.06344876428544,0.0,-0.13016122580623612,0.0,-0.12517383097816204,0.0,-13.256162591398022,0.0,0
2030-06-18 00:00:00,-18.7740368235393,0.0,-3.1923533472877894,0.0,-3.0700317689920507,0.0,-14.148264650190974,0.0,0
2030-06-18 02:00:00,-15.60636477196741,0.0,-3.0438943718856395,0.0,-2.927261304292697,0.0,-11.864732377205446,0.0,0
2030-06-18 04:00:00,-21.28925393877039,0.0,4.400548328068756,0.0,4.231932276429794,0.0,-14.986680816913987,0.0,0
2030-06-18 06:00:00,-5.723318736089149,0.0,-18.88767957373238,0.0,-18.163959319592376,0.0,-6.811246828597282,0.0,0
2030-06-18 08:00:00,-13.961964490369315,0.0,5.042626926586698,0.0,4.8494083140728765,0.0,-9.444671984738363,0.0,0
2030-06-18 10:00:00,-14.087858538864383,0.0,1.104547554466778,0.0,1.0622245452423473,0.0,-10.357178720535247,0.0,0
2030-06-18 12:00:00,37.385217262960296,0.0,-33.82671416808266,0.0,-32.530574106044995,0.0,20.598300493898424,0.0,0
2030-06-18 14:00:00,-12.15700482156755,0.0,-4.922378432301636,0.0,-4.7337673879384585,0.0,-9.671879800343598,0.0,0
2030-06-18 16:00:00,-14.424495412659851,0.0,1.787163248611824,0.0,1.7186844163960817,0.0,-10.289006327188803,0.0,0
2030-06-18 18:00:00,-17.550202276377668,0.0,12.036751861242553,0.0,11.575538980007844,0.0,-10.866008596641246,0.0,0
2030-06-18 20:00:00,39.64493841454916,0.0,-41.48624189719558,0.0,-39.89661129106705,0.0,21.733947203216243,0.0,0
2030-06-18 22:00:00,-6.560270083607981,0.0,-3.4919068767561012,0.0,-3.3581072894423754,0.0,-4.989232136507491,0.0,0
2030-06-19 00:00:00,-16.340375857614134,0.0,14.675868305632282,0.0,14.113532254853029,0.0,-9.334523739755682,0.0,0
2030-06-19 02:00:00,-5.469918157178459,0.0,8.22272650172188,0.0,7.907655839371939,0.0,-2.474313713442889,0.0,0
2030-06-19 04:00:00,-11.04794462716049,0.0,16.65215274497706,0.0,16.01409129494414,0.0,-5.669365657392814,0.0,0
2030-06-19 06:00:00,-13.359303955072988,0.0,13.065133428946691,0.0,12.564515994779722,0.0,-8.072442857191353,0.0,0
2030-06-19 08:00:00,8.598710561252062,0.0,-11.954216837926698,0.0,-11.496166455707048,0.0,4.091443918319231,0.0,0
2030-06-19 10:00:00,17.836937063452233,0.0,-25.96307716418347,0.0,-24.968248512513036,0.0,8.797191274706746,0.0,0
2030-06-19 12:00:00,18.401974990322927,0.0,-22.106017811526876,0.0,-21.258980314616394,0.0,9.872527219791143,0.0,0
2030-06-19 14:00:00,11.000129244043457,0.0,-14.45009156183714,0.0,-13.89640661093274,0.0,5.641753771216344,0.0,0
2030-06-19 16:00:00,7.113823245139214,0.0,-11.24835393720407,0.0,-10.817350142465273,0.0,3.2431843423372606,0.0,0
2030-06-19 18:00:00,-20.31230133296271,0.0,4.652647120625933,0.0,4.474371385725899,0.0,-14.124941692881292,0.0,0
2030-06-19 20:00:00,-31.99972996790166,0.0,15.620862904959262,0.0,15.022317444288452,0.0,-21.155724629190065,0.0,0
2030-06-19 22:00:00,-28.20738442078099,0.0,10.074833033922937,0.0,9.688795103998167,0.0,-18.893903176440716,0.0,0
2030-06-20 00:00:00,-32.66364540068043,0.0,13.197397304974356,0.0,12.691711908615595,0.0,-21.53944598477695,0.0,0
2030-06-20 02:00:00,-40.74270983704795,0.0,27.507979146278196,0.0,26.453954400628188,0.0,-25.438913108613004,0.0,0
2030-06-20 04:00:00,-36.6176489263415,0.0,17.211488927639596,0.0,16.55199536241825,0.0,-23.304380747362583,0.0,0
2030-06-20 06:00:00,-37.076908114378504,0.0,25.228109854027394,0.0,24.261442985090277,0.0,-22.606560352896455,0.0,0
2030-06-20 08:00:00,57.342647967832924,0.0,-52.50346348187728,0.0,-50.49168539203829,0.0,32.56648521637531,0.0,0
2030-06-20 10:00:00,-14.857095993573624,0.0,-5.631142183435505,0.0,-5.415373399547276,0.0,-11.22278218987459,0.0,0
2030-06-20 12:00:00,-19.6814992111195,0.0,11.64311003938121,0.0,11.196980353424372,0.0,-12.538357341644158,0.0,0
2030-06-20 14:00:00,-20.834346926872485,0.0,10.95100190986204,0.0,10.531391769063495,0.0,-13.536635163685135,0.0,0
2030-06-20 16:00:00,-19.72162530267159,0.0,6.4611255230519875,0.0,6.213554222018551,0.0,-13.65503780830263,0.0,0
2030-06-20 18:00:00,-25.496676070311473,0.0,11.74080364972762,0.0,11.290930632345136,0.0,-17.033003636174683,0.0,0
2030-06-20 20:00:00,26.761655343755486,0.0,-27.41140129676021,0.0,-26.36107712986703,0.0,13.980426562057763,0.0,0
2030-06-20 22:00:00,-21.994725344896036,0.0,12.083777902801453,0.0,11.62076312215322,0.0,-14.09237893178513,0.0,0
2030-06-21 00:00:00,-19.327513513403915,0.0,5.189819169482029,0.0,4.990960583724301,0.0,-13.475808809922793,0.0,0
2030-06-21 02:00:00,-20.516817906580357,0.0,8.51938142737861,0.0,8.192943821971955,0.0,-13.795348057394484,0.0,0
2030-06-21 04:00:00,-22.542791617963445,0.0,13.007545811463812,0.0,12.509134965194372,0.0,-14.586184142800342,0.0,0
2030-06-21 06:00:00,-13.7608868254886,0.0,-0.7675809221160428,0.0,-0.7381694818245617,0.0,-9.943765182159018,0.0,0
2030-06-21 08:00:00,-20.315537733598482,0.0,17.847923491906798,0.0,17.164043628580583,0.0,-12.17514661555856,0.0,0
2030-06-21 10:00:00,-12.830712381570496,0.0,4.5654982980615255,0.0,4.39056184937544,0.0,-8.616404730481666,0.0,0
2030-06-21 12:00:00,-21.214249176269284,0.0,18.50007735923213,0.0,17.791208880403563,0.0,-12.866378953001464,0.0,0
2030-06-21 14:00:00,-22.061651100530522,0.0,16.99566202530812,0.0,16.34443831134074,0.0,-13.777461477528941,0.0,0
2030-06-21 16:00:00,-24.537068781566468,0.0,13.765012039238673,0.0,13.237577317975598,0.0,-16.36112264560049,0.0,0
2030-06-21 18:00:00,-19.709398731791133,0.0,8.170983192889425,0.0,7.857895181741935,0.0,-13.374753481320178,0.0,0
2030-06-21 20:00:00,-23.668857627703026,0.0,11.073756293096343,0.0,10.649442565862767,0.0,-15.891230236946894,0.0,0
2030-06-21 22:00:00,-29.466503144717485,0.0,21.432266580307985,0.0,20.611045246276618,0.0,-18.637740954037824,0.0,0
2030-06-22 00:00:00,-21.234591306186502,0.0,12.5001972400946,0.0,12.021226496860356,0.0,-13.77986652980815,0.0,0
2030-06-22 02:00:00,-34.61526147727251,0.0,26.28253454779829,0.0,25.275465230039003,0.0,-21.98886794604542,0.0,0
2030-06-22 04:00:00,-29.111033026632146,0.0,13.73380264538737,0.0,13.20756377618025,0.0,-19.344762200663673,0.0,0
2030-06-22 06:00:00,-29.39283543565918,0.0,20.907750579368148,0.0,20.10662715371247,0.0,-18.781247158667487,0.0,0
2030-06-22 08:00:00,-24.262108760595318,0.0,11.154859784263046,0.0,10.727438410110235,0.0,-16.067559580213096,0.0,0
2030-06-22 10:00:00,-22.202745774239958,0.0,11.168545312610744,0.0,10.74059954931764,0.0,-14.702042941040643,0.0,0
2030-06-22 12:00:00,-21.25235463897487,0.0,6.043928679537791,0.0,5.812343132838771,0.0,-14.859248609964071,0.0,0
2030-06-22 14:00:00,-20.160540748974967,0.0,7.657208250646273,0.0,7.363806582139256,0.0,-13.832458694440597,0.0,0
2030-06-22 16:00:00,-11.120828129642533,0.0,2.170203328169753,0.0,2.0870475282174366,0.0,-7.839369148255183,0.0,0
2030-06-22 18:00:00,-18.2391121065372,0.0,11.375744548880872,0.0,10.939859521087556,0.0,-11.601927056363815,0.0,0
2030-06-22 20:00:00,-23.205706979351035,0.0,14.338833148638782,0.0,13.7894112924551,0.0,-14.903327891768045,0.0,0
2030-06-22 22:00:00,-33.28590543725846,0.0,19.21287969553618,0.0,18.476698730493233,0.0,-21.776395248229154,0.0,0
2030-06-23 00:00:00,-24.96574802111362,0.0,17.81558004153949,0.0,17.132939483974923,0.0,-15.669884187161244,0.0,0
2030-06-23 02:00:00,-18.805256486203938,0.0,-1.4566697852821715,0.0,-1.4008544892270356,0.0,-13.63464307026125,0.0,0
2030-06-23 04:00:00,-18.823937330896722,0.0,5.714919611444825,0.0,5.495940723252703,0.0,-12.74410447967722,0.0,0
2030-06-23 06:00:00,24.71217101726895,0.0,-20.776400393230926,0.0,-19.98030991986141,0.0,13.559306652369695,0.0,0
2030-06-23 08:00:00,19.53623763426335,0.0,-8.320236624540572,0.0,-8.00142966146655,0.0,11.499955713934808,0.0,0
2030-06-23 10:00:00,-30.47755509244832,0.0,22.963511138039244,0.0,22.08361702230676,0.0,-18.855510603223916,0.0,0
2030-06-23 12:00:00,-33.031938577044066,0.0,21.717474824606036,0.0,20.885325150635484,0.0,-20.71501216457847,0.0,0
2030-06-23 14:00:00,-36.445243631744944,0.0,30.796669288903942,0.0,29.616631622687528,0.0,-21.52579208667524,0.0,0
2030-06-23 16:00:00,-27.585299995445908,0.0,19.791440781481633,0.0,19.03309105957667,0.0,-16.582260772888397,0.0,0
2030-06-23 18:00:00,21.76050500361979,0.0,-17.26004474592912,0.0,-16.598690664755228,0.0,12.076700216636125,0.0,0
2030-06-23 20:00:00,-26.966895564255708,0.0,13.709307614015101,0.0,13.184007322268497,0.0,-17.433169561823135,0.0,0
2030-06-23 22:00:00,-17.746628695255907,0.0,-0.8290968336550408,0.0,-0.7973282848072465,0.0,-12.87962118767875,0.0,0
2030-06-24 00:00:00,-22.447547595653894,0.0,-0.1987594408918536,0.0,-0.19114356449404646,0.0,-15.984021441502733,0.0,0
2030-06-24 02:00:00,-27.111470498407243,0.0,14.005290588538122,0.0,13.468649100923193,0.0,-17.466527079518656,0.0,0
2030-06-24 04:00:00,-13.640025963093445,0.0,-0.3007921355209602,0.0,-0.2892666667669417,0.0,-9.347247861478293,0.0,0
2030-06-24 06:00:00,-23.853622820595376,0.0,9.879479507519196,0.0,9.500926949379897,0.0,-16.008407322019462,0.0,0
2030-06-24 08:00:00,-22.995682386890284,0.0,9.754503660956866,0.0,9.380739809184654,0.0,-15.20468941522711,0.0,0
2030-06-24 10:00:00,-24.89808361724721,0.0,19.845909223216562,0.0,19.08547243104219,0.0,-14.913157664041055,0.0,0
2030-06-24 12:00:00,-30.086459060549046,0.0,17.051222095806118,0.0,16.397869483570137,0.0,-19.188818028080316,0.0,0
2030-06-24 14:00:00,-29.218155571153844,0.0,15.650722386926057,0.0,15.051032798847029,0.0,-18.8317741560658,0.0,0
2030-06-24 16:00:00,-52.71995159502737,0.0,43.98426363651566,0.0,42.29891619439523,0.0,-31.9916667606138,0.0,0
2030-06-24 18:00:00,-69.49496192139684,0.0,49.318219803836236,0.0,47.42849087070665,0.0,-42.83337377633513,0.0,0
2030-06-24 20:00:00,-64.30932875503106,0.0,44.6993991228675,0.0,42.98664979509425,0.0,-39.91122822457698,0.0,0
2030-06-24 22:00:00,-63.29601582084445,0.0,42.759803328644054,0.0,41.12137359929706,0.0,-39.37327095260871,0.0,0
2030-06-25 00:00:00,-58.65156191410583,0.0,35.484487334245316,0.0,34.1248262868776,0.0,-36.94135549641545,0.0,0
2030-06-25 02:00:00,-61.93277501957235,0.0,41.37793307306141,0.0,39.79245254208773,0.0,-38.541787991459216,0.0,0
2030-06-25 04:00:00,-55.78598418777064,0.0,43.84641959247102,0.0,42.166353928146506,0.0,-34.49708457555935,0.0,0
2030-06-25 06:00:00,-4.828691372025383,0.0,5.61668550305029,0.0,5.401470656577333,0.0,-4.526915417128181,0.0,0
2030-06-25 08:00:00,-58.24092626467788,0.0,32.95044489370643,0.0,31.6878808895149,0.0,-37.28022966610828,0.0,0
2030-06-25 10:00:00,-28.547283618409324,0.0,30.264557651795336,0.0,29.104908936362193,0.0,-17.287531661936924,0.0,0
2030-06-25 12:00:00,-37.91445561541415,0.0,25.517901796489525,0.0,24.540130953799157,0.0,-23.45943483484209,0.0,0
2030-06-25 14:00:00,22.107621222660327,0.0,-8.755716828190343,0.0,-8.42022354626869,0.0,13.29601800514152,0.0,0
2030-06-25 16:00:00,-82.51165355732405,0.0,84.03947550301264,0.0,80.81933031093634,0.0,-46.60008725954548,0.0,0
2030-06-25 18:00:00,-49.953113382050375,0.0,41.34092517966836,0.0,39.75686268217545,0.0,-29.790332318304568,0.0,0
2030-06-25 20:00:00,-29.534569307298142,0.0,18.28212022324226,0.0,17.581603219947517,0.0,-18.846101325482532,0.0,0
2030-06-25 22:00:00,-45.800215912425465,0.0,45.40229821712171,0.0,43.6626158662027,0.0,-26.644541611005437,0.0,0
2030-06-26 00:00:00,-40.706347757045855,0.0,46.10381316181615,0.0,44.33725082428609,0.0,-22.872028132739732,0.0,0
2030-06-26 02:00:00,-35.87580272862723,0.0,38.73988415108546,0.0,37.25548588534137,0.0,-19.734882028031908,0.0,0
2030-06-26 04:00:00,-37.887811530695885,0.0,41.47704259046752,0.0,39.887764474679535,0.0,-20.932366578845453,0.0,0
2030-06-26 06:00:00,28.7997676443836,0.0,-20.475912626834113,0.0,-19.691335959690228,0.0,16.837570280072086,0.0,0
2030-06-26 08:00:00,2.529570040568167,0.0,-12.620214226331768,0.0,-12.136644785653399,0.0,-0.27918971937644405,0.0,0
2030-06-26 10:00:00,52.57714977492394,0.0,-41.59448782865576,0.0,-40.000709557234636,0.0,30.55605152690001,0.0,0
2030-06-26 12:00:00,-13.968849273370989,0.0,8.545854596605519,0.0,8.218402617321672,0.0,-8.426914905048548,0.0,0
2030-06-26 14:00:00,34.09112361034707,0.0,-29.25024138420126,0.0,-28.129458280824643,0.0,19.464970588186716,0.0,0
2030-06-26 16:00:00,-44.65631884598837,0.0,41.96815064002887,0.0,40.36005471017049,0.0,-25.296565798440213,0.0,0
2030-06-26 18:00:00,-21.040633681588584,0.0,8.591005865770299,0.0,8.26182382282947,0.0,-13.589494789275216,0.0,0
2030-06-26 20:00:00,-0.32525102267697603,0.0,-17.385593391720494,0.0,-16.719428656199984,0.0,-2.8302410774130196,0.0,0
2030-06-26 22:00:00,-9.652835544731204,0.0,-4.1652042926297295,0.0,-4.0056059313043555,0.0,-7.579353059060244,0.0,0
2030-06-27 00:00:00,-15.085373625214604,0.0,-10.134653287690087,0.0,-9.746323221820663,0.0,-12.146277049817595,0.0,0
2030-06-27 02:00:00,-9.848743463732514,0.0,-12.624213111355274,0.0,-12.140490445180145,0.0,-8.742767860672727,0.0,0
2030-06-27 04:00:00,-16.736664955489914,0.0,2.038741389115314,0.0,1.9606228234918328,0.0,-11.770366527040986,0.0,0
2030-06-27 06:00:00,-19.224554939804445,0.0,3.9741034862766202,0.0,3.8218275450294135,0.0,-13.512347217344324,0.0,0
2030-06-27 08:00:00,-15.742601532968845,0.0,3.763235617405506,0.0,3.6190395118549983,0.0,-10.92352707067786,0.0,0
2030-06-27 10:00:00,-15.252262147289919,0.0,4.308201464098881,0.0,4.143123872311499,0.0,-10.539993237568467,0.0,0
2030-06-27 12:00:00,32.819696231714936,0.0,-26.287389317176643,0.0,-25.280133978952744,0.0,19.02413783811015,0.0,0
2030-06-27 14:00:00,-26.889712520254232,0.0,19.013764725979403,0.0,18.28521326014551,0.0,-16.424358041517998,0.0,0
2030-06-27 16:00:00,-21.121336053482082,0.0,0.01266056921135661,0.0,0.01217545348650173,0.0,-14.840059820828595,0.0,0
2030-06-27 18:00:00,-27.646348492897843,0.0,15.02706350794942,0.0,14.45127069134129,0.0,-17.50570741104964,0.0,0
2030-06-27 20:00:00,-34.93149464327868,0.0,16.69103361935827,0.0,16.05148236872924,0.0,-22.468046090670697,0.0,0
2030-06-27 22:00:00,-26.5946248193038,0.0,8.824395740040005,0.0,8.48627088448628,0.0,-17.91998079294392,0.0,0
2030-06-28 00:00:00,-21.35538286023361,0.0,5.401156996008827,0.0,5.194200567161014,0.0,-14.396043496832261,0.0,0
2030-06-28 02:00:00,-24.232299846074326,0.0,9.525935585600257,0.0,9.160929789307644,0.0,-16.150791801294496,0.0,0
2030-06-28 04:00:00,-29.117870553631626,0.0,10.94902978591026,0.0,10.529495211093298,0.0,-19.037941938630603,0.0,0
2030-06-28 06:00:00,-32.392166797539396,0.0,14.831580936976097,0.0,14.263278436761386,0.0,-21.05327870205287,0.0,0
2030-06-28 08:00:00,-25.642991176217024,0.0,6.723680554573336,0.0,6.46604891799693,0.0,-17.49241760143274,0.0,0
2030-06-28 10:00:00,-22.18242967078703,0.0,10.58864646607498,0.0,10.182920718689708,0.0,-14.365697672078701,0.0,0
2030-06-28 12:00:00,-8.90929337520711,0.0,-14.304765162199015,0.0,-13.756648690920159,0.0,-8.066033375134676,0.0,0
2030-06-28 14:00:00,-17.708224627898947,0.0,5.228628496234838,0.0,5.028282851375381,0.0,-12.02933547721728,0.0,0
2030-06-28 16:00:00,-18.507397573617393,0.0,3.7631694248462404,0.0,3.6189758555997082,0.0,-12.835153652282019,0.0,0
2030-06-28 18:00:00,-17.857779092351258,0.0,4.316868916310529,0.0,4.151459213281366,0.0,-12.197618673192839,0.0,0
2030-06-28 20:00:00,-10.678195809257705,0.0,-9.312773609895029,0.0,-8.955935552716427,0.0,-9.192713045008697,0.0,0
2030-06-28 22:00:00,-16.95968623751121,0.0,-3.5668986475952424,0.0,-3.430225596485284,0.0,-13.117408738526855,0.0,0
2030-06-29 00:00:00,-22.331943212607207,0.0,5.66856519258804,0.0,5.451362469205654,0.0,-15.493865144645227,0.0,0
2030-06-29 02:00:00,-23.52936015539735,0.0,8.14531554957577,0.0,7.833211046924881,0.0,-15.52997235637503,0.0,0
2030-06-29 04:00:00,-32.27669894166496,0.0,14.653761094216403,0.0,14.092272126669489,0.0,-20.846568607956367,0.0,0
2030-06-29 06:00:00,-39.51579141205855,0.0,18.890061048010597,0.0,18.166249542790077,0.0,-25.42448758978105,0.0,0
2030-06-29 08:00:00,-60.918409201243435,0.0,46.02363510277527,0.0,44.26014495233089,0.0,-36.85430524180578,0.0,0
2030-06-29 10:00:00,-31.693993775884568,0.0,14.610874421711197,0.0,14.051028745146763,0.0,-20.604685283055634,0.0,0
2030-06-29 12:00:00,-31.66740322154883,0.0,19.46356400723783,0.0,18.717777557674292,0.0,-19.67453189653761,0.0,0
2030-06-29 14:00:00,-51.28945520332297,0.0,42.05614859232666,0.0,40.44468084010383,0.0,-30.38406862936813,0.0,0
2030-06-29 16:00:00,-60.858034063329114,0.0,39.794543864444655,0.0,38.26973414461995,0.0,-37.4692221829965,0.0,0
2030-06-29 18:00:00,-20.36192752080197,0.0,15.022857532311647,0.0,14.44722587630281,0.0,-13.25975816115147,0.0,0
2030-06-29 20:00:00,-23.97706794616507,0.0,15.369490965893258,0.0,14.780577337598313,0.0,-15.376118560919622,0.0,0
2030-06-29 22:00:00,-89.0664674844189,0.0,60.49281832843971,0.0,58.17491169076098,0.0,-54.66212787121499,0.0,0
2030-06-30 00:00:00,-75.04962310781453,0.0,45.058633615483174,0.0,43.332119479953846,0.0,-46.64446105093125,0.0,0
2030-06-30 02:00:00,-93.81491194287798,0.0,63.103718442893026,0.0,60.68576980233142,0.0,-57.6505616836874,0.0,0
2030-06-30 04:00:00,-80.02373533963457,0.0,45.648431302734565,0.0,43.89931785687477,0.0,-50.38833054135387,0.0,0
2030-06-30 06:00:00,-50.69883661952815,0.0,31.150612325262955,0.0,29.957012604309988,0.0,-31.714105355348263,0.0,0
2030-06-30 08:00:00,-51.44053310768707,0.0,30.666615379857515,0.0,29.491560996407006,0.0,-32.05971572722878,0.0,0
2030-06-30 10:00:00,-2.176608671040568,0.0,-2.4619185509484303,0.0,-2.367585082805383,0.0,-2.383721378559703,0.0,0
2030-06-30 12:00:00,-81.85328379179417,0.0,64.36739997230988,0.0,61.901030777277796,0.0,-48.75485026915554,0.0,0
2030-06-30 14:00:00,-78.47673825897226,0.0,69.42144310738857,0.0,66.76141786435569,0.0,-45.8701731565601,0.0,0
2030-06-30 16:00:00,-94.18572366519489,0.0,75.94032939544803,0.0,73.03051962898093,0.0,-56.87297547540694,0.0,0
2030-06-30 18:00:00,-86.13212396042019,0.0,68.36372045917042,0.0,65.74422403286113,0.0,-52.156814089449675,0.0,0
2030-06-30 20:00:00,-88.9795736152947,0.0,55.69763987295735,0.0,53.563470351153626,0.0,-55.43274643444469,0.0,0
2030-06-30 22:00:00,-151.6927778923768,30.692777892376796,118.01701225931106,0.0,113.49494792781238,0.0,-91.39557274689095,0.0,1
2030-07-01 00:00:00,-127.26501280307703,6.265012803077028,94.91775368067422,0.0,91.28078490703464,0.0,-77.3603657574568,0.0,1
2030-07-01 02:00:00,-137.09145159633817,16.091451596338175,97.96646136835223,0.0,94.21267509503456,0.0,-83.45104514205782,0.0,1
2030-07-01 04:00:00,-85.6952635282563,0.0,54.71463198810677,0.0,52.61812843334089,0.0,-53.27020841311035,0.0,0
2030-07-01 06:00:00,-76.74184897565591,0.0,49.312671512275486,0.0,47.42315517333784,0.0,-47.7506826533502,0.0,0
2030-07-01 08:00:00,-73.94951594860404,0.0,47.75627810349216,0.0,45.92639817616084,0.0,-45.90332855694842,0.0,0
2030-07-01 10:00:00,-77.52314206847242,0.0,55.60644936744956,0.0,53.47577399724676,0.0,-47.06263166006283,0.0,0
2030-07-01 12:00:00,-115.70297099062054,0.0,77.32317651045537,0.0,74.36038011523885,0.0,-70.17192822533433,0.0,0
2030-07-01 14:00:00,-87.9436011787955,0.0,57.72834063884177,0.0,55.51636064441587,0.0,-53.18665351832377,0.0,0
2030-07-01 16:00:00,-81.49583307860718,0.0,59.14351180966417,0.0,56.87730662386938,0.0,-49.544556396465005,0.0,0
2030-07-01 18:00:00,-98.15446984803218,0.0,71.66032717658419,0.0,68.91451448987824,0.0,-59.52920037497692,0.0,0
2030-07-01 20:00:00,-64.20302215106881,0.0,38.0868166207667,0.0,36.62744197940004,0.0,-40.17501426504408,0.0,0
2030-07-01 22:00:00,-45.14489189650498,0.0,18.17869837810857,0.0,17.48214419532608,0.0,-29.792108425763434,0.0,0
2030-07-02 00:00:00,-38.90721239866559,0.0,16.070868819996058,0.0,15.45508045799779,0.0,-25.640963711073148,0.0,0
2030-07-02 02:00:00,-33.1658237584613,0.0,8.218529466581742,0.0,7.903619622257462,0.0,-22.665630292321268,0.0,0
2030-07-02 04:00:00,-29.31001524714538,0.0,18.11470968169673,0.0,17.420607357304213,0.0,-18.43447540015941,0.0,0
2030-07-02 06:00:00,-45.8032217479366,0.0,29.3770100415078,0.0,28.25136953653646,0.0,-28.289227282320514,0.0,0
2030-07-02 08:00:00,-28.173485534046744,0.0,14.067991494770206,0.0,13.528947493092309,0.0,-18.49232129186253,0.0,0
2030-07-02 10:00:00,-26.886693561636193,0.0,20.618991211527042,0.0,19.828932194406207,0.0,-16.206421019168747,0.0,0
2030-07-02 12:00:00,-25.435202315965,0.0,20.71244009442787,0.0,19.918800391335697,0.0,-15.091994101314619,0.0,0
2030-07-02 14:00:00,-30.17731544891543,0.0,16.807801088328947,0.0,16.163775652187173,0.0,-19.012038471928307,0.0,0
2030-07-02 16:00:00,-28.01328693938714,0.0,13.49577789527666,0.0,12.978659433474153,0.0,-18.325910198444156,0.0,0
2030-07-02 18:00:00,-20.31126213529515,0.0,0.01322539256087829,0.0,0.012718634468750878,0.0,-14.83469379976838,0.0,0
2030-07-02 20:00:00,-23.439097927667206,0.0,2.8013572068893593,0.0,2.694017449149844,0.0,-16.661781480909806,0.0,0
2030-07-02 22:00:00,-37.19866104160313,0.0,22.72428277856846,0.0,21.853555189006492,0.0,-23.311831080537015,0.0,0
2030-07-03 00:00:00,-44.016967182766734,0.0,28.425997973611832,0.0,27.33679745020523,0.0,-27.448310546672676,0.0,0
2030-07-03 02:00:00,-37.065752084706745,0.0,14.91151585600174,0.0,14.340150485110643,0.0,-24.162188573759224,0.0,0
2030-07-03 04:00:00,-87.10510289486828,0.0,72.32131571174193,0.0,69.55017589108172,0.0,-51.423083058972814,0.0,0
2030-07-03 06:00:00,-94.4787153793444,0.0,76.93901170001311,0.0,73.99093536890854,0.0,-55.71171621355076,0.0,0
2030-07-03 08:00:00,-27.465707928198896,0.0,19.632344023621517,0.0,18.880090420913334,0.0,-17.118966789989233,0.0,0
2030-07-03 10:00:00,-48.04171125224076,0.0,32.0388843119689,0.0,30.811248624583225,0.0,-29.578298895845542,0.0,0
2030-07-03 12:00:00,-43.23917320909544,0.0,21.19412227284583,0.0,20.382025927304827,0.0,-27.385630811998325,0.0,0
2030-07-03 14:00:00,-60.70054098615411,0.0,41.219181993459074,0.0,39.639784336309276,0.0,-37.0092377616674,0.0,0
2030-07-03 16:00:00,-57.30539907268582,0.0,44.18078185233837,0.0,42.48790441096402,0.0,-34.35068287247425,0.0,0
2030-07-03 18:00:00,-45.88655767845128,0.0,27.859089722366804,0.0,26.791611453515834,0.0,-28.42704786870814,0.0,0
2030-07-03 20:00:00,14.50653798143643,0.0,-18.483591737431226,0.0,-17.77535493907734,0.0,6.708313954550725,0.0,0
2030-07-03 22:00:00,-48.38484041012871,0.0,29.704032177506352,0.0,28.565861147414065,0.0,-30.35368817759125,0.0,0
2030-07-04 00:00:00,-56.99194743738656,0.0,30.986929801507284,0.0,29.7996019127944,0.0,-36.18155423829407,0.0,0
2030-07-04 02:00:00,-45.71523195586852,0.0,13.961341689965833,0.0,13.426384194707955,0.0,-30.286622854396942,0.0,0
2030-07-04 04:00:00,-53.639586236446775,0.0,28.948265114272857,0.0,27.83905285219332,0.0,-34.15719430257287,0.0,0
2030-07-04 06:00:00,-87.72401809938249,0.0,63.85299645268614,0.0,61.40633768552846,0.0,-53.28421605678114,0.0,0
2030-07-04 08:00:00,-101.6882801501188,0.0,77.27996280791922,0.0,74.31882223451305,0.0,-60.81807199536058,0.0,0
2030-07-04 10:00:00,-115.55751475562147,0.0,98.56440659809198,0.0,94.78770882461151,0.0,-67.07234346732325,0.0,0
2030-07-04 12:00:00,-95.41631444345987,0.0,80.75664689133137,0.0,77.66229002321893,0.0,-55.31420617592229,0.0,0
2030-07-04 14:00:00,-115.17404428374425,0.0,95.18825280790907,0.0,91.54091930437545,0.0,-66.95810304405515,0.0,0
2030-07-04 16:00:00,-182.99669708097082,61.99669708097082,163.54828138232762,38.548281382327616,157.2815929146351,32.2815929146351,-105.7989129739287,0.0,3
2030-07-04 18:00:00,-182.41251078259228,61.41251078259228,147.54961304162376,22.549613041623758,141.8959464262049,16.895946426204887,-107.23561499631536,0.0,3
2030-07-04 20:00:00,-164.17391590597094,43.173915905970944,133.5243784238715,8.524378423871497,128.40811749252865,3.408117492528646,-96.9105318551652,0.0,3
2030-07-04 22:00:00,-180.1664198409834,59.166419840983394,150.21689682377234,25.216896823772345,144.461027749383,19.461027749382993,-105.88973483818523,0.0,3
2030-07-05 00:00:00,-173.70640599720616,52.70640599720616,143.76393047976586,18.76393047976586,138.255320070699,13.255320070699014,-102.42195994937774,0.0,3
2030-07-05 02:00:00,-188.4350806767074,67.4350806767074,161.47557952829823,36.475579528298226,155.28831089122593,30.288310891225933,-110.27188389285628,0.0,3
2030-07-05 04:00:00,-177.8783244382247,56.878324438224695,142.16212428791613,17.16212428791613,136.714890374555,11.714890374555011,-105.5489341372669,0.0,3
2030-07-05 06:00:00,-160.74040158388283,39.74040158388283,148.07662520671022,23.07662520671022,142.4027650372571,17.402765037257097,-92.35842878821127,0.0,3
2030-07-05 08:00:00,-177.83758053341325,56.837580533413245,150.24720429548944,25.24720429548944,144.49017392804407,19.490173928044072,-104.03987531367487,0.0,3
2030-07-05 10:00:00,-186.96059411971964,65.96059411971964,159.25095977436774,34.25095977436774,153.14893201441845,28.14893201441845,-109.2871626694143,0.0,3
2030-07-05 12:00:00,-186.00309978518138,65.00309978518138,151.13930834971734,26.13930834971734,145.3480951822978,20.34809518229781,-109.46449056737073,0.0,3
2030-07-05 14:00:00,-143.04114258836032,22.041142588360316,120.10738309866508,0.0,115.50522191306634,0.0,-84.22463988206434,0.0,1
2030-07-05 16:00:00,-174.4063506969507,53.40635069695071,126.45005807564544,1.450058075645444,121.6048642650835,0.0,-104.43785095710714,0.0,2
2030-07-05 18:00:00,-177.38976443084937,56.38976443084937,128.08042844899987,3.080428448999868,123.17276364742288,0.0,-106.28293832326081,0.0,2
2030-07-05 20:00:00,-183.08069352864194,62.080693528641945,134.68177090593122,9.681770905931216,129.52116210337493,4.521162103374934,-109.58350108734385,0.0,3
2030-07-05 22:00:00,-183.4478433271131,62.447843327113105,139.96055075243333,14.960550752433335,134.59767465297875,9.597674652978753,-109.01632705793625,0.0,3
2030-07-06 00:00:00,-178.4301479445649,57.43014794456491,135.55459013902527,10.554590139025265,130.36053747404395,5.3605374740439515,-105.9210747698966,0.0,3
2030-07-06 02:00:00,-179.77605700840775,58.77605700840775,147.37263558104598,22.372635581045984,141.72575022069054,16.725750220690543,-105.38909674481283,0.0,3
2030-07-06 04:00:00,-161.3886899723149,40.38868997231489,139.61304985502773,14.613049855027725,134.26348896651808,9.263488966518082,-93.79161708134482,0.0,3
2030-07-06 06:00:00,-135.10961265426587,14.109612654265874,120.51414245745589,0.0,115.89639545119736,0.0,-77.4009531440338,0.0,1
2030-07-06 08:00:00,-158.0891294419,37.08912944190001,129.02548077650434,4.025480776504338,124.08160435306209,0.0,-92.3270286969615,0.0,2
2030-07-06 10:00:00,-147.02794983705698,26.02794983705698,122.52668320072783,0.0,117.8318215604296,0.0,-85.95397172386726,0.0,1
2030-07-06 12:00:00,-142.2021078386227,21.20210783862271,122.82457946912064,0.0,118.11830332116793,0.0,-81.98776003675232,0.0,1
2030-07-06 14:00:00,-146.87184022429213,25.87184022429213,121.47715675595,0.0,116.82250987799904,0.0,-86.23179294003361,0.0,1
2030-07-06 16:00:00,-100.52080494039893,0.0,94.93514223296947,0.0,91.29750718121787,0.0,-57.75575630436634,0.0,0
2030-07-06 18:00:00,-167.6775947624257,46.67759476242571,144.89917064898924,19.89917064898924,139.3470611800949,14.347061180094897,-97.31465150628698,0.0,3
2030-07-06 20:00:00,-172.13773672293343,51.137736722933425,150.8898126963088,25.88981269630881,145.1081594675247,20.1081594675247,-99.82460701439828,0.0,3
2030-07-06 22:00:00,-177.8958129622356,56.895812962235595,155.37136009831227,30.371360098312266,149.41798717193092,24.417987171930918,-103.14937805530857,0.0,3
2030-07-07 00:00:00,-177.97664431261802,56.97664431261802,154.91127749071038,29.911277490710376,148.975533574838,23.97553357483801,-103.01100210766265,0.0,3
2030-07-07 02:00:00,-160.60075788570677,39.60075788570677,142.20546734343446,17.205467343434464,136.75657265183784,11.756572651837843,-92.59239523798345,0.0,3
2030-07-07 04:00:00,-162.64428873579786,41.64428873579786,150.32935602824352,25.329356028243524,144.56917784834843,19.56917784834843,-93.29974664616647,0.0,3
2030-07-07 06:00:00,-157.50272763233937,36.50272763233937,144.7204509508872,19.720450950887198,139.1751894944672,14.17518949446719,-90.10309985117422,0.0,3
2030-07-07 08:00:00,-110.41091442042851,0.0,111.35091362306835,0.0,107.08427455862326,0.0,-61.70349971028862,0.0,0
2030-07-07 10:00:00,-166.0423124984951,45.04231249849511,149.16716881320266,24.167168813202665,143.45152222456758,18.451522224567583,-94.4057755991759,0.0,3
2030-07-07 12:00:00,-145.03476525400254,24.034765254002536,130.55900533623603,5.5590053362360266,125.55636876813094,0.5563687681309375,-82.86388373011027,0.0,3
2030-07-07 14:00:00,-164.80450756807983,43.80450756807983,141.91784377127095,16.917843771270952,136.479969967864,11.479969967864008,-94.49904842648134,0.0,3
2030-07-07 16:00:00,-165.7520263092579,44.7520263092579,140.3999334123383,15.3999334123383,135.0202214634059,10.020221463405903,-95.46272611321855,0.0,3
2030-07-07 18:00:00,-151.50691716825324,30.50691716825324,124.78110244843808,0.0,119.99985810217953,0.0,-88.28143495442758,0.0,1
2030-07-07 20:00:00,-162.86987298298732,41.86987298298732,134.16150511959898,9.161505119598985,129.02083136971208,4.020831369712084,-95.09832336552198,0.0,3
2030-07-07 22:00:00,-127.86413749983024,6.864137499830235,102.15674054915348,0.0,98.24239511864494,0.0,-75.41024741588737,0.0,1
2030-07-08 00:00:00,-96.46888320522304,0.0,76.69454663305774,0.0,73.75583748333136,0.0,-57.44139301158055,0.0,0
2030-07-08 02:00:00,-88.47276312645076,0.0,67.7989398207702,0.0,65.2010841251585,0.0,-52.56322224387763,0.0,0
2030-07-08 04:00:00,-114.27728574342854,0.0,88.35199839595444,0.0,84.96661002766471,0.0,-68.05427251580169,0.0,0
2030-07-08 06:00:00,-82.20980127730712,0.0,67.02982142397295,0.0,64.4614360801543,0.0,-48.43005839920551,0.0,0
2030-07-08 08:00:00,-103.35287565557661,0.0,73.38848658147168,0.0,70.57645591606601,0.0,-62.01136444009833,0.0,0
2030-07-08 10:00:00,-81.44840736873593,0.0,62.599474627237115,0.0,60.20084712461574,0.0,-48.65172137897601,0.0,0
2030-07-08 12:00:00,-47.711117224937595,0.0,25.21228824248256,0.0,24.246227611102668,0.0,-30.251722638411444,0.0,0
2030-07-08 14:00:00,-42.55477950127993,0.0,20.420744055168036,0.0,19.63828128521045,0.0,-26.946249694682145,0.0,0
2030-07-08 16:00:00,-33.470073173105945,0.0,16.726016580217454,0.0,16.085124885558493,0.0,-21.58505956562214,0.0,0
2030-07-08 18:00:00,-37.170567109838785,0.0,16.774607045972182,0.0,16.13185350777188,0.0,-24.1277180982934,0.0,0
2030-07-08 20:00:00,-0.19623978822058574,0.0,0.3636308044303984,0.0,0.3496975429533816,0.0,-0.7564294807746144,0.0,0
2030-07-08 22:00:00,-40.11944338917127,0.0,25.393479556225877,0.0,24.420476207339703,0.0,-25.103841677526688,0.0,0
2030-07-09 00:00:00,-55.596314449701104,0.0,42.07901411754905,0.0,40.46667022574215,0.0,-33.59438362838722,0.0,0
2030-07-09 02:00:00,-72.98819296603821,0.0,61.42280339291543,0.0,59.06926246651528,0.0,-43.05790717313242,0.0,0
2030-07-09 04:00:00,-51.745634458268555,0.0,40.32116737403329,0.0,38.77617899230849,0.0,-31.065900636155696,0.0,0
2030-07-09 06:00:00,-45.85334708889186,0.0,44.502598145228305,0.0,42.797389651309075,0.0,-27.153472479932226,0.0,0
2030-07-09 08:00:00,-32.491202793186936,0.0,11.701246992024672,0.0,11.25288966926496,0.0,-21.25222313937291,0.0,0
2030-07-09 10:00:00,-35.93961144384395,0.0,19.710839622042762,0.0,18.955578299184655,0.0,-22.526050916834823,0.0,0
2030-07-09 12:00:00,-38.98366559209917,0.0,32.535697733525026,0.0,31.289025619017405,0.0,-23.037610970257695,0.0,0
2030-07-09 14:00:00,-35.86220141556561,0.0,29.301278862740578,0.0,28.17854015349967,0.0,-21.256233046738156,0.0,0
2030-07-09 16:00:00,-27.696042435009655,0.0,15.570482845018628,0.0,14.973867799867671,0.0,-17.301304126697037,0.0,0
2030-07-09 18:00:00,-90.37345195752931,0.0,73.64307067295886,0.0,70.82128509495669,0.0,-54.36803175658026,0.0,0
2030-07-09 20:00:00,-83.89157728934697,0.0,65.05331398854904,0.0,62.560662588536985,0.0,-50.81606010638556,0.0,0
2030-07-09 22:00:00,-69.72968300571249,0.0,45.08036181897435,0.0,43.353015122680056,0.0,-43.03421655558817,0.0,0
2030-07-10 00:00:00,-106.15263444673786,0.0,86.84458070618676,0.0,83.51695214419229,0.0,-63.12510515404659,0.0,0
2030-07-10 02:00:00,-115.97108295802731,0.0,103.90199591136607,0.0,99.92077743542357,0.0,-67.89867939616535,0.0,0
2030-07-10 04:00:00,-103.25307684344926,0.0,94.9932887643597,0.0,91.35342570877587,0.0,-60.5597865486595,0.0,0
2030-07-10 06:00:00,-136.50380619478756,15.503806194787558,119.02848130275845,0.0,114.46766045644682,0.0,-79.94682087419152,0.0,1
2030-07-10 08:00:00,-110.258768823227,0.0,102.15011518346697,0.0,98.23602361745888,0.0,-64.03024177436306,0.0,0
2030-07-10 10:00:00,-60.02215616442719,0.0,70.1701420724807,0.0,67.48142889013921,0.0,-33.28923890993292,0.0,0
2030-07-10 12:00:00,-97.44723523274557,0.0,102.94068129138016,0.0,98.99629756045579,0.0,-55.006671102461,0.0,0
2030-07-10 14:00:00,-92.66422760591553,0.0,90.83944820604421,0.0,87.35874808695482,0.0,-53.44529173159905,0.0,0
2030-07-10 16:00:00,-69.0902280168878,0.0,72.4863327136517,0.0,69.70886992747866,0.0,-39.58144182978889,0.0,0
2030-07-10 18:00:00,-142.47229361967442,21.472293619674417,123.35400199609433,0.0,118.62743993613884,0.0,-83.38248512902241,0.0,1
2030-07-10 20:00:00,-52.6680491758806,0.0,56.67540034672848,0.0,54.503765923225075,0.0,-30.388703057809156,0.0,0
2030-07-10 22:00:00,-134.36259175500416,13.36259175500416,127.90668917016202,2.906689170162025,123.00568154606111,0.0,-77.2228638651381,0.0,2
2030-07-11 00:00:00,-125.54698184319179,4.546981843191787,114.17804270621045,0.0,109.80307638162995,0.0,-72.47868064258473,0.0,1
2030-07-11 02:00:00,-110.48943179213825,0.0,96.33983562228461,0.0,92.64837685689295,0.0,-64.38837933690826,0.0,0
2030-07-11 04:00:00,-70.46948650546685,0.0,54.40328923194568,0.0,52.31871541464357,0.0,-42.12990637573794,0.0,0
2030-07-11 06:00:00,-58.29500125971835,0.0,42.56568836932498,0.0,40.934696553520666,0.0,-35.106554873540425,0.0,0
2030-07-11 08:00:00,-63.000107424249315,0.0,47.15825230444733,0.0,45.351286964457245,0.0,-38.05869849887512,0.0,0
2030-07-11 10:00:00,0.2412711793451312,0.0,-3.1839140545205775,0.0,-3.0619158450686146,0.0,-0.789207584259972,0.0,0
2030-07-11 12:00:00,-53.009483350967,0.0,33.294594575197635,0.0,32.018843768785146,0.0,-32.94059723327147,0.0,0
2030-07-11 14:00:00,29.436462316925613,0.0,-37.737399991734485,0.0,-36.2914139665065,0.0,14.993171428923535,0.0,0
2030-07-11 16:00:00,-40.66772737251037,0.0,16.866731543618908,0.0,16.220448065989633,0.0,-26.01992758436541,0.0,0
2030-07-11 18:00:00,-38.66877273830663,0.0,10.91235009547285,0.0,10.494220978366101,0.0,-25.38446467951259,0.0,0
2030-07-11 20:00:00,-40.672886609378374,0.0,15.864331456267433,0.0,15.256456997762859,0.0,-26.11302345071622,0.0,0
2030-07-11 22:00:00,-62.57135523542509,0.0,36.906193096383,0.0,35.49205647135264,0.0,-38.54638277948387,0.0,0
2030-07-12 00:00:00,-45.949483373034376,0.0,20.158896188016435,0.0,19.38646665714581,0.0,-29.107474559938858,0.0,0
2030-07-12 02:00:00,-52.823684133346276,0.0,34.9197327152375,0.0,33.581711401580804,0.0,-32.43217461846288,0.0,0
2030-07-12 04:00:00,-48.636897250117315,0.0,23.923607295956565,0.0,23.00692512308371,0.0,-30.453249859931667,0.0,0
2030-07-12 06:00:00,-83.12274615820955,0.0,56.93629176031259,0.0,54.754660746206014,0.0,-50.3194512633275,0.0,0
2030-07-12 08:00:00,-41.33231730376849,0.0,17.57755485384201,0.0,16.90403472044911,0.0,-25.95871233418034,0.0,0
2030-07-12 10:00:00,-56.56302865443034,0.0,31.77643872848795,0.0,30.558859182918553,0.0,-34.56046732503145,0.0,0
2030-07-12 12:00:00,-42.804009179199895,0.0,17.516935903036362,0.0,16.84573850930623,0.0,-27.076178769454486,0.0,0
2030-07-12 14:00:00,-64.05221182820813,0.0,37.530254036375936,0.0,36.09220523408055,0.0,-38.81667484943959,0.0,0
2030-07-12 16:00:00,-53.26526584929633,0.0,27.98056246245538,0.0,26.90842971596011,0.0,-32.62370540329354,0.0,0
2030-07-12 18:00:00,11.924337382258939,0.0,-16.439469977507645,0.0,-15.809557904740663,0.0,5.695256177765095,0.0,0
2030-07-12 20:00:00,-50.23888401884987,0.0,26.287052839287156,0.0,25.279810393905052,0.0,-31.94309262885541,0.0,0
2030-07-12 22:00:00,-61.7813750077536,0.0,31.849554653069127,0.0,30.6291735206075,0.0,-38.79023002965212,0.0,0
2030-07-13 00:00:00,-43.59451000418556,0.0,24.97098794027486,0.0,24.014173225809024,0.0,-27.152677116865373,0.0,0
2030-07-13 02:00:00,-43.495112552954126,0.0,27.630103253991116,0.0,26.571399072207896,0.0,-26.667748931417808,0.0,0
2030-07-13 04:00:00,-49.23769759125929,0.0,25.01269984040492,0.0,24.054286848774105,0.0,-30.770318754531758,0.0,0
2030-07-13 06:00:00,28.27078507668839,0.0,-20.064423943686066,0.0,-19.295614310982852,0.0,16.618340530536013,0.0,0
2030-07-13 08:00:00,-42.47680942396162,0.0,32.24587128253266,0.0,31.01030446404351,0.0,-25.25330430438725,0.0,0
2030-07-13 10:00:00,-31.32664387192513,0.0,21.524509225190315,0.0,20.69975342467591,0.0,-19.153290374633183,0.0,0
2030-07-13 12:00:00,21.510776248454604,0.0,-14.497274788273945,0.0,-13.941781915094417,0.0,12.526799404211042,0.0,0
2030-07-13 14:00:00,-7.491939846465833,0.0,2.059294194210181,0.0,1.9803881056266333,0.0,-4.432221473307002,0.0,0
2030-07-13 16:00:00,-4.2307733410232435,0.0,-5.9820299512571475,0.0,-5.752816181524528,0.0,-3.4676695814159597,0.0,0
2030-07-13 18:00:00,-42.80263826200968,0.0,27.572938068278823,0.0,26.51642428805181,0.0,-26.3585520390365,0.0,0
2030-07-13 20:00:00,18.833054146751497,0.0,-24.465589513007465,0.0,-23.528140177798335,0.0,9.731710056475595,0.0,0
2030-07-13 22:00:00,-37.460421655604314,0.0,17.090012315963676,0.0,16.43517337673446,0.0,-23.988021424533592,0.0,0
2030-07-14 00:00:00,-45.08446480458835,0.0,24.951502802569603,0.0,23.995434701193957,0.0,-28.190065898542926,0.0,0
2030-07-14 02:00:00,-27.74038324576521,0.0,9.969026528874306,0.0,9.587042792606432,0.0,-17.98226017879359,0.0,0
2030-07-14 04:00:00,-33.83439958422324,0.0,12.073271025044214,0.0,11.610658837007236,0.0,-22.29947871064467,0.0,0
2030-07-14 06:00:00,-33.36831900938098,0.0,18.815221650219154,0.0,18.09427777030841,0.0,-21.181012442977504,0.0,0
2030-07-14 08:00:00,-11.151391808448878,0.0,-10.911130383386691,0.0,-10.4930480020548,0.0,-9.23712827730866,0.0,0
2030-07-14 10:00:00,24.673821283958347,0.0,-19.13841701784588,0.0,-18.405089243307845,0.0,14.068050433163608,0.0,0
2030-07-14 12:00:00,-24.762974141849455,0.0,16.637636331144375,0.0,16.000131107336436,0.0,-15.064041509738416,0.0,0
2030-07-14 14:00:00,-16.48037866369468,0.0,8.67048896179217,0.0,8.338261360701743,0.0,-10.02111367157472,0.0,0
2030-07-14 16:00:00,-37.87170209585793,0.0,20.967579894292818,0.0,20.164163985495733,0.0,-24.090893004203316,0.0,0
2030-07-14 18:00:00,-44.47449326871926,0.0,27.867065577685878,0.0,26.79928169754923,0.0,-27.75148781640542,0.0,0
2030-07-14 20:00:00,-50.83796260421653,0.0,23.440584527260317,0.0,22.542410364307486,0.0,-32.62017937232121,0.0,0
2030-07-14 22:00:00,-42.69022401632767,0.0,22.704951213788668,0.0,21.834964352854602,0.0,-27.12355202096648,0.0,0
2030-07-15 00:00:00,-31.563331029421153,0.0,14.213651882978688,0.0,13.66902660421695,0.0,-20.45188936039537,0.0,0
2030-07-15 02:00:00,-38.3467013253304,0.0,22.34694492373898,0.0,21.490675809455965,0.0,-24.120929445490574,0.0,0
2030-07-15 04:00:00,-53.467846390160574,0.0,33.80425617713639,0.0,32.50897663916952,0.0,-33.21621251498602,0.0,0
2030-07-15 06:00:00,-33.14680846414374,0.0,19.463479129520422,0.0,18.717695932221012,0.0,-20.68028120346718,0.0,0
2030-07-15 08:00:00,-5.507453337420129,0.0,-5.810046603172869,0.0,-5.587422728821332,0.0,-5.067361974322633,0.0,0
2030-07-15 10:00:00,-37.72669265693128,0.0,30.771125916740548,0.0,29.59206699731627,0.0,-22.490119357595184,0.0,0
2030-07-15 12:00:00,-18.28498410460243,0.0,-1.873364000783896,0.0,-1.8015822096193466,0.0,-13.164596347701163,0.0,0
2030-07-15 14:00:00,-8.54316573640147,0.0,-4.752753632359964,0.0,-4.570642110759388,0.0,-6.422168689911721,0.0,0
2030-07-15 16:00:00,-33.9475786100402,0.0,19.431414997307197,0.0,18.686860403120477,0.0,-21.78187562014707,0.0,0
2030-07-15 18:00:00,-28.355132437597483,0.0,13.189775639083164,0.0,12.6843822825143,0.0,-18.720237922377862,0.0,0
2030-07-15 20:00:00,-14.180290163856146,0.0,-11.621068655473124,0.0,-11.17578353043248,0.0,-11.722044464858138,0.0,0
2030-07-15 22:00:00,-25.959239150378355,0.0,14.636260659729134,0.0,14.07544225729022,0.0,-16.7067499330217,0.0,0
2030-07-16 00:00:00,-25.001519237347132,0.0,6.878090325446343,0.0,6.614542161210631,0.0,-17.452653669506805,0.0,0
2030-07-16 02:00:00,-11.874497953066049,0.0,-9.244547903134865,0.0,-8.890324054104136,0.0,-9.761259345587684,0.0,0
2030-07-16 04:00:00,-25.928256412066503,0.0,10.775283866046813,0.0,10.362406723170553,0.0,-17.498425898622123,0.0,0
2030-07-16 06:00:00,-14.090576700755186,0.0,-7.241270172898989,0.0,-6.963806026529439,0.0,-10.706654649393716,0.0,0
2030-07-16 08:00:00,-15.836627946311157,0.0,5.269004971903131,0.0,5.0671122194109826,0.0,-10.796894810870688,0.0,0
2030-07-16 10:00:00,-16.26222926621529,0.0,9.099676852996195,0.0,8.751004035939301,0.0,-10.477243471399682,0.0,0
2030-07-16 12:00:00,-8.994970066376943,0.0,-8.004567934284035,0.0,-7.69785646572763,0.0,-7.543710762564938,0.0,0
2030-07-16 14:00:00,27.077595027386813,0.0,-25.54869686013837,0.0,-24.569746041305045,0.0,14.64188677125347,0.0,0
2030-07-16 16:00:00,-28.046730441366265,0.0,21.28283139158014,0.0,20.467335973871215,0.0,-16.816804994762265,0.0,0
2030-07-16 18:00:00,-49.71270944917161,0.0,32.6638887576473,0.0,31.412304740637552,0.0,-30.695398155603797,0.0,0
2030-07-16 20:00:00,14.628099748684331,0.0,-14.497117618951972,0.0,-13.94163076803792,0.0,7.789701696925329,0.0,0
2030-07-16 22:00:00,-30.861869755376368,0.0,2.4852309797670262,0.0,2.390004248010449,0.0,-21.23550061956093,0.0,0
2030-07-17 00:00:00,-47.63276592446448,0.0,32.60394757298701,0.0,31.35466032563741,0.0,-29.19506847411545,0.0,0
2030-07-17 02:00:00,-37.577436644259535,0.0,10.815018500534523,0.0,10.400618843489294,0.0,-24.896515780945343,0.0,0
2030-07-17 04:00:00,-38.34049852825451,0.0,23.411789370469926,0.0,22.51471855311913,0.0,-23.79338406544893,0.0,0
2030-07-17 06:00:00,-29.409588305208075,0.0,17.97310392352129,0.0,17.284427514731306,0.0,-18.430197967504878,0.0,0
2030-07-17 08:00:00,-22.37451272678198,0.0,9.844225632333028,0.0,9.46702389886272,0.0,-14.613293525722161,0.0,0
2030-07-17 10:00:00,-25.8244038698892,0.0,13.603822467623283,0.0,13.08256405601645,0.0,-16.522783955566197,0.0,0
2030-07-17 12:00:00,-22.86736010172403,0.0,17.6484820414482,0.0,16.972244187117745,0.0,-13.699170953197441,0.0,0
2030-07-17 14:00:00,27.771524579104128,0.0,-18.553871603302508,0.0,-17.842941887473522,0.0,16.380664058815412,0.0,0
2030-07-17 16:00:00,-28.94335299965877,0.0,20.872484420624332,0.0,20.072712290307464,0.0,-17.464385580724134,0.0,0
2030-07-17 18:00:00,-22.52859054226549,0.0,2.1744744122868145,0.0,2.091154956970102,0.0,-15.484690144664219,0.0,0
2030-07-17 20:00:00,-5.238760888659627,0.0,2.1472023789452086,0.0,2.0649279076257927,0.0,-4.331013789651749,0.0,0
2030-07-17 22:00:00,-42.730730008503585,0.0,18.04001658776445,0.0,17.348776282748727,0.0,-27.910940079765197,0.0,0
2030-07-18 00:00:00,-73.58437696309097,0.0,52.0977604585999,0.0,50.101527713755026,0.0,-44.56892910864558,0.0,0
2030-07-18 02:00:00,-94.96902768469366,0.0,71.0652844273305,0.0,68.34227202628331,0.0,-57.17671182996783,0.0,0
2030-07-18 04:00:00,-59.56409934015173,0.0,42.6050606422544,0.0,40.97256019690889,0.0,-36.20275553614531,0.0,0
2030-07-18 06:00:00,-72.10042585527704,0.0,55.86580211768319,0.0,53.725189113925246,0.0,-43.39599349145006,0.0,0
2030-07-18 08:00:00,-81.14200873815389,0.0,69.08147533440463,0.0,66.43447665517505,0.0,-47.083139246548,0.0,0
2030-07-18 10:00:00,-77.35104647780821,0.0,67.3588818551311,0.0,64.77788788472424,0.0,-44.62833440697487,0.0,0
2030-07-18 12:00:00,-67.15110503610725,0.0,57.85240385197436,0.0,55.635670120606434,0.0,-39.71628192274651,0.0,0
2030-07-18 14:00:00,-93.65776154273334,0.0,85.94520254803388,0.0,82.652035508252,0.0,-54.843274617267205,0.0,0
2030-07-18 16:00:00,-31.901091460903572,0.0,18.36967288603647,0.0,17.66580112255949,0.0,-20.811824373900638,0.0,0
2030-07-18 18:00:00,-25.23809086451182,0.0,2.2933018205246007,0.0,2.205429248889181,0.0,-18.29672728520044,0.0,0
2030-07-18 20:00:00,20.288873000492114,0.0,-22.728996133433416,0.0,-21.858087941994558,0.0,9.864496145264082,0.0,0
2030-07-18 22:00:00,-23.68143706009496,0.0,11.35507227095279,0.0,10.919979343966629,0.0,-15.768900173619691,0.0,0
2030-07-19 00:00:00,-27.987491107984592,0.0,12.903984577418711,0.0,12.409541892634095,0.0,-18.636142505074197,0.0,0
2030-07-19 02:00:00,-24.978219233636608,0.0,9.245799607672524,0.0,8.89152779701039,0.0,-16.675082198967388,0.0,0
2030-07-19 04:00:00,-39.51737160737365,0.0,28.20843067956304,0.0,27.12756669409523,0.0,-24.412020492022133,0.0,0
2030-07-19 06:00:00,-37.29669211126509,0.0,26.423409921113766,0.0,25.410942673948618,0.0,-22.86360304499151,0.0,0
2030-07-19 08:00:00,-25.304927834411973,0.0,15.721402366926664,0.0,15.119004530177456,0.0,-15.508632998727025,0.0,0
2030-07-19 10:00:00,-22.534689060718087,0.0,16.59806302812234,0.0,15.962074136736792,0.0,-13.463711777206463,0.0,0
2030-07-19 12:00:00,-19.54523266561597,0.0,18.85509037421119,0.0,18.1326188422167,0.0,-10.90259855700319,0.0,0
2030-07-19 14:00:00,-19.77181059060408,0.0,11.938701718606417,0.0,11.481245830064848,0.0,-12.392744174169946,0.0,0
2030-07-19 16:00:00,-17.040621925514728,0.0,5.1678808957173885,0.0,4.969862919998757,0.0,-11.702045444474438,0.0,0
2030-07-19 18:00:00,-16.96010945850573,0.0,-0.15149442024741422,0.0,-0.14568960023790378,0.0,-12.21072397887977,0.0,0
2030-07-19 20:00:00,-17.253931116965383,0.0,6.337462097347072,0.0,6.0946292145787515,0.0,-11.586739113045518,0.0,0
2030-07-19 22:00:00,-26.579602326132118,0.0,18.572683831277416,0.0,17.861033286277326,0.0,-16.702974847165866,0.0,0
2030-07-20 00:00:00,-40.24289366389374,0.0,28.075850490254865,0.0,27.00006658717229,0.0,-25.21222941995687,0.0,0
2030-07-20 02:00:00,-47.42570828933432,0.0,34.20258148667551,0.0,32.8920392959765,0.0,-29.201007533355813,0.0,0
2030-07-20 04:00:00,-72.96856649061003,0.0,65.28528111521828,0.0,62.78374141809138,0.0,-43.666011299395606,0.0,0
2030-07-20 06:00:00,-61.097164192444296,0.0,53.53186269825278,0.0,51.48067937923642,0.0,-36.35203692613975,0.0,0
2030-07-20 08:00:00,-42.05226981749217,0.0,28.198775889840363,0.0,27.118281847479857,0.0,-26.7374970686679,0.0,0
2030-07-20 10:00:00,-52.36707487665013,0.0,36.70117982002789,0.0,35.29489869995176,0.0,-32.55747794249516,0.0,0
2030-07-20 12:00:00,8.294391511762644,0.0,-3.622023111765424,0.0,-3.4832378535384425,0.0,4.286408265831991,0.0,0
2030-07-20 14:00:00,-28.56750635522317,0.0,25.5966439643576,0.0,24.615855953702308,0.0,-16.660489453292676,0.0,0
2030-07-20 16:00:00,-33.15597472121078,0.0,18.502890454357193,0.0,17.793914186008475,0.0,-20.492027946685837,0.0,0
2030-07-20 18:00:00,-48.3508305074933,0.0,31.684179558976943,0.0,30.47013511306578,0.0,-30.187433049580992,0.0,0
2030-07-20 20:00:00,-70.40213453449606,0.0,57.32253278222392,0.0,55.12610214969699,0.0,-42.878887752566555,0.0,0
2030-07-20 22:00:00,-105.21542434244503,0.0,92.40771255940862,0.0,88.86692116907827,0.0,-62.49803193620649,0.0,0
2030-07-21 00:00:00,-114.66571125578312,0.0,104.58818018676483,0.0,100.58066915030741,0.0,-67.69208212591874,0.0,0
2030-07-21 02:00:00,-109.53742300153007,0.0,99.76426526018768,0.0,95.9415924365442,0.0,-64.69650433053003,0.0,0
2030-07-21 04:00:00,-85.48551449590096,0.0,77.97807806741356,0.0,74.99018777332037,0.0,-51.11051033441734,0.0,0
2030-07-21 06:00:00,-60.074732728192785,0.0,58.73976912051983,0.0,56.48903416548866,0.0,-36.337800386131825,0.0,0
2030-07-21 08:00:00,-41.524785191211585,0.0,46.705504294858216,0.0,44.915886925182974,0.0,-24.721036863747063,0.0,0
2030-07-21 10:00:00,-15.41021589182553,0.0,21.808538740961374,0.0,20.97289976591326,0.0,-9.007783184816567,0.0,0
2030-07-21 12:00:00,33.700924829467844,0.0,-16.725778807183907,0.0,-16.084896223287274,0.0,19.85536846008359,0.0,0
2030-07-21 14:00:00,1.1152650853127202,0.0,-5.4469097362157,0.0,-5.238200197111962,0.0,-0.5597213892174373,0.0,0
2030-07-21 16:00:00,-21.240807271302394,0.0,5.589335854145493,0.0,5.3751689656698,0.0,-14.421756276260705,0.0,0
2030-07-21 18:00:00,23.453135234832395,0.0,-24.204433849417356,0.0,-23.27699123009338,0.0,12.203301077417176,0.0,0
2030-07-21 20:00:00,-27.861519677032454,0.0,13.6133752419925,0.0,13.091750796206178,0.0,-18.608378456536943,0.0,0
2030-07-21 22:00:00,-37.381354564414394,0.0,26.80991745544687,0.0,25.782640377890324,0.0,-23.589335500856688,0.0,0
2030-07-22 00:00:00,-22.082636285773166,0.0,0.4737731707896691,0.0,0.45561957822001364,0.0,-15.795022145267279,0.0,0
2030-07-22 02:00:00,-22.837266905584293,0.0,13.281253618676054,0.0,12.77235509534593,0.0,-15.0569551124103,0.0,0
2030-07-22 04:00:00,-47.65131852376466,0.0,31.658641714493736,0.0,30.445575803570218,0.0,-29.7314355908907,0.0,0
2030-07-22 06:00:00,-30.919120062227293,0.0,12.057293355664289,0.0,11.595293384861268,0.0,-20.76895408680396,0.0,0
2030-07-22 08:00:00,-39.420361556522856,0.0,26.338091729007886,0.0,25.328893623689076,0.0,-24.350535048770087,0.0,0
2030-07-22 10:00:00,15.490290155804189,0.0,-13.861337489391849,0.0,-13.330211860572167,0.0,8.209680146121963,0.0,0
2030-07-22 12:00:00,-37.043875047898275,0.0,22.416829425844398,0.0,21.55788254326135,0.0,-23.2788414621583,0.0,0
2030-07-22 14:00:00,-28.151620170269144,0.0,13.144307696700338,0.0,12.640656537773408,0.0,-18.472800732542435,0.0,0
2030-07-22 16:00:00,-12.653335392052046,0.0,-2.7516857596112807,0.0,-2.6462492654413077,0.0,-9.621082558507839,0.0,0
2030-07-22 18:00:00,-17.40723716806056,0.0,0.9831917210183967,0.0,0.9455187099200169,0.0,-12.529798129782485,0.0,0
2030-07-22 20:00:00,31.22569180073154,0.0,-36.43454419320585,0.0,-35.03847976506649,0.0,16.057056503648234,0.0,0
2030-07-22 22:00:00,-30.656769784460305,0.0,9.135936510598109,0.0,8.78587433025213,0.0,-20.9345675533515,0.0,0
2030-07-23 00:00:00,-26.291868349689622,0.0,7.630073806558232,0.0,7.337711850033494,0.0,-17.615299917040197,0.0,0
2030-07-23 02:00:00,-35.64652156438218,0.0,15.657683037968361,0.0,15.057726738241575,0.0,-23.306266134211757,0.0,0
2030-07-23 04:00:00,-18.787121169614146,0.0,4.951499662558639,0.0,4.761772778418553,0.0,-12.688989841430043,0.0,0
2030-07-23 06:00:00,-24.653901730621946,0.0,15.632520497340378,0.0,15.033528352062929,0.0,-15.359595599176284,0.0,0
2030-07-23 08:00:00,-14.901075889554651,0.0,-11.288616184996,0.0,-10.85606965950027,0.0,-11.75716726858037,0.0,0
2030-07-23 10:00:00,-35.14365412038168,0.0,21.178747506218816,0.0,20.367240276453895,0.0,-21.80978380504196,0.0,0
2030-07-23 12:00:00,-24.58925319108866,0.0,15.168931004780607,0.0,14.587702243515583,0.0,-15.234184412598683,0.0,0
2030-07-23 14:00:00,-26.402403231945677,0.0,9.385992402151343,0.0,9.026348816494206,0.0,-17.328369266062197,0.0,0
2030-07-23 16:00:00,-47.11542577477926,0.0,34.876271341651005,0.0,33.53991533982974,0.0,-28.299805741391825,0.0,0
2030-07-23 18:00:00,-31.220760829353168,0.0,15.927277879893873,0.0,15.3169914998228,0.0,-20.03641624947702,0.0,0
2030-07-23 20:00:00,-41.59078546451761,0.0,19.389697233937923,0.0,18.646741141578204,0.0,-27.110106872262364,0.0,0
2030-07-23 22:00:00,-36.78022997610889,0.0,13.672751569432519,0.0,13.148851997651116,0.0,-24.4549355034963,0.0,0
2030-07-24 00:00:00,-46.223073535068465,0.0,32.83018997859271,0.0,31.572233788579027,0.0,-28.44092791579451,0.0,0
2030-07-24 02:00:00,-37.96899853047441,0.0,27.754095362187037,0.0,26.690640167993628,0.0,-23.52100647239391,0.0,0
2030-07-24 04:00:00,-41.890813392068296,0.0,27.85923598100208,0.0,26.79175210795097,0.0,-25.994797335628714,0.0,0
2030-07-24 06:00:00,-2.5264890173946446,0.0,5.77708588408875,0.0,5.555724967418267,0.0,-2.0477299087917586,0.0,0
2030-07-24 08:00:00,-54.46272211967499,0.0,46.91691410350248,0.0,45.11919613259452,0.0,-32.346036491140545,0.0,0
2030-07-24 10:00:00,0.20325552954763954,0.0,9.462614502492682,0.0,9.1000349836144,0.0,0.5376012066082898,0.0,0
2030-07-24 12:00:00,-36.86400150950941,0.0,39.02926029812063,0.0,37.533773990679606,0.0,-20.666537189272145,0.0,0
2030-07-24 14:00:00,-28.39678472773278,0.0,25.36493704695691,0.0,24.393027362963856,0.0,-16.61271382795593,0.0,0
2030-07-24 16:00:00,-25.897910058475663,0.0,14.624243673393162,0.0,14.063885726478803,0.0,-16.71969048706315,0.0,0
2030-07-24 18:00:00,-34.212121193172294,0.0,23.4508737990937,0.0,22.552305381547683,0.0,-21.178743337097913,0.0,0
2030-07-24 20:00:00,-30.464014424453836,0.0,12.160944006568027,0.0,11.694972448089542,0.0,-20.392062534508167,0.0,0
2030-07-24 22:00:00,-27.943140269941022,0.0,1.8961167573671993,0.0,1.823463147580771,0.0,-19.88657046774695,0.0,0
2030-07-25 00:00:00,-27.516653983384607,0.0,14.37325693346582,0.0,13.822516059230875,0.0,-17.710239768323223,0.0,0
2030-07-25 02:00:00,-26.561855502561755,0.0,7.6384330947229255,0.0,7.345750834895137,0.0,-18.187252182626857,0.0,0
2030-07-25 04:00:00,-33.87860150223615,0.0,22.608741640861748,0.0,21.742441247410305,0.0,-21.513221330302454,0.0,0
2030-07-25 06:00:00,-20.929470809541463,0.0,9.767396489106428,0.0,9.39313862213095,0.0,-13.7168504957694,0.0,0
2030-07-25 08:00:00,-30.736959003893205,0.0,20.306105926092073,0.0,19.5280357516138,0.0,-19.506592772539992,0.0,0
2030-07-25 10:00:00,21.513245943660827,0.0,-15.691160872045698,0.0,-15.089921800314402,0.0,12.12207399042518,0.0,0
2030-07-25 12:00:00,-20.04674375556496,0.0,9.2722097800368,0.0,8.916926009351727,0.0,-13.073841860516014,0.0,0
2030-07-25 14:00:00,2.673776450367839,0.0,-5.41751360384302,0.0,-5.209930437955734,0.0,0.611673951375521,0.0,0
2030-07-25 16:00:00,-18.810106889183913,0.0,2.166888991590556,0.0,2.0838601872546447,0.0,-13.267354250519311,0.0,0
2030-07-25 18:00:00,-26.702129171964366,0.0,19.117106182528303,0.0,18.384594976436055,0.0,-17.143849193098575,0.0,0
2030-07-25 20:00:00,-23.921124324520058,0.0,12.473323442067125,0.0,11.995382423625873,0.0,-15.984652266369464,0.0,0
2030-07-25 22:00:00,-19.199386341487553,0.0,14.221469281428398,0.0,13.676544462981486,0.0,-12.275952212425494,0.0,0
2030-07-26 00:00:00,-10.792780684925495,0.0,-12.774083424089973,0.0,-12.284618168921973,0.0,-9.578884636937868,0.0,0
2030-07-26 02:00:00,-20.16324008561408,0.0,4.895853699839841,0.0,4.7082590051052,0.0,-14.056536663754777,0.0,0
2030-07-26 04:00:00,-20.390803891931167,0.0,2.789830632028141,0.0,2.682932538689804,0.0,-14.46117983004765,0.0,0
2030-07-26 06:00:00,-27.40369203834951,0.0,9.499679732176748,0.0,9.135679982859726,0.0,-18.864107487097566,0.0,0
2030-07-26 08:00:00,-18.97330773399575,0.0,11.036064963328768,0.0,10.613195456845148,0.0,-12.29172992634124,0.0,0
2030-07-26 10:00:00,-12.17952004886484,0.0,-2.4265904261707676,0.0,-2.3336106277224182,0.0,-9.087809598618568,0.0,0
2030-07-26 12:00:00,-11.75629523470155,0.0,-5.428998180543859,0.0,-5.220974959501202,0.0,-9.110559341876824,0.0,0
2030-07-26 14:00:00,-26.636073937693197,0.0,18.168480895901695,0.0,17.472318216945343,0.0,-16.624528345173633,0.0,0
2030-07-26 16:00:00,-21.360929664039354,0.0,9.423069591049023,0.0,9.062005316711213,0.0,-14.224058267134112,0.0,0
2030-07-26 18:00:00,29.788620774610017,0.0,-32.929323802243246,0.0,-31.667569096071624,0.0,15.281567268839012,0.0,0
2030-07-26 20:00:00,-19.796395523675997,0.0,-0.5610205853357257,0.0,-0.539523928797629,0.0,-14.813867432809548,0.0,0
2030-07-26 22:00:00,-19.3360177997694,0.0,-4.253281441017396,0.0,-4.090308222766513,0.0,-14.93161262673233,0.0,0
2030-07-27 00:00:00,-28.860933020084943,0.0,10.935917875896912,0.0,10.516885710855046,0.0,-19.530350695540058,0.0,0
2030-07-27 02:00:00,-19.216531732087578,0.0,-1.8000736449166341,0.0,-1.7311001243375346,0.0,-14.188094039575896,0.0,0
2030-07-27 04:00:00,-34.865291560685506,0.0,18.970813457115582,0.0,18.243907757406475,0.0,-22.581803045580404,0.0,0
2030-07-27 06:00:00,-39.707253371043706,0.0,28.785688747653634,0.0,27.682705933130556,0.0,-24.882700175950735,0.0,0
2030-07-27 08:00:00,-43.535479661861814,0.0,33.244374919423706,0.0,31.97054838231584,0.0,-27.280372255529706,0.0,0
2030-07-27 10:00:00,-69.73909035512924,0.0,59.98671365694534,0.0,57.68819945972215,0.0,-42.59174597838882,0.0,0
2030-07-27 12:00:00,-19.974662389410632,0.0,39.03726487905304,0.0,37.5414718596454,0.0,-11.234232736101967,0.0,0
2030-07-27 14:00:00,-99.40622729259955,0.0,89.85269438108304,0.0,86.40980376242396,0.0,-59.71030154733816,0.0,0
2030-07-27 16:00:00,-141.94683773971997,20.946837739719967,129.1372791596471,4.1372791596471075,124.18911895142608,0.0,-83.62383372992065,0.0,2
2030-07-27 18:00:00,-147.77361026814742,26.773610268147422,134.28457800299523,9.284578002995232,129.13918846268533,4.1391884626853255,-86.83714978914223,0.0,3
2030-07-27 20:00:00,-107.29013826718057,0.0,95.96898494796886,0.0,92.29173608820454,0.0,-64.37239136072023,0.0,0
2030-07-27 22:00:00,-100.83065449996289,0.0,91.01984275035319,0.0,87.53223044361539,0.0,-60.41339316275714,0.0,0
2030-07-28 00:00:00,-84.56806358363531,0.0,72.22575167373321,0.0,69.45827358555866,0.0,-51.107746303348264,0.0,0
2030-07-28 02:00:00,-74.70354641427072,0.0,60.50767150849339,0.0,58.189195740699915,0.0,-45.945674851735085,0.0,0
2030-07-28 04:00:00,-66.41127994289336,0.0,55.53356498656629,0.0,53.40568233118334,0.0,-40.68095335721552,0.0,0
2030-07-28 06:00:00,-48.43252287273153,0.0,37.96783686838856,0.0,36.51302118071929,0.0,-29.781432236109847,0.0,0
2030-07-28 08:00:00,-24.48636853774787,0.0,18.621051944385478,0.0,17.907548075742604,0.0,-15.154151574541903,0.0,0
2030-07-28 10:00:00,-17.069766299604495,0.0,18.60283989969297,0.0,17.89003386296547,0.0,-10.084652664000904,0.0,0
2030-07-28 12:00:00,-31.355225643776336,0.0,40.774823278021344,0.0,39.21245213814231,0.0,-17.07670557866238,0.0,0
2030-07-28 14:00:00,35.221815670664746,0.0,-16.894634998654745,0.0,-16.247282342808457,0.0,21.12098721039399,0.0,0
2030-07-28 16:00:00,-19.219838542184554,0.0,11.60756170672478,0.0,11.162794128180133,0.0,-11.995129285015429,0.0,0
2030-07-28 18:00:00,-43.04208254576079,0.0,32.0566280042317,0.0,30.828312430816432,0.0,-26.437417786325504,0.0,0
2030-07-28 20:00:00,-41.616390876817896,0.0,25.387691731222215,0.0,24.414910154744106,0.0,-26.418906443217537,0.0,0
2030-07-28 22:00:00,-35.18334810840556,0.0,21.68020213065305,0.0,20.849480636540953,0.0,-22.64331431514987,0.0,0
2030-07-29 00:00:00,-26.67740681602915,0.0,8.049220479523676,0.0,7.740798056942419,0.0,-18.432540949238582,0.0,0
2030-07-29 02:00:00,-26.05153461037296,0.0,6.635994921548821,0.0,6.381723140182213,0.0,-18.035665281306695,0.0,0
2030-07-29 04:00:00,-13.939164413621654,0.0,-10.443929211730715,0.0,-10.043748603317248,0.0,-11.606364754438946,0.0,0
2030-07-29 06:00:00,12.945665301993134,0.0,-17.633009693808837,0.0,-16.957364694271458,0.0,5.695077491703827,0.0,0
2030-07-29 08:00:00,-34.21966985852651,0.0,23.986922600231157,0.0,23.067814371371924,0.0,-21.246574317026198,0.0,0
2030-07-29 10:00:00,-43.53288037095571,0.0,27.285003409853154,0.0,26.239522437725093,0.0,-27.339444541878635,0.0,0
2030-07-29 12:00:00,-37.18599899305553,0.0,21.907732405817676,0.0,21.06829262167295,0.0,-23.519549638203767,0.0,0
2030-07-29 14:00:00,-38.3762774691816,0.0,23.333840175177684,0.0,22.439756141418066,0.0,-24.420133580301638,0.0,0
2030-07-29 16:00:00,-4.091341446393396,0.0,1.1294434657919916,0.0,1.0861665185678917,0.0,-3.725961027232507,0.0,0
2030-07-29 18:00:00,-30.932194590328464,0.0,13.314509460161869,0.0,12.804336670929588,0.0,-20.640710010979337,0.0,0
2030-07-29 20:00:00,-18.582553984881073,0.0,3.7749743589414866,0.0,3.630328459387739,0.0,-13.379944023746425,0.0,0
2030-07-29 22:00:00,-45.447845272094575,0.0,15.253753864763606,0.0,14.669274941320369,0.0,-30.059233146930666,0.0,0
2030-07-30 00:00:00,3.893208081749889,0.0,-18.715178247322335,0.0,-17.99806773596734,0.0,-0.5395599846666228,0.0,0
2030-07-30 02:00:00,-66.39247878626665,0.0,44.15020206721462,0.0,42.45849635314406,0.0,-40.71717514220488,0.0,0
2030-07-30 04:00:00,-42.37577348734685,0.0,20.742756863465544,0.0,19.94795551107141,0.0,-27.488075500871386,0.0,0
2030-07-30 06:00:00,-38.2948341703483,0.0,6.7797483201690145,0.0,6.519968331943156,0.0,-25.864163618150947,0.0,0
2030-07-30 08:00:00,-45.81305511879113,0.0,32.39473717863437,0.0,31.153466257439558,0.0,-27.73174551599724,0.0,0
2030-07-30 10:00:00,-39.1866005929593,0.0,31.000069438891977,0.0,29.812238077972754,0.0,-23.35699132228402,0.0,0
2030-07-30 12:00:00,-29.03944468114957,0.0,17.781599612377818,0.0,17.100261084781188,0.0,-18.254509525829935,0.0,0
2030-07-30 14:00:00,15.379699837314188,0.0,-13.408318022131713,0.0,-12.89455076508532,0.0,8.243568069777941,0.0,0
2030-07-30 16:00:00,-28.14789414241262,0.0,16.43747376764942,0.0,15.807638183765095,0.0,-17.648760307512724,0.0,0
2030-07-30 18:00:00,-18.503508573226455,0.0,3.718613293357984,0.0,3.576126983845383,0.0,-12.7896819409753,0.0,0
2030-07-30 20:00:00,-21.986565890564254,0.0,10.202721109040017,0.0,9.811782884726739,0.0,-14.268890137852843,0.0,0
2030-07-30 22:00:00,-13.89423689570799,0.0,-5.053715501113762,0.0,-4.860072007081582,0.0,-10.774108445958493,0.0,0
2030-07-31 00:00:00,-18.96881656509166,0.0,1.7138030357255003,0.0,1.6481351508104094,0.0,-13.587140679297773,0.0,0
2030-07-31 02:00:00,-21.383918664074816,0.0,6.124176599582652,0.0,5.889516188929977,0.0,-14.608910968390962,0.0,0
2030-07-31 04:00:00,-22.65047852221602,0.0,7.431105574860263,0.0,7.146367494982107,0.0,-15.422341861831372,0.0,0
2030-07-31 06:00:00,-23.080622624137305,0.0,9.880101180330506,0.0,9.501524801519965,0.0,-15.128327379380478,0.0,0
2030-07-31 08:00:00,-13.740492615037828,0.0,-1.2350559236186172,0.0,-1.187732218055456,0.0,-10.352098404360033,0.0,0
2030-07-31 10:00:00,-19.029800382758445,0.0,3.5717506974414825,0.0,3.4348917300714645,0.0,-13.221225379389432,0.0,0
2030-07-31 12:00:00,-15.927435347396708,0.0,3.3121175968960577,0.0,3.1852070052794677,0.0,-10.736712842159994,0.0,0
2030-07-31 14:00:00,-6.657449372690168,0.0,-16.416306025696652,0.0,-15.787281527341648,0.0,-6.785224171925574,0.0,0
2030-07-31 16:00:00,-16.49409671355224,0.0,4.577255761512199,0.0,4.401868801454225,0.0,-11.190454039453185,0.0,0
2030-07-31 18:00:00,-12.463155605572492,0.0,0.9314261147982812,0.0,0.8957366092725798,0.0,-8.907069779298169,0.0,0
2030-07-31 20:00:00,-14.366076301096738,0.0,-0.8355532400426697,0.0,-0.8035373007171951,0.0,-10.612752330845034,0.0,0
2030-07-31 22:00:00,-13.515203817903899,0.0,-10.080444920421808,0.0,-9.69419195953411,0.0,-11.360330721334556,0.0,0
2030-08-01 00:00:00,-19.46725272135948,0.0,6.992210756769768,0.0,6.724289833708058,0.0,-13.0546477458645,0.0,0
2030-08-01 02:00:00,-17.865277170575986,0.0,3.8480500368842425,0.0,3.700604092570915,0.0,-12.55389408991253,0.0,0
2030-08-01 04:00:00,-18.78610558741452,0.0,4.541543545910801,0.0,4.367524972776811,0.0,-13.108797541135145,0.0,0
2030-08-01 06:00:00,-17.74955843920913,0.0,5.427913141010082,0.0,5.219931495486817,0.0,-12.086215778111649,0.0,0
2030-08-01 08:00:00,35.89314600704873,0.0,-34.23984336348789,0.0,-32.927873407411404,0.0,19.589771861065387,0.0,0
2030-08-01 10:00:00,-7.0187458689972155,0.0,-7.774298085174415,0.0,-7.476409879055736,0.0,-6.248894915370363,0.0,0
2030-08-01 12:00:00,-14.063222662768348,0.0,6.595601028171872,0.0,6.3428770218332176,0.0,-9.09868057542772,0.0,0
2030-08-01 14:00:00,32.616614121658415,0.0,-30.02514023928136,0.0,-28.87466529397455,0.0,18.01471298662462,0.0,0
2030-08-01 16:00:00,-13.986419486307168,0.0,-5.714601954227568,0.0,-5.495635237724477,0.0,-11.169620213013284,0.0,0
2030-08-01 18:00:00,-16.025936039063435,0.0,3.038834401545717,0.0,2.9223952171138423,0.0,-11.004995556891735,0.0,0
2030-08-01 20:00:00,34.47735088833294,0.0,-36.49739186063269,0.0,-35.098919294973626,0.0,18.201472664026557,0.0,0
2030-08-01 22:00:00,-15.536063447984198,0.0,5.198601387337857,0.0,4.999406292856867,0.0,-10.431645913062226,0.0,0
2030-08-02 00:00:00,-19.01030807352825,0.0,1.7695269374167566,0.0,1.7017238767042988,0.0,-13.587107812026906,0.0,0
2030-08-02 02:00:00,-18.344736050196815,0.0,-0.7229655691022874,0.0,-0.6952636577391953,0.0,-13.637773523770361,0.0,0
2030-08-02 04:00:00,-10.847525500082794,0.0,-13.538103829428792,0.0,-13.019363562485974,0.0,-9.8053717492957,0.0,0
2030-08-02 06:00:00,-10.81122970419652,0.0,-3.413230477453512,0.0,-3.2824455380469257,0.0,-8.344046023958773,0.0,0
2030-08-02 08:00:00,-9.5670529274168,0.0,-5.233418467586123,0.0,-5.0328892851316755,0.0,-8.003231108463835,0.0,0
2030-08-02 10:00:00,-9.21648473630667,0.0,-0.34724368286010643,0.0,-0.33393832761903974,0.0,-6.495530778853395,0.0,0
2030-08-02 12:00:00,-3.6721587288954414,0.0,-11.4017656220867,0.0,-10.964883543404184,0.0,-4.120825964161224,0.0,0
2030-08-02 14:00:00,-13.516362715510574,0.0,7.1846086497156785,0.0,6.90931560603764,0.0,-8.647759293224546,0.0,0
2030-08-02 16:00:00,-3.942026402727252,0.0,-15.04399557796578,0.0,-14.467553974302161,0.0,-5.211023946100568,0.0,0
2030-08-02 18:00:00,-10.535747332511164,0.0,-10.45479655430741,0.0,-10.054199541332457,0.0,-9.633934931878017,0.0,0
2030-08-02 20:00:00,40.0282721240486,0.0,-47.393521530420756,0.0,-45.577541366595455,0.0,20.6459207261272,0.0,0
2030-08-02 22:00:00,-20.95556763993462,0.0,5.305515333706366,0.0,5.102223611678592,0.0,-14.960153016283869,0.0,0
2030-08-03 00:00:00,-33.94021354734644,0.0,13.37970945229771,0.0,12.867038391390793,0.0,-22.747093588488,0.0,0
2030-08-03 02:00:00,-38.81941964910117,0.0,24.14045613347895,0.0,23.21546495180551,0.0,-24.9849545881172,0.0,0
2030-08-03 04:00:00,-44.7156484308055,0.0,23.738785508903497,0.0,22.82918516258193,0.0,-28.96081869373391,0.0,0
2030-08-03 06:00:00,-43.90795959051978,0.0,28.104543821532758,0.0,27.027660474501868,0.0,-28.067326075827868,0.0,0
2030-08-03 08:00:00,-46.49307885518084,0.0,27.177183249544807,0.0,26.13583362841278,0.0,-30.178725213589615,0.0,0
2030-08-03 10:00:00,-30.004303791691683,0.0,6.599825147636704,0.0,6.346939285480836,0.0,-20.314453914324393,0.0,0
2030-08-03 12:00:00,-25.946071329305205,0.0,3.2017824925744716,0.0,3.0790996172016296,0.0,-17.680379287702962,0.0,0
2030-08-03 14:00:00,-63.19911468639472,0.0,32.72493105342531,0.0,31.471008075420333,0.0,-39.44903284030844,0.0,0
2030-08-03 16:00:00,-86.26623508456419,0.0,56.34461203311774,0.0,54.18565244356952,0.0,-53.05365758285637,0.0,0
2030-08-03 18:00:00,-56.56859374285956,0.0,28.0041970911628,0.0,26.93115873530313,0.0,-35.966423128439914,0.0,0
2030-08-03 20:00:00,-35.004056958038994,0.0,19.136235289134802,0.0,18.40299111201555,0.0,-22.36796310692819,0.0,0
2030-08-03 22:00:00,-86.88314871824834,0.0,50.78172735300322,0.0,48.835921120844674,0.0,-54.071039663819576,0.0,0
2030-08-04 00:00:00,-78.62345544482842,0.0,43.69595516992893,0.0,42.02165485913532,0.0,-49.59628888922854,0.0,0
2030-08-04 02:00:00,-91.02491129605392,0.0,51.686031876979214,0.0,49.70557535877802,0.0,-56.59340118344848,0.0,0
2030-08-04 04:00:00,-92.48819516963482,0.0,57.93482820817029,0.0,55.714936218225446,0.0,-57.31941927417857,0.0,0
2030-08-04 06:00:00,-7.986760266092487,0.0,-6.776895579822173,0.0,-6.517224900204594,0.0,-7.195154633489871,0.0,0
2030-08-04 08:00:00,-51.85810758997235,0.0,29.636594818462854,0.0,28.50100778935571,0.0,-32.67935035318086,0.0,0
2030-08-04 10:00:00,-2.9243219553641944,0.0,1.3823310623766631,0.0,1.3293642072442535,0.0,-2.507722905079045,0.0,0
2030-08-04 12:00:00,-41.76699586243213,0.0,21.51277340214176,0.0,20.688467283802723,0.0,-26.601373370922612,0.0,0
2030-08-04 14:00:00,-34.7836160299163,0.0,16.08845537506608,0.0,15.471993148072666,0.0,-22.580720262052537,0.0,0
2030-08-04 16:00:00,27.453488643692072,0.0,-23.42924504553528,0.0,-22.531505378125566,0.0,15.42332834148224,0.0,0
2030-08-04 18:00:00,-24.311866718067982,0.0,13.849820739024471,0.0,13.319136398160406,0.0,-15.229895307933965,0.0,0
2030-08-04 20:00:00,-24.713123420217187,0.0,4.637381927835026,0.0,4.4596911101644,0.0,-17.145279297096533,0.0,0
2030-08-04 22:00:00,-25.989531761829472,0.0,11.783471596064407,0.0,11.331963668641965,0.0,-16.92597833002416,0.0,0
2030-08-05 00:00:00,-29.674375158279744,0.0,11.092353455887975,0.0,10.667327140147712,0.0,-19.461127718360586,0.0,0
2030-08-05 02:00:00,-29.68616098285586,0.0,9.112790129311596,0.0,8.763614850126906,0.0,-20.31247714417862,0.0,0
2030-08-05 04:00:00,-42.499365496099294,0.0,19.96617673767218,0.0,19.201131648550255,0.0,-27.59335853267286,0.0,0
2030-08-05 06:00:00,-1.2763782418073597,0.0,-6.059450036866383,0.0,-5.827269757467264,0.0,-2.7735391067564583,0.0,0
2030-08-05 08:00:00,-28.910323395854952,0.0,18.591566940987,0.0,17.87919285083656,0.0,-18.00146372198808,0.0,0
2030-08-05 10:00:00,-41.995987773475306,0.0,26.867104321363406,0.0,25.837636011529064,0.0,-26.095678730932196,0.0,0
2030-08-05 12:00:00,-45.01608094608203,0.0,35.51831660071301,0.0,34.1573593154866,0.0,-26.777348350273062,0.0,0
2030-08-05 14:00:00,-34.31166653734204,0.0,30.81295927196676,0.0,29.632297421575895,0.0,-19.95553024197066,0.0,0
2030-08-05 16:00:00,16.128445045396678,0.0,-17.120994149355255,0.0,-16.46496807751674,0.0,8.114496644141635,0.0,0
2030-08-05 18:00:00,-35.21480791473312,0.0,14.269393583802318,0.0,13.722632447232858,0.0,-23.128645911255212,0.0,0
2030-08-05 20:00:00,-25.08148149190916,0.0,10.176964478805044,0.0,9.787013172705139,0.0,-16.597953530478293,0.0,0
2030-08-05 22:00:00,-22.614483706732045,0.0,1.8024400186492038,0.0,1.7333758255980767,0.0,-16.22970875864437,0.0,0
2030-08-06 00:00:00,-21.53394832715625,0.0,-3.9872855261027045,0.0,-3.834504487912443,0.0,-16.29036813404923,0.0,0
2030-08-06 02:00:00,-35.21448530615708,0.0,14.41186948514479,0.0,13.859649091649441,0.0,-23.43640610182981,0.0,0
2030-08-06 04:00:00,-29.417992463262358,0.0,14.975674603858275,0.0,14.401850858706727,0.0,-18.908951353574256,0.0,0
2030-08-06 06:00:00,-32.693586713943645,0.0,16.795829926455895,0.0,16.15226318998015,0.0,-21.290129954608222,0.0,0
2030-08-06 08:00:00,-14.480561140156798,0.0,-13.606356054357605,0.0,-13.08500056316884,0.0,-12.049986476052435,0.0,0
2030-08-06 10:00:00,-21.625103957037517,0.0,7.361494988408213,0.0,7.079424181188964,0.0,-14.622980423022382,0.0,0
2030-08-06 12:00:00,-27.466647476075334,0.0,6.718685164504156,0.0,6.4612449365630225,0.0,-19.029558946506764,0.0,0
2030-08-06 14:00:00,-26.35116228585308,0.0,11.686812926623055,0.0,11.239008674738903,0.0,-17.25618869969869,0.0,0
2030-08-06 16:00:00,-24.740788280996096,0.0,10.456480631582501,0.0,10.05581908972622,0.0,-16.418736146700905,0.0,0
2030-08-06 18:00:00,-11.28404301396749,0.0,-11.349491989105651,0.0,-10.914612882085057,0.0,-10.202215245398255,0.0,0
2030-08-06 20:00:00,-16.502468351432334,0.0,-5.169292557896406,0.0,-4.971220491440573,0.0,-12.98493075226524,0.0,0
2030-08-06 22:00:00,-14.177544473474436,0.0,-5.561366360274367,0.0,-5.348271180429123,0.0,-11.367350890614928,0.0,0
2030-08-07 00:00:00,-13.753152192807299,0.0,-5.508592129869399,0.0,-5.297519103105013,0.0,-10.853386339451045,0.0,0
2030-08-07 02:00:00,-11.588139470635348,0.0,-9.658541585509413,0.0,-9.288454717845276,0.0,-9.696354646724068,0.0,0
2030-08-07 04:00:00,-20.327727612596878,0.0,9.240632007298643,0.0,8.886558203863531,0.0,-13.375273022102476,0.0,0
2030-08-07 06:00:00,-18.762307032111302,0.0,7.7513848357452195,0.0,7.454374597861666,0.0,-12.433634598092135,0.0,0
2030-08-07 08:00:00,-16.889010249128457,0.0,4.847779288245744,0.0,4.662026663376834,0.0,-11.435899483007743,0.0,0
2030-08-07 10:00:00,32.23049471797517,0.0,-31.16668784426576,0.0,-29.972472156769435,0.0,17.582977413964745,0.0,0
2030-08-07 12:00:00,-13.109561682971755,0.0,-0.6895674650142194,0.0,-0.6631452706372114,0.0,-9.678083263714653,0.0,0
2030-08-07 14:00:00,37.331211179830376,0.0,-33.180242289674425,0.0,-31.908873126058047,0.0,21.211779462032446,0.0,0
2030-08-07 16:00:00,-13.480808993858908,0.0,4.128702144816204,0.0,3.9705024382905827,0.0,-9.123752264023407,0.0,0
2030-08-07 18:00:00,-14.652928675788964,0.0,3.150652178715212,0.0,3.0299284663827737,0.0,-10.086314892249595,0.0,0
2030-08-07 20:00:00,-16.737380724470547,0.0,-1.6851159068888526,0.0,-1.6205472282627165,0.0,-12.539584523312893,0.0,0
2030-08-07 22:00:00,-19.582618545712812,0.0,2.5039522437695565,0.0,2.408008168313353,0.0,-13.934856783116889,0.0,0
2030-08-08 00:00:00,-17.021283560980763,0.0,-2.2158565275077438,0.0,-2.130951431412348,0.0,-12.84442168316965,0.0,0
2030-08-08 02:00:00,-17.009044384293023,0.0,-4.081717408087661,0.0,-3.925318018296138,0.0,-13.043500507083664,0.0,0
2030-08-08 04:00:00,-24.450913463366632,0.0,15.764486081837859,0.0,15.16043740402138,0.0,-15.869328114489162,0.0,0
2030-08-08 06:00:00,-20.841085651850488,0.0,3.1400140263769956,0.0,3.0196979367112267,0.0,-14.940358276226284,0.0,0
2030-08-08 08:00:00,-19.319762937071857,0.0,9.349979361942692,0.0,8.991715689922426,0.0,-13.329823741807896,0.0,0
2030-08-08 10:00:00,-20.101486156294314,0.0,22.211434262536883,0.0,21.360357517691362,0.0,-12.249809762357195,0.0,0
2030-08-08 12:00:00,-40.54202149327788,0.0,29.65471367102319,0.0,28.51843238084882,0.0,-25.12859006451779,0.0,0
2030-08-08 14:00:00,-31.250202679805138,0.0,24.278925252329977,0.0,23.348628341834967,0.0,-19.506327784598312,0.0,0
2030-08-08 16:00:00,-43.12755618947918,0.0,39.883224831665345,0.0,38.35501711835589,0.0,-26.016740763212788,0.0,0
2030-08-08 18:00:00,-30.104934377364454,0.0,20.865281138028735,0.0,20.0657850162862,0.0,-19.174365240400586,0.0,0
2030-08-08 20:00:00,-25.30325797550025,0.0,16.178679798366684,0.0,15.558760437197137,0.0,-16.60477699453615,0.0,0
2030-08-08 22:00:00,-22.37180377332082,0.0,14.992159379128688,0.0,14.417703985938962,0.0,-14.10287031775459,0.0,0
2030-08-09 00:00:00,-22.8228947991486,0.0,10.352366897365506,0.0,9.955694687173402,0.0,-15.411142383362067,0.0,0
2030-08-09 02:00:00,-23.567171878700975,0.0,12.006827130165053,0.0,11.546760876492351,0.0,-15.417051708765655,0.0,0
2030-08-09 04:00:00,-9.60314736038912,0.0,-12.6853777337836,0.0,-12.199311419416263,0.0,-8.79425108195917,0.0,0
2030-08-09 06:00:00,31.755884345335822,0.0,-29.671349358630383,0.0,-28.534430637901423,0.0,17.2500252790402,0.0,0
2030-08-09 08:00:00,-14.196676989502727,0.0,5.816343556517202,0.0,5.59347840145909,0.0,-9.459163599281913,0.0,0
2030-08-09 10:00:00,-15.18410616340012,0.0,11.180270384611775,0.0,10.751875351091744,0.0,-9.202952206719223,0.0,0
2030-08-09 12:00:00,30.183046576667557,0.0,-22.987322527025025,0.0,-22.10651602899473,0.0,17.25768641642018,0.0,0
2030-08-09 14:00:00,-14.793007807088788,0.0,5.980508209332338,0.0,5.7513527482685145,0.0,-9.774564233325945,0.0,0
2030-08-09 16:00:00,-8.483908487348767,0.0,-3.1996155718846175,0.0,-3.077015726530609,0.0,-6.485595997342182,0.0,0
2030-08-09 18:00:00,-11.70147502907717,0.0,-8.874145777618919,0.0,-8.534114647146609,0.0,-10.118522719426412,0.0,0
2030-08-09 20:00:00,-17.371667604616917,0.0,-3.585487597304695,0.0,-3.448102272389259,0.0,-13.27822312173527,0.0,0
2030-08-09 22:00:00,-9.067776456844523,0.0,-15.658462567726989,0.0,-15.05847639871564,0.0,-8.59594547536553,0.0,0
2030-08-10 00:00:00,-20.222017063341244,0.0,1.5494843190589496,0.0,1.4901126434225729,0.0,-14.372466203436362,0.0,0
2030-08-10 02:00:00,-21.792987292848323,0.0,4.48394440487389,0.0,4.312132861186052,0.0,-15.310457237239262,0.0,0
2030-08-10 04:00:00,-12.316686010508743,0.0,-8.51396550608634,0.0,-8.187735422832834,0.0,-9.810568965277454,0.0,0
2030-08-10 06:00:00,26.83248303101275,0.0,-27.506457278155537,0.0,-26.45249084600983,0.0,14.064376248585392,0.0,0
2030-08-10 08:00:00,-7.864326544681051,0.0,-11.320736539259544,0.0,-10.88695925638785,0.0,-7.2248067752904666,0.0,0
2030-08-10 10:00:00,-17.9277069686325,0.0,3.9123974101866397,0.0,3.7624858640412366,0.0,-12.432776160770885,0.0,0
2030-08-10 12:00:00,-16.98477609549801,0.0,0.3123893589459472,0.0,0.30041951874594464,0.0,-11.995338018097401,0.0,0
2030-08-10 14:00:00,25.646142760474483,0.0,-21.330841337435317,0.0,-20.5135063199979,0.0,14.379788961233304,0.0,0
2030-08-10 16:00:00,-20.358188032804087,0.0,4.94190081869645,0.0,4.752541733983069,0.0,-13.893957585461495,0.0,0
2030-08-10 18:00:00,-29.056999102843346,0.0,21.89248568564357,0.0,21.053630110911968,0.0,-17.456030091264573,0.0,0
2030-08-10 20:00:00,29.353523356106685,0.0,-32.94785457113899,0.0,-31.685389820479326,0.0,15.242195223305654,0.0,0
2030-08-10 22:00:00,-5.611437447502578,0.0,-14.249082604362115,0.0,-13.70309972470583,0.0,-5.92776186994375,0.0,0
2030-08-11 00:00:00,-7.143793526521025,0.0,-11.899874546478696,0.0,-11.443906400820989,0.0,-6.58656034418608,0.0,0
2030-08-11 02:00:00,-9.460528025819915,0.0,-3.7130417751857734,0.0,-3.570768949840566,0.0,-6.835546330949826,0.0,0
2030-08-11 04:00:00,-13.893291239163482,0.0,-1.3870214930186653,0.0,-1.3338749143981232,0.0,-10.381012815324308,0.0,0
2030-08-11 06:00:00,-14.748689552662633,0.0,-1.4349986653235582,0.0,-1.3800137427604162,0.0,-10.908372575426293,0.0,0
2030-08-11 08:00:00,43.7111941102943,0.0,-43.61037672038437,0.0,-41.9393555237355,0.0,24.173885588172464,0.0,0
2030-08-11 10:00:00,-15.661631563500311,0.0,8.444400019624137,0.0,8.120835480930836,0.0,-10.089599752745798,0.0,0
2030-08-11 12:00:00,12.745609020858279,0.0,-18.57609348811533,0.0,-17.864312295107176,0.0,6.367133940716526,0.0,0
2030-08-11 14:00:00,59.3732227187002,0.0,-47.16902256829198,0.0,-45.3616445435115,0.0,34.67205513027667,0.0,0
2030-08-11 16:00:00,-17.19519235908889,0.0,10.08213847323852,0.0,9.69582062039472,0.0,-11.052813348591599,0.0,0
2030-08-11 18:00:00,-11.877771145905632,0.0,11.687366863089274,0.0,11.239541385991245,0.0,-7.307761926002695,0.0,0
2030-08-11 20:00:00,-12.285569915823412,0.0,11.87721580129206,0.0,11.422115872016452,0.0,-7.732766246362374,0.0,0
2030-08-11 22:00:00,-0.7859128520860379,0.0,-3.0117924433941754,0.0,-2.89638942715593,0.0,-1.5552327035537303,0.0,0
2030-08-12 00:00:00,-10.539871193776122,0.0,17.03829556463715,0.0,16.3854382590049,0.0,-5.3435959331216445,0.0,0
2030-08-12 02:00:00,-7.93259234300173,0.0,25.225365048018553,0.0,24.25880335196376,0.0,-2.652914728516897,0.0,0
2030-08-12 04:00:00,7.4228320314221765,0.0,-10.069454361756335,0.0,-9.683622526707865,0.0,3.3943530598786027,0.0,0
2030-08-12 06:00:00,-2.5965599881788064,0.0,11.96575717109186,0.0,11.50726459729347,0.0,-0.46016399328153823,0.0,0
2030-08-12 08:00:00,8.999789400025291,0.0,-5.876910500357614,0.0,-5.651724598390432,0.0,5.302276216335795,0.0,0
2030-08-12 10:00:00,35.51913607192303,0.0,-5.226543614779046,0.0,-5.026277856436667,0.0,23.50019739523576,0.0,0
2030-08-12 12:00:00,-24.091496376436687,0.0,19.754375839453935,0.0,18.99744633696548,0.0,-14.128964914721442,0.0,0
2030-08-12 14:00:00,-32.67060439396205,0.0,38.46565587577602,0.0,36.9917652298973,0.0,-17.407274985012045,0.0,0
2030-08-12 16:00:00,-44.767480455328155,0.0,42.53589675974922,0.0,40.90604647068359,0.0,-25.2926382256555,0.0,0
2030-08-12 18:00:00,-33.86677900441214,0.0,33.08648297563393,0.0,31.818706392796024,0.0,-19.237725182991603,0.0,0
2030-08-12 20:00:00,-28.64989968299468,0.0,15.478611999656506,0.0,14.885517174726022,0.0,-18.291365449596587,0.0,0
2030-08-12 22:00:00,-55.22083362648421,0.0,45.10961561998383,0.0,43.38114800419188,0.0,-32.620577671649336,0.0,0
2030-08-13 00:00:00,-48.61982838665304,0.0,47.75584310230427,0.0,45.92597984293728,0.0,-27.366426316606102,0.0,0
2030-08-13 02:00:00,-37.0479046257335,0.0,24.386239880201103,0.0,23.451830989224206,0.0,-22.431613783051315,0.0,0
2030-08-13 04:00:00,-40.56950633031359,0.0,28.34935817330526,0.0,27.26309426133038,0.0,-24.223011567736368,0.0,0
2030-08-13 06:00:00,-39.67150524317415,0.0,18.534474462359285,0.0,17.824287987843665,0.0,-24.865423726220907,0.0,0
2030-08-13 08:00:00,-31.13265763452064,0.0,14.899012496707421,0.0,14.32812621772015,0.0,-20.079489472250735,0.0,0
2030-08-13 10:00:00,-26.785622847768295,0.0,20.61883830748684,0.0,19.828785149198552,0.0,-15.923428898947455,0.0,0
2030-08-13 12:00:00,27.699722872119516,0.0,-19.598001206049094,0.0,-18.84706351896528,0.0,16.24017809757609,0.0,0
2030-08-13 14:00:00,-14.681493568225761,0.0,8.40709705744264,0.0,8.084961858397113,0.0,-8.709761070869344,0.0,0
2030-08-13 16:00:00,-24.83062507219951,0.0,17.48070765226018,0.0,16.810898418402008,0.0,-14.326527352636568,0.0,0
2030-08-13 18:00:00,27.457202918439847,0.0,-29.788713167530403,0.0,-28.64729741129891,0.0,14.747182493126612,0.0,0
2030-08-13 20:00:00,-28.779237067907488,0.0,14.457161857738011,0.0,13.903205993917902,0.0,-18.754126911268326,0.0,0
2030-08-13 22:00:00,-33.013337340664464,0.0,23.21033063771244,0.0,22.320979125673855,0.0,-20.316964204726847,0.0,0
2030-08-14 00:00:00,-29.095448128656656,0.0,10.049510579397225,0.0,9.664442931351218,0.0,-19.594057042782715,0.0,0
2030-08-14 02:00:00,-29.114454294929214,0.0,19.252882474785622,0.0,18.515168721056046,0.0,-17.877251061045346,0.0,0
2030-08-14 04:00:00,-34.37935621777693,0.0,21.71000797660494,0.0,20.878144410258727,0.0,-20.753761424000466,0.0,0
2030-08-14 06:00:00,-32.236685703755256,0.0,21.09765785595758,0.0,20.289257742769166,0.0,-19.786396330950975,0.0,0
2030-08-14 08:00:00,-22.82485206234063,0.0,12.54137489846032,0.0,12.060826348632077,0.0,-14.489081974794379,0.0,0
2030-08-14 10:00:00,-9.04111769500244,0.0,-11.804307930011028,0.0,-11.35200161563792,0.0,-7.973882429286186,0.0,0
2030-08-14 12:00:00,-17.596410934472672,0.0,8.214494783645314,0.0,7.899739536488414,0.0,-11.433102095204964,0.0,0
2030-08-14 14:00:00,43.27885717299258,0.0,-46.621617510306926,0.0,-44.835214435156146,0.0,23.811968758154435,0.0,0
2030-08-14 16:00:00,-12.674904177037202,0.0,-3.5244382362674616,0.0,-3.3893921430670897,0.0,-9.261779569112718,0.0,0
2030-08-14 18:00:00,-5.647305011257414,0.0,-12.797741089982516,0.0,-12.30736934273296,0.0,-5.6695231041995875,0.0,0
2030-08-14 20:00:00,-18.64332097923593,0.0,-7.646752910156461,0.0,-7.3537518595043165,0.0,-14.64247430261508,0.0,0
2030-08-14 22:00:00,-17.620943784097857,0.0,-3.0807507428399683,0.0,-2.9627054476597463,0.0,-13.283369179403428,0.0,0
2030-08-15 00:00:00,-22.88146253869047,0.0,3.929300625587463,0.0,3.778741398010472,0.0,-16.288747015878684,0.0,0
2030-08-15 02:00:00,-23.31556772226004,0.0,7.970103373699397,0.0,7.664712485601234,0.0,-15.532531445547,0.0,0
2030-08-15 04:00:00,-23.02554951199709,0.0,10.295164750435935,0.0,9.90068435804505,0.0,-15.188974073854498,0.0,0
2030-08-15 06:00:00,-18.818569665153394,0.0,5.200175715136395,0.0,5.000920297050851,0.0,-12.968985754165509,0.0,0
2030-08-15 08:00:00,31.66131957574195,0.0,-35.0850613008914,0.0,-33.74070508275051,0.0,16.190250937641338,0.0,0
2030-08-15 10:00:00,-17.50431314064708,0.0,10.699175341423233,0.0,10.28921445305923,0.0,-11.276517473225018,0.0,0
2030-08-15 12:00:00,-15.007430094183496,0.0,-4.821750393977992,0.0,-4.6369951196783035,0.0,-11.740017868421015,0.0,0
2030-08-15 14:00:00,-21.066842524713145,0.0,19.316814277784612,0.0,18.576650845653166,0.0,-12.158349991236149,0.0,0
2030-08-15 16:00:00,-18.788620963757168,0.0,4.139744023820813,0.0,3.981121225011795,0.0,-13.182225200297909,0.0,0
2030-08-15 18:00:00,29.270517181679118,0.0,-34.788112728179975,0.0,-33.45513470478615,0.0,14.758976226521224,0.0,0
2030-08-15 20:00:00,-13.173158491190954,0.0,-10.149818282208166,0.0,-9.760907138412058,0.0,-11.067220568694916,0.0,0
2030-08-15 22:00:00,-17.826448964449465,0.0,-0.6064743316397418,0.0,-0.5832360214115573,0.0,-13.157341669703996,0.0,0
2030-08-16 00:00:00,-20.763098959193172,0.0,1.1678422855902193,0.0,1.123094008681842,0.0,-15.155053548359305,0.0,0
2030-08-16 02:00:00,-30.222218518046624,0.0,15.979756019742538,0.0,15.367458831908737,0.0,-19.609497242547405,0.0,0
2030-08-16 04:00:00,-30.410525251386012,0.0,23.303722082305914,0.0,22.41079208516273,0.0,-18.797030319115514,0.0,0
2030-08-16 06:00:00,-41.10928058847687,0.0,28.26971754520043,0.0,27.186505227540657,0.0,-25.708280304915025,0.0,0
2030-08-16 08:00:00,-33.258190682302605,0.0,20.540080407600172,0.0,19.75304502008133,0.0,-21.365255764602146,0.0,0
2030-08-16 10:00:00,-73.39992933956368,0.0,65.44429396354997,0.0,62.93666136239219,0.0,-43.23458300244946,0.0,0
2030-08-16 12:00:00,-29.090257541075317,0.0,44.862048178709166,0.0,43.14306661814258,0.0,-15.508530995854914,0.0,0
2030-08-16 14:00:00,-40.43750459112931,0.0,60.287587038028875,0.0,57.977544258960904,0.0,-21.462747939882764,0.0,0
2030-08-16 16:00:00,-93.57665648970155,0.0,100.9796014050457,0.0,97.11036047968324,0.0,-52.96081351865934,0.0,0
2030-08-16 18:00:00,-74.32536933558023,0.0,79.82494944506371,0.0,76.76629247909963,0.0,-42.20244318074016,0.0,0
2030-08-16 20:00:00,-85.56657174085034,0.0,89.38399054722447,0.0,85.9590592790739,0.0,-48.820024281825,0.0,0
2030-08-16 22:00:00,-72.51410443935777,0.0,77.59946773470547,0.0,74.62608467349581,0.0,-41.35183774643064,0.0,0
2030-08-17 00:00:00,-69.46621342230355,0.0,78.0975958465159,0.0,75.10512598312583,0.0,-39.27364552188809,0.0,0
2030-08-17 02:00:00,-50.1486722378523,0.0,56.97273808734275,0.0,54.789710557324454,0.0,-28.537212554407205,0.0,0
2030-08-17 04:00:00,-53.45298314952113,0.0,60.40962831824136,0.0,58.09490927674602,0.0,-30.078718793834994,0.0,0
2030-08-17 06:00:00,-53.69806085224279,0.0,58.53452305824243,0.0,56.29165252783653,0.0,-30.940995041846456,0.0,0
2030-08-17 08:00:00,-57.19135895483224,0.0,64.92331853914001,0.0,62.43564818189282,0.0,-32.79349918753416,0.0,0
2030-08-17 10:00:00,-40.43037999318379,0.0,49.66000263914137,0.0,47.757177594365906,0.0,-22.94763796767375,0.0,0
2030-08-17 12:00:00,-21.714897264247302,0.0,40.93426929819021,0.0,39.36578865641128,0.0,-11.313692466046943,0.0,0
2030-08-17 14:00:00,-45.39864643046373,0.0,52.39682298203088,0.0,50.38913104207326,0.0,-25.44748223468229,0.0,0
2030-08-17 16:00:00,-70.56865491958285,0.0,81.91879410646511,0.0,78.77990717977116,0.0,-39.43508175694613,0.0,0
2030-08-17 18:00:00,9.22292182846331,0.0,8.70722339466467,0.0,8.373588238295154,0.0,6.366697554794794,0.0,0
2030-08-17 20:00:00,-1.0911506459300844,0.0,-5.43508507186085,0.0,-5.226828619069776,0.0,-1.8066182541827902,0.0,0
2030-08-17 22:00:00,4.7823083544370855,0.0,-10.04445594546766,0.0,-9.659581976107178,0.0,1.7355505863058636,0.0,0
2030-08-18 00:00:00,5.311470996492124,0.0,-10.516155718764303,0.0,-10.113207603319548,0.0,2.159103115210044,0.0,0
2030-08-18 02:00:00,2.271290793522959,0.0,-9.968829046478023,0.0,-9.586852877153895,0.0,0.019893370667029727,0.0,0
2030-08-18 04:00:00,-4.381965389047174,0.0,12.326075337927191,0.0,11.853776433168166,0.0,-1.0982773011014064,0.0,0
2030-08-18 06:00:00,-38.734227823929345,0.0,41.00604077438242,0.0,39.434810061013934,0.0,-21.12406138807883,0.0,0
2030-08-18 08:00:00,-31.724062531697577,0.0,29.978768584718864,0.0,28.83007046464327,0.0,-18.003169016758697,0.0,0
2030-08-18 10:00:00,-5.901257724196185,0.0,16.39176035575521,0.0,15.76367637518158,0.0,-2.1876436339248397,0.0,0
2030-08-18 12:00:00,-52.178031368091794,0.0,36.069691858571275,0.0,34.68760749734875,0.0,-32.07304827776504,0.0,0
2030-08-18 14:00:00,-36.859520827759184,0.0,25.935022774279822,0.0,24.941269084205985,0.0,-22.88517818276785,0.0,0
2030-08-18 16:00:00,-24.770073583347013,0.0,13.14569094600282,0.0,12.641986785036488,0.0,-15.929928026871272,0.0,0
2030-08-18 18:00:00,21.5488046841254,0.0,-17.000421197491686,0.0,-16.34901512606263,0.0,12.06119760351134,0.0,0
2030-08-18 20:00:00,-19.485180932655563,0.0,-3.7783043646503405,0.0,-3.6335308690852006,0.0,-14.723695836339983,0.0,0
2030-08-18 22:00:00,-23.794064233772033,0.0,5.538717701336797,0.0,5.326490351398309,0.0,-16.286299944355356,0.0,0
2030-08-19 00:00:00,-34.81165363003248,0.0,22.112730146980848,0.0,21.265435453144665,0.0,-21.670374176996095,0.0,0
2030-08-19 02:00:00,-23.501504329365765,0.0,5.368656161844836,0.0,5.162945069242266,0.0,-16.214943024954607,0.0,0
2030-08-19 04:00:00,-27.132852508285033,0.0,9.61933480063999,0.0,9.250750221502042,0.0,-18.164813564911753,0.0,0
2030-08-19 06:00:00,5.224934127386687,0.0,0.21200218872340892,0.0,0.20387888923061892,0.0,3.0523879647872,0.0,0
2030-08-19 08:00:00,15.99504952122924,0.0,-13.201839012352046,0.0,-12.69598342284789,0.0,8.679396144424356,0.0,0
2030-08-19 10:00:00,21.84652966531312,0.0,-26.84298021263934,0.0,-25.814436267602034,0.0,11.437654352861696,0.0,0
2030-08-19 12:00:00,-45.78148138063838,0.0,36.91472490882691,0.0,35.50026136987107,0.0,-26.876166355184566,0.0,0
2030-08-19 14:00:00,-10.505694666198696,0.0,9.84048144991775,0.0,9.46342318249044,0.0,-6.152059753419355,0.0,0
2030-08-19 16:00:00,-64.28309486902313,0.0,47.4968930876499,0.0,45.67695203019682,0.0,-38.343015802726214,0.0,0
2030-08-19 18:00:00,-63.69393790173146,0.0,32.240898630948266,0.0,31.005522349822588,0.0,-39.664194077846226,0.0,0
2030-08-19 20:00:00,-51.70336950421813,0.0,28.932442400529,0.0,27.823836418239782,0.0,-32.25374455921748,0.0,0
2030-08-19 22:00:00,-29.717881962226603,0.0,9.363639588353614,0.0,9.004852496688736,0.0,-19.620138355532394,0.0,0
2030-08-20 00:00:00,-36.86643700904244,0.0,18.04272831381664,0.0,17.351384103445017,0.0,-23.59448181456703,0.0,0
2030-08-20 02:00:00,-33.06700916958228,0.0,17.01808068974808,0.0,16.365997958585773,0.0,-21.096268390063642,0.0,0
2030-08-20 04:00:00,-38.178262081921154,0.0,15.488486965576303,0.0,14.895013761035091,0.0,-24.714979768949377,0.0,0
2030-08-20 06:00:00,-46.24929998620507,0.0,29.182030168832306,0.0,28.063860718336123,0.0,-28.517044937202623,0.0,0
2030-08-20 08:00:00,-28.474669885269037,0.0,-6.043647346243503,0.0,-5.812072579407706,0.0,-20.581378836184406,0.0,0
2030-08-20 10:00:00,-33.05762733894177,0.0,17.375879167258496,0.0,16.710086652209547,0.0,-21.04574262599354,0.0,0
2030-08-20 12:00:00,-47.383849080121024,0.0,33.28573686673333,0.0,32.010325461621875,0.0,-28.720699408321927,0.0,0
2030-08-20 14:00:00,-80.60736531601495,0.0,75.49683643816547,0.0,72.60402001566635,0.0,-45.86258552080334,0.0,0
2030-08-20 16:00:00,-106.20365719796973,0.0,89.31485700048572,0.0,85.89257472623731,0.0,-61.76303020304115,0.0,0
2030-08-20 18:00:00,-119.15056863235972,0.0,102.11075563833748,0.0,98.19817221417895,0.0,-69.5350078010521,0.0,0
2030-08-20 20:00:00,-103.77834447080406,0.0,91.18677930613043,0.0,87.69277048222912,0.0,-60.193025360180044,0.0,0
2030-08-20 22:00:00,-72.44328612512228,0.0,49.63862132858266,0.0,47.736615552656524,0.0,-43.88882300634797,0.0,0
2030-08-21 00:00:00,-142.86794965343688,21.86794965343688,126.32950955080318,1.3295095508031807,121.48893480467936,0.0,-82.06177112086239,0.0,2
2030-08-21 02:00:00,-135.67395344178578,14.673953441785784,123.1809391353745,0.0,118.46100833454506,0.0,-77.86616721381206,0.0,1
2030-08-21 04:00:00,-144.85058867502016,23.850588675020163,126.93440899995501,1.9344089999550107,122.0706562884617,0.0,-84.1956095271069,0.0,2
2030-08-21 06:00:00,-92.21776977597497,0.0,100.99773914982782,0.0,97.12780323950385,0.0,-51.34412500357139,0.0,0
2030-08-21 08:00:00,-138.10871450413745,17.108714504137453,134.7553841964266,9.755384196426604,129.59195474938105,4.5919547493810455,-78.31213317512326,0.0,3
2030-08-21 10:00:00,-47.577031653121225,0.0,49.81773175448532,0.0,47.90886299454639,0.0,-26.931731530275478,0.0,0
2030-08-21 12:00:00,-115.4162902961625,0.0,98.68318148641771,0.0,94.90193260902694,0.0,-67.4892239573174,0.0,0
2030-08-21 14:00:00,-122.04517155759049,1.0451715575904927,110.0594044590438,0.0,105.84225222207085,0.0,-70.53156558748535,0.0,1
2030-08-21 16:00:00,-84.56452437439117,0.0,88.14646716929451,0.0,84.7689541522893,0.0,-48.44171245091519,0.0,0
2030-08-21 18:00:00,-64.03545488244882,0.0,45.514855821964446,0.0,43.77086059512737,0.0,-39.32919865120201,0.0,0
2030-08-21 20:00:00,-55.11964861873328,0.0,43.754577999364756,0.0,42.078031434400344,0.0,-34.1009717201858,0.0,0
2030-08-21 22:00:00,-60.35308651644419,0.0,46.613530666798695,0.0,44.827437455674286,0.0,-36.94169649154017,0.0,0
2030-08-22 00:00:00,-67.54953567786534,0.0,53.22787352562785,0.0,51.188338176411605,0.0,-41.27096920664188,0.0,0
2030-08-22 02:00:00,-43.67607291488274,0.0,31.95824351923725,0.0,30.733697749529558,0.0,-27.534101053020724,0.0,0
2030-08-22 04:00:00,-33.24634911277552,0.0,29.507111810144018,0.0,28.376486188568272,0.0,-21.120630993003164,0.0,0
2030-08-22 06:00:00,-67.93625171295504,0.0,67.13183828769202,0.0,64.55954395811119,0.0,-40.505925955587436,0.0,0
2030-08-22 08:00:00,-48.38393450641702,0.0,43.67883463257522,0.0,42.00519033035032,0.0,-29.837698860833946,0.0,0
2030-08-22 10:00:00,-41.16220058290897,0.0,33.67296744482769,0.0,32.382718504417596,0.0,-26.067534091318603,0.0,0
2030-08-22 12:00:00,-42.97305048575784,0.0,39.54513151057446,0.0,38.02987853759228,0.0,-26.113139895250647,0.0,0
2030-08-22 14:00:00,-68.75414362449584,0.0,75.70815537904991,0.0,72.80724183710298,0.0,-38.81416400929517,0.0,0
2030-08-22 16:00:00,-77.03917917281896,0.0,83.11680767463892,0.0,79.93201639634697,0.0,-43.966192639912336,0.0,0
2030-08-22 18:00:00,-64.63732156652469,0.0,54.50654141486157,0.0,52.41801127800373,0.0,-39.05804281604944,0.0,0
2030-08-22 20:00:00,-68.00782725586157,0.0,54.7390524849696,0.0,52.64161320868604,0.0,-40.78492944032094,0.0,0
2030-08-22 22:00:00,-58.21926875796176,0.0,41.30038226488368,0.0,39.71787325248016,0.0,-35.99803183003817,0.0,0
2030-08-23 00:00:00,-38.43766257270499,0.0,22.269224207007266,0.0,21.41593312168997,0.0,-24.77622504093663,0.0,0
2030-08-23 02:00:00,-54.33341072447347,0.0,39.13350093243891,0.0,37.634020430895504,0.0,-33.49071526448739,0.0,0
2030-08-23 04:00:00,-33.89188859671482,0.0,11.977561434132035,0.0,11.518616555739323,0.0,-22.33916803644566,0.0,0
2030-08-23 06:00:00,-59.404859040768656,0.0,41.90104149369196,0.0,40.29551698867451,0.0,-36.028187081232865,0.0,0
2030-08-23 08:00:00,-51.49038903539939,0.0,45.17939810487456,0.0,43.44825662978174,0.0,-29.817137212690835,0.0,0
2030-08-23 10:00:00,-68.34202219862999,0.0,75.80519255927439,0.0,72.90056083837061,0.0,-37.59483934150882,0.0,0
2030-08-23 12:00:00,-53.27172786570439,0.0,65.072378329038,0.0,62.578996439645934,0.0,-28.285403722817072,0.0,0
2030-08-23 14:00:00,-41.94890137662149,0.0,54.70111597069641,0.0,52.605130309910955,0.0,-21.7028980624171,0.0,0
2030-08-23 16:00:00,-40.60572442244671,0.0,51.40127353954941,0.0,49.43172812218131,0.0,-21.326063097189085,0.0,0
2030-08-23 18:00:00,-48.07579483539685,0.0,41.081058361845585,0.0,39.50695319546392,0.0,-28.452221132868353,0.0,0
2030-08-23 20:00:00,-62.050742194476996,0.0,52.64113062629815,0.0,50.62407753693587,0.0,-36.66050597334968,0.0,0
2030-08-23 22:00:00,-34.13494075468999,0.0,21.385796141449894,0.0,20.566355417773035,0.0,-21.048653385789297,0.0,0
2030-08-24 00:00:00,-40.285212610301855,0.0,38.26481348589432,0.0,36.79861852888409,0.0,-23.036258518319336,0.0,0
2030-08-24 02:00:00,-94.12069342298334,0.0,90.89875573212755,0.0,87.41578312330836,0.0,-53.535986501173035,0.0,0
2030-08-24 04:00:00,-84.38140315423304,0.0,78.3682570052274,0.0,75.36541620337428,0.0,-48.608035167964026,0.0,0
2030-08-24 06:00:00,-74.35076493852357,0.0,70.82820709643926,0.0,68.11427880048261,0.0,-42.95446382722694,0.0,0
2030-08-24 08:00:00,-40.81513944116223,0.0,42.04675830442056,0.0,40.435650360374424,0.0,-22.930019745297738,0.0,0
2030-08-24 10:00:00,-25.058348569293777,0.0,19.724988330771517,0.0,18.96918487106494,0.0,-14.943457943226987,0.0,0
2030-08-24 12:00:00,-27.84204774762052,0.0,13.910126581893962,0.0,13.377131498741033,0.0,-17.87946445437694,0.0,0
2030-08-24 14:00:00,-26.401244538729287,0.0,19.477614860736573,0.0,18.731290023848896,0.0,-16.196890504123235,0.0,0
2030-08-24 16:00:00,-9.791758466706732,0.0,-2.7727873710992115,0.0,-2.6665423253245675,0.0,-7.064129174635757,0.0,0
2030-08-24 18:00:00,33.76005036728601,0.0,-36.63990433548137,0.0,-35.23597111150725,0.0,17.691387194269556,0.0,0
2030-08-24 20:00:00,-20.890011091173626,0.0,5.412838078387371,0.0,5.2054340648654085,0.0,-14.153975225302592,0.0,0
2030-08-24 22:00:00,-17.110265214837867,0.0,2.4074195049047615,0.0,2.315174279698022,0.0,-12.1315341885652,0.0,0
2030-08-25 00:00:00,-17.442131281263563,0.0,-1.3689597836013165,0.0,-1.316505276491097,0.0,-12.789045019646949,0.0,0
2030-08-25 02:00:00,-20.36301045395573,0.0,-1.2518422895247827,0.0,-1.2038753798585287,0.0,-14.878997011817546,0.0,0
2030-08-25 04:00:00,-19.408242587015113,0.0,-1.1877337415481692,0.0,-1.1422232826308516,0.0,-14.19639110872102,0.0,0
2030-08-25 06:00:00,-19.181905078435086,0.0,5.6575011093161764,0.0,5.4407223290193425,0.0,-13.126589628718401,0.0,0
2030-08-25 08:00:00,-19.28369787216988,0.0,7.55135066206369,0.0,7.262005144584173,0.0,-12.713635979023556,0.0,0
2030-08-25 10:00:00,31.71124531369142,0.0,-24.81953708506643,0.0,-23.868525521326102,0.0,18.22039817438368,0.0,0
2030-08-25 12:00:00,-20.836863107850988,0.0,0.9096264599189654,0.0,0.8747722529649007,0.0,-15.038507618490502,0.0,0
2030-08-25 14:00:00,-11.232174229578364,0.0,-12.93794761240878,0.0,-12.442203564149667,0.0,-9.870714698964456,0.0,0
2030-08-25 16:00:00,-16.93090050342437,0.0,11.988373672000463,0.0,11.529014500496313,0.0,-10.251690045201567,0.0,0
2030-08-25 18:00:00,-17.55019484593335,0.0,-0.32843563362767103,0.0,-0.3158509474405742,0.0,-12.79960083480209,0.0,0
2030-08-25 20:00:00,-17.583740492121407,0.0,-3.591915130224244,0.0,-3.4542835211773584,0.0,-13.435452156671024,0.0,0
2030-08-25 22:00:00,-15.946189993491796,0.0,4.344314876180974,0.0,4.177853524802128,0.0,-10.5601949018646,0.0,0
2030-08-26 00:00:00,-19.750045367113454,0.0,6.206611486301054,0.0,5.968792413572797,0.0,-13.371164686689937,0.0,0
2030-08-26 02:00:00,-28.449859106373477,0.0,8.79668711015926,0.0,8.45962396769636,0.0,-19.305827279597825,0.0,0
2030-08-26 04:00:00,-29.303534768917487,0.0,3.902278154280478,0.0,3.7527543482186614,0.0,-20.39345968974005,0.0,0
2030-08-26 06:00:00,-45.963694615668736,0.0,25.53092487141899,0.0,24.552655022852154,0.0,-29.00641189128051,0.0,0
2030-08-26 08:00:00,7.051017359326776,0.0,-14.903221548036992,0.0,-14.332173990599015,0.0,2.318871380310195,0.0,0
2030-08-26 10:00:00,-46.14260954389603,0.0,29.063646762598296,0.0,27.950013415571654,0.0,-28.262577348069637,0.0,0
2030-08-26 12:00:00,-36.45674408222092,0.0,10.64279346250555,0.0,10.234992961688308,0.0,-24.29835331182976,0.0,0
2030-08-26 14:00:00,-18.423296909873976,0.0,12.351110163255932,0.0,11.877851997721747,0.0,-11.351273400773971,0.0,0
2030-08-26 16:00:00,-19.475321008300405,0.0,3.104018941190244,0.0,2.9850820771777045,0.0,-13.613346631840457,0.0,0
2030-08-26 18:00:00,-18.928831381592055,0.0,-3.2962370308245745,0.0,-3.169934935729123,0.0,-14.198481531290096,0.0,0
2030-08-26 20:00:00,-25.190022210167175,0.0,5.170052392905481,0.0,4.971951211809998,0.0,-17.311356235353287,0.0,0
2030-08-26 22:00:00,-34.64119937072538,0.0,11.682260815201065,0.0,11.234630986819987,0.0,-22.872938852883415,0.0,0
2030-08-27 00:00:00,-49.02556987527861,0.0,25.00463969161097,0.0,24.04653554114357,0.0,-31.461686804829945,0.0,0
2030-08-27 02:00:00,-34.303306314447795,0.0,1.3727195558318996,0.0,1.3201209853229514,0.0,-23.80908137311679,0.0,0
2030-08-27 04:00:00,-27.487623727056494,0.0,0.2522359745672489,0.0,0.24257103489568088,0.0,-19.484223909457455,0.0,0
2030-08-27 06:00:00,-25.111715298583395,0.0,-0.5778346615049035,0.0,-0.5556937390880758,0.0,-17.462698835859296,0.0,0
2030-08-27 08:00:00,-17.967137229726188,0.0,4.210793323718535,0.0,4.049448124988573,0.0,-12.302076895560061,0.0,0
2030-08-27 10:00:00,-14.00855819741772,0.0,-0.45555629731428793,0.0,-0.4381007216846893,0.0,-10.326771710343904,0.0,0
2030-08-27 12:00:00,36.52587750764074,0.0,-35.95489486722735,0.0,-34.57720918861838,0.0,20.122944390381477,0.0,0
2030-08-27 14:00:00,-16.435863689282215,0.0,8.331066765267499,0.0,8.011844823097237,0.0,-10.479817235575348,0.0,0
2030-08-27 16:00:00,-10.803485065912891,0.0,-1.3751420817473679,0.0,-1.3224506871800585,0.0,-8.117942344339955,0.0,0
2030-08-27 18:00:00,35.37501778558951,0.0,-39.81175762517323,0.0,-38.28628832473455,0.0,18.412524102892768,0.0,0
2030-08-27 20:00:00,-15.181639504866624,0.0,-9.032908031039444,0.0,-8.686793598595358,0.0,-12.608217983485927,0.0,0
2030-08-27 22:00:00,-20.580829779036907,0.0,8.341560818256646,0.0,8.02193677488243,0.0,-13.419313110990897,0.0,0
2030-08-28 00:00:00,-9.616775504200103,0.0,-13.371424668419948,0.0,-12.859071056031176,0.0,-8.451017614069334,0.0,0
2030-08-28 02:00:00,-21.082652916495512,0.0,3.9056236333189123,0.0,3.755971638353315,0.0,-14.786887786591052,0.0,0
2030-08-28 04:00:00,-21.92419630185654,0.0,6.452236617930296,0.0,6.205005913561981,0.0,-14.936570010308833,0.0,0
2030-08-28 06:00:00,-20.5770220335399,0.0,-2.1271552471006734,0.0,-2.0456489228316146,0.0,-15.446169428694557,0.0,0
2030-08-28 08:00:00,35.743534110675576,0.0,-37.396091685805004,0.0,-35.96318358965473,0.0,19.291457211700347,0.0,0
2030-08-28 10:00:00,-13.48615904611128,0.0,-3.0930201837148577,0.0,-2.9745047596957277,0.0,-10.37377535435998,0.0,0
2030-08-28 12:00:00,-16.140247657952735,0.0,-5.165010059101644,0.0,-4.967102085386966,0.0,-12.855084561816836,0.0,0
2030-08-28 14:00:00,29.24002224484936,0.0,-29.81036552422703,0.0,-28.66812011345646,0.0,15.606313003733932,0.0,0
2030-08-28 16:00:00,-12.626224856263056,0.0,-8.416766060015796,0.0,-8.094260373268362,0.0,-10.659561051605118,0.0,0
2030-08-28 18:00:00,-13.375431890107013,0.0,-12.829439982168275,0.0,-12.337853626728283,0.0,-11.956598147649926,0.0,0
2030-08-28 20:00:00,31.48704800710881,0.0,-44.36536260353133,0.0,-42.665412571390036,0.0,14.714140319652945,0.0,0
2030-08-28 22:00:00,-18.526573446160562,0.0,8.560871253595028,0.0,8.232843880241674,0.0,-11.957402267305788,0.0,0
2030-08-29 00:00:00,-21.185957337324044,0.0,7.324663094270037,0.0,7.044003576758586,0.0,-14.174932265141244,0.0,0
2030-08-29 02:00:00,-20.17921868455927,0.0,13.354091923551275,0.0,12.842402450898302,0.0,-12.430914691246882,0.0,0
2030-08-29 04:00:00,-19.29559952275728,0.0,0.8341143706337677,0.0,0.802153564546435,0.0,-13.654724804345605,0.0,0
2030-08-29 06:00:00,-18.536860259407447,0.0,1.7279993560556557,0.0,1.6617875099558947,0.0,-13.297279867552133,0.0,0
2030-08-29 08:00:00,34.95178260418858,0.0,-35.690994233279326,0.0,-34.32342044973522,0.0,18.679746234608515,0.0,0
2030-08-29 10:00:00,39.81178059093692,0.0,-42.600480627879236,0.0,-40.9681556751957,0.0,21.398057168720968,0.0,0
2030-08-29 12:00:00,33.21824045471118,0.0,-31.081542704676025,0.0,-29.890589528163325,0.0,18.315551104292762,0.0,0
2030-08-29 14:00:00,-14.494133864251776,0.0,3.812197312716484,0.0,3.6661251392013883,0.0,-9.900834615176779,0.0,0
2030-08-29 16:00:00,-12.39793429368378,0.0,-5.077836272382294,0.0,-4.8832685414345285,0.0,-9.914913900912449,0.0,0
2030-08-29 18:00:00,-17.44992636554042,0.0,-3.6533884574758497,0.0,-3.5134013715770873,0.0,-13.220052363052575,0.0,0
2030-08-29 20:00:00,-10.992858330659569,0.0,-11.913377881840159,0.0,-11.456892328140775,0.0,-9.859925743238144,0.0,0
2030-08-29 22:00:00,-22.235336139776322,0.0,5.30583211961292,0.0,5.102528259282216,0.0,-15.367876658262285,0.0,0
2030-08-30 00:00:00,-28.215151638192477,0.0,12.472815667929313,0.0,11.99489410589746,0.0,-18.670128069155844,0.0,0
2030-08-30 02:00:00,-25.599197791746185,0.0,1.1223252145561728,0.0,1.079321017755019,0.0,-18.36611981797515,0.0,0
2030-08-30 04:00:00,-16.517681036231316,0.0,-6.771771776074416,0.0,-6.512297425526102,0.0,-12.385565180090449,0.0,0
2030-08-30 06:00:00,-24.377010426448855,0.0,13.4801060467479,0.0,12.963588084025071,0.0,-15.546876928678389,0.0,0
2030-08-30 08:00:00,-19.357376951099166,0.0,6.149951398398302,0.0,5.914303373365775,0.0,-12.997518672385072,0.0,0
2030-08-30 10:00:00,-20.078701926774954,0.0,8.946768254739604,0.0,8.603954444828467,0.0,-13.090221588093447,0.0,0
2030-08-30 12:00:00,36.199929071980804,0.0,-36.06252760526705,0.0,-34.68071775713135,0.0,20.016334386289618,0.0,0
2030-08-30 14:00:00,24.472747198611067,0.0,-18.756594085328878,0.0,-18.037896641037534,0.0,14.13648928344847,0.0,0
2030-08-30 16:00:00,25.73073912105646,0.0,-29.292625572438382,0.0,-28.17021843179647,0.0,13.367737380192755,0.0,0
2030-08-30 18:00:00,-29.047510433466236,0.0,4.871347644313271,0.0,4.684691949452358,0.0,-20.35537359512392,0.0,0
2030-08-30 20:00:00,-34.54982835005759,0.0,6.16826890004057,0.0,5.931919002292976,0.0,-23.745465743984095,0.0,0
2030-08-30 22:00:00,-40.33481719819308,0.0,16.687277706601343,0.0,16.04787037148745,0.0,-26.600409203747333,0.0,0
2030-08-31 00:00:00,-31.476541000549137,0.0,12.243533432203186,0.0,11.774397290172901,0.0,-21.044457151282323,0.0,0
2030-08-31 02:00:00,-32.23880391793037,0.0,22.303133620926936,0.0,21.448543226736703,0.0,-19.855746953847202,0.0,0
2030-08-31 04:00:00,-41.21505530046543,0.0,14.379767429464422,0.0,13.828777092197202,0.0,-26.965503183316464,0.0,0
2030-08-31 06:00:00,-63.24850198947375,0.0,41.35878227536108,0.0,39.774035546553186,0.0,-39.0326707419044,0.0,0
2030-08-31 08:00:00,-54.839156748025914,0.0,29.099565309532622,0.0,27.98455566957309,0.0,-34.74059361907995,0.0,0
2030-08-31 10:00:00,-87.05263126749412,0.0,69.61662627587039,0.0,66.94912218866581,0.0,-51.683100076075625,0.0,0
2030-08-31 12:00:00,-100.27665726984964,0.0,78.98638234047743,0.0,75.95985679625186,0.0,-59.10699626899925,0.0,0
2030-08-31 14:00:00,-79.56413391170653,0.0,64.7732915480108,0.0,62.291369783211024,0.0,-46.77896653502266,0.0,0
2030-08-31 16:00:00,-84.13576474008548,0.0,64.94606704450706,0.0,62.457525031531986,0.0,-49.659403364413734,0.0,0
2030-08-31 18:00:00,-93.79806566616179,0.0,67.70503424372933,0.0,65.11077673326344,0.0,-55.80958420591477,0.0,0
2030-08-31 20:00:00,-107.96112883042166,0.0,85.16243017793403,0.0,81.8992566699892,0.0,-63.48607057315349,0.0,0
2030-08-31 22:00:00,-160.07249334127408,39.07249334127408,149.56416927423652,24.56416927423652,143.83331079716214,18.83331079716214,-91.38752637875442,0.0,3
2030-09-01 00:00:00,-139.58641487321842,18.586414873218416,133.02527297016985,8.025272970169851,127.92813628987042,2.928136289870423,-79.69367551446543,0.0,3
2030-09-01 02:00:00,-133.3355003319366,12.3355003319366,114.86313688158313,0.0,110.46191976591027,0.0,-77.28650349448678,0.0,1
2030-09-01 04:00:00,-101.36900451491668,0.0,87.82283278129655,0.0,84.45772048088631,0.0,-58.42928751349522,0.0,0
2030-09-01 06:00:00,-98.93952245205082,0.0,98.50578943575833,0.0,94.73133769930186,0.0,-55.367506887968936,0.0,0
2030-09-01 08:00:00,-17.356271968041636,0.0,33.7320825478819,0.0,32.43956849082555,0.0,-7.574425095769328,0.0,0
2030-09-01 10:00:00,15.163351067370488,0.0,-6.818837125658126,0.0,-6.5575593695284615,0.0,9.593699317234337,0.0,0
2030-09-01 12:00:00,40.272461103531015,0.0,-29.628682018302133,0.0,-28.493398184392724,0.0,23.899002290221873,0.0,0
2030-09-01 14:00:00,6.390731252926823,0.0,-12.985932289998983,0.0,-12.488349610216897,0.0,2.727165974431112,0.0,0
2030-09-01 16:00:00,-20.924953952678628,0.0,10.424061902943603,0.0,10.024642551290569,0.0,-13.446484212672123,0.0,0
2030-09-01 18:00:00,27.583326453944778,0.0,-34.30570018767469,0.0,-32.991206792053866,0.0,13.87246566942681,0.0,0
2030-09-01 20:00:00,-23.09386826877879,0.0,0.9580073165851166,0.0,0.9212992976926833,0.0,-16.6924694912259,0.0,0
2030-09-01 22:00:00,-21.634828021144344,0.0,9.892739815859844,0.0,9.513679161758583,0.0,-14.038633221363643,0.0,0
2030-09-02 00:00:00,-17.586162903882425,0.0,-3.655102548873863,0.0,-3.5150497840409862,0.0,-13.266233613774702,0.0,0
2030-09-02 02:00:00,-19.544220032457112,0.0,-1.2715148179279998,0.0,-1.2227941149119186,0.0,-14.403015414628731,0.0,0
2030-09-02 04:00:00,-11.580010451222563,0.0,-8.538620313733434,0.0,-8.211445530863088,0.0,-9.252352600622887,0.0,0
2030-09-02 06:00:00,27.79892002951064,0.0,-24.273166903383334,0.0,-23.34309063586077,0.0,15.393769613934067,0.0,0
2030-09-02 08:00:00,30.84531097555484,0.0,-32.97450109578566,0.0,-31.711015328779553,0.0,16.147732632102297,0.0,0
2030-09-02 10:00:00,-23.888978715643734,0.0,8.198428100303845,0.0,7.884288481133723,0.0,-16.08290704168288,0.0,0
2030-09-02 12:00:00,25.31008757305385,0.0,-34.82985129589596,0.0,-33.49527397351379,0.0,12.213609099419468,0.0,0
2030-09-02 14:00:00,-21.990747513518777,0.0,17.49084737219576,0.0,16.82064961413274,0.0,-13.25040120409487,0.0,0
2030-09-02 16:00:00,-22.827274349315516,0.0,3.363344770116586,0.0,3.2344713040941757,0.0,-15.828091701054033,0.0,0
2030-09-02 18:00:00,-45.907563618392714,0.0,22.776383241152676,0.0,21.90365931530839,0.0,-29.494730295199084,0.0,0
2030-09-02 20:00:00,-17.72076620297407,0.0,-12.23088452182473,0.0,-11.762233048787143,0.0,-14.73659444439251,0.0,0
2030-09-02 22:00:00,-15.557181850854693,0.0,3.974706189936538,0.0,3.8224071548600644,0.0,-10.284625770940332,0.0,0
2030-09-03 00:00:00,-18.667763751192638,0.0,-4.636212244436636,0.0,-4.458566245588914,0.0,-14.190172022614718,0.0,0
2030-09-03 02:00:00,-22.617000530413424,0.0,5.397528727960289,0.0,5.19071132365829,0.0,-15.674392175751866,0.0,0
2030-09-03 04:00:00,-21.01778150357292,0.0,14.380893033511281,0.0,13.829859566412118,0.0,-12.886819336179212,0.0,0
2030-09-03 06:00:00,-20.347045510963866,0.0,1.0197825397732627,0.0,0.9807074762657937,0.0,-14.747132420133855,0.0,0
2030-09-03 08:00:00,-5.852429757295095,0.0,-20.645933136114422,0.0,-19.85484178379145,0.0,-6.845678471051579,0.0,0
2030-09-03 10:00:00,-16.307502345768707,0.0,1.1709939498895117,0.0,1.1261249104872397,0.0,-11.6336918387275,0.0,0
2030-09-03 12:00:00,-16.046195167944475,0.0,4.2958665202255375,0.0,4.13126156715902,0.0,-10.876738625982409,0.0,0
2030-09-03 14:00:00,-23.530968225526593,0.0,0.6867519894363738,0.0,0.66043767579158,0.0,-16.584146358293232,0.0,0
2030-09-03 16:00:00,19.179355243574136,0.0,-30.411675985204738,0.0,-29.24639012852144,0.0,8.371389795438505,0.0,0
2030-09-03 18:00:00,-36.1430408268427,0.0,16.77932765775515,0.0,16.136393239614296,0.0,-23.076692181203487,0.0,0
2030-09-03 20:00:00,-26.486111968185416,0.0,0.32482407591856344,0.0,0.3123777739863369,0.0,-19.101528464399408,0.0,0
2030-09-03 22:00:00,-40.395864381401225,0.0,13.362730737915019,0.0,12.850710251338333,0.0,-26.631984659957922,0.0,0
2030-09-04 00:00:00,-45.840611995339174,0.0,28.32397669630147,0.0,27.23868532777304,0.0,-28.379386511223277,0.0,0
2030-09-04 02:00:00,-35.70803478947288,0.0,16.61466393433055,0.0,15.97803894511132,0.0,-22.866991096161748,0.0,0
2030-09-04 04:00:00,-35.24734646514772,0.0,12.999456088498878,0.0,12.501355216587978,0.0,-23.084333257401347,0.0,0
2030-09-04 06:00:00,-18.469033224875243,0.0,17.896888414404405,0.0,17.21113235945732,0.0,-10.582582205429247,0.0,0
2030-09-04 08:00:00,-68.72232720641307,0.0,52.753801912968456,0.0,50.73243159173532,0.0,-40.36286778865734,0.0,0
2030-09-04 10:00:00,-1.1439037142369237,0.0,4.579012152467174,0.0,4.403557892680681,0.0,0.3653492457130654,0.0,0
2030-09-04 12:00:00,-34.171541148707014,0.0,25.965776470142934,0.0,24.970844389018012,0.0,-19.52125183001024,0.0,0
2030-09-04 14:00:00,-66.35009567217517,0.0,49.75016635013765,0.0,47.843886497502794,0.0,-38.50210140636128,0.0,0
2030-09-04 16:00:00,-59.83006657967431,0.0,51.198165291684504,0.0,49.23640238418949,0.0,-34.08040611446295,0.0,0
2030-09-04 18:00:00,-103.81061486257607,0.0,84.20152016838999,0.0,80.97516590198288,0.0,-61.25753248573467,0.0,0
2030-09-04 20:00:00,-99.36807505424724,0.0,91.53613285166031,0.0,88.02873782879506,0.0,-57.418829604821624,0.0,0
2030-09-04 22:00:00,-91.39024487265199,0.0,84.82261529833002,0.0,81.57246249576451,0.0,-52.28981466077787,0.0,0
2030-09-05 00:00:00,-71.94880874508517,0.0,69.98733834740042,0.0,67.30562966541888,0.0,-40.97178025600627,0.0,0
2030-09-05 02:00:00,-78.14022127359372,0.0,68.6545857198547,0.0,66.02394419339896,0.0,-45.98235011602846,0.0,0
2030-09-05 04:00:00,-61.606299267845344,0.0,49.80215525757267,0.0,47.89388334312032,0.0,-36.72899234427464,0.0,0
2030-09-05 06:00:00,-36.83742167702819,0.0,25.875935892960527,0.0,24.88444623815885,0.0,-22.326198492619096,0.0,0
2030-09-05 08:00:00,6.449533834372747,0.0,3.789361174757012,0.0,3.6441640147926666,0.0,4.609625656954822,0.0,0
2030-09-05 10:00:00,-1.889113008699852,0.0,6.210293624858935,0.0,5.97233346342561,0.0,-0.6914699964186186,0.0,0
2030-09-05 12:00:00,1.8696612848821625,0.0,8.143473795094078,0.0,7.83143986305075,0.0,1.6938087530513048,0.0,0
2030-09-05 14:00:00,-40.87184252812442,0.0,38.80902333959425,0.0,37.321975863772124,0.0,-23.52856000715569,0.0,0
2030-09-05 16:00:00,-41.557150431122594,0.0,34.055824187736064,0.0,32.75090530450959,0.0,-24.608035051033145,0.0,0
2030-09-05 18:00:00,-68.35317289457578,0.0,57.780298181374704,0.0,55.566327326941824,0.0,-40.42502999959744,0.0,0
2030-09-05 20:00:00,-99.985983034094,0.0,78.17176074839834,0.0,75.17644910439518,0.0,-59.337905139261835,0.0,0
2030-09-05 22:00:00,-97.05071962778797,0.0,71.67557134316836,0.0,68.9291745448953,0.0,-58.10633134607189,0.0,0
2030-09-06 00:00:00,-117.24111144602472,0.0,85.91827510234371,0.0,82.62613984297525,0.0,-70.2422706813608,0.0,0
2030-09-06 02:00:00,-150.31424791231126,29.31424791231126,117.44447206083196,0.0,112.94434578351992,0.0,-89.3437266898333,0.0,1
2030-09-06 04:00:00,-171.6333668861385,50.633366886138504,155.88505151015244,30.885051510152437,149.9119954417695,24.911995441769506,-99.04524979202925,0.0,3
2030-09-06 06:00:00,-184.22068518787677,63.22068518787677,169.75359231619058,44.75359231619058,163.2491346091091,38.24913460910909,-105.98425301983255,0.0,3
2030-09-06 08:00:00,-171.3040451283963,50.3040451283963,140.95635255307724,15.956352553077238,135.5553202614117,10.555320261411708,-101.00136159959727,0.0,3
2030-09-06 10:00:00,-125.8710272688727,4.8710272688726945,98.95091719348547,0.0,95.15940947232278,0.0,-74.26118489587728,0.0,1
2030-09-06 12:00:00,-150.7994890261641,29.79948902616411,116.72222571410148,0.0,112.24977378966946,0.0,-89.05206211499197,0.0,1
2030-09-06 14:00:00,-116.9256513162654,0.0,83.71936023905698,0.0,80.51148092110674,0.0,-70.50717587549727,0.0,0
2030-09-06 16:00:00,-167.9287556928045,46.928755692804486,130.9630979057329,5.963097905732894,125.9449777004796,0.9449777004795976,-100.10544150241708,0.0,3
2030-09-06 18:00:00,-185.04728709562892,64.04728709562892,162.60338023414766,37.603380234147664,156.3728975955739,31.372897595573903,-107.7832500855401,0.0,3
2030-09-06 20:00:00,-199.79181425118145,78.79181425118145,169.33658947217094,44.33658947217094,162.8481100859346,37.84811008593459,-116.81232875801436,0.0,3
2030-09-06 22:00:00,-215.8123304632536,94.8123304632536,188.3224914761868,63.3224914761868,181.10652824156227,56.10652824156227,-125.39537184789513,4.3953718478951345,4
2030-09-07 00:00:00,-188.486659491563,67.48665949156299,153.85280818357086,28.852808183570858,147.957621694193,22.957621694192994,-110.01815661432812,0.0,3
2030-09-07 02:00:00,-179.422897527797,58.422897527797005,156.01505131628033,31.015051316280335,150.03701403819602,25.03701403819602,-103.48890125261838,0.0,3
2030-09-07 04:00:00,-176.76249142788723,55.76249142788723,154.19484799790112,29.19484799790112,148.28655555019793,23.28655555019793,-101.60343977144312,0.0,3
2030-09-07 06:00:00,-181.29117592045185,60.29117592045185,163.17170326763392,38.171703267633916,156.9194441642162,31.919444164216202,-103.70452826140692,0.0,3
2030-09-07 08:00:00,-180.8068727870118,59.8068727870118,164.74567695627542,39.74567695627542,158.43310781670382,33.433107816703824,-103.01250208133717,0.0,3
2030-09-07 10:00:00,-180.11413640364316,59.11413640364316,164.73676648469961,39.736766484699615,158.4245387681558,33.4245387681558,-102.86721754213536,0.0,3
2030-09-07 12:00:00,-170.07324396460666,49.07324396460666,157.0725390516875,32.0725390516875,151.05398195804673,26.053981958046734,-96.50249293842927,0.0,3
2030-09-07 14:00:00,-125.44096836649646,4.440968366496463,129.00080586482545,4.000805864825452,124.0578749113273,0.0,-69.48071883507276,0.0,2
2030-09-07 16:00:00,-170.38338423619575,49.38338423619575,158.24473966222635,33.24473966222635,152.18126729350104,27.181267293501037,-96.72691028261106,0.0,3
2030-09-07 18:00:00,-162.62809632342902,41.62809632342902,155.0167685880395,30.016768588039497,149.07698256400505,24.07698256400505,-92.29664511883804,0.0,3
2030-09-07 20:00:00,-155.22079262245168,34.22079262245168,147.06570377677346,22.06570377677346,141.4305791391962,16.430579139196198,-88.80486671792474,0.0,3
2030-09-07 22:00:00,-126.59694824380438,5.596948243804377,121.47702474285404,0.0,116.82238292325576,0.0,-71.36783952650181,0.0,1
2030-09-08 00:00:00,-135.75941019167385,14.759410191673851,132.21567947504246,7.215679475042464,127.14956403309881,2.1495640330988124,-76.36380812516671,0.0,3
2030-09-08 02:00:00,-124.40297582153327,3.402975821533275,123.9140020700266,0.0,119.16598245652453,0.0,-70.25284395988865,0.0,1
2030-09-08 04:00:00,-144.9692797836858,23.969279783685806,136.4745679256673,11.474567925667287,131.24526442137815,6.2452644213781525,-82.72777790182111,0.0,3
2030-09-08 06:00:00,-99.82083909311939,0.0,110.86409251138934,0.0,106.6161069981806,0.0,-54.94706769940539,0.0,0
2030-09-08 08:00:00,-97.09863893084322,0.0,106.69237337673377,0.0,102.60423585441006,0.0,-54.259873276280324,0.0,0
2030-09-08 10:00:00,-139.82226379335728,18.82226379335728,112.62898864917258,0.0,108.31337751385504,0.0,-82.34602363679237,0.0,1
2030-09-08 12:00:00,-78.60194216793475,0.0,63.66874619010211,0.0,61.22914735036121,0.0,-46.22068985772678,0.0,0
2030-09-08 14:00:00,-46.596158672589226,0.0,33.70302448138467,0.0,32.411623843856006,0.0,-28.413442040027494,0.0,0
2030-09-08 16:00:00,-70.77843806701406,0.0,58.10776159104357,0.0,55.88124330318242,0.0,-42.31891225009368,0.0,0
2030-09-08 18:00:00,-65.81123043604573,0.0,43.15642152677515,0.0,41.502794556177534,0.0,-40.72261877573009,0.0,0
2030-09-08 20:00:00,-94.84864825179699,0.0,69.0053405649991,0.0,66.36125914590453,0.0,-57.20971315531814,0.0,0
2030-09-08 22:00:00,-87.54302106001703,0.0,78.61784083754651,0.0,75.60543671830166,0.0,-51.148561852432294,0.0,0
2030-09-09 00:00:00,-83.9975513769999,0.0,71.71773058534502,0.0,68.96971836907713,0.0,-49.785852571745785,0.0,0
2030-09-09 02:00:00,-67.63740398753194,0.0,49.904163305527106,0.0,47.991982743106576,0.0,-40.27178667017074,0.0,0
2030-09-09 04:00:00,-50.71292258676257,0.0,33.843000680888835,0.0,32.54623656764661,0.0,-31.18746111788235,0.0,0
2030-09-09 06:00:00,-47.212357994260934,0.0,38.19176454248226,0.0,36.72836860584327,0.0,-28.052569794875254,0.0,0
2030-09-09 08:00:00,-34.11287126517445,0.0,23.8706008789368,0.0,22.955949755852075,0.0,-20.371559577505284,0.0,0
2030-09-09 10:00:00,-32.411413330779965,0.0,25.550679070911755,0.0,24.571652299599616,0.0,-18.403793451424406,0.0,0
2030-09-09 12:00:00,-29.855010159132163,0.0,31.90885294618571,0.0,30.686199677774322,0.0,-16.078319511187253,0.0,0
2030-09-09 14:00:00,-14.066910934079427,0.0,4.274176168314326,0.0,4.110402325651646,0.0,-8.765397930249238,0.0,0
2030-09-09 16:00:00,-27.172736171576204,0.0,30.20553307665405,0.0,29.048146009103792,0.0,-14.86315924569376,0.0,0
2030-09-09 18:00:00,-25.138704622614732,0.0,22.703748695956072,0.0,21.833807911963817,0.0,-14.310485973372879,0.0,0
2030-09-09 20:00:00,29.257290863752324,0.0,-33.12928566059662,0.0,-31.859869004931383,0.0,15.723690632371591,0.0,0
2030-09-09 22:00:00,-32.06479783315664,0.0,24.747836993078124,0.0,23.799572765695004,0.0,-19.361461868897297,0.0,0
2030-09-10 00:00:00,-21.365823485317588,0.0,3.174538309845471,0.0,3.052899351316486,0.0,-14.89658374590216,0.0,0
2030-09-10 02:00:00,-21.64729336636024,0.0,8.751382508286724,0.0,8.41605530473861,0.0,-14.115289138287114,0.0,0
2030-09-10 04:00:00,-12.107724042759187,0.0,4.978653543563884,0.0,4.787886202676048,0.0,-7.743450468622361,0.0,0
2030-09-10 06:00:00,-18.5603322000291,0.0,15.054805277777017,0.0,14.47794947825291,0.0,-10.890642166987389,0.0,0
2030-09-10 08:00:00,-39.48360119112805,0.0,27.60987764561574,0.0,26.5519484495779,0.0,-23.902411628821508,0.0,0
2030-09-10 10:00:00,-52.84553779726298,0.0,51.278338032299814,0.0,49.31350314150551,0.0,-29.535251471899564,0.0,0
2030-09-10 12:00:00,-15.118783858933305,0.0,33.74519515062771,0.0,32.45217865725289,0.0,-5.688472729212503,0.0,0
2030-09-10 14:00:00,-65.85204404046151,0.0,57.7994926177044,0.0,55.584786289001975,0.0,-38.19815203485176,0.0,0
2030-09-10 16:00:00,-49.37538276941021,0.0,36.94195590901987,0.0,35.52644895833619,0.0,-29.775043801573023,0.0,0
2030-09-10 18:00:00,-33.22715200103397,0.0,11.369696588310788,0.0,10.93404330055431,0.0,-22.057026308606254,0.0,0
2030-09-10 20:00:00,-38.825029002634636,0.0,10.538585722192995,0.0,10.1347781550767,0.0,-26.135619621525688,0.0,0
2030-09-10 22:00:00,-53.518639397741374,0.0,32.95766846625226,0.0,31.69482767603527,0.0,-33.475362587238635,0.0,0
2030-09-11 00:00:00,-65.10892005236356,0.0,45.411542315443825,0.0,43.671505757902416,0.0,-39.62718799385774,0.0,0
2030-09-11 02:00:00,-54.45120252235037,0.0,34.30572600954574,0.0,32.99123162450686,0.0,-33.430946269314674,0.0,0
2030-09-11 04:00:00,-51.67947222466693,0.0,35.162068408814044,0.0,33.8147615050954,0.0,-31.457904659394163,0.0,0
2030-09-11 06:00:00,-55.60262944396421,0.0,30.255429273146646,0.0,29.096130330298834,0.0,-34.66971600865765,0.0,0
2030-09-11 08:00:00,-3.037104215902205,0.0,-14.933466676518522,0.0,-14.361260214833711,0.0,-4.489873065858799,0.0,0
2030-09-11 10:00:00,-67.2600930964433,0.0,32.680253916048926,0.0,31.428042834367158,0.0,-42.610834721758756,0.0,0
2030-09-11 12:00:00,-97.9243079646083,0.0,69.22048165861247,0.0,66.56815666643433,0.0,-59.18711752183851,0.0,0
2030-09-11 14:00:00,-102.57537130883017,0.0,76.80980371006675,0.0,73.86667824859921,0.0,-61.91038341670952,0.0,0
2030-09-11 16:00:00,-143.58188748682153,22.58188748682153,102.06654044615134,0.0,98.15565121793672,0.0,-87.42463767747093,0.0,1
2030-09-11 18:00:00,-120.48743341279692,0.0,79.55389640566673,0.0,76.50562539387943,0.0,-74.50014186450424,0.0,0
2030-09-11 20:00:00,-121.07633208844577,0.076332088445767,80.2347316447504,0.0,77.16037303176597,0.0,-74.56054573067719,0.0,1
2030-09-11 22:00:00,-126.50066403666457,5.500664036664574,93.4178640547863,0.0,89.83836663420485,0.0,-77.50972150100482,0.0,1
2030-09-12 00:00:00,-138.18662051298853,17.186620512988526,100.55833815978167,0.0,96.70523880129272,0.0,-84.6548775837057,0.0,1
2030-09-12 02:00:00,-149.15069887862774,28.150698878627736,105.58413752835733,0.0,101.53846433981778,0.0,-90.85171645465641,0.0,1
2030-09-12 04:00:00,-137.81537006766382,16.81537006766382,95.8808267660234,0.0,92.20695586815174,0.0,-84.07766630235858,0.0,1
2030-09-12 06:00:00,-86.69297968735779,0.0,52.82918952341035,0.0,50.80493057097315,0.0,-54.44038907539795,0.0,0
2030-09-12 08:00:00,-49.17535188005989,0.0,28.997287461933144,0.0,27.886196807869524,0.0,-31.854688029191436,0.0,0
2030-09-12 10:00:00,-63.98176419303757,0.0,28.593999488945368,0.0,27.4983616422616,0.0,-41.27556113288878,0.0,0
2030-09-12 12:00:00,-51.25934162500819,0.0,31.010454439067466,0.0,29.822225155526983,0.0,-31.97988536636227,0.0,0
2030-09-12 14:00:00,-15.90177601406155,0.0,-3.1833224206647093,0.0,-3.0613468808793516,0.0,-12.44087794432687,0.0,0
2030-09-12 16:00:00,-33.63399874655881,0.0,10.90256283171864,0.0,10.484808733733978,0.0,-22.515795556868255,0.0,0
2030-09-12 18:00:00,-20.953255745719247,0.0,-0.45436028052338795,0.0,-0.4369505327347465,0.0,-15.195595394267162,0.0,0
2030-09-12 20:00:00,-38.09163040694531,0.0,14.625991085363674,0.0,14.065566182769071,0.0,-25.13718718200198,0.0,0
2030-09-12 22:00:00,-35.60583393978581,0.0,9.6521238984686,0.0,9.282282937670796,0.0,-24.17643440423516,0.0,0
2030-09-13 00:00:00,-37.15570841342225,0.0,21.19217699902358,0.0,20.3801551906463,0.0,-23.286583009769583,0.0,0
2030-09-13 02:00:00,-32.89634157742107,0.0,13.13034097091477,0.0,12.627224975785873,0.0,-21.818481352238063,0.0,0
2030-09-13 04:00:00,-31.844791864207856,0.0,12.747614283168167,0.0,12.259163247524626,0.0,-21.02541797071737,0.0,0
2030-09-13 06:00:00,-27.99411122553462,0.0,8.24419455829149,0.0,7.928301303240534,0.0,-18.96351822624481,0.0,0
2030-09-13 08:00:00,-30.968671944032167,0.0,6.251724528737718,0.0,6.012176857088171,0.0,-21.31942132383451,0.0,0
2030-09-13 10:00:00,-49.544560576310275,0.0,28.48212323968129,0.0,27.390772161376507,0.0,-31.105683380344388,0.0,0
2030-09-13 12:00:00,-24.109945358449103,0.0,6.360119765751462,0.0,6.11641870786015,0.0,-16.40981930858252,0.0,0
2030-09-13 14:00:00,-25.57086403178498,0.0,15.442094812403944,0.0,14.850399218540408,0.0,-16.042009004263345,0.0,0
2030-09-13 16:00:00,-19.124279171392484,0.0,-0.007952187150485734,0.0,-0.007647482759296942,0.0,-14.006345545899308,0.0,0
2030-09-13 18:00:00,-12.843444757895885,0.0,-2.2528124575548434,0.0,-2.16649131906097,0.0,-9.70831580974195,0.0,0
2030-09-13 20:00:00,-18.0624944908288,0.0,-8.065866682875294,0.0,-7.756806426807164,0.0,-14.234775731404373,0.0,0
2030-09-13 22:00:00,-29.429961892900433,0.0,2.2287184303988914,0.0,2.1433205040650813,0.0,-21.174490169408276,0.0,0
2030-09-14 00:00:00,-30.014716558437293,0.0,14.561945359621888,0.0,14.003974500613257,0.0,-19.215512292322998,0.0,0
2030-09-14 02:00:00,-33.60630762039867,0.0,17.179192902365898,0.0,16.520936825716362,0.0,-21.710596343923317,0.0,0
2030-09-14 04:00:00,-24.09963173284458,0.0,-2.4515924760887584,0.0,-2.357654672722428,0.0,-17.351834453774234,0.0,0
2030-09-14 06:00:00,-32.0575636893162,0.0,8.590128698800248,0.0,8.26098026631431,0.0,-22.170998073353616,0.0,0
2030-09-14 08:00:00,-49.93437099939416,0.0,37.81968990350401,0.0,36.370550771213544,0.0,-31.33320818550506,0.0,0
2030-09-14 10:00:00,-5.580849538424566,0.0,14.021436389561392,0.0,13.484176242403237,0.0,-3.819831960076764,0.0,0
2030-09-14 12:00:00,-33.92996302707333,0.0,34.780328605913326,0.0,33.44764884715937,0.0,-21.040351820990413,0.0,0
2030-09-14 14:00:00,-69.50633607051412,0.0,56.474303349291546,0.0,54.31037437046817,0.0,-42.12718132447433,0.0,0
2030-09-14 16:00:00,-46.537624852048594,0.0,31.720697545133323,0.0,30.50525383754371,0.0,-29.22105916607551,0.0,0
2030-09-14 18:00:00,-52.817754648547066,0.0,25.73662940592893,0.0,24.75047756543133,0.0,-34.7219163895655,0.0,0
2030-09-14 20:00:00,-43.38903717082908,0.0,16.291027611681567,0.0,15.666803413187385,0.0,-29.286454161093687,0.0,0
2030-09-14 22:00:00,-36.74590846500297,0.0,15.237599894642422,0.0,14.65373994375835,0.0,-24.125942428550726,0.0,0
2030-09-15 00:00:00,-37.00139026130498,0.0,18.057605996990784,0.0,17.365691717617075,0.0,-24.411332194677403,0.0,0
2030-09-15 02:00:00,-41.545326272736425,0.0,30.47736252280671,0.0,29.309559751459563,0.0,-25.561168792086768,0.0,0
2030-09-15 04:00:00,-41.26876742003011,0.0,27.068628647538546,0.0,26.031438519045338,0.0,-25.878871735501168,0.0,0
2030-09-15 06:00:00,-45.064041270009156,0.0,34.230636410433554,0.0,32.91901923768215,0.0,-27.428761909948644,0.0,0
2030-09-15 08:00:00,-40.17408561765758,0.0,23.966941524473995,0.0,23.048598911590297,0.0,-25.693029686388066,0.0,0
2030-09-15 10:00:00,-34.57738021056358,0.0,24.19270429172076,0.0,23.26571111450235,0.0,-21.55118652655782,0.0,0
2030-09-15 12:00:00,-12.970553059155453,0.0,-5.2988908576495,0.0,-5.095852966034073,0.0,-9.834772743800183,0.0,0
2030-09-15 14:00:00,-22.67350025698279,0.0,14.17277852099836,0.0,13.629719389089415,0.0,-14.29273193334098,0.0,0
2030-09-15 16:00:00,-18.007236536856407,0.0,13.735493196214176,0.0,13.209189550078289,0.0,-10.962547977719037,0.0,0
2030-09-15 18:00:00,-28.06622412816473,0.0,13.85969475990861,0.0,13.328632075644634,0.0,-18.297769418589343,0.0,0
2030-09-15 20:00:00,-36.641759061098995,0.0,24.156398744292822,0.0,23.230796688726418,0.0,-22.32897398929958,0.0,0
2030-09-15 22:00:00,-40.83973203197105,0.0,22.553052295090843,0.0,21.688885753355585,0.0,-25.54505802849948,0.0,0
2030-09-16 00:00:00,-22.950645477738117,0.0,18.9523721618462,0.0,18.226173078259347,0.0,-13.678638896996292,0.0,0
2030-09-16 02:00:00,-18.382337221121475,0.0,0.8209507434602807,0.0,0.7894943287972724,0.0,-13.21060669178978,0.0,0
2030-09-16 04:00:00,-30.39687449177279,0.0,10.709253132703296,0.0,10.298906093058047,0.0,-20.11116825706915,0.0,0
2030-09-16 06:00:00,-29.19183742502252,0.0,9.8982558969915,0.0,9.518983882906952,0.0,-19.434132271588968,0.0,0
2030-09-16 08:00:00,-38.5776593453445,0.0,29.65161137104601,0.0,28.515448951869992,0.0,-23.04793412342869,0.0,0
2030-09-16 10:00:00,-45.127224972576926,0.0,30.283773641403315,0.0,29.12338862584243,0.0,-27.152439439549042,0.0,0
2030-09-16 12:00:00,5.477979489848483,0.0,8.314341623797729,0.0,7.995760539790503,0.0,4.585728894866461,0.0,0
2030-09-16 14:00:00,-61.37722989579373,0.0,54.27392180412026,0.0,52.19430496564537,0.0,-35.39771109467059,0.0,0
2030-09-16 16:00:00,-76.43080249365215,0.0,85.46211422114457,0.0,82.18745770327959,0.0,-41.95409360276154,0.0,0
2030-09-16 18:00:00,-65.45525533586053,0.0,70.5709866294056,0.0,67.8669142641917,0.0,-37.282500562556756,0.0,0
2030-09-16 20:00:00,-66.54747703036877,0.0,66.5294552668006,0.0,63.9802424804694,0.0,-37.78813990212256,0.0,0
2030-09-16 22:00:00,-40.832762687469284,0.0,20.816182308071113,0.0,20.018567508888857,0.0,-26.116505091340848,0.0,0
2030-09-17 00:00:00,-45.259502916211886,0.0,36.12668801952531,0.0,34.742419733277515,0.0,-27.28800452959928,0.0,0
2030-09-17 02:00:00,-44.22792846897662,0.0,35.50926488594599,0.0,34.14865443577081,0.0,-26.676560299376998,0.0,0
2030-09-17 04:00:00,-63.28599385882687,0.0,49.63682841112961,0.0,47.73489133451993,0.0,-37.95523724484811,0.0,0
2030-09-17 06:00:00,-50.93635425062471,0.0,18.330670797680966,0.0,17.62829347936266,0.0,-33.2340560545458,0.0,0
2030-09-17 08:00:00,-60.71939657084781,0.0,46.39038020399584,0.0,44.612837461393475,0.0,-36.39885065892655,0.0,0
2030-09-17 10:00:00,5.905193625353741,0.0,-1.4916292188071982,0.0,-1.4344743802202577,0.0,3.2171083233497075,0.0,0
2030-09-17 12:00:00,-37.575645776482354,0.0,21.46894059097736,0.0,20.646314016867827,0.0,-23.795403393325586,0.0,0
2030-09-17 14:00:00,-65.54998537961757,0.0,46.28117888200589,0.0,44.50782041244747,0.0,-39.49742741388939,0.0,0
2030-09-17 16:00:00,-88.01521382807286,0.0,80.85804440740385,0.0,77.75980228510672,0.0,-50.5067977122317,0.0,0
2030-09-17 18:00:00,-85.12904023591449,0.0,70.1723593142959,0.0,67.48356117377817,0.0,-50.158068466800714,0.0,0
2030-09-17 20:00:00,-128.4640496842478,7.4640496842478115,131.7534663176438,6.753466317643813,126.70506152260265,1.705061522602648,-72.43057555308094,0.0,3
2030-09-17 22:00:00,-113.17556084426889,0.0,119.00146255322507,0.0,114.44167698582132,0.0,-63.89704845828644,0.0,0
2030-09-18 00:00:00,-145.12857143156862,24.128571431568616,124.12320812493329,0.0,119.36717235155118,0.0,-85.68407266418713,0.0,1
2030-09-18 02:00:00,-106.33167972100458,0.0,84.00912027716794,0.0,80.79013820794506,0.0,-64.01444442005689,0.0,0
2030-09-18 04:00:00,-77.37139377070329,0.0,61.19045933888849,0.0,58.84582115234957,0.0,-46.9089030719525,0.0,0
2030-09-18 06:00:00,-92.68327798817714,0.0,77.91575540543613,0.0,74.93025313220005,0.0,-55.1733876493249,0.0,0
2030-09-18 08:00:00,-76.23134558329855,0.0,68.14167845673043,0.0,65.53069002600681,0.0,-44.70543545079045,0.0,0
2030-09-18 10:00:00,-114.13467432208249,0.0,91.26579581246632,0.0,87.76875930875804,0.0,-68.54484338983298,0.0,0
2030-09-18 12:00:00,-102.85748648455153,0.0,80.62666587857326,0.0,77.53728950005535,0.0,-62.19029516447524,0.0,0
2030-09-18 14:00:00,-126.05240555897939,5.0524055589793875,108.98460538779676,0.0,104.80863628578506,0.0,-74.0371883315117,0.0,1
2030-09-18 16:00:00,-83.4608920006211,0.0,71.34124675855702,0.0,68.60766029372888,0.0,-49.51987062255869,0.0,0
2030-09-18 18:00:00,-53.435067489177065,0.0,33.132238916343866,0.0,31.862709100616275,0.0,-33.57294863240547,0.0,0
2030-09-18 20:00:00,-91.40459717148939,0.0,61.94854724940738,0.0,59.574861366823086,0.0,-56.57436797157978,0.0,0
2030-09-18 22:00:00,-63.66808299357203,0.0,47.59773179007548,0.0,45.77392689053088,0.0,-39.03655629608972,0.0,0
2030-09-19 00:00:00,-35.13528620622662,0.0,16.377513621550875,0.0,15.749975533873165,0.0,-22.795118227250097,0.0,0
2030-09-19 02:00:00,-27.577493520067907,0.0,17.016149648834972,0.0,16.364140909473136,0.0,-17.293989482859466,0.0,0
2030-09-19 04:00:00,-28.15445000113268,0.0,10.749208055573048,0.0,10.337330060956852,0.0,-18.963134507510144,0.0,0
2030-09-19 06:00:00,-37.18937918110883,0.0,20.016291514304278,0.0,19.249326174537607,0.0,-23.884764559640942,0.0,0
2030-09-19 08:00:00,-27.383546840217747,0.0,8.680591154540267,0.0,8.347976467176252,0.0,-18.43516417001588,0.0,0
2030-09-19 10:00:00,-30.35692799536389,0.0,6.515503173789372,0.0,6.265848281330153,0.0,-20.907377802487428,0.0,0
2030-09-19 12:00:00,-4.2672357495078685,0.0,-1.3809581274833096,0.0,-1.3280438791725269,0.0,-3.7684056605520926,0.0,0
2030-09-19 14:00:00,-63.02595470573599,0.0,37.1409309733826,0.0,35.7177998842448,0.0,-39.46478604669076,0.0,0
2030-09-19 16:00:00,-63.539485198067396,0.0,47.836895219615414,0.0,46.00392628182402,0.0,-37.895532314590604,0.0,0
2030-09-19 18:00:00,-58.54882244759311,0.0,43.260786921526346,0.0,41.603160976374014,0.0,-34.86824778503605,0.0,0
2030-09-19 20:00:00,-58.417834281543904,0.0,39.22323110090872,0.0,37.720312403578674,0.0,-35.315529755173436,0.0,0
2030-09-19 22:00:00,-60.72677925958213,0.0,46.26757529805107,0.0,44.49473807776517,0.0,-35.74149270673111,0.0,0
2030-09-20 00:00:00,-77.87403316072468,0.0,54.11266118320283,0.0,52.0392233767841,0.0,-46.78595997600266,0.0,0
2030-09-20 02:00:00,-72.75572819756457,0.0,48.661090481198244,0.0,46.79654080836501,0.0,-44.18673704793295,0.0,0
2030-09-20 04:00:00,-87.07635499118007,0.0,60.66487230422417,0.0,58.34037306491887,0.0,-51.94327143789118,0.0,0
2030-09-20 06:00:00,-71.3710038458745,0.0,37.54229081239741,0.0,36.103780796295055,0.0,-44.31880867347904,0.0,0
2030-09-20 08:00:00,-98.84721148914957,0.0,65.56550318824542,0.0,63.05322620657718,0.0,-59.38502293667449,0.0,0
2030-09-20 10:00:00,-92.06198140747023,0.0,64.63055391998456,0.0,62.15410144070643,0.0,-55.23558469330482,0.0,0
2030-09-20 12:00:00,-98.77304284375565,0.0,68.82026908628458,0.0,66.18327906119039,0.0,-59.658372447010294,0.0,0
2030-09-20 14:00:00,-79.12816273643699,0.0,56.71411442123471,0.0,54.54099658841521,0.0,-48.334138814741905,0.0,0
2030-09-20 16:00:00,-39.19666809907708,0.0,23.06550165873454,0.0,22.181699566626826,0.0,-25.07672824530379,0.0,0
2030-09-20 18:00:00,2.0439678190640933,0.0,-11.392989887406776,0.0,-10.956444069031312,0.0,-1.0828232986894466,0.0,0
2030-09-20 20:00:00,-21.019670628046935,0.0,-7.190020857158517,0.0,-6.914520433631007,0.0,-16.05438067521813,0.0,0
2030-09-20 22:00:00,-57.130897304572315,0.0,30.960068019341193,0.0,29.773769395008834,0.0,-36.13014199411717,0.0,0
2030-09-21 00:00:00,-47.52145854681575,0.0,42.59498074046928,0.0,40.962866527273306,0.0,-28.183813531580533,0.0,0
2030-09-21 02:00:00,-92.73719106319483,0.0,84.71297019334153,0.0,81.46701866827738,0.0,-54.33463236773717,0.0,0
2030-09-21 04:00:00,-71.85461531136514,0.0,58.40528923261839,0.0,56.167370561796844,0.0,-43.599681539158745,0.0,0
2030-09-21 06:00:00,-58.54914606197216,0.0,46.59448785589106,0.0,44.80912430919656,0.0,-35.96823326583711,0.0,0
2030-09-21 08:00:00,-53.00473664252114,0.0,42.21275971846009,0.0,40.595291089127684,0.0,-32.261634607715436,0.0,0
2030-09-21 10:00:00,-32.932162926836696,0.0,25.388903769730504,0.0,24.416075751506412,0.0,-20.559189374889765,0.0,0
2030-09-21 12:00:00,-0.7500962030276891,0.0,14.767552445879009,0.0,14.201703328869453,0.0,0.6639684381720207,0.0,0
2030-09-21 14:00:00,-68.5856097178596,0.0,60.50532698579954,0.0,58.186941053210774,0.0,-40.50708383785358,0.0,0
2030-09-21 16:00:00,-120.4130206936176,0.0,107.67831843445664,0.0,103.55240240128074,0.0,-70.01881188740096,0.0,0
2030-09-21 18:00:00,-97.71102540315337,0.0,72.6349982751602,0.0,69.85183906251322,0.0,-58.7670268518464,0.0,0
2030-09-21 20:00:00,-133.03380066906556,12.033800669065556,104.8084275683126,0.0,100.79247730085655,0.0,-79.41091319167624,0.0,1
2030-09-21 22:00:00,-114.31069566873666,0.0,89.53973718215546,0.0,86.10883816165213,0.0,-68.57923521912649,0.0,0
2030-09-22 00:00:00,-132.5298544929955,11.529854492995497,102.79939063993041,0.0,98.86042075064692,0.0,-79.3921569237322,0.0,1
2030-09-22 02:00:00,-155.60324910177144,34.60324910177144,125.11139884568527,0.11139884568527236,120.31749851425784,0.0,-92.70901896812276,0.0,2
2030-09-22 04:00:00,-114.18027124087064,0.0,84.49520189728327,0.0,81.25759461196297,0.0,-69.11282640477589,0.0,0
2030-09-22 06:00:00,-170.11263581120576,49.11263581120576,150.06724632926148,25.06724632926148,144.31711142107807,19.317111421078067,-99.5666189707136,0.0,3
2030-09-22 08:00:00,-198.62033855724553,77.62033855724553,181.669332117736,56.66933211773599,174.708298355149,49.708298355149,-115.5526060231138,0.0,3
2030-09-22 10:00:00,-146.59205943855144,25.592059438551445,137.10364545392937,12.103645453929374,131.8502375514875,6.85023755148751,-85.5411981786536,0.0,3
2030-09-22 12:00:00,-168.8860109891928,47.88601098919281,151.97387468066748,26.97387468066748,146.15068338937243,21.150683389372432,-98.47114710189824,0.0,3
2030-09-22 14:00:00,-129.8423880272291,8.842388027229106,110.82553637525189,0.0,106.57902821962628,0.0,-76.84121781749087,0.0,1
2030-09-22 16:00:00,-127.32243459657751,6.322434596577509,99.8509866602185,0.0,96.02499092793369,0.0,-75.15821730367303,0.0,1
2030-09-22 18:00:00,-163.17707285402054,42.17707285402054,138.73734117759017,13.737341177590167,133.42133486650312,8.421334866503116,-95.46895569590927,0.0,3
2030-09-22 20:00:00,-143.46717021755418,22.467170217554184,125.87277604759271,0.8727760475927084,121.04970198416154,0.0,-83.42595796824615,0.0,2
2030-09-22 22:00:00,-156.14369511543933,35.14369511543933,155.57110757087668,30.571107570876677,149.61008090963352,24.610080909633524,-88.46211847514174,0.0,3
2030-09-23 00:00:00,-147.57877792813997,26.57877792813997,143.8059278849749,18.805927884974892,138.2957082590293,13.295708259029311,-83.71448061707035,0.0,3
2030-09-23 02:00:00,-121.97507271519275,0.9750727151927521,115.4514538743295,0.0,111.0276941841787,0.0,-69.57354502183124,0.0,1
2030-09-23 04:00:00,-114.55965174746717,0.0,94.59782172807715,0.0,90.97311180461213,0.0,-67.54811753769226,0.0,0
2030-09-23 06:00:00,-142.53947882323178,21.539478823231775,124.0334001409581,0.0,119.28080554502365,0.0,-82.9718368719148,0.0,1
2030-09-23 08:00:00,-161.4033707081399,40.4033707081399,154.98148266119426,29.981482661194264,149.043048689954,24.04304868995399,-92.0632344730201,0.0,3
2030-09-23 10:00:00,-157.0431163649498,36.04311636494981,143.1979351539958,18.197935153995786,137.71101201886916,12.711012018869155,-90.98311420890222,0.0,3
2030-09-23 12:00:00,-133.61062183620095,12.610621836200949,127.44411140540527,2.444111405405266,122.56082839888731,0.0,-77.08316541078008,0.0,2
2030-09-23 14:00:00,-129.05616142087993,8.056161420879931,124.91920149454859,0.0,120.13266559956591,0.0,-74.4443608430205,0.0,1
2030-09-23 16:00:00,-136.49641533947394,15.496415339473941,124.38591668572278,0.0,119.61981469400855,0.0,-79.83215544857308,0.0,1
2030-09-23 18:00:00,-143.05979395543497,22.05979395543497,130.161658643853,5.161658643853002,125.17424723075284,0.1742472307528402,-83.3369720780972,0.0,3
2030-09-23 20:00:00,-143.55389936615066,22.55389936615066,129.39493842860531,4.394938428605315,124.43690547604425,0.0,-83.50027530582037,0.0,2
2030-09-23 22:00:00,-142.47254696465203,21.472546964652025,126.4006871257434,1.4006871257434028,121.55738506457683,0.0,-83.05600789355798,0.0,2
2030-09-24 00:00:00,-126.66078594407819,5.660785944078185,125.50752525350936,0.5075252535093568,120.69844652478751,0.0,-72.38214838949668,0.0,2
2030-09-24 02:00:00,-103.26506577319603,0.0,93.23109872225729,0.0,89.65875759916557,0.0,-60.37226410959921,0.0,0
2030-09-24 04:00:00,-101.1189607490098,0.0,96.59814509461701,0.0,92.89678867100668,0.0,-57.97591045652173,0.0,0
2030-09-24 06:00:00,-99.16389839615508,0.0,97.32292460475574,0.0,93.59379676490423,0.0,-56.75105064584653,0.0,0
2030-09-24 08:00:00,-123.73152680960797,2.7315268096079706,124.81727163539861,0.0,120.0346413924195,0.0,-70.2508802582067,0.0,1
2030-09-24 10:00:00,-74.42572019469084,0.0,73.3456199096152,0.0,70.53523176882605,0.0,-43.074404157354216,0.0,0
2030-09-24 12:00:00,2.893930758263726,0.0,8.981006333430354,0.0,8.636880621180358,0.0,1.928712541416207,0.0,0
2030-09-24 14:00:00,-56.36575196339555,0.0,43.39141933458442,0.0,41.72878794009652,0.0,-33.702909802779146,0.0,0
2030-09-24 16:00:00,-67.61711601622778,0.0,55.081151407083524,0.0,52.97060390763866,0.0,-40.37032516058566,0.0,0
2030-09-24 18:00:00,-121.73995387650783,0.7399538765078262,102.09467306329671,0.0,98.182705876048,0.0,-72.28992980209625,0.0,1
2030-09-24 20:00:00,-119.14494906473914,0.0,111.2347285499581,0.0,106.9725413553317,0.0,-68.8302999641764,0.0,0
2030-09-24 22:00:00,-118.45887800875444,0.0,107.74966705948228,0.0,103.62101715712802,0.0,-68.85811116466917,0.0,0
2030-09-25 00:00:00,-148.54462143704737,27.54462143704737,121.74852884666751,0.0,117.08348378943235,0.0,-87.78152754892253,0.0,1
2030-09-25 02:00:00,-106.14309093442637,0.0,80.45512067210673,0.0,77.3723174006737,0.0,-63.66520086171448,0.0,0
2030-09-25 04:00:00,-115.56842066230776,0.0,93.54862247128662,0.0,89.96411477328846,0.0,-68.22065591584565,0.0,0
2030-09-25 06:00:00,-96.14447577789842,0.0,60.49243822554338,0.0,58.1745461522881,0.0,-59.15118498837021,0.0,0
2030-09-25 08:00:00,15.126330228906125,0.0,-17.616703103183035,0.0,-16.941682924172973,0.0,7.386332018166345,0.0,0
2030-09-25 10:00:00,-53.22896204589769,0.0,37.90103468808958,0.0,36.44877866322683,0.0,-32.66367999105236,0.0,0
2030-09-25 12:00:00,-59.94502031006479,0.0,46.58504849740166,0.0,44.80004663912443,0.0,-35.919595376432454,0.0,0
2030-09-25 14:00:00,14.46088273846608,0.0,-12.818617310811455,0.0,-12.327445648263486,0.0,8.127785680554348,0.0,0
2030-09-25 16:00:00,-75.17379311633788,0.0,67.52126359352783,0.0,64.93404763314484,0.0,-43.606209135623864,0.0,0
2030-09-25 18:00:00,-103.05262145356167,0.0,99.42929272530233,0.0,95.61945506264993,0.0,-59.61023903027775,0.0,0
2030-09-25 20:00:00,-146.93592492894373,25.935924928943734,134.25803602189035,9.258036021890348,129.11366349212602,4.1136634921260224,-85.46198720896697,0.0,3
2030-09-25 22:00:00,-110.31941157075295,0.0,99.97501982830832,0.0,96.1442715103191,0.0,-63.89349670357311,0.0,0
2030-09-26 00:00:00,-112.68292684278138,0.0,104.80396264416635,0.0,100.78818345945382,0.0,-65.76479157289462,0.0,0
2030-09-26 02:00:00,-93.7564426066918,0.0,85.40384805265555,0.0,82.13142412276429,0.0,-54.81391571357587,0.0,0
2030-09-26 04:00:00,-70.39447444389678,0.0,62.70499916355744,0.0,60.30232827149035,0.0,-42.31503450321816,0.0,0
2030-09-26 06:00:00,-73.4703761262728,0.0,57.89177963405057,0.0,55.67353713868136,0.0,-45.3273061675434,0.0,0
2030-09-26 08:00:00,-37.945188286862816,0.0,12.676206221092523,0.0,12.190491332079983,0.0,-25.702363996054345,0.0,0
2030-09-26 10:00:00,-4.451382124639295,0.0,-9.193271224524533,0.0,-8.84101214680037,0.0,-5.433302447899581,0.0,0
2030-09-26 12:00:00,-29.952798291188557,0.0,25.703582265828796,0.0,24.718696694410845,0.0,-18.539061879533957,0.0,0
2030-09-26 14:00:00,-39.01386732657284,0.0,33.39267744420556,0.0,32.11316839112176,0.0,-24.200881107481536,0.0,0
2030-09-26 16:00:00,-47.32306194783669,0.0,32.57839689089137,0.0,31.330088670429188,0.0,-30.570349955269847,0.0,0
2030-09-26 18:00:00,-50.43720971948146,0.0,35.968819600351594,0.0,34.59060036697983,0.0,-32.00219580393937,0.0,0
2030-09-26 20:00:00,-25.306903126646446,0.0,8.935597125029183,0.0,8.593211359907954,0.0,-17.469150000072684,0.0,0
2030-09-26 22:00:00,-25.126124436683106,0.0,15.552571937501213,0.0,14.956643185575894,0.0,-16.276468416402004,0.0,0
2030-09-27 00:00:00,-16.86224120217664,0.0,10.900391344727215,0.0,10.482720451728735,0.0,-11.294022300153873,0.0,0
2030-09-27 02:00:00,-1.5645536615054894,0.0,-9.429976315440785,0.0,-9.068647395765751,0.0,-3.152666773076391,0.0,0
2030-09-27 04:00:00,5.163722533385995,0.0,-20.06969425090979,0.0,-19.300682675555585,0.0,0.27418451799222215,0.0,0
2030-09-27 06:00:00,-15.566003254060114,0.0,-10.405412743960365,0.0,-10.006707973154992,0.0,-12.60262936687379,0.0,0
2030-09-27 08:00:00,-21.26685881507094,0.0,-2.0337534348702606,0.0,-1.9558259929631125,0.0,-15.715354969471989,0.0,0
2030-09-27 10:00:00,-7.301638758440793,0.0,-16.734090100204316,0.0,-16.0928890520372,0.0,-7.620420450480611,0.0,0
2030-09-27 12:00:00,-22.914588777542413,0.0,11.467052593949894,0.0,11.027668910785847,0.0,-14.809930870801285,0.0,0
2030-09-27 14:00:00,-12.03562125086157,0.0,-10.391622079122907,0.0,-9.993445725978404,0.0,-10.056039943783553,0.0,0
2030-09-27 16:00:00,-20.83649325692979,0.0,0.7444259306050425,0.0,0.7159017213933208,0.0,-14.499090961881766,0.0,0
2030-09-27 18:00:00,-36.299382300525096,0.0,18.130166330654806,0.0,17.435471752996364,0.0,-23.67292039711378,0.0,0
2030-09-27 20:00:00,-29.72624877320307,0.0,5.459081304656221,0.0,5.24990538689711,0.0,-20.891641800362848,0.0,0
2030-09-27 22:00:00,-28.86294412767106,0.0,5.882709957399329,0.0,5.657301837318653,0.0,-19.745825867551485,0.0,0
2030-09-28 00:00:00,-77.20323920141543,0.0,53.62414647613495,0.0,51.569427114540076,0.0,-47.016929245045404,0.0,0
2030-09-28 02:00:00,-92.57143369844073,0.0,63.01597608451836,0.0,60.60138947271496,0.0,-56.69093205766603,0.0,0
2030-09-28 04:00:00,-60.03129899398115,0.0,30.438108075885438,0.0,29.271809419333927,0.0,-37.97343721557498,0.0,0
2030-09-28 06:00:00,-67.86282195455263,0.0,36.57330756109724,0.0,35.1719261293798,0.0,-42.896298681520264,0.0,0
2030-09-28 08:00:00,-71.82496323772153,0.0,42.83195886837383,0.0,41.190764351253556,0.0,-44.83436841513545,0.0,0
2030-09-28 10:00:00,-46.97521048235322,0.0,30.56106509797278,0.0,29.390055090462212,0.0,-28.600014400916354,0.0,0
2030-09-28 12:00:00,-57.11200954523133,0.0,43.67831214791592,0.0,42.004687865764424,0.0,-34.101653770757125,0.0,0
2030-09-28 14:00:00,-30.283195185272348,0.0,5.979639959058527,0.0,5.750517766788088,0.0,-20.768387789572177,0.0,0
2030-09-28 16:00:00,23.572437495038674,0.0,-34.90781145009037,0.0,-33.570246924204106,0.0,11.270283746341539,0.0,0
2030-09-28 18:00:00,7.200944712533117,0.0,-17.217809526573767,0.0,-16.558073774616428,0.0,1.8398624964979828,0.0,0
2030-09-28 20:00:00,-44.87506309876164,0.0,19.594476733374748,0.0,18.843674093703747,0.0,-29.44593304463699,0.0,0
2030-09-28 22:00:00,-39.94230569771804,0.0,9.632264804746509,0.0,9.263184785932017,0.0,-27.017125654421797,0.0,0
2030-09-29 00:00:00,-59.62105874602722,0.0,22.087973260502935,0.0,21.241627177643736,0.0,-38.72663869655828,0.0,0
2030-09-29 02:00:00,-54.85024510966102,0.0,20.40276489919334,0.0,19.62099103754134,0.0,-35.39960881996647,0.0,0
2030-09-29 04:00:00,-78.8104639921944,0.0,43.33405251140428,0.0,41.673619244626245,0.0,-49.29002825554651,0.0,0
2030-09-29 06:00:00,-66.86190416430374,0.0,40.45349481320353,0.0,38.903436033734465,0.0,-41.31734525174887,0.0,0
2030-09-29 08:00:00,6.671535653349581,0.0,-17.02627686199994,0.0,-16.37388007765581,0.0,1.7028087114911048,0.0,0
2030-09-29 10:00:00,-9.932251417195628,0.0,-0.5496798477963005,0.0,-0.5286177349205565,0.0,-7.393746085726438,0.0,0
2030-09-29 12:00:00,-51.061943003672724,0.0,23.93080333414355,0.0,23.013845430280853,0.0,-32.73433422138565,0.0,0
2030-09-29 14:00:00,-42.95475538546625,0.0,22.11316225550003,0.0,21.26585100453802,0.0,-27.155411399570024,0.0,0
2030-09-29 16:00:00,-85.79015707061663,0.0,51.88268112187265,0.0,49.894689583769384,0.0,-52.1881819748433,0.0,0
2030-09-29 18:00:00,-135.38741459103284,14.387414591032837,117.40372088426228,0.0,112.90515607201787,0.0,-77.84040462182048,0.0,1
2030-09-29 20:00:00,-117.59795203900015,0.0,106.81524462772278,0.0,102.72239904093561,0.0,-67.03988651238971,0.0,0
2030-09-29 22:00:00,-105.55533205766486,0.0,93.3283460759427,0.0,89.75227872066691,0.0,-60.18899659172604,0.0,0
2030-09-30 00:00:00,-70.07856828058978,0.0,46.06216731944846,0.0,44.29720072794442,0.0,-42.39667689937192,0.0,0
2030-09-30 02:00:00,-77.9924583737585,0.0,52.497735530195015,0.0,50.48617691859474,0.0,-47.07598798331511,0.0,0
2030-09-30 04:00:00,-34.78095007122369,0.0,8.618926047850394,0.0,8.288674185761494,0.0,-23.619091392309883,0.0,0
2030-09-30 06:00:00,-24.96461125441304,0.0,0.5643641376638548,0.0,0.542739366047928,0.0,-18.05956770595626,0.0,0
2030-09-30 08:00:00,25.818014273645268,0.0,-24.456661759394958,0.0,-23.519554509410675,0.0,14.150585333292403,0.0,0
2030-09-30 10:00:00,-22.35011474471109,0.0,5.593937600102288,0.0,5.379594386274304,0.0,-15.245667509270985,0.0,0
2030-09-30 12:00:00,-27.17746334105292,0.0,6.460694714770751,0.0,6.213139921041785,0.0,-18.017607847005447,0.0,0
2030-09-30 14:00:00,-28.728307683958285,0.0,21.454130997340336,0.0,20.63207188324244,0.0,-17.29966568297718,0.0,0
2030-09-30 16:00:00,-40.990290925948436,0.0,26.503717877096257,0.0,25.488173465577233,0.0,-25.26398396504619,0.0,0
2030-09-30 18:00:00,-21.306048739086684,0.0,2.933516984692454,0.0,2.8211132534983863,0.0,-14.863641334916903,0.0,0
2030-09-30 20:00:00,-17.597109660600186,0.0,-0.5417538909487112,0.0,-0.5209954773961805,0.0,-12.748345572258852,0.0,0
2030-09-30 22:00:00,-18.82243469315268,0.0,-1.2460087251076821,0.0,-1.1982653404491206,0.0,-13.868906897893968,0.0,0
2030-10-01 00:00:00,-19.4119061679476,0.0,3.896507647230548,0.0,3.7472049500038214,0.0,-13.099266029853563,0.0,0
2030-10-01 02:00:00,-27.911365796599334,0.0,17.243693470713307,0.0,16.582965922248654,0.0,-17.45093645012022,0.0,0
2030-10-01 04:00:00,-34.461480135588985,0.0,29.780585347224473,0.0,28.63948102512952,0.0,-20.306201527560503,0.0,0
2030-10-01 06:00:00,-47.28942857835138,0.0,37.558445978538444,0.0,36.11931694404899,0.0,-28.54385204879947,0.0,0
2030-10-01 08:00:00,-36.360374301455536,0.0,12.810709271727324,0.0,12.319840621946666,0.0,-23.70568013989536,0.0,0
2030-10-01 10:00:00,-46.70420401537819,0.0,37.64031837285752,0.0,36.19805222934464,0.0,-27.963482533757233,0.0,0
2030-10-01 12:00:00,-46.41161748072833,0.0,32.603250774783135,0.0,31.3539902266886,0.0,-28.506499977183793,0.0,0
2030-10-01 14:00:00,-52.344926201724434,0.0,41.86551456036693,0.0,40.26135134280224,0.0,-31.134330067554487,0.0,0
2030-10-01 16:00:00,-39.96693217441795,0.0,26.739029596912573,0.0,25.71446873331937,0.0,-24.487755303561524,0.0,0
2030-10-01 18:00:00,-56.08950940287989,0.0,48.61803996034368,0.0,46.75513985667919,0.0,-32.70433293451618,0.0,0
2030-10-01 20:00:00,-51.4754346431053,0.0,48.43394110393818,0.0,46.5780951262516,0.0,-29.230134813976754,0.0,0
2030-10-01 22:00:00,-78.59255902683968,0.0,62.61374552358352,0.0,60.21457120224418,0.0,-46.20193940468347,0.0,0
2030-10-02 00:00:00,-52.26043648940733,0.0,35.67261276954005,0.0,34.305743309550216,0.0,-31.866501303720575,0.0,0
2030-10-02 02:00:00,-46.4335764967685,0.0,27.348513329461497,0.0,26.300598844260534,0.0,-29.314234379817595,0.0,0
2030-10-02 04:00:00,-59.64423557390397,0.0,43.36215070387591,0.0,41.70064079711584,0.0,-36.081678380947984,0.0,0
2030-10-02 06:00:00,-56.181510214923684,0.0,45.566070614721994,0.0,43.82011298786194,0.0,-33.38803458444965,0.0,0
2030-10-02 08:00:00,-36.37217765695244,0.0,13.273211102776177,0.0,12.764620744968843,0.0,-24.51296237256031,0.0,0
2030-10-02 10:00:00,16.02233788363045,0.0,-14.7195369293565,0.0,-14.155527625526922,0.0,8.319648822053031,0.0,0
2030-10-02 12:00:00,-45.746907643993,0.0,34.016085015366734,0.0,32.712688820187445,0.0,-27.789345923020704,0.0,0
2030-10-02 14:00:00,-44.42706284048651,0.0,25.035524613399463,0.0,24.07623704368996,0.0,-28.39802019949412,0.0,0
2030-10-02 16:00:00,2.609159852125514,0.0,-7.441054015583656,0.0,-7.155934740756665,0.0,-0.9001471685443685,0.0,0
2030-10-02 18:00:00,-38.09440750803147,0.0,21.062386955450094,0.0,20.255338319290868,0.0,-24.408106445110224,0.0,0
2030-10-02 20:00:00,-36.36032764193967,0.0,17.195377622868598,0.0,16.536501395395838,0.0,-24.04453426004814,0.0,0
2030-10-02 22:00:00,-31.03149205122103,0.0,9.375308827419659,0.0,9.01607460488142,0.0,-21.489375331041327,0.0,0
2030-10-03 00:00:00,-9.881686001387077,0.0,-9.731738611953604,0.0,-9.358847049812633,0.0,-8.561009186544137,0.0,0
2030-10-03 02:00:00,-21.776205359987944,0.0,2.725554300687395,0.0,2.62111908706225,0.0,-15.548551602648779,0.0,0
2030-10-03 04:00:00,-22.378354271435924,0.0,6.69491440392804,0.0,6.438385001523592,0.0,-15.144905695902242,0.0,0
2030-10-03 06:00:00,-16.3048763913867,0.0,-4.5488626572492254,0.0,-4.3745636373245524,0.0,-12.58813953470548,0.0,0
2030-10-03 08:00:00,26.41545449403658,0.0,-28.6434881113906,0.0,-27.545954006446202,0.0,13.604779504554557,0.0,0
2030-10-03 10:00:00,-10.773073010472283,0.0,-4.7757762922301,0.0,-4.592782610108558,0.0,-8.029466057406559,0.0,0
2030-10-03 12:00:00,-17.54866209442721,0.0,6.229312168770193,0.0,5.990623272746789,0.0,-12.03213724921914,0.0,0
2030-10-03 14:00:00,-17.639643183146045,0.0,6.593907465092645,0.0,6.341248351103367,0.0,-11.859578653701538,0.0,0
2030-10-03 16:00:00,-11.985916711220547,0.0,-2.278407652191847,0.0,-2.1911057812212364,0.0,-9.232334492618167,0.0,0
2030-10-03 18:00:00,-12.307845354384645,0.0,-14.918458853097684,0.0,-14.346827447006023,0.0,-11.562194998712478,0.0,0
2030-10-03 20:00:00,-22.97741417502069,0.0,9.948684232754697,0.0,9.567479953362884,0.0,-15.36485200014798,0.0,0
2030-10-03 22:00:00,-25.5433376847052,0.0,3.9368828531458666,0.0,3.786033096939655,0.0,-18.011120845618272,0.0,0
2030-10-04 00:00:00,-32.85280206071881,0.0,18.066428614850775,0.0,17.37417627874453,0.0,-21.01241583048091,0.0,0
2030-10-04 02:00:00,-29.16012122728159,0.0,9.995541796458495,0.0,9.612542073228317,0.0,-19.981192498106704,0.0,0
2030-10-04 04:00:00,-26.42530009579903,0.0,5.692440304661069,0.0,5.474322757299898,0.0,-18.72819452037181,0.0,0
2030-10-04 06:00:00,-13.722917517210107,0.0,-14.41359753116312,0.0,-13.861310924033642,0.0,-12.212186735236502,0.0,0
2030-10-04 08:00:00,-18.559174733983934,0.0,2.044374970599999,0.0,1.9660405427258576,0.0,-13.576236646861393,0.0,0
2030-10-04 10:00:00,-30.95021622810391,0.0,12.776159337860852,0.0,12.286614539791044,0.0,-21.055905520697454,0.0,0
2030-10-04 12:00:00,3.104440985596599,0.0,-5.980246726130902,0.0,-5.751101284333257,0.0,-0.4676853842061277,0.0,0
2030-10-04 14:00:00,-28.460657551616073,0.0,8.962583278506816,0.0,8.619163483462629,0.0,-19.570450004230366,0.0,0
2030-10-04 16:00:00,-58.55922226530957,0.0,45.82910319767404,0.0,44.07306693690669,0.0,-36.03745650925085,0.0,0
2030-10-04 18:00:00,-53.36896749285886,0.0,25.046513256071368,0.0,24.08680463393792,0.0,-35.22251404825812,0.0,0
2030-10-04 20:00:00,-63.339252180536036,0.0,33.90373067138128,0.0,32.60463956376269,0.0,-41.41662094107744,0.0,0
2030-10-04 22:00:00,-85.16943337041191,0.0,62.83818013748949,0.0,60.43040614273977,0.0,-53.08216486147444,0.0,0
2030-10-05 00:00:00,-97.6428787281989,0.0,79.76182296647357,0.0,76.70558482125173,0.0,-59.75317231400026,0.0,0
2030-10-05 02:00:00,-94.33813643852775,0.0,73.79267639755848,0.0,70.96515836880164,0.0,-57.598839988591735,0.0,0
2030-10-05 04:00:00,-118.34454114874342,0.0,91.90721188991321,0.0,88.38559821118643,0.0,-72.15694095392833,0.0,0
2030-10-05 06:00:00,-77.52534082450633,0.0,60.36476599990053,0.0,58.05176595031756,0.0,-47.12484813651226,0.0,0
2030-10-05 08:00:00,-88.44616267679467,0.0,64.87641578460068,0.0,62.39054260277159,0.0,-55.05048477234686,0.0,0
2030-10-05 10:00:00,-58.53682020949803,0.0,38.24985006846733,0.0,36.784228465543336,0.0,-37.325117252756925,0.0,0
2030-10-05 12:00:00,-15.10826036312848,0.0,5.851947945210193,0.0,5.627718534837764,0.0,-11.070249837066552,0.0,0
2030-10-05 14:00:00,-77.59131136897756,0.0,56.09681272507156,0.0,53.94734807520037,0.0,-48.105799748654015,0.0,0
2030-10-05 16:00:00,-71.24887593896273,0.0,47.00396593534364,0.0,45.20291239462063,0.0,-44.88980789097478,0.0,0
2030-10-05 18:00:00,-66.68180113390446,0.0,39.5209107989391,0.0,38.006585892293074,0.0,-42.214254139954946,0.0,0
2030-10-05 20:00:00,-47.21614322341804,0.0,19.14622111818103,0.0,18.412594313502463,0.0,-31.41827819760637,0.0,0
2030-10-05 22:00:00,-57.40292100717467,0.0,33.1022156365877,0.0,31.8338362245172,0.0,-36.63254075748475,0.0,0
2030-10-06 00:00:00,-50.685368506723265,0.0,28.951309820710602,0.0,27.841980894447403,0.0,-32.7868647362485,0.0,0
2030-10-06 02:00:00,-68.9310966542035,0.0,39.93307628274083,0.0,38.40295840864637,0.0,-43.739824124550964,0.0,0
2030-10-06 04:00:00,-105.05471659444856,0.0,93.00312465436238,0.0,89.43951882613366,0.0,-62.368682225248996,0.0,0
2030-10-06 06:00:00,-79.0828547013883,0.0,65.73253837263397,0.0,63.213861094644244,0.0,-47.67285771885752,0.0,0
2030-10-06 08:00:00,-130.82852539783985,9.828525397839854,113.2526214002198,0.0,108.91311449457655,0.0,-77.51574528185081,0.0,1
2030-10-06 10:00:00,-73.64349386523931,0.0,79.14560735211639,0.0,76.11298077438691,0.0,-42.42518534470979,0.0,0
2030-10-06 12:00:00,-94.39591112475077,0.0,78.27978044682874,0.0,75.28032980611638,0.0,-56.30791332284918,0.0,0
2030-10-06 14:00:00,-8.12157346058418,0.0,10.823922643316074,0.0,10.409181805743579,0.0,-5.80271382345007,0.0,0
2030-10-06 16:00:00,-82.28038178969429,0.0,65.22475562084242,0.0,62.72553508240297,0.0,-50.1374243398139,0.0,0
2030-10-06 18:00:00,-79.32139166781707,0.0,59.225407167708056,0.0,56.95606399298764,0.0,-48.95703537953926,0.0,0
2030-10-06 20:00:00,-88.42682009234798,0.0,63.57244504976882,0.0,61.13653618610382,0.0,-54.344562147650564,0.0,0
2030-10-06 22:00:00,-68.0014048899422,0.0,42.60016242588655,0.0,40.9678496657662,0.0,-42.99491635921673,0.0,0
2030-10-07 00:00:00,-58.63616723830332,0.0,36.04614995351403,0.0,34.66496764875879,0.0,-37.25559970817738,0.0,0
2030-10-07 02:00:00,-73.08000750863144,0.0,42.050599422836214,0.0,40.43934429844508,0.0,-46.21842611248529,0.0,0
2030-10-07 04:00:00,-102.49577259846902,0.0,69.87762702419484,0.0,67.20012215700191,0.0,-63.35407149778271,0.0,0
2030-10-07 06:00:00,-103.47193061017472,0.0,73.05739738619238,0.0,70.2580530836411,0.0,-64.26680881811801,0.0,0
2030-10-07 08:00:00,-88.02910691125038,0.0,59.310043811600025,0.0,57.03745760995352,0.0,-54.389536373199014,0.0,0
2030-10-07 10:00:00,-113.12014308677382,0.0,74.76180206036862,0.0,71.89714999043716,0.0,-69.79934050723276,0.0,0
2030-10-07 12:00:00,-122.17070517129824,1.1707051712982377,96.64793699219484,0.0,92.94467268971422,0.0,-73.46479387489238,0.0,1
2030-10-07 14:00:00,-158.25796728930328,37.25796728930328,141.87412381299157,16.87412381299157,136.4379252296238,11.4379252296238,-91.9704134413036,0.0,3
2030-10-07 16:00:00,-108.86789976935202,0.0,97.8386862122851,0.0,94.08979590663037,0.0,-63.7967321076229,0.0,0
2030-10-07 18:00:00,-127.48701202857188,6.487012028571883,99.63310020560758,0.0,95.81545324055428,0.0,-76.27524204675056,0.0,1
2030-10-07 20:00:00,-101.84076074235874,0.0,75.18316423377823,0.0,72.30236680633824,0.0,-61.78512403982088,0.0,0
2030-10-07 22:00:00,-80.73225834337926,0.0,63.052139740643455,0.0,60.63616744404489,0.0,-48.91248260893761,0.0,0
2030-10-08 00:00:00,-25.372949634135978,0.0,17.52955158174067,0.0,16.857870792357645,0.0,-16.503443680632696,0.0,0
2030-10-08 02:00:00,-61.68272307284168,0.0,42.18135253015881,0.0,40.56508733178316,0.0,-37.89197282503434,0.0,0
2030-10-08 04:00:00,-58.93003653873123,0.0,38.85037261313532,0.0,37.36174075493106,0.0,-36.60894669451802,0.0,0
2030-10-08 06:00:00,-91.83254119968602,0.0,77.08831823951991,0.0,74.13452092155185,0.0,-54.241899408547496,0.0,0
2030-10-08 08:00:00,-102.77226475911868,0.0,80.72571667826217,0.0,77.6325449648204,0.0,-60.915244372233325,0.0,0
2030-10-08 10:00:00,-89.25573215561106,0.0,70.20422850517826,0.0,67.51420923112565,0.0,-53.01142015277693,0.0,0
2030-10-08 12:00:00,-94.39860501438706,0.0,68.67827410541256,0.0,66.04672490978831,0.0,-56.99545071103017,0.0,0
2030-10-08 14:00:00,-53.12749071317906,0.0,34.524016868315705,0.0,33.20115822046905,0.0,-32.649572207030744,0.0,0
2030-10-08 16:00:00,-58.45337924529214,0.0,38.38471045379873,0.0,36.91392139809352,0.0,-36.48794835394412,0.0,0
2030-10-08 18:00:00,-43.812609495748845,0.0,9.688750504419819,0.0,9.317506119952979,0.0,-29.359907525310124,0.0,0
2030-10-08 20:00:00,-78.38632631449882,0.0,50.388204097609915,0.0,48.45747651761142,0.0,-48.18569774127442,0.0,0
2030-10-08 22:00:00,-78.35399323200397,0.0,55.99028843512575,0.0,53.8449054823149,0.0,-47.23049507954146,0.0,0
2030-10-09 00:00:00,-46.62870527829644,0.0,30.906524389212613,0.0,29.722277399092555,0.0,-28.606776514371983,0.0,0
2030-10-09 02:00:00,-42.01251826148553,0.0,21.096909696025,0.0,20.288538250121732,0.0,-26.339272290237485,0.0,0
2030-10-09 04:00:00,-44.732894856068235,0.0,21.482976212087785,0.0,20.659811834314333,0.0,-28.053328224374486,0.0,0
2030-10-09 06:00:00,-59.591274093134444,0.0,25.621910609015345,0.0,24.640154454950903,0.0,-37.760398329660894,0.0,0
2030-10-09 08:00:00,-40.985080717439665,0.0,7.284643634243546,0.0,7.005517544576831,0.0,-27.56505805907447,0.0,0
2030-10-09 10:00:00,-56.6579100629782,0.0,23.41392043224006,0.0,22.516767958878518,0.0,-35.882459501704744,0.0,0
2030-10-09 12:00:00,-75.11926006893536,0.0,42.565296668461194,0.0,40.9343198614804,0.0,-46.590879196821135,0.0,0
2030-10-09 14:00:00,-111.48572388898515,0.0,69.47201039914701,0.0,66.81004756642271,0.0,-68.02854816624969,0.0,0
2030-10-09 16:00:00,-112.22388167285567,0.0,71.16706951470137,0.0,68.44015700887897,0.0,-68.80952151325364,0.0,0
2030-10-09 18:00:00,-119.63786710499473,0.0,64.35853457310006,0.0,61.89250507405577,0.0,-74.23398388562165,0.0,0
2030-10-09 20:00:00,-117.8131380406781,0.0,62.03256961517033,0.0,59.655664242988806,0.0,-73.48227015493518,0.0,0
2030-10-09 22:00:00,-129.01759781179135,8.017597811791347,79.3238793162385,0.0,76.28442188188232,0.0,-79.00003672214635,0.0,1
2030-10-10 00:00:00,-113.81764160596975,0.0,69.89725388289834,0.0,67.21899697228396,0.0,-69.95223081605616,0.0,0
2030-10-10 02:00:00,-44.647242676860095,0.0,26.301835373675885,0.0,25.294026505113237,0.0,-27.88268649760201,0.0,0
2030-10-10 04:00:00,-62.44636001091497,0.0,38.40809521240543,0.0,36.93641012162209,0.0,-38.241608793532144,0.0,0
2030-10-10 06:00:00,-56.02302912891014,0.0,18.16443741221228,0.0,17.468429667642205,0.0,-36.26458624133943,0.0,0
2030-10-10 08:00:00,-7.685185547473089,0.0,-18.682635007466594,0.0,-17.96677145721809,0.0,-7.779489167846796,0.0,0
2030-10-10 10:00:00,-120.28233647609395,0.0,74.69592580620504,0.0,71.83379792031744,0.0,-73.1340701264734,0.0,0
2030-10-10 12:00:00,-151.5134146328748,30.5134146328748,111.9806845836321,0.0,107.68991455075081,0.0,-89.6695818433471,0.0,1
2030-10-10 14:00:00,-154.7482715402311,33.74827154023109,118.80704437498405,0.0,114.25470833957935,0.0,-91.15813246832306,0.0,1
2030-10-10 16:00:00,-162.7315716485644,41.7315716485644,112.87313887648463,0.0,108.54817262351649,0.0,-98.16776197508699,0.0,1
2030-10-10 18:00:00,-162.2774195032705,41.277419503270494,99.78346850673375,0.0,95.96005987123921,0.0,-99.5777660755164,0.0,1
2030-10-10 20:00:00,-179.4160744882031,58.416074488203094,122.59964005659896,0.0,117.90198292445282,0.0,-108.56515112258508,0.0,1
2030-10-10 22:00:00,-117.3758337333966,0.0,67.27277449106847,0.0,64.695079901253,0.0,-72.2865738552225,0.0,0
2030-10-11 00:00:00,-148.08912490481276,27.089124904812763,106.81499495120842,0.0,102.72215893128998,0.0,-88.84647643957646,0.0,1
2030-10-11 02:00:00,-137.63587440379987,16.635874403799875,96.78421920202213,0.0,93.07573296663287,0.0,-82.50038322861336,0.0,1
2030-10-11 04:00:00,-83.8680528487672,0.0,50.50393822213768,0.0,48.56877605134204,0.0,-51.6146168543422,0.0,0
2030-10-11 06:00:00,-36.538933483708966,0.0,2.525308279320699,0.0,2.428545903478998,0.0,-25.18396682328608,0.0,0
2030-10-11 08:00:00,-30.693100875450497,0.0,3.0557539604120123,0.0,2.938666468315134,0.0,-20.85020202550983,0.0,0
2030-10-11 10:00:00,27.893038509254502,0.0,-30.252927339454022,0.0,-29.09372426333671,0.0,15.44845804987888,0.0,0
2030-10-11 12:00:00,-34.23646969291396,0.0,9.798902273847217,0.0,9.423437197989804,0.0,-22.489851221072062,0.0,0
2030-10-11 14:00:00,-21.61460284005949,0.0,6.046294117131883,0.0,5.814617933830851,0.0,-14.595880979751602,0.0,0
2030-10-11 16:00:00,-17.081989046249152,0.0,4.837288072212755,0.0,4.65193743984394,0.0,-11.441112459219536,0.0,0
2030-10-11 18:00:00,-13.877585139577826,0.0,-9.680714627475371,0.0,-9.309778154146105,0.0,-11.591163850284067,0.0,0
2030-10-11 20:00:00,-13.373965501534535,0.0,-7.546664632867947,0.0,-7.257498670226077,0.0,-10.9158187872351,0.0,0
2030-10-11 22:00:00,-18.31898783353472,0.0,-1.3161879753231176,0.0,-1.2657555284850925,0.0,-13.476256267123054,0.0,0
2030-10-12 00:00:00,-22.639241012417322,0.0,-2.2576911222482288,0.0,-2.171183047691753,0.0,-16.56359527487159,0.0,0
2030-10-12 02:00:00,-32.34102933010915,0.0,13.457516458463752,0.0,12.94186406223415,0.0,-20.80025345546538,0.0,0
2030-10-12 04:00:00,-38.42962067765227,0.0,17.519072133375044,0.0,16.847792885589865,0.0,-24.504200986200583,0.0,0
2030-10-12 06:00:00,-47.750028486002364,0.0,18.91771267695121,0.0,18.192841642747986,0.0,-30.877680389467034,0.0,0
2030-10-12 08:00:00,-61.674182073764214,0.0,33.746339385342,0.0,32.4532790482628,0.0,-38.20469208074976,0.0,0
2030-10-12 10:00:00,-48.703478031958625,0.0,14.830758133988905,0.0,14.262487161161395,0.0,-31.615372343105513,0.0,0
2030-10-12 12:00:00,-1.8658668676370864,0.0,-9.857065144828338,0.0,-9.479371439053509,0.0,-2.627316929542136,0.0,0
2030-10-12 14:00:00,-50.90506282554385,0.0,32.3547098801706,0.0,31.114972687166322,0.0,-31.252272135078336,0.0,0
2030-10-12 16:00:00,-39.12501941915643,0.0,17.1227263230329,0.0,16.466633879400597,0.0,-25.398110367605227,0.0,0
2030-10-12 18:00:00,-51.26335089711297,0.0,19.148906263610378,0.0,18.41517657206711,0.0,-33.254810185340155,0.0,0
2030-10-12 20:00:00,-48.38423500229946,0.0,15.095496770573149,0.0,14.517081792887804,0.0,-31.628856247320147,0.0,0
2030-10-12 22:00:00,-107.25577479517784,0.0,86.10385648888297,0.0,82.80461029734812,0.0,-62.69259272968013,0.0,0
2030-10-13 00:00:00,-97.48412584434944,0.0,80.81952461828465,0.0,77.72275846085982,0.0,-56.46790113248488,0.0,0
2030-10-13 02:00:00,-115.67946407764937,0.0,105.24434553535792,0.0,101.21169217525048,0.0,-66.06595386451522,0.0,0
2030-10-13 04:00:00,-120.30886715171572,0.0,109.84660167481836,0.0,105.6376034137999,0.0,-68.42233294547482,0.0,0
2030-10-13 06:00:00,-120.28878408814762,0.0,112.8862281922285,0.0,108.56076039523117,0.0,-67.9389381262157,0.0,0
2030-10-13 08:00:00,-109.88707171326111,0.0,97.11950646002886,0.0,93.39817300438548,0.0,-62.75977118993943,0.0,0
2030-10-13 10:00:00,-114.22476648114483,0.0,101.94774474743313,0.0,98.04140742052178,0.0,-65.23708981870315,0.0,0
2030-10-13 12:00:00,-71.89039823836305,0.0,80.01665318371101,0.0,76.95065069507893,0.0,-39.25203263663233,0.0,0
2030-10-13 14:00:00,-112.28922718448823,0.0,97.5084855739216,0.0,93.77224758423709,0.0,-64.89599815855455,0.0,0
2030-10-13 16:00:00,-118.11975855676624,0.0,101.11802646715336,0.0,97.24348150109427,0.0,-68.29307063491437,0.0,0
2030-10-13 18:00:00,-137.78941355577376,16.789413555773763,126.50949756492587,1.5094975649258657,121.66202620819325,0.0,-79.07177504020822,0.0,2
2030-10-13 20:00:00,-123.37981410756504,2.379814107565039,112.72749266808717,0.0,108.40810714887428,0.0,-70.6986638250321,0.0,1
2030-10-13 22:00:00,-126.21442929734441,5.2144292973444095,116.97753829794601,0.0,112.49530354723595,0.0,-72.10493088272649,0.0,1
2030-10-14 00:00:00,-120.21290452602474,0.0,104.91855536979169,0.0,100.89838532932632,0.0,-69.66986049612943,0.0,0
2030-10-14 02:00:00,-131.19078552489862,10.190785524898615,124.24675806173062,0.0,119.48598821864408,0.0,-74.46852145871252,0.0,1
2030-10-14 04:00:00,-133.4919001732845,12.491900173284506,131.0393701291868,6.039370129186807,126.01832739696417,1.0183273969641675,-75.1714809152367,0.0,3
2030-10-14 06:00:00,-129.5183413719773,8.5183413719773,124.69148078546637,0.0,119.91367047738314,0.0,-73.28623172413621,0.0,1
2030-10-14 08:00:00,-80.90095287731225,0.0,83.76850327784803,0.0,80.55874094338506,0.0,-44.78460730331145,0.0,0
2030-10-14 10:00:00,-121.41477257014924,0.4147725701492391,117.99813226876651,0.0,113.47679136290098,0.0,-68.50462549532976,0.0,1
2030-10-14 12:00:00,-118.77936204085097,0.0,116.59144985237025,0.0,112.12400887380464,0.0,-66.89612426809913,0.0,0
2030-10-14 14:00:00,-118.57873265646694,0.0,112.86142840221389,0.0,108.53691086013075,0.0,-67.15194157230484,0.0,0
2030-10-14 16:00:00,-121.30184514397449,0.30184514397448936,115.92037269182569,0.0,111.47864541362662,0.0,-68.7360154615228,0.0,1
2030-10-14 18:00:00,-140.1784776369256,19.178477636925606,132.6075829220327,7.607582922032691,127.52645089421618,2.5264508942161825,-79.9791256548006,0.0,3
2030-10-14 20:00:00,-125.30806203665516,4.3080620366551585,116.41400189363176,0.0,111.95336019823344,0.0,-71.37194591189372,0.0,1
2030-10-14 22:00:00,-128.12861763758454,7.12861763758454,122.87498801337253,0.0,118.16678035846499,0.0,-72.63096823796407,0.0,1
2030-10-15 00:00:00,-127.24201033235607,6.242010332356074,118.85045246660937,0.0,114.29645316097685,0.0,-72.50024737128571,0.0,1
2030-10-15 02:00:00,-128.60968714304798,7.609687143047978,112.4373277063176,0.0,108.12906045385932,0.0,-75.16490729971505,0.0,1
2030-10-15 04:00:00,-128.1442419205668,7.144241920566799,112.87516213626618,0.0,108.55011835794197,0.0,-74.31999123907649,0.0,1
2030-10-15 06:00:00,-106.94149992927096,0.0,80.08363031401316,0.0,77.01506145900592,0.0,-64.00227013147745,0.0,0
2030-10-15 08:00:00,-91.07693783290246,0.0,68.39768167717192,0.0,65.77688395700987,0.0,-54.86336718574859,0.0,0
2030-10-15 10:00:00,-55.01253978034691,0.0,43.8801740502667,0.0,42.19881501453149,0.0,-33.289198465340725,0.0,0
2030-10-15 12:00:00,-93.74418934887998,0.0,78.72203428035384,0.0,75.70563777524652,0.0,-55.61152982763809,0.0,0
2030-10-15 14:00:00,-48.55516747447339,0.0,29.986730553150196,0.0,28.837727353893616,0.0,-30.350871485991146,0.0,0
2030-10-15 16:00:00,-57.5506892526737,0.0,41.9266017796507,0.0,40.3200978797544,0.0,-35.3267471970366,0.0,0
2030-10-15 18:00:00,-95.04520925373552,0.0,67.20783390203283,0.0,64.63262764432929,0.0,-58.05899153147288,0.0,0
2030-10-15 20:00:00,-78.0515801302734,0.0,61.3480617955561,0.0,58.9973847470413,0.0,-47.12212426055791,0.0,0
2030-10-15 22:00:00,-42.263119504324024,0.0,29.03200669648445,0.0,27.919585703606362,0.0,-26.669263414968093,0.0,0
2030-10-16 00:00:00,-61.34264755768035,0.0,40.882606395992546,0.0,39.31610532447081,0.0,-38.826067402245016,0.0,0
2030-10-16 02:00:00,-59.5270437706802,0.0,49.21885387297863,0.0,47.332932349671445,0.0,-36.080004149062184,0.0,0
2030-10-16 04:00:00,-82.55144230650687,0.0,72.28900679166125,0.0,69.51910495366383,0.0,-49.38236715101364,0.0,0
2030-10-16 06:00:00,-66.53220120045617,0.0,56.02476958146953,0.0,53.8780654126832,0.0,-40.53579486045287,0.0,0
2030-10-16 08:00:00,-26.25406741481919,0.0,0.9549616574361854,0.0,0.9183703392323821,0.0,-19.416832711119543,0.0,0
2030-10-16 10:00:00,8.156909770391046,0.0,2.52804840446939,0.0,2.4311810351021195,0.0,4.466617304875129,0.0,0
2030-10-16 12:00:00,-25.816801967313182,0.0,12.660431983360757,0.0,12.17532151668052,0.0,-17.372154381862114,0.0,0
2030-10-16 14:00:00,-16.462407034874115,0.0,-8.12460231876558,0.0,-7.81329148611564,0.0,-13.701514075613046,0.0,0
2030-10-16 16:00:00,-17.922426606601476,0.0,0.3151396245972018,0.0,0.3030644023174274,0.0,-13.4382432534198,0.0,0
2030-10-16 18:00:00,-12.946374228285656,0.0,-15.579715829181614,0.0,-14.982747003270013,0.0,-12.318015955609779,0.0,0
2030-10-16 20:00:00,-15.153595703845689,0.0,-5.583380332308984,0.0,-5.369441641889927,0.0,-12.116032334149077,0.0,0
2030-10-16 22:00:00,-14.773336604976745,0.0,-0.18545945056022983,0.0,-0.17835319062144306,0.0,-10.941822749201405,0.0,0
2030-10-17 00:00:00,25.508365035063186,0.0,-36.01319665806791,0.0,-34.633277026541734,0.0,11.469882077886318,0.0,0
2030-10-17 02:00:00,-17.836940225472517,0.0,4.402264649447772,0.0,4.233582833428371,0.0,-12.084459349206824,0.0,0
2030-10-17 04:00:00,-21.74056490293512,0.0,9.237593975111348,0.0,8.883636580122268,0.0,-14.442923659632806,0.0,0
2030-10-17 06:00:00,-13.529854080889246,0.0,-6.233929241241207,0.0,-5.995063432598629,0.0,-10.781023636854119,0.0,0
2030-10-17 08:00:00,-13.75013867321563,0.0,-7.3010132200033215,0.0,-7.02125989602118,0.0,-11.285806679425118,0.0,0
2030-10-17 10:00:00,36.78565309011597,0.0,-40.585335464688455,0.0,-39.03022493974544,0.0,19.236294823685565,0.0,0
2030-10-17 12:00:00,37.10389626660022,0.0,-31.106394029296517,0.0,-29.9144886232153,0.0,21.15237832527947,0.0,0
2030-10-17 14:00:00,28.011071553108643,0.0,-29.923102878969786,0.0,-28.776537704794364,0.0,14.663637186965575,0.0,0
2030-10-17 16:00:00,-13.883883729669682,0.0,-9.89619277992301,0.0,-9.516999818408255,0.0,-11.702405494044521,0.0,0
2030-10-17 18:00:00,-9.218538943777485,0.0,-15.254794890830121,0.0,-14.670276078333988,0.0,-9.264261990700241,0.0,0
2030-10-17 20:00:00,-18.401778723509455,0.0,-6.980928638063574,0.0,-6.713440012562987,0.0,-14.65004947081909,0.0,0
2030-10-17 22:00:00,-13.024081297147147,0.0,-5.788044721323284,0.0,-5.566263894285363,0.0,-10.595523879174651,0.0,0
2030-10-18 00:00:00,-20.862921111057357,0.0,1.8397451509596552,0.0,1.7692515351077605,0.0,-14.727776377250086,0.0,0
2030-10-18 02:00:00,-34.739513955210846,0.0,24.151772464935846,0.0,23.2263476747693,0.0,-21.69895228577887,0.0,0
2030-10-18 04:00:00,-23.078787282667438,0.0,4.285950541098657,0.0,4.121725539148255,0.0,-15.949320931088511,0.0,0
2030-10-18 06:00:00,-26.24499768151887,0.0,11.51328543040749,0.0,11.072130241113122,0.0,-17.439089038181272,0.0,0
2030-10-18 08:00:00,-28.170087959331,0.0,5.674762076983523,0.0,5.457321907241884,0.0,-19.86430964965039,0.0,0
2030-10-18 10:00:00,-18.142044543043923,0.0,-1.2981981016234192,0.0,-1.2484549737625255,0.0,-13.749224676239951,0.0,0
2030-10-18 12:00:00,-16.44621704570686,0.0,-6.074758972409507,0.0,-5.8419920996875465,0.0,-13.362664125389214,0.0,0
2030-10-18 14:00:00,-37.57924108797256,0.0,20.459696268339428,0.0,19.675740964293457,0.0,-24.440541149094123,0.0,0
2030-10-18 16:00:00,-52.02522732107886,0.0,34.00072652748072,0.0,32.697918824324056,0.0,-33.031267081003044,0.0,0
2030-10-18 18:00:00,-109.53418033056201,0.0,84.27521087636502,0.0,81.04603299905892,0.0,-66.28456150117941,0.0,0
2030-10-18 20:00:00,-90.59033118502091,0.0,79.77799683967544,0.0,76.7211389592672,0.0,-53.45691823063213,0.0,0
2030-10-18 22:00:00,-92.57738642603078,0.0,77.03313115757413,0.0,74.08144844605178,0.0,-54.71279309826512,0.0,0
2030-10-19 00:00:00,-140.5104276155064,19.510427615506387,119.2644627616105,0.0,114.69459980079766,0.0,-82.91751375939056,0.0,1
2030-10-19 02:00:00,-99.54479179528552,0.0,80.64704852470149,0.0,77.5568911432141,0.0,-59.296078771391095,0.0,0
2030-10-19 04:00:00,-133.9039275396576,12.903927539657587,119.67168308062561,0.0,115.08621663651456,0.0,-78.23870224607107,0.0,1
2030-10-19 06:00:00,-158.62357303462485,37.623573034624854,137.19189240542312,12.191892405423118,131.93510313970074,6.935103139700743,-92.94762045171547,0.0,3
2030-10-19 08:00:00,-170.6414713337849,49.64147133378489,139.39933597942007,14.399335979420073,134.05796397720349,9.057963977203485,-101.08050774976402,0.0,3
2030-10-19 10:00:00,-151.6899436138392,30.689943613839205,129.43312365692958,4.433123656929581,124.47362755888051,0.0,-88.64625601622546,0.0,2
2030-10-19 12:00:00,-78.68276685995725,0.0,68.66561473951305,0.0,66.03455061350621,0.0,-46.04846730193662,0.0,0
2030-10-19 14:00:00,-177.0744684494839,56.0744684494839,158.3878148722912,33.38781487229119,152.3188602828948,27.318860282894804,-102.37983985816301,0.0,3
2030-10-19 16:00:00,-168.81843442557107,47.81843442557107,154.60525609333422,29.60525609333422,148.68123801612927,23.68123801612927,-97.24011079444915,0.0,3
2030-10-19 18:00:00,-177.28854722231662,56.28854722231662,146.4433318169483,21.4433318169483,140.8320546398902,15.832054639890202,-104.5937835504828,0.0,3
2030-10-19 20:00:00,-191.1179159467162,70.11791594671621,159.11773484707248,34.117734847072484,153.02081187396925,28.02081187396925,-112.66299217743595,0.0,3
2030-10-19 22:00:00,-182.02501543744938,61.02501543744938,131.7748873063647,6.77488730636469,126.7256617221238,1.725661722123803,-109.75062409405467,0.0,3
2030-10-20 00:00:00,-170.99735820376935,49.99735820376935,121.3231146549625,0.0,116.67437021664323,0.0,-103.16662581243871,0.0,1
2030-10-20 02:00:00,-173.00295240231466,52.00295240231466,111.26447272647202,0.0,107.00114582260285,0.0,-105.50747194907564,0.0,1
2030-10-20 04:00:00,-117.15571421281271,0.0,75.54558931507911,0.0,72.65090482592137,0.0,-72.00343406421374,0.0,0
2030-10-20 06:00:00,-74.17614568738665,0.0,42.48422962102349,0.0,40.856359064545586,0.0,-46.48911718174093,0.0,0
2030-10-20 08:00:00,-69.56374895375293,0.0,37.73422759921461,0.0,36.288363130724896,0.0,-43.598518446813976,0.0,0
2030-10-20 10:00:00,-102.25245145270522,0.0,63.192825040255954,0.0,60.771462097316046,0.0,-62.8408913873213,0.0,0
2030-10-20 12:00:00,-52.946992466503644,0.0,29.62202832895641,0.0,28.4869994448266,0.0,-33.01085864827611,0.0,0
2030-10-20 14:00:00,-117.67612865070731,0.0,73.4615545412288,0.0,70.64672412680159,0.0,-72.64795531081784,0.0,0
2030-10-20 16:00:00,-103.39684840892795,0.0,66.8228080500979,0.0,64.26235484908004,0.0,-63.21400064414146,0.0,0
2030-10-20 18:00:00,-173.32704216878133,52.32704216878133,108.31292858575446,0.0,104.16269616060542,0.0,-106.36075845763982,0.0,1
2030-10-20 20:00:00,-174.0721181824328,53.0721181824328,121.37909566817268,0.0,116.72820620229999,0.0,-105.60281257519397,0.0,1
2030-10-20 22:00:00,-186.55978970576902,65.55978970576902,148.8648756629879,23.864875662987913,143.1608120575693,18.160812057569302,-111.4205888884008,0.0,3
2030-10-21 00:00:00,-185.7231623958652,64.72316239586519,145.16437200364427,20.164372003644274,139.60210079989838,14.60210079989838,-110.69901704264191,0.0,3
2030-10-21 02:00:00,-184.62018573445633,63.62018573445633,144.06101197633046,19.061011976330462,138.5410182792662,13.541018279266211,-110.20535811403175,0.0,3
2030-10-21 04:00:00,-179.40021506668873,58.40021506668873,133.20622660121484,8.206226601214837,128.10215631071,3.1021563107100008,-108.52897174184213,0.0,3
2030-10-21 06:00:00,-213.69928825371662,92.69928825371662,168.55569249340078,43.555692493400784,162.09713477952909,37.097134779529085,-128.28386572319494,7.2838657231949355,4
2030-10-21 08:00:00,-215.1860606382137,94.18606063821369,173.58800426080478,48.58800426080478,166.93662318093936,41.936623180939364,-128.03579640547355,7.035796405473548,4
2030-10-21 10:00:00,-186.59017976913327,65.59017976913327,154.47296756503914,29.47296756503914,148.55401839462814,23.554018394628145,-110.44651955316984,0.0,3
2030-10-21 12:00:00,-182.53593404344963,61.53593404344963,148.4971129633284,23.49711296332839,142.80714094144287,17.807140941442867,-108.3233176344302,0.0,3
2030-10-21 14:00:00,-200.51858440400287,79.51858440400287,154.9738873453126,29.97388734531259,149.03574440420738,24.035744404207378,-119.74467085296345,0.0,3
2030-10-21 16:00:00,-209.82005301810466,88.82005301810466,169.08555062938655,44.085550629386546,162.60669031225785,37.606690312257854,-125.62218664954976,4.622186649549761,4
2030-10-21 18:00:00,-219.46702219489185,98.46702219489185,175.9699450695406,50.969945069540586,169.22729503306704,44.22729503306704,-131.06300222740737,10.063002227407367,4
2030-10-21 20:00:00,-189.07503309843622,68.07503309843622,140.89594880450298,15.895948804502979,135.49723100658446,10.497231006584457,-114.7812512977399,0.0,3
2030-10-21 22:00:00,-186.8904020537234,65.89040205372339,144.27595155300932,19.27595155300932,138.7477220043967,13.747722004396707,-112.54689483167627,0.0,3
2030-10-22 00:00:00,-158.1971020178886,37.1971020178886,135.0124873433461,10.012487343346095,129.839206460919,4.8392064609190015,-93.71671054764191,0.0,3
2030-10-22 02:00:00,-121.67158679176835,0.6715867917683482,93.81017869398174,0.0,90.21564893185331,0.0,-73.92642517533051,0.0,1
2030-10-22 04:00:00,-150.84796459625568,29.84796459625568,127.69130408672996,2.691304086729957,122.79854938468412,0.0,-89.58703066426732,0.0,2
2030-10-22 06:00:00,-118.07539281367417,0.0,93.1553422539778,0.0,89.58590389563614,0.0,-70.5885733895976,0.0,0
2030-10-22 08:00:00,-110.0578885581385,0.0,92.01222820089711,0.0,88.4865906064226,0.0,-65.40025651047839,0.0,0
2030-10-22 10:00:00,-87.10137404805599,0.0,76.95014754550766,0.0,74.0016445216002,0.0,-51.56589287478211,0.0,0
2030-10-22 12:00:00,-113.8294873810064,0.0,104.87435835815683,0.0,100.85588181701041,0.0,-65.69498149788922,0.0,0
2030-10-22 14:00:00,-76.11995751050266,0.0,57.32906821048526,0.0,55.13238715959526,0.0,-46.271545994435684,0.0,0
2030-10-22 16:00:00,-94.90768543923329,0.0,59.835014785348264,0.0,57.542313242108165,0.0,-58.50474699408677,0.0,0
2030-10-22 18:00:00,-117.0941001986372,0.0,72.55619398759143,0.0,69.7760543231534,0.0,-72.51499813483547,0.0,0
2030-10-22 20:00:00,-72.38626672179564,0.0,28.987324383927753,0.0,27.876615485670538,0.0,-47.17533680998498,0.0,0
2030-10-22 22:00:00,-75.56756925129535,0.0,38.105086833880655,0.0,36.64501213175607,0.0,-47.91159570423976,0.0,0
2030-10-23 00:00:00,-104.26331006887727,0.0,67.54012173902402,0.0,64.95218319004576,0.0,-64.80736627446664,0.0,0
2030-10-23 02:00:00,-89.1278796281261,0.0,66.42727016311423,0.0,63.881972809005525,0.0,-55.01020414800478,0.0,0
2030-10-23 04:00:00,-80.74789350471332,0.0,61.8512222721061,0.0,59.48126559601481,0.0,-49.752618992128966,0.0,0
2030-10-23 06:00:00,-46.88868447098885,0.0,27.82916935655105,0.0,26.762837547998423,0.0,-30.11038735965107,0.0,0
2030-10-23 08:00:00,-50.25862379992948,0.0,33.41867463899256,0.0,32.13816944997017,0.0,-31.656151070928225,0.0,0
2030-10-23 10:00:00,-37.276077024525975,0.0,22.703479681027034,0.0,21.83354920489468,0.0,-24.039947951856192,0.0,0
2030-10-23 12:00:00,-49.30888169280193,0.0,32.81686599762172,0.0,31.559420343317655,0.0,-31.670263033378813,0.0,0
2030-10-23 14:00:00,7.905896255031513,0.0,-12.987215350419817,0.0,-12.489583507541086,0.0,1.954573768182406,0.0,0
2030-10-23 16:00:00,-40.31737706488719,0.0,20.783050345936985,0.0,19.986705065964998,0.0,-26.903381379913938,0.0,0
2030-10-23 18:00:00,-44.537577825311274,0.0,19.85937132077683,0.0,19.098418700671814,0.0,-29.99981363383036,0.0,0
2030-10-23 20:00:00,-77.28779428033326,0.0,56.54756646770149,0.0,54.38083026195196,0.0,-48.637536415300964,0.0,0
2030-10-23 22:00:00,-105.28714801094497,0.0,76.42085044211947,0.0,73.49262852435245,0.0,-65.04268856906458,0.0,0
2030-10-24 00:00:00,-112.94017685608888,0.0,83.82463387468687,0.0,80.61272078106633,0.0,-69.25925715070436,0.0,0
2030-10-24 02:00:00,-140.47345474010064,19.473454740100635,112.46783316658389,0.0,108.15839703473142,0.0,-84.68576236074848,0.0,1
2030-10-24 04:00:00,-140.95581288677397,19.95581288677397,114.0218000320433,0.0,109.65282046657813,0.0,-84.7116232071295,0.0,1
2030-10-24 06:00:00,-120.19207972609036,0.0,88.30727054868376,0.0,84.92359601977105,0.0,-73.90998465334651,0.0,0
2030-10-24 08:00:00,-119.86860132050583,0.0,87.57983098571677,0.0,84.22402979843542,0.0,-73.67832869591483,0.0,0
2030-10-24 10:00:00,-102.57439253180198,0.0,76.04853082795557,0.0,73.1345751012646,0.0,-63.04171891797703,0.0,0
2030-10-24 12:00:00,-57.91696881588076,0.0,33.79859035376461,0.0,32.50352791346273,0.0,-37.08950449225067,0.0,0
2030-10-24 14:00:00,-59.1713958383193,0.0,36.144078536330255,0.0,34.759143896696315,0.0,-37.31709974243244,0.0,0
2030-10-24 16:00:00,-47.864723089105425,0.0,23.875074176368244,0.0,22.96025164970067,0.0,-30.937691541439886,0.0,0
2030-10-24 18:00:00,-29.360761661487295,0.0,0.30281548649848844,0.0,0.2912124888941179,0.0,-20.916936323175168,0.0,0
2030-10-24 20:00:00,-26.512948755363738,0.0,-0.4063877734137922,0.0,-0.3908161908111438,0.0,-19.17861039856412,0.0,0
2030-10-24 22:00:00,-24.446555244309472,0.0,-3.7906955990452404,0.0,-3.6454473078721383,0.0,-18.313505285160044,0.0,0
2030-10-25 00:00:00,-19.739260344372994,0.0,-5.166362763482112,0.0,-4.968402958119516,0.0,-15.228924619553055,0.0,0
2030-10-25 02:00:00,-27.38323906335355,0.0,3.6200097751192457,0.0,3.481301662022992,0.0,-19.277427062650258,0.0,0
2030-10-25 04:00:00,-33.72218198945219,0.0,11.778249425910127,0.0,11.32694159666791,0.0,-22.43907847144767,0.0,0
2030-10-25 06:00:00,-39.2248527363388,0.0,15.726444743769884,0.0,15.123853697990583,0.0,-25.722534620705453,0.0,0
2030-10-25 08:00:00,-75.00197900461059,0.0,37.36443715024375,0.0,35.932741962668615,0.0,-47.54549832356455,0.0,0
2030-10-25 10:00:00,-9.86020514326098,0.0,0.40080584768276895,0.0,0.385448148034659,0.0,-7.352055167319681,0.0,0
2030-10-25 12:00:00,-44.09970812257498,0.0,22.096070490163243,0.0,21.24941414531111,0.0,-27.652044999602037,0.0,0
2030-10-25 14:00:00,3.3258183506215246,0.0,-5.185551798867516,0.0,-4.986856726183623,0.0,1.4596819441122464,0.0,0
2030-10-25 16:00:00,4.945997016316127,0.0,-9.167804961391482,0.0,-8.816521675868495,0.0,1.3572064328258036,0.0,0
2030-10-25 18:00:00,-69.16324762975701,0.0,35.50291980509194,0.0,34.142552479727904,0.0,-43.723842361702815,0.0,0
2030-10-25 20:00:00,-43.86711837092119,0.0,28.719340388529073,0.0,27.61889984772137,0.0,-27.662711361331684,0.0,0
2030-10-25 22:00:00,-45.3555721151778,0.0,34.10136369197933,0.0,32.794699869071046,0.0,-27.743697816036317,0.0,0
2030-10-26 00:00:00,-38.62939451161458,0.0,43.15956346218875,0.0,41.50581610187966,0.0,-22.150201430594503,0.0,0
2030-10-26 02:00:00,-39.64673166287368,0.0,48.06775282370643,0.0,46.22593810243747,0.0,-22.452140860600608,0.0,0
2030-10-26 04:00:00,-32.733042266237966,0.0,36.23767014873268,0.0,34.84914935415326,0.0,-19.10479360546568,0.0,0
2030-10-26 06:00:00,-60.726614393239615,0.0,68.09028735399113,0.0,65.48126807896973,0.0,-34.33796649894984,0.0,0
2030-10-26 08:00:00,-30.188729768794282,0.0,43.297299229679055,0.0,41.63827424041257,0.0,-16.50386255803626,0.0,0
2030-10-26 10:00:00,-70.8749977228679,0.0,86.83974140912142,0.0,83.5122982747375,0.0,-39.04399865669664,0.0,0
2030-10-26 12:00:00,-7.167061572713742,0.0,22.635006459717367,0.0,21.767699675761357,0.0,-2.78934731893555,0.0,0
2030-10-26 14:00:00,-13.206814238512973,0.0,25.637297520722218,0.0,24.65495178551798,0.0,-6.761834291302966,0.0,0
2030-10-26 16:00:00,-46.60842636339332,0.0,53.12791469934076,0.0,51.0922094779536,0.0,-26.69428284729084,0.0,0
2030-10-26 18:00:00,-40.41080295183862,0.0,20.150224029254225,0.0,19.37812678996668,0.0,-26.740867502183253,0.0,0
2030-10-26 20:00:00,-37.92388750968062,0.0,28.221452292010476,0.0,27.1400893567043,0.0,-24.03568720545531,0.0,0
2030-10-26 22:00:00,-66.825635557456,0.0,61.22000290330473,0.0,58.874232694387814,0.0,-39.627413387495544,0.0,0
2030-10-27 00:00:00,-72.23349439534323,0.0,69.16153647301161,0.0,66.51147008674296,0.0,-42.679948064066124,0.0,0
2030-10-27 02:00:00,-52.546136797663166,0.0,53.406471333394265,0.0,51.360092642182565,0.0,-31.16343054391638,0.0,0
2030-10-27 04:00:00,-67.09382170824239,0.0,69.42402470080438,0.0,66.76390053871496,0.0,-39.585459300187225,0.0,0
2030-10-27 06:00:00,-100.45989248971762,0.0,92.25957619133985,0.0,88.72446095034942,0.0,-59.77108621933348,0.0,0
2030-10-27 08:00:00,-60.443007710836696,0.0,70.13727667950207,0.0,67.44982280222601,0.0,-35.47694089321132,0.0,0
2030-10-27 10:00:00,-114.12503696448496,0.0,99.53554328523985,0.0,95.72163441405493,0.0,-67.74500568593174,0.0,0
2030-10-27 12:00:00,-49.74273393597937,0.0,52.85592927669815,0.0,50.830645735667744,0.0,-28.96389565665054,0.0,0
2030-10-27 14:00:00,-81.90018272732061,0.0,84.30883308578646,0.0,81.07836690443773,0.0,-46.84590614736083,0.0,0
2030-10-27 16:00:00,-70.52983185058469,0.0,63.57631526780638,0.0,61.140258108784565,0.0,-42.347255277516766,0.0,0
2030-10-27 18:00:00,-48.46171398580876,0.0,24.874146795700288,0.0,23.92104274868248,0.0,-32.14050943442669,0.0,0
2030-10-27 20:00:00,-50.96265536401744,0.0,30.104659482494313,0.0,28.95113759398416,0.0,-33.00842668191547,0.0,0
2030-10-27 22:00:00,-63.27459626361466,0.0,50.11120287833081,0.0,48.191089169243845,0.0,-39.02346766606538,0.0,0
2030-10-28 00:00:00,-46.3884876397923,0.0,30.154575522815225,0.0,28.999140998650194,0.0,-29.888898767471716,0.0,0
2030-10-28 02:00:00,-50.442283082964224,0.0,43.47840101695786,0.0,41.81243674057579,0.0,-31.184305628768865,0.0,0
2030-10-28 04:00:00,-47.55893084414967,0.0,33.6682157057775,0.0,32.3781488380131,0.0,-29.66619494718266,0.0,0
2030-10-28 06:00:00,-66.10725336349532,0.0,40.5242858091474,0.0,38.971514527204135,0.0,-41.71139059583134,0.0,0
2030-10-28 08:00:00,-14.887440073356494,0.0,6.73509572247697,0.0,6.477026690285866,0.0,-11.030284692448124,0.0,0
2030-10-28 10:00:00,-75.65480273710502,0.0,61.69044964327103,0.0,59.326653300816645,0.0,-46.13998876726772,0.0,0
2030-10-28 12:00:00,-69.63581776556315,0.0,58.34085782682743,0.0,56.10540797771543,0.0,-41.86784981743582,0.0,0
2030-10-28 14:00:00,-48.71555938522954,0.0,39.01813524948716,0.0,37.523075221144694,0.0,-29.2460851649546,0.0,0
2030-10-28 16:00:00,-31.65501127028429,0.0,27.72156274450499,0.0,26.65935410440757,0.0,-18.557620089116902,0.0,0
2030-10-28 18:00:00,-25.54863758451046,0.0,9.875987646095982,0.0,9.497568885802325,0.0,-17.255579102104956,0.0,0
2030-10-28 20:00:00,-29.672882003408496,0.0,9.08314658192885,0.0,8.735107156174934,0.0,-20.52030738998012,0.0,0
2030-10-28 22:00:00,-47.11209710774746,0.0,25.491576199237908,0.0,24.514814075901175,0.0,-30.89612675878006,0.0,0
2030-10-29 00:00:00,-107.68918006509152,0.0,86.82778880005061,0.0,83.50080365444394,0.0,-65.70732972255176,0.0,0
2030-10-29 02:00:00,-88.68833469345046,0.0,80.98129026538632,0.0,77.87832572478925,0.0,-54.07637085016503,0.0,0
2030-10-29 04:00:00,-107.35250246086369,0.0,94.67186068625152,0.0,91.04431380796555,0.0,-64.93942647915473,0.0,0
2030-10-29 06:00:00,-111.16060229511655,0.0,89.2876340646743,0.0,85.86639489315053,0.0,-68.11803116780625,0.0,0
2030-10-29 08:00:00,-97.98800451843887,0.0,68.92497029243708,0.0,66.28396842548432,0.0,-61.287601359347484,0.0,0
2030-10-29 10:00:00,-134.38128994989626,13.381289949896257,114.13206401173048,0.0,109.75885945530827,0.0,-80.25777902481587,0.0,1
2030-10-29 12:00:00,-137.0826707589386,16.082670758938605,127.87658326161086,2.876583261610861,122.97672920725932,0.0,-78.29879177508407,0.0,2
2030-10-29 14:00:00,-137.57758600897438,16.57758600897438,127.49157529354883,2.4915752935488342,122.60647361062564,0.0,-78.84014450076292,0.0,2
2030-10-29 16:00:00,-156.98906091353672,35.98906091353672,131.98488250637268,6.984882506372685,126.92761052453594,1.927610524535936,-93.30944431792918,0.0,3
2030-10-29 18:00:00,-141.9818000432461,20.981800043246096,122.55306106703972,0.0,117.85718870459124,0.0,-83.93771928681521,0.0,1
2030-10-29 20:00:00,-146.91222658467444,25.912226584674443,122.16059038837697,0.0,117.47975634644826,0.0,-87.85788073711377,0.0,1
2030-10-29 22:00:00,-143.03418394688327,22.034183946883275,135.79289877585515,10.79289877585515,130.5897148257663,5.589714825766293,-81.57972806105181,0.0,3
2030-10-30 00:00:00,-124.81646286952522,3.8164628695252247,117.28375160934846,0.0,112.78978366639075,0.0,-70.86159763209186,0.0,1
2030-10-30 02:00:00,-122.93805936683512,1.9380593668351196,114.02615835580062,0.0,109.65701179220503,0.0,-69.61453165628522,0.0,1
2030-10-30 04:00:00,-128.89117271226218,7.8911727122621755,124.26051471574627,0.0,119.49921775819342,0.0,-72.69428106321493,0.0,1
2030-10-30 06:00:00,-146.8968926008816,25.896892600881614,139.94691216223242,14.946912162232422,134.5845586533867,9.584558653386694,-83.5076086114106,0.0,3
2030-10-30 08:00:00,-149.66476451050434,28.66476451050434,139.31364206798764,14.313642067987644,133.9755536040753,8.975553604075287,-86.3702497461227,0.0,3
2030-10-30 10:00:00,-169.48508076865113,48.48508076865113,152.42728131027218,27.42728131027218,146.586716812283,21.586716812282987,-98.24234581991715,0.0,3
2030-10-30 12:00:00,-126.7429180755706,5.7429180755706,108.12959110350911,0.0,103.98638363072254,0.0,-73.5982597020002,0.0,1
2030-10-30 14:00:00,-137.18658818212134,16.18658818212134,118.3701279746316,0.0,113.83453328890207,0.0,-79.96356826303553,0.0,1
2030-10-30 16:00:00,-140.54145169004448,19.541451690044482,126.07805854628859,1.078058546288588,121.24711866209574,0.0,-81.62954365629506,0.0,2
2030-10-30 18:00:00,-181.9826248174803,60.982624817480314,161.87412352367159,36.874123523671585,155.6715838544702,30.671583854470214,-106.06835785900039,0.0,3
2030-10-30 20:00:00,-186.7840880316157,65.78408803161571,159.41895425792933,34.41895425792933,153.31048944413948,28.310489444139478,-110.03573132932621,0.0,3
2030-10-30 22:00:00,-189.99194889506725,68.99194889506725,168.55386181581443,43.55386181581443,162.09537424811623,37.09537424811623,-110.87183946698563,0.0,3
2030-10-31 00:00:00,-177.6149329507816,56.61493295078159,151.53911112502726,26.53911112502726,145.73257869273854,20.732578692738542,-104.92965345762951,0.0,3
2030-10-31 02:00:00,-176.6957537559799,55.695753755979894,148.5722276789411,23.57222767894109,142.87937748237783,17.879377482377834,-104.92157820489109,0.0,3
2030-10-31 04:00:00,-195.63076671858147,74.63076671858147,171.86391373461583,46.863913734615835,165.2785947260016,40.278594726001586,-114.60980111136317,0.0,3
2030-10-31 06:00:00,-192.46430489966767,71.46430489966767,167.51675162502744,42.51675162502744,161.09800306539097,36.09800306539097,-112.99007671984127,0.0,3
2030-10-31 08:00:00,-169.92222791081196,48.922227910811955,154.62784761798542,29.627847617985424,148.70296390009108,23.702963900091078,-98.87977706839334,0.0,3
2030-10-31 10:00:00,-176.8355786723886,55.83557867238861,162.12668941476244,37.12668941476244,155.91447216445994,30.914472164459937,-102.49318253698665,0.0,3
2030-10-31 12:00:00,-112.75374044370865,0.0,101.85592558438944,0.0,97.95310649738424,0.0,-66.78417514108943,0.0,0
2030-10-31 14:00:00,-140.26748448763172,19.26748448763172,126.88139798889196,1.8813979888919619,122.0196765032171,0.0,-82.01551538857971,0.0,2
2030-10-31 16:00:00,-109.53733147460756,0.0,100.21833074693095,0.0,96.37825947112847,0.0,-64.7730774179109,0.0,0
2030-10-31 18:00:00,-177.4129013804093,56.412901380409295,148.48247574857868,23.48247574857868,142.79306458165354,17.79306458165354,-105.75180979205238,0.0,3
2030-10-31 20:00:00,-162.40109397299517,41.40109397299517,141.3032856240856,16.30328562408559,135.8889598789104,10.888959878910413,-95.7632514298364,0.0,3
2030-10-31 22:00:00,-125.54491408787406,4.544914087874062,110.75263512396612,0.0,106.50892032958437,0.0,-74.61097044116396,0.0,1
2030-11-01 00:00:00,-146.01369399719056,25.013693997190558,134.6549149979876,9.65491499798759,129.49533523472894,4.495335234728941,-85.13846861901669,0.0,3
2030-11-01 02:00:00,-134.79113077042,13.791130770420011,128.30000268239937,3.3000026823993664,123.38392444287841,0.0,-78.25917926920948,0.0,2
2030-11-01 04:00:00,-146.40604117932753,25.40604117932753,137.124075328494,12.124075328494001,131.86988461342796,6.869884613427956,-84.38833752499524,0.0,3
2030-11-01 06:00:00,-147.02970113937445,26.029701139374453,138.3320804642043,13.332080464204296,133.03160255009885,8.031602550098853,-84.53523247563469,0.0,3
2030-11-01 08:00:00,-145.01525734489348,24.015257344893485,125.47279678426315,0.47279678426315286,120.66504874820185,0.0,-85.62211724994742,0.0,2
2030-11-01 10:00:00,-129.39482799847167,8.39482799847167,117.07163096540049,0.0,112.58579086079114,0.0,-75.80709479327258,0.0,1
2030-11-01 12:00:00,-132.22593043665677,11.225930436656768,121.89484116578902,0.0,117.2241898513974,0.0,-76.9898524779627,0.0,1
2030-11-01 14:00:00,-117.67897752075413,0.0,110.3630898070669,0.0,106.13430124195776,0.0,-67.11098427381037,0.0,0
2030-11-01 16:00:00,-124.7467822685601,3.7467822685600964,121.30394664645934,0.0,116.6559366697732,0.0,-71.1048260706505,0.0,1
2030-11-01 18:00:00,-110.81217607572407,0.0,85.20594591656797,0.0,81.9411050136793,0.0,-67.20683495802643,0.0,0
2030-11-01 20:00:00,-127.47774816537677,6.477748165376767,97.01884188246154,0.0,93.30136559695775,0.0,-76.75263835807166,0.0,1
2030-11-01 22:00:00,-115.39770594202503,0.0,92.25167278715907,0.0,88.71686038134013,0.0,-68.75138050781891,0.0,0
2030-11-02 00:00:00,-121.31706302894591,0.31706302894590976,97.28188119423287,0.0,93.55432601699331,0.0,-72.54402268776326,0.0,1
2030-11-02 02:00:00,-108.02699505070335,0.0,76.60037704075414,0.0,73.66527619246085,0.0,-65.84414891655429,0.0,0
2030-11-02 04:00:00,-106.47009107302316,0.0,79.23634852289022,0.0,76.20024501074349,0.0,-63.866896579082464,0.0,0
2030-11-02 06:00:00,-102.70701364275524,0.0,87.22586577785665,0.0,83.8836274948585,0.0,-60.23682307504304,0.0,0
2030-11-02 08:00:00,-75.23803968894322,0.0,60.08280784687447,0.0,57.780611603305346,0.0,-44.86506327911864,0.0,0
2030-11-02 10:00:00,-84.31637042042601,0.0,63.42417807524476,0.0,60.99395036537444,0.0,-49.97506154344189,0.0,0
2030-11-02 12:00:00,-79.53219535684269,0.0,60.62246263250948,0.0,58.29958840692126,0.0,-46.70900143825545,0.0,0
2030-11-02 14:00:00,-52.707997640406035,0.0,35.86568550556454,0.0,34.49141806695917,0.0,-31.315099603069566,0.0,0
2030-11-02 16:00:00,-91.00304102781752,0.0,62.2553186055558,0.0,59.86987814809274,0.0,-54.72254529652036,0.0,0
2030-11-02 18:00:00,-51.867207447020235,0.0,12.947536980189001,0.0,12.451425495598746,0.0,-34.01184764500288,0.0,0
2030-11-02 20:00:00,-102.61721463897914,0.0,71.6371220688822,0.0,68.89219853356077,0.0,-60.89853294228702,0.0,0
2030-11-02 22:00:00,-83.8012638914038,0.0,59.38415104757445,0.0,57.108725274902625,0.0,-49.24796746428738,0.0,0
2030-11-03 00:00:00,-82.81691682297446,0.0,57.44902760146947,0.0,55.24775006001573,0.0,-48.919096033072826,0.0,0
2030-11-03 02:00:00,-103.70567307860055,0.0,79.65673392475145,0.0,76.60452248210512,0.0,-60.53358055008003,0.0,0
2030-11-03 04:00:00,-102.5247357932453,0.0,79.37044622724082,0.0,76.32920448600174,0.0,-59.84498057960196,0.0,0
2030-11-03 06:00:00,-113.23879826214974,0.0,91.6707777814969,0.0,88.15822356146975,0.0,-65.62413566506791,0.0,0
2030-11-03 08:00:00,-141.268660554617,20.268660554616986,114.96652614574913,0.0,110.5613474579707,0.0,-82.63194717538346,0.0,1
2030-11-03 10:00:00,-127.47409875338651,6.474098753386514,107.39952876055617,0.0,103.28429512660563,0.0,-74.21313109195606,0.0,1
2030-11-03 12:00:00,-109.05173132570664,0.0,89.75596437736655,0.0,86.31678016756514,0.0,-63.075763801233734,0.0,0
2030-11-03 14:00:00,-117.7321317259762,0.0,94.3957511701347,0.0,90.77878399532122,0.0,-68.97391030212592,0.0,0
2030-11-03 16:00:00,-65.29471355672054,0.0,40.91672316620257,0.0,39.348914840525424,0.0,-39.40284748691569,0.0,0
2030-11-03 18:00:00,-94.0072836203725,0.0,58.90714636956166,0.0,56.649998011299004,0.0,-57.67811748676347,0.0,0
2030-11-03 20:00:00,-60.231604789708655,0.0,28.913322986636814,0.0,27.80544960397829,0.0,-38.505704270133975,0.0,0
2030-11-03 22:00:00,-43.208624199864,0.0,13.320916245064247,0.0,12.81049796670343,0.0,-27.84306251726824,0.0,0
2030-11-04 00:00:00,-50.40854521437245,0.0,23.63461989331608,0.0,22.729010866600063,0.0,-32.41555793226529,0.0,0
2030-11-04 02:00:00,-99.32732366577011,0.0,63.355661617930046,0.0,60.92805925691246,0.0,-60.74347680512707,0.0,0
2030-11-04 04:00:00,-56.27651398587854,0.0,36.02442027954058,0.0,34.644070591894824,0.0,-34.50032282591313,0.0,0
2030-11-04 06:00:00,-37.29642247498529,0.0,14.271787041895564,0.0,13.724934195061124,0.0,-24.69725717448795,0.0,0
2030-11-04 08:00:00,-27.04754635682616,0.0,0.9429931477021096,0.0,0.9068604275422834,0.0,-19.44838275096439,0.0,0
2030-11-04 10:00:00,-27.606978085448656,0.0,4.703098137583387,0.0,4.522889268299599,0.0,-19.206914105940037,0.0,0
2030-11-04 12:00:00,-31.35346448404611,0.0,9.172408259903364,0.0,8.820948589538952,0.0,-21.048172204259014,0.0,0
2030-11-04 14:00:00,-15.024784551008857,0.0,1.5024309995050116,0.0,1.4448622684946821,0.0,-10.556201460794913,0.0,0
2030-11-04 16:00:00,-14.752510480653003,0.0,-15.304588938993042,0.0,-14.7181621652224,0.0,-13.198330664237213,0.0,0
2030-11-04 18:00:00,-8.625506535610802,0.0,-17.59719513770149,0.0,-16.922922446474683,0.0,-8.963051911256388,0.0,0
2030-11-04 20:00:00,-19.253356919338366,0.0,4.035914776818575,0.0,3.881270408961604,0.0,-13.314459191419083,0.0,0
2030-11-04 22:00:00,-19.43179954768211,0.0,1.858651073019515,0.0,1.7874330379150214,0.0,-13.749756712981831,0.0,0
2030-11-05 00:00:00,-21.01078950876399,0.0,0.8578876531785111,0.0,0.8250159249199882,0.0,-15.14801627033806,0.0,0
2030-11-05 02:00:00,-17.712759230156788,0.0,0.10922757300717745,0.0,0.10504229410161248,0.0,-12.91693742028735,0.0,0
2030-11-05 04:00:00,-14.091681212190602,0.0,-7.982907535264223,0.0,-7.6770260294050985,0.0,-11.364517821173017,0.0,0
2030-11-05 06:00:00,-10.849585537237623,0.0,-19.95440788079703,0.0,-19.189813739609445,0.0,-10.649894670137153,0.0,0
2030-11-05 08:00:00,-16.107243780573608,0.0,-3.8869298383481423,0.0,-3.7379941345496404,0.0,-12.308362200654324,0.0,0
2030-11-05 10:00:00,-10.185061228077899,0.0,-11.415155116403188,0.0,-10.977759991732576,0.0,-9.253248637062722,0.0,0
2030-11-05 12:00:00,35.46855127044358,0.0,-36.80360780864848,0.0,-35.393401949714374,0.0,18.951726174714583,0.0,0
2030-11-05 14:00:00,-4.205116260878652,0.0,-11.64617236495936,0.0,-11.199925339705525,0.0,-5.10720437719913,0.0,0
2030-11-05 16:00:00,-6.366738496078558,0.0,-17.08054296437907,0.0,-16.426066862813784,0.0,-7.462465305605418,0.0,0
2030-11-05 18:00:00,-8.291848846680484,0.0,-13.201955757305008,0.0,-12.696095694478096,0.0,-8.152147152504376,0.0,0
2030-11-05 20:00:00,-8.864187289825383,0.0,-8.885940214227096,0.0,-8.545457155680422,0.0,-7.840702290158123,0.0,0
2030-11-05 22:00:00,-13.358864094604744,0.0,-11.108227764335581,0.0,-10.682593191847868,0.0,-11.580216259941981,0.0,0
2030-11-06 00:00:00,-15.197949252015317,0.0,2.1260508744382247,0.0,2.04458686647706,0.0,-10.78526204502176,0.0,0
2030-11-06 02:00:00,-11.922174375261616,0.0,-5.449940172765386,0.0,-5.241114516258209,0.0,-9.344960345740962,0.0,0
2030-11-06 04:00:00,-17.545288428760863,0.0,4.756514509748023,0.0,4.57425888240228,0.0,-11.926703340912347,0.0,0
2030-11-06 06:00:00,-15.271306037931613,0.0,-0.911072454988898,0.0,-0.8761628417624108,0.0,-11.251674170171057,0.0,0
2030-11-06 08:00:00,-7.542287954154546,0.0,-16.631480924106594,0.0,-15.994211557367729,0.0,-8.315159920960774,0.0,0
2030-11-06 10:00:00,-7.839705661532992,0.0,-11.899403009840688,0.0,-11.44345293207813,0.0,-7.6354007777982105,0.0,0
2030-11-06 12:00:00,38.57762787892828,0.0,-44.41721801822615,0.0,-42.71528103931592,0.0,20.04060940776241,0.0,0
2030-11-06 14:00:00,25.93451129800573,0.0,-37.49303450147471,0.0,-36.056411842139475,0.0,12.22939729392785,0.0,0
2030-11-06 16:00:00,-7.724538657278209,0.0,-20.237656867576106,0.0,-19.462209459427022,0.0,-9.084857463304344,0.0,0
2030-11-06 18:00:00,-9.638628406091545,0.0,-28.320710124632345,0.0,-27.23554392150966,0.0,-11.282089684390625,0.0,0
2030-11-06 20:00:00,-27.678454352587472,0.0,-1.070060699240532,0.0,-1.0290591247392014,0.0,-19.797360413658943,0.0,0
2030-11-06 22:00:00,-39.80151110134496,0.0,19.08350671696178,0.0,18.352282943434275,0.0,-26.04699225903141,0.0,0
2030-11-07 00:00:00,-72.26790500647883,0.0,63.98997966024858,0.0,61.53807210001361,0.0,-42.7165159777236,0.0,0
2030-11-07 02:00:00,-94.01632251270858,0.0,98.37786477036926,0.0,94.6083147303327,0.0,-53.33352720786801,0.0,0
2030-11-07 04:00:00,-76.23658192520676,0.0,82.06103857929247,0.0,78.91670126333169,0.0,-42.756546959895665,0.0,0
2030-11-07 06:00:00,-102.91810321527157,0.0,107.8965706532966,0.0,103.76229183788121,0.0,-58.19324695600531,0.0,0
2030-11-07 08:00:00,-82.74203712164,0.0,81.07927577717132,0.0,77.97255672034508,0.0,-47.40925071162925,0.0,0
2030-11-07 10:00:00,-78.49607756630095,0.0,74.34019626803746,0.0,71.49169889037427,0.0,-44.66617614319518,0.0,0
2030-11-07 12:00:00,-109.4678934629131,0.0,105.78833939477381,0.0,101.73484179211913,0.0,-61.98654067834509,0.0,0
2030-11-07 14:00:00,-97.70426795719173,0.0,94.45935799923996,0.0,90.83995359806713,0.0,-55.19024135206082,0.0,0
2030-11-07 16:00:00,-59.65090669602918,0.0,49.942672998739326,0.0,48.02901685829188,0.0,-34.881228541861105,0.0,0
2030-11-07 18:00:00,-105.98140923307832,0.0,88.12646471089761,0.0,84.74971812918793,0.0,-62.44894172764571,0.0,0
2030-11-07 20:00:00,-122.76571555639174,1.76571555639174,111.21176810902682,0.0,106.9504606908749,0.0,-71.36766046856161,0.0,1
2030-11-07 22:00:00,-95.63494533439714,0.0,79.73444668767522,0.0,76.67925752082968,0.0,-56.83423038052389,0.0,0
2030-11-08 00:00:00,-104.58384258404305,0.0,104.66640193394485,0.0,100.65589367051064,0.0,-59.83391654420554,0.0,0
2030-11-08 02:00:00,-110.2549050376531,0.0,114.02912633993049,0.0,109.65986605192418,0.0,-62.066789494631955,0.0,0
2030-11-08 04:00:00,-101.53344700541359,0.0,105.48321948160174,0.0,101.4414131753947,0.0,-56.6358854729814,0.0,0
2030-11-08 06:00:00,-121.26356328724367,0.2635632872436702,117.88842636779017,0.0,113.3712890689493,0.0,-68.57397007602984,0.0,1
2030-11-08 08:00:00,-135.22363772078864,14.223637720788645,132.8040128660104,7.804012866010396,127.71535422125724,2.7153542212572432,-76.61675092540789,0.0,3
2030-11-08 10:00:00,-82.2276419619858,0.0,91.77519335429767,0.0,88.25863823704059,0.0,-44.7851218868399,0.0,0
2030-11-08 12:00:00,-109.75939311470049,0.0,109.13769355268745,0.0,104.95585856306539,0.0,-61.40630260664049,0.0,0
2030-11-08 14:00:00,-65.1079487857815,0.0,80.8717946163494,0.0,77.77302562654198,0.0,-34.499967106191704,0.0,0
2030-11-08 16:00:00,-132.0411679577652,11.041167957765197,130.81916755442776,5.819167554427764,125.80656233633925,0.8065623363392547,-74.4941165797707,0.0,3
2030-11-08 18:00:00,-139.39377107345948,18.393771073459476,131.14904958005803,6.149049580058033,126.12380425430096,1.123804254300964,-80.51863604412895,0.0,3
2030-11-08 20:00:00,-147.94765949173845,26.94765949173845,139.62199998644533,14.621999986445331,134.27209615525928,9.272096155259277,-85.26874933890893,0.0,3
2030-11-08 22:00:00,-143.0085638831727,22.008563883172712,138.7787874924347,13.778787492434702,133.46119308062833,8.461193080628334,-81.20079610932052,0.0,3
2030-11-09 00:00:00,-126.1953611511153,5.195361151115307,124.38056756769518,0.0,119.61467053842978,0.0,-71.10084643640097,0.0,1
2030-11-09 02:00:00,-124.8987492821619,3.8987492821619014,124.53301416692186,0.0,119.7612758329528,0.0,-70.12279378491803,0.0,1
2030-11-09 04:00:00,-131.7237149508987,10.72371495089871,130.22771582846667,5.227715828466671,125.23777329860067,0.23777329860067198,-74.10723382208364,0.0,3
2030-11-09 06:00:00,-126.43994683966162,5.439946839661616,123.04805541818737,0.0,118.33321633003746,0.0,-71.43589001453614,0.0,1
2030-11-09 08:00:00,-120.72166284832699,0.0,113.57016767849362,0.0,109.21849333468973,0.0,-68.72022804095563,0.0,0
2030-11-09 10:00:00,-110.30418505379349,0.0,103.32500870825727,0.0,99.36589868262163,0.0,-62.70497370777696,0.0,0
2030-11-09 12:00:00,-49.08876856275246,0.0,64.30598053392168,0.0,61.84196475087898,0.0,-25.792306005837627,0.0,0
2030-11-09 14:00:00,-94.53642443762737,0.0,92.01975991529619,0.0,88.49383372770804,0.0,-53.208082817281216,0.0,0
2030-11-09 16:00:00,-44.64305741114869,0.0,53.79253139883927,0.0,51.73136002292585,0.0,-24.71070150061365,0.0,0
2030-11-09 18:00:00,-123.41869030570953,2.418690305709532,113.90024401311597,0.0,109.53592211629497,0.0,-70.78922028695462,0.0,1
2030-11-09 20:00:00,-106.42389797643756,0.0,96.63244469586675,0.0,92.92977401255416,0.0,-61.49444872556435,0.0,0
2030-11-09 22:00:00,-77.62238441856634,0.0,75.07894272109101,0.0,72.20213875506882,0.0,-44.241649278493725,0.0,0
2030-11-10 00:00:00,-91.4747793441482,0.0,83.7983112235146,0.0,80.58740673636271,0.0,-51.55815202359419,0.0,0
2030-11-10 02:00:00,-67.56172987861943,0.0,66.23093662817365,0.0,63.69316219689131,0.0,-37.43210733445764,0.0,0
2030-11-10 04:00:00,-48.05678309817981,0.0,37.662134112269676,0.0,36.21903205387318,0.0,-28.62023719037874,0.0,0
2030-11-10 06:00:00,-39.08673416739845,0.0,16.717718163213696,0.0,16.077144439454294,0.0,-25.585636759342176,0.0,0
2030-11-10 08:00:00,2.811917538807349,0.0,-5.094677052779492,0.0,-4.899464032725559,0.0,0.18423896773700912,0.0,0
2030-11-10 10:00:00,-35.99196213608206,0.0,18.011041843783737,0.0,17.32091176562227,0.0,-23.37773031036453,0.0,0
2030-11-10 12:00:00,-56.80637321734832,0.0,41.69130598524302,0.0,40.09381792720603,0.0,-35.044140722322894,0.0,0
2030-11-10 14:00:00,-97.07826677351844,0.0,72.12698866708293,0.0,69.36329488645097,0.0,-58.37136586130293,0.0,0
2030-11-10 16:00:00,-116.19241146330083,0.0,82.42760448171606,0.0,79.26922143996742,0.0,-70.44259215525217,0.0,0
2030-11-10 18:00:00,-99.73940284400095,0.0,67.86428332205675,0.0,65.26392385592247,0.0,-61.116975696982955,0.0,0
2030-11-10 20:00:00,-143.82156443215425,22.821564432154247,124.59963256734184,0.0,119.82534161247007,0.0,-84.02903448221646,0.0,1
2030-11-10 22:00:00,-136.91250802245224,15.912508022452243,133.79306362004812,8.793063620048116,128.66650746330714,3.6665074633071413,-77.55051641682483,0.0,3
2030-11-11 00:00:00,-136.39795261272906,15.397952612729057,131.78942125082585,6.789421250825853,126.73963876863797,1.739638768637974,-77.44974895075485,0.0,3
2030-11-11 02:00:00,-128.12018685298517,7.120186852985171,121.7843193800226,0.0,117.11790293495784,0.0,-72.33686433726132,0.0,1
2030-11-11 04:00:00,-127.73299723637292,6.732997236372924,124.60840155659379,0.0,119.8337745998798,0.0,-72.09743459464995,0.0,1
2030-11-11 06:00:00,-125.9280259416962,4.928025941696205,119.79032853591826,0.0,115.20031594738944,0.0,-71.57115293999941,0.0,1
2030-11-11 08:00:00,-91.34921564610522,0.0,102.10260017197953,0.0,98.19032924127258,0.0,-50.30400432078575,0.0,0
2030-11-11 10:00:00,-143.30741302019138,22.307413020191376,142.88597099007058,17.885970990070575,137.41100140292295,12.411001402922949,-80.71024693221867,0.0,3
2030-11-11 12:00:00,-143.10016036432523,22.100160364325234,138.17583443155797,13.175834431557973,132.88134340525488,7.881343405254881,-81.43542313081464,0.0,3
2030-11-11 14:00:00,-110.66577661031059,0.0,116.43221940501792,0.0,111.9708796682367,0.0,-62.78401756125826,0.0,0
2030-11-11 16:00:00,-179.3329254093422,58.33292540934221,160.1516470018446,35.151647001844594,154.01510756000093,29.015107560000928,-104.5656564604702,0.0,3
2030-11-11 18:00:00,-150.61436289577875,29.614362895778754,139.14407789572073,14.144077895720727,133.8124866314972,8.812486631497194,-87.16626603220871,0.0,3
2030-11-11 20:00:00,-148.74718611581415,27.747186115814145,141.3319017323047,16.331901732304686,135.91647950214136,10.916479502141357,-85.5855450218923,0.0,3
2030-11-11 22:00:00,-145.99062381709228,24.990623817092285,141.7146529132089,16.71465291320891,136.28456478505464,11.284564785054641,-82.96032719529703,0.0,3
2030-11-12 00:00:00,-126.41816773680162,5.418167736801621,121.03311650070563,0.0,116.39548393756822,0.0,-71.56459751222275,0.0,1
2030-11-12 02:00:00,-129.80272465397113,8.802724653971126,125.5834722957521,0.5834722957521024,120.77148350004717,0.0,-73.35243968687107,0.0,2
2030-11-12 04:00:00,-130.5518792780081,9.551879278008101,127.15060693418317,2.1506069341831733,122.27857015458646,0.0,-73.71999850907531,0.0,2
2030-11-12 06:00:00,-127.09428083029485,6.094280830294849,121.8532308110035,0.0,117.18417388285839,0.0,-72.0546791997487,0.0,1
2030-11-12 08:00:00,-141.6197973359262,20.619797335926194,133.79370953917294,8.793709539172937,128.66712863271337,3.6671286327133714,-80.97780492732664,0.0,3
2030-11-12 10:00:00,-137.9223026173509,16.92230261735091,130.9767961817153,5.976796181715287,125.95815109886982,0.9581510988698199,-78.60865259806123,0.0,3
2030-11-12 12:00:00,-136.90598238691697,15.905982386916975,129.18553783288525,4.185537832885245,124.23552849443516,0.0,-78.04625944455566,0.0,2
2030-11-12 14:00:00,-133.30976075252678,12.309760752526785,125.63268313961171,0.6326831396117143,120.81880872930358,0.0,-75.58827939076085,0.0,2
2030-11-12 16:00:00,-141.22738992106304,20.227389921063036,134.9943497444774,9.994349744477404,129.82176384142102,4.821763841421017,-80.59648034448767,0.0,3
2030-11-12 18:00:00,-97.33128668451906,0.0,101.06202453550887,0.0,97.18962539853612,0.0,-55.58585351325683,0.0,0
2030-11-12 20:00:00,-132.46391218312792,11.463912183127917,119.561329075721,0.0,114.98009107206833,0.0,-77.76129333189384,0.0,1
2030-11-12 22:00:00,-124.79576896077259,3.795768960772591,109.56741202352322,0.0,105.36911148768593,0.0,-74.17920944020774,0.0,1
2030-11-13 00:00:00,-122.42006796843751,1.4200679684375075,111.60250698241178,0.0,107.32622760141791,0.0,-70.5839124830216,0.0,1
2030-11-13 02:00:00,-104.97955247209427,0.0,102.76650311102057,0.0,98.82879337498596,0.0,-59.671991636559454,0.0,0
2030-11-13 04:00:00,-110.37939199870378,0.0,108.36310333558119,0.0,104.21094836179121,0.0,-62.58105731124474,0.0,0
2030-11-13 06:00:00,-113.36925728841518,0.0,109.99116783018908,0.0,105.77663021986638,0.0,-64.27696474566629,0.0,0
2030-11-13 08:00:00,-50.0693457206724,0.0,69.94508336758972,0.0,67.26499377198712,0.0,-27.207063566621496,0.0,0
2030-11-13 10:00:00,-52.04187176787306,0.0,75.25425463679659,0.0,72.37073323448504,0.0,-26.978896981135513,0.0,0
2030-11-13 12:00:00,-114.10787774923087,0.0,98.71883999786829,0.0,94.93622479133853,0.0,-65.14317318228696,0.0,0
2030-11-13 14:00:00,-117.6562678710064,0.0,89.62166397729592,0.0,86.18762576328996,0.0,-68.88846590291264,0.0,0
2030-11-13 16:00:00,-126.45716836690232,5.457168366902323,107.7557474307691,0.0,103.62686454649474,0.0,-73.37356389754471,0.0,1
2030-11-13 18:00:00,-122.98346993875465,1.9834699387546522,94.86293906410577,0.0,91.22807062513559,0.0,-71.7193033118552,0.0,1
2030-11-13 20:00:00,-107.99292236790734,0.0,83.87266994750618,0.0,80.65891625304874,0.0,-63.03743014234851,0.0,0
2030-11-13 22:00:00,-118.30741511218042,0.0,97.77341526567922,0.0,94.02702595046543,0.0,-68.6320436795307,0.0,0
2030-11-14 00:00:00,-145.38719441858876,24.387194418588763,120.21693207346732,0.0,115.6105732937929,0.0,-84.68255049917414,0.0,1
2030-11-14 02:00:00,-132.5510331975011,11.551033197501113,117.55139529486449,0.0,113.04717203412977,0.0,-75.7839051167995,0.0,1
2030-11-14 04:00:00,-127.92146769479541,6.92146769479541,91.03598213570882,0.0,87.54775141525715,0.0,-75.78783107171327,0.0,1
2030-11-14 06:00:00,-151.60636184479472,30.60636184479472,108.95133868388479,0.0,104.77664426399143,0.0,-89.98546392553692,0.0,1
2030-11-14 08:00:00,-139.09608951005984,18.09608951005984,107.96431295202831,0.0,103.82743845123693,0.0,-81.8824040636931,0.0,1
2030-11-14 10:00:00,-114.66262773014387,0.0,78.52625815536116,0.0,75.51736321477262,0.0,-69.51305863305458,0.0,0
2030-11-14 12:00:00,-127.01112061198428,6.011120611984282,98.53295706631324,0.0,94.75746434626673,0.0,-75.27172577627849,0.0,1
2030-11-14 14:00:00,-156.38410134497553,35.384101344975534,118.21441978327886,0.0,113.68479137685729,0.0,-92.67168879365666,0.0,1
2030-11-14 16:00:00,-110.37282299866852,0.0,85.6958076911871,0.0,82.4121967278134,0.0,-65.14130703550468,0.0,0
2030-11-14 18:00:00,-199.19802169262636,78.19802169262636,166.16045171704897,41.16045171704897,159.793672575374,34.79367257537399,-116.85036660715288,0.0,3
2030-11-14 20:00:00,-100.57524649756776,0.0,62.361406934799106,0.0,59.971901485006015,0.0,-62.403248084289814,0.0,0
2030-11-14 22:00:00,-110.34427457631186,0.0,77.08932008511333,0.0,74.13548437937274,0.0,-67.05405600033548,0.0,0
2030-11-15 00:00:00,-173.58515374695452,52.58515374695452,145.67035016597077,20.670350165970774,140.08869136922823,15.08869136922823,-101.99864444786992,0.0,3
2030-11-15 02:00:00,-170.760853007153,49.760853007153,144.02013650894003,19.020136508940027,138.50170903940145,13.501709039401447,-100.22618429447826,0.0,3
2030-11-15 04:00:00,-158.4150341804605,37.41503418046051,142.3908060622124,17.39080606221239,136.9348097367633,11.934809736763299,-91.8002062981658,0.0,3
2030-11-15 06:00:00,-182.62935821708197,61.62935821708197,166.49621288182837,41.49621288182837,160.11656836118732,35.11656836118732,-105.33607024840614,0.0,3
2030-11-15 08:00:00,-146.7739068341738,25.7739068341738,134.64458268796017,9.644582687960167,129.48539882839205,4.48539882839205,-85.22495061481024,0.0,3
2030-11-15 10:00:00,-140.66514877155535,19.66514877155535,137.99518521709888,12.995185217098879,132.70761613665425,7.707616136654252,-79.47017717575498,0.0,3
2030-11-15 12:00:00,-134.28763953489474,13.287639534894737,131.80360502407666,6.80360502407666,126.75327906147126,1.753279061471261,-75.15088307596884,0.0,3
2030-11-15 14:00:00,-144.1244454298778,23.124445429877795,144.18055372886397,19.18055372886397,138.65597954391126,13.655979543911258,-80.91069250520464,0.0,3
2030-11-15 16:00:00,-163.2366837959985,42.23668379599849,153.36555817775496,28.365558177754963,147.48904167357367,22.489041673573666,-93.10246714669354,0.0,3
2030-11-15 18:00:00,-148.60471611963516,27.604716119635157,138.3991342780235,13.399134278023496,133.09608705925646,8.096087059256462,-85.65028220919845,0.0,3
2030-11-15 20:00:00,-147.86695069216904,26.86695069216904,139.42102544470964,14.421025444709642,134.07882236606193,9.078822366061928,-85.23343387020256,0.0,3
2030-11-15 22:00:00,-144.986416940376,23.98641694037599,139.77440291599697,14.774402915996973,134.41865945340058,9.41865945340058,-82.54612496927813,0.0,3
2030-11-16 00:00:00,-80.41534780922767,0.0,91.34479806253762,0.0,87.84473442528042,0.0,-43.82103743374031,0.0,0
2030-11-16 02:00:00,-131.06106809781133,10.06106809781133,128.4042860852012,3.4042860852011927,123.48421201281568,0.0,-73.76143826901551,0.0,2
2030-11-16 04:00:00,-135.16866540647095,14.16866540647095,133.2262128792977,8.226212879297691,128.1213767734794,3.1213767734793976,-76.08531512250902,0.0,3
2030-11-16 06:00:00,-127.36710782834817,6.367107828348168,124.79238991755656,0.0,120.01071306872473,0.0,-71.82939386904162,0.0,1
2030-11-16 08:00:00,-87.9467796865082,0.0,95.98386896225702,0.0,92.30604979090089,0.0,-48.29293791968761,0.0,0
2030-11-16 10:00:00,-104.270103644884,0.0,104.77749033270422,0.0,100.76272548900192,0.0,-58.59057157737868,0.0,0
2030-11-16 12:00:00,-125.59256337528726,4.592563375287256,125.26759361693652,0.26759361693652295,120.46770836189249,0.0,-70.28532922111596,0.0,2
2030-11-16 14:00:00,-117.27257591319113,0.0,115.26911481707658,0.0,110.8523418225833,0.0,-66.12648354486343,0.0,0
2030-11-16 16:00:00,-97.00802905798533,0.0,102.31989423883638,0.0,98.39929723945207,0.0,-54.06876258893553,0.0,0
2030-11-16 18:00:00,-150.24942580763718,29.24942580763718,142.98159824899614,17.981598248996136,137.50296450692343,12.502964506923433,-86.41594036283314,0.0,3
2030-11-16 20:00:00,-147.65157528012986,26.65157528012986,142.08960624449423,17.089606244494234,136.6451510089803,11.645151008980292,-84.02773757767613,0.0,3
2030-11-16 22:00:00,-125.88413019122103,4.884130191221033,120.77283505661703,0.0,116.14517571184804,0.0,-71.43736895077335,0.0,1
2030-11-17 00:00:00,-132.18677349444337,11.186773494443372,129.34435105106823,4.34435105106823,124.3882564578268,0.0,-74.55090463328374,0.0,2
2030-11-17 02:00:00,-135.02033449995298,14.02033449995298,128.97520567606227,3.9752056760622736,124.03325564640107,0.0,-76.5603601122193,0.0,2
2030-11-17 04:00:00,-134.40227949324213,13.402279493242133,132.9295580977947,7.929558097794711,127.83608892950949,2.8360889295094864,-75.58818727985147,0.0,3
2030-11-17 06:00:00,-125.27728965438536,4.277289654385356,123.27453782201067,0.0,118.55102059517188,0.0,-70.69710896576571,0.0,1
2030-11-17 08:00:00,-129.62843116493778,8.62843116493778,130.34698294994232,5.346982949942316,125.35247045524133,0.35247045524133114,-73.25917299308507,0.0,3
2030-11-17 10:00:00,-111.93396672885909,0.0,111.7995699600751,0.0,107.51573970615802,0.0,-62.89701956094633,0.0,0
2030-11-17 12:00:00,-102.05091396661578,0.0,108.15291119370984,0.0,104.00881016374812,0.0,-56.58450658356476,0.0,0
2030-11-17 14:00:00,-98.39236672431954,0.0,101.84580171624853,0.0,97.94337054605445,0.0,-54.93732069134971,0.0,0
2030-11-17 16:00:00,-83.86158665110963,0.0,95.42407996779946,0.0,91.76771026204608,0.0,-46.83808800496409,0.0,0
2030-11-17 18:00:00,-71.2434599299745,0.0,86.68236418349255,0.0,83.36095128089445,0.0,-39.51326121906163,0.0,0
2030-11-17 20:00:00,-36.22498871402781,0.0,46.496973669386804,0.0,44.71534657912476,0.0,-20.184306507421873,0.0,0
2030-11-17 22:00:00,-54.0980380004698,0.0,70.8790957644475,0.0,68.16321756460765,0.0,-29.2686735086838,0.0,0
2030-11-18 00:00:00,-28.421990716741348,0.0,39.501739049300255,0.0,37.98814874763674,0.0,-15.485242128870734,0.0,0
2030-11-18 02:00:00,-73.7159024158085,0.0,83.88199404649376,0.0,80.66788308002411,0.0,-41.245118104886544,0.0,0
2030-11-18 04:00:00,-38.736902473900074,0.0,64.56817835168971,0.0,62.094115920482956,0.0,-19.68464152245887,0.0,0
2030-11-18 06:00:00,-99.770512934158,0.0,97.25352524889593,0.0,93.5270565879691,0.0,-57.290457786054596,0.0,0
2030-11-18 08:00:00,-132.77271942167113,11.772719421671127,124.71112064640748,0.0,119.93255779669548,0.0,-76.73946940374546,0.0,1
2030-11-18 10:00:00,-76.69264317759598,0.0,86.46211003451268,0.0,83.14913662222114,0.0,-42.887118975145164,0.0,0
2030-11-18 12:00:00,-127.47377974767946,6.473779747679458,118.75009933514859,0.0,114.19994526595815,0.0,-73.4641612423455,0.0,1
2030-11-18 14:00:00,-135.52455412547312,14.524554125473117,131.8033715038599,6.803371503859893,126.75305448906144,1.7530544890614408,-77.00473419306006,0.0,3
2030-11-18 16:00:00,-90.32325049952061,0.0,97.72775280986986,0.0,93.98311314547965,0.0,-50.89027166618562,0.0,0
2030-11-18 18:00:00,-145.95947686079919,24.959476860799185,134.04714533917917,9.047145339179167,128.91085351927072,3.9108535192707166,-84.41931690689074,0.0,3
2030-11-18 20:00:00,-144.84621245090594,23.846212450905938,134.8922907653885,9.892290765388509,129.72361546183114,4.723615461831145,-83.54363546846885,0.0,3
2030-11-18 22:00:00,-145.05234953426805,24.052349534268046,140.726581422709,15.726581422708989,135.33435328404784,10.334353284047836,-82.46487987139767,0.0,3
2030-11-19 00:00:00,-151.49531916645157,30.495319166451566,142.86452175491812,17.864521754918115,137.3903740392903,12.390374039290293,-87.17948976443326,0.0,3
2030-11-19 02:00:00,-127.97235613568296,6.972356135682958,113.7576574745975,0.0,109.39879907399313,0.0,-74.38575437949183,0.0,1
2030-11-19 04:00:00,-136.77827283108041,15.778272831080415,125.09548482005772,0.0954848200577203,120.30219426722309,0.0,-78.2059045317076,0.0,2
2030-11-19 06:00:00,-136.52656839322796,15.526568393227961,126.13981078141092,1.1398107814109153,121.30650473343805,0.0,-78.04669096533779,0.0,2
2030-11-19 08:00:00,-150.30463609591095,29.30463609591095,129.6801155701192,4.680115570119199,124.71115546938591,0.0,-87.57948984045291,0.0,2
2030-11-19 10:00:00,-138.39176807744872,17.391768077448717,124.58627917068651,0.0,119.81249987864672,0.0,-80.02092404532324,0.0,1
2030-11-19 12:00:00,-146.00292276398113,25.002922763981132,125.48166511594098,0.4816651159409844,120.67357727152863,0.0,-85.35808928936042,0.0,2
2030-11-19 14:00:00,-91.55576631943106,0.0,73.71346472904997,0.0,70.88898185813981,0.0,-54.3337232642417,0.0,0
2030-11-19 16:00:00,-118.96172307840004,0.0,78.35297852893991,0.0,75.35072315330059,0.0,-72.22160561302519,0.0,0
2030-11-19 18:00:00,-122.48983429761182,1.4898342976118215,64.5366426617815,0.0,62.063788585334656,0.0,-76.37704341976014,0.0,1
2030-11-19 20:00:00,-83.90993340323027,0.0,36.6241247883941,0.0,35.22079619019117,0.0,-53.7174830220446,0.0,0
2030-11-19 22:00:00,-68.62819480666172,0.0,22.81140857358453,0.0,21.937342580156454,0.0,-44.75921224451898,0.0,0
2030-11-20 00:00:00,-66.03252391328691,0.0,30.28637032836008,0.0,29.125885815402597,0.0,-42.2443571314634,0.0,0
2030-11-20 02:00:00,-51.440100584597644,0.0,17.734968552070598,0.0,17.055416789369232,0.0,-34.294761933718725,0.0,0
2030-11-20 04:00:00,-59.17857174971854,0.0,28.1196506794167,0.0,27.042188482083755,0.0,-38.21679635903109,0.0,0
2030-11-20 06:00:00,-75.68584481610236,0.0,34.50721941964474,0.0,33.18500440056,0.0,-48.887373860397986,0.0,0
2030-11-20 08:00:00,-103.54787016511318,0.0,54.38920616749162,0.0,52.305171971742524,0.0,-65.60627928895586,0.0,0
2030-11-20 10:00:00,-42.27780870326405,0.0,3.435709437272573,0.0,3.304063170329753,0.0,-29.22365862821717,0.0,0
2030-11-20 12:00:00,-86.12649127734383,0.0,44.42152788454315,0.0,42.71942576424893,0.0,-54.159600334283226,0.0,0
2030-11-20 14:00:00,-25.43093361739151,0.0,9.78437595137123,0.0,9.409467481408901,0.0,-17.061545170390872,0.0,0
2030-11-20 16:00:00,-45.282710196296726,0.0,15.652735751437298,0.0,15.052969017159917,0.0,-30.160102240881297,0.0,0
2030-11-20 18:00:00,-34.73815016363432,0.0,0.8360416328117193,0.0,0.8040069797138223,0.0,-24.280291245861807,0.0,0
2030-11-20 20:00:00,-41.97078250689573,0.0,9.675275512974029,0.0,9.30454745049349,0.0,-28.321592800071617,0.0,0
2030-11-20 22:00:00,-66.02179345403826,0.0,37.8492742368355,0.0,36.39900152002213,0.0,-41.099570865657185,0.0,0
2030-11-21 00:00:00,-62.03809595597288,0.0,31.608575083025215,0.0,30.397427577965672,0.0,-39.316470941681075,0.0,0
2030-11-21 02:00:00,-48.570174580183746,0.0,23.2620304448679,0.0,22.37069794848307,0.0,-31.078045927618344,0.0,0
2030-11-21 04:00:00,-48.78744050541199,0.0,25.939398498364618,0.0,24.945477143431056,0.0,-30.951105262279047,0.0,0
2030-11-21 06:00:00,-72.66069754985251,0.0,49.60439249130624,0.0,47.703698263615365,0.0,-44.517913476178315,0.0,0
2030-11-21 08:00:00,-127.2027462052165,6.202746205216499,107.5451589205679,0.0,103.42434516778894,0.0,-75.599987712829,0.0,1
2030-11-21 10:00:00,-91.26812154879885,0.0,93.83496707992359,0.0,90.23948749985139,0.0,-52.52289077561635,0.0,0
2030-11-21 12:00:00,-147.16422276329956,26.164222763299563,134.66246550362484,9.662465503624844,129.5025964272275,4.502596427227502,-85.61249439229533,0.0,3
2030-11-21 14:00:00,-155.15653639572605,34.15653639572605,142.1196278954728,17.119627895472803,136.67402231871176,11.674022318711764,-90.0210694434015,0.0,3
2030-11-21 16:00:00,-160.84628827604058,39.84628827604058,139.13287284167583,14.132872841675834,133.80171092212265,8.801710922122652,-94.81294315937104,0.0,3
2030-11-21 18:00:00,-173.40279993463867,52.402799934638665,151.3134064287326,26.313406428732605,145.51552233567088,20.51552233567088,-101.67991008182274,0.0,3
2030-11-21 20:00:00,-177.218238574572,56.21823857457201,148.5257610236252,23.525761023625194,142.83469129244207,17.834691292442074,-105.10298862607249,0.0,3
2030-11-21 22:00:00,-165.28497779874053,44.28497779874053,137.62906423802536,12.629064238025364,132.35552383521605,7.355523835216047,-98.42784577323415,0.0,3
2030-11-22 00:00:00,-152.85541551369008,31.855415513690076,117.55558614777952,0.0,113.05120230590357,0.0,-92.7400146638092,0.0,1
2030-11-22 02:00:00,-104.6730506328426,0.0,95.05849957212183,0.0,91.41613783044033,0.0,-62.6053730481343,0.0,0
2030-11-22 04:00:00,-81.94552551023281,0.0,77.61058739404112,0.0,74.63677826023502,0.0,-49.07036747521246,0.0,0
2030-11-22 06:00:00,-99.8994148053574,0.0,88.85925415099568,0.0,85.45442923611917,0.0,-59.92376069056047,0.0,0
2030-11-22 08:00:00,-103.78959245413532,0.0,87.44816723155154,0.0,84.09741101155984,0.0,-62.74713705800271,0.0,0
2030-11-22 10:00:00,-80.72576576547121,0.0,75.73957309000575,0.0,72.83745571390509,0.0,-48.033287186137684,0.0,0
2030-11-22 12:00:00,-107.95008325605056,0.0,106.44067481146416,0.0,102.36218163687022,0.0,-62.59188976877417,0.0,0
2030-11-22 14:00:00,-73.18134368717621,0.0,64.19756983154957,0.0,61.73770802733547,0.0,-43.807451799759015,0.0,0
2030-11-22 16:00:00,-118.59899262078294,0.0,95.59475636685416,0.0,91.93184684415738,0.0,-70.87394680333146,0.0,0
2030-11-22 18:00:00,-154.53090316251053,33.530903162510526,137.85024276513684,12.85024276513684,132.56822745257352,7.568227452573524,-90.42042171963874,0.0,3
2030-11-22 20:00:00,-166.81853255796057,45.818532557960566,153.978645372948,28.978645372947994,148.07863717308288,23.078637173082882,-96.52497367830026,0.0,3
2030-11-22 22:00:00,-134.60801032061883,13.608010320618831,124.70746567832236,0.0,119.92904287622306,0.0,-78.57391148346409,0.0,1
2030-11-23 00:00:00,-109.01284035842414,0.0,105.36891537188029,0.0,101.33148886251473,0.0,-63.2455323846728,0.0,0
2030-11-23 02:00:00,-118.43783814260266,0.0,109.61973052585158,0.0,105.41942529909096,0.0,-69.26224242632888,0.0,0
2030-11-23 04:00:00,-147.25030544842235,26.250305448422353,141.5537162794222,16.55371627942219,136.1297947690914,11.129794769091404,-84.2767011803337,0.0,3
2030-11-23 06:00:00,-128.6753870672485,7.675387067248494,123.98885106896424,0.0,119.23796346226493,0.0,-73.02142748321278,0.0,1
2030-11-23 08:00:00,-120.80639511697089,0.0,114.1261769812651,0.0,109.75319799851204,0.0,-69.86591599502685,0.0,0
2030-11-23 10:00:00,-72.7972809261832,0.0,66.77480183342766,0.0,64.21618808924657,0.0,-42.58627240902087,0.0,0
2030-11-23 12:00:00,-49.86971886133835,0.0,44.696087362304425,0.0,42.98346493144229,0.0,-29.259217596023866,0.0,0
2030-11-23 14:00:00,-40.530377791985984,0.0,38.82290533895099,0.0,37.3353259457981,0.0,-23.556433540594895,0.0,0
2030-11-23 16:00:00,-33.066379011603956,0.0,43.961586094821094,0.0,42.27710758930954,0.0,-18.526908734667,0.0,0
2030-11-23 18:00:00,-85.34873335043697,0.0,79.5849494149966,0.0,76.53548854334758,0.0,-50.33041055671404,0.0,0
2030-11-23 20:00:00,-87.62172012381589,0.0,85.32960674983654,0.0,82.06002752801712,0.0,-50.41300379577955,0.0,0
2030-11-23 22:00:00,-110.67265410094541,0.0,105.42836935961965,0.0,101.38866474854488,0.0,-63.2063383877437,0.0,0
2030-11-24 00:00:00,-106.23399056185869,0.0,102.44171937360494,0.0,98.51645439384995,0.0,-60.41169377873217,0.0,0
2030-11-24 02:00:00,-86.84249836109493,0.0,90.43285341597387,0.0,86.96773281175558,0.0,-48.25018295132948,0.0,0
2030-11-24 04:00:00,-85.3725818776087,0.0,87.49925159990184,0.0,84.14653797736628,0.0,-47.156493041835624,0.0,0
2030-11-24 06:00:00,-84.90684493274503,0.0,85.9026113183831,0.0,82.6110762490838,0.0,-47.21151568202208,0.0,0
2030-11-24 08:00:00,-67.19325916794432,0.0,61.41505439858425,0.0,59.06181039082491,0.0,-38.64490510047062,0.0,0
2030-11-24 10:00:00,28.967795592407434,0.0,-20.145484852885097,0.0,-19.37356920487814,0.0,17.131384477529746,0.0,0
2030-11-24 12:00:00,-8.222544059201548,0.0,25.84247487559394,0.0,24.85226734842997,0.0,-2.422579260031832,0.0,0
2030-11-24 14:00:00,-90.00331838716316,0.0,90.92346951147613,0.0,87.4395499434181,0.0,-50.2388295283365,0.0,0
2030-11-24 16:00:00,-151.85299211391992,30.852992113919925,140.01084366855912,15.010843668559119,134.6460404926791,9.646040492679106,-88.02317662460904,0.0,3
2030-11-24 18:00:00,-146.6769777474447,25.67697774744471,135.53069170055966,10.530691700559657,130.33755475335585,5.337554753355846,-84.98652236313998,0.0,3
2030-11-24 20:00:00,-114.59359810541372,0.0,110.58964671896258,0.0,106.35217716023453,0.0,-64.92995745002808,0.0,0
2030-11-24 22:00:00,-90.23578414243576,0.0,85.45208232331335,0.0,82.17781019822775,0.0,-51.744001796313924,0.0,0
2030-11-25 00:00:00,-115.85346393471042,0.0,108.66489679890958,0.0,104.50117798843281,0.0,-66.14367067341652,0.0,0
2030-11-25 02:00:00,-107.49575049531417,0.0,97.85676007202328,0.0,94.10717722929378,0.0,-61.99900435084298,0.0,0
2030-11-25 04:00:00,-68.67448660952368,0.0,58.87992374709664,0.0,56.62381847955203,0.0,-40.40297336272743,0.0,0
2030-11-25 06:00:00,-68.41991659989715,0.0,54.16084222567264,0.0,52.08555826360704,0.0,-40.766925178639816,0.0,0
2030-11-25 08:00:00,-69.38933376339361,0.0,59.122643741326904,0.0,56.857238158451025,0.0,-41.35875590758667,0.0,0
2030-11-25 10:00:00,-105.3906088056354,0.0,97.35801678133265,0.0,93.62754431262653,0.0,-61.795663617546836,0.0,0
2030-11-25 12:00:00,-56.35879547154266,0.0,42.07282479759246,0.0,40.46071806229791,0.0,-34.89991939796233,0.0,0
2030-11-25 14:00:00,3.723851445793281,0.0,-10.772394346201146,0.0,-10.359627921215264,0.0,-0.12421407662998522,0.0,0
2030-11-25 16:00:00,-47.04188426137833,0.0,28.007701015715565,0.0,26.93452839978661,0.0,-29.422438877967437,0.0,0
2030-11-25 18:00:00,-36.907737448596066,0.0,7.420710858504441,0.0,7.136371073543055,0.0,-25.648055990447684,0.0,0
2030-11-25 20:00:00,-46.498834076666455,0.0,19.696660178550967,0.0,18.941942170206858,0.0,-31.09549687824158,0.0,0
2030-11-25 22:00:00,-24.1820220314882,0.0,6.232777725106915,0.0,5.993956039171282,0.0,-16.502400217383297,0.0,0
2030-11-26 00:00:00,-28.67083610600134,0.0,-0.4552792247719992,0.0,-0.43783426574618733,0.0,-20.878949679620366,0.0,0
2030-11-26 02:00:00,-54.96061442086737,0.0,29.05338332026364,0.0,27.940143238119873,0.0,-34.512518726151136,0.0,0
2030-11-26 04:00:00,-39.73731639069621,0.0,14.169622625872403,0.0,13.626684418570031,0.0,-25.672069795626477,0.0,0
2030-11-26 06:00:00,-19.426414800193022,0.0,-2.643099795195293,0.0,-2.541823995379345,0.0,-14.557816328968139,0.0,0
2030-11-26 08:00:00,-17.931376625342512,0.0,-6.873915362219092,0.0,-6.6105271702780835,0.0,-13.953653234179384,0.0,0
2030-11-26 10:00:00,-23.52328536141573,0.0,12.534711416820814,0.0,12.054418191983935,0.0,-14.926310242326725,0.0,0
2030-11-26 12:00:00,-20.269969971185336,0.0,12.324133480831158,0.0,11.851908982316953,0.0,-12.731793260328306,0.0,0
2030-11-26 14:00:00,-2.4284015193611426,0.0,-14.150992949552828,0.0,-13.608768576579715,0.0,-3.707426599578324,0.0,0
2030-11-26 16:00:00,-12.662227724207703,0.0,-2.111442791173297,0.0,-2.0305385219396577,0.0,-9.550262337620314,0.0,0
2030-11-26 18:00:00,35.75412219279913,0.0,-40.0305202001927,0.0,-38.496668562168765,0.0,19.00153702527409,0.0,0
2030-11-26 20:00:00,-16.08179992421764,0.0,10.1551506071798,0.0,9.766035144395376,0.0,-10.134446813416318,0.0,0
2030-11-26 22:00:00,-30.880311641037615,0.0,32.57284467684917,0.0,31.324749200876738,0.0,-17.31003901227397,0.0,0
2030-11-27 00:00:00,-17.04406518545929,0.0,23.669718078622925,0.0,22.76276419281549,0.0,-9.134603380597076,0.0,0
2030-11-27 02:00:00,-20.421091896069683,0.0,36.65120490752655,0.0,35.2468386789136,0.0,-9.932388529522177,0.0,0
2030-11-27 04:00:00,-34.769171559671776,0.0,55.081964486210865,0.0,52.971385831968405,0.0,-18.106392099374496,0.0,0
2030-11-27 06:00:00,-20.493209612836626,0.0,30.845261682544162,0.0,29.663362098915606,0.0,-11.547456786525382,0.0,0
2030-11-27 08:00:00,-6.60012880828524,0.0,-8.1087711071043,0.0,-7.798066879859816,0.0,-6.4127172626989495,0.0,0
2030-11-27 10:00:00,39.22674107297199,0.0,-33.81649947448986,0.0,-32.52075080942671,0.0,21.474659607206558,0.0,0
2030-11-27 12:00:00,4.699088487039019,0.0,-6.612047057193459,0.0,-6.358692887457544,0.0,1.5791557834071963,0.0,0
2030-11-27 14:00:00,42.50814111209946,0.0,-35.7107412132638,0.0,-34.34241078360453,0.0,23.962237400171265,0.0,0
2030-11-27 16:00:00,6.515147272205397,0.0,-28.913777870437016,0.0,-27.805887057970935,0.0,0.6282222433218938,0.0,0
2030-11-27 18:00:00,-5.856438173554568,0.0,-12.626089025101537,0.0,-12.142294479436503,0.0,-6.952459672479342,0.0,0
2030-11-27 20:00:00,-6.353744576580348,0.0,-12.591663944592472,0.0,-12.10918846662536,0.0,-7.125571306069318,0.0,0
2030-11-27 22:00:00,-7.5752662733491105,0.0,-22.327317566800986,0.0,-21.47180051503019,0.0,-9.142310569972578,0.0,0
2030-11-28 00:00:00,-15.780987713049818,0.0,3.840755863458485,0.0,3.6935894103883724,0.0,-10.674789540843712,0.0,0
2030-11-28 02:00:00,-7.7883363567426676,0.0,-20.208081189099087,0.0,-19.43376703384431,0.0,-8.487797612068318,0.0,0
2030-11-28 04:00:00,-14.45581208014077,0.0,-10.17726678209436,0.0,-9.787303892622688,0.0,-12.498185511578942,0.0,0
2030-11-28 06:00:00,-13.230235419166547,0.0,-11.768273915477458,0.0,-11.317348318415595,0.0,-11.775887173917607,0.0,0
2030-11-28 08:00:00,-2.8550925977257724,0.0,-20.972921022123753,0.0,-20.1693004570386,0.0,-5.547990829640563,0.0,0
2030-11-28 10:00:00,41.9794347103097,0.0,-51.53651762131189,0.0,-49.561790049045214,0.0,21.17837457106059,0.0,0
2030-11-28 12:00:00,-10.52350431617379,0.0,-17.6872785098965,0.0,-17.00955408915664,0.0,-10.544588418720657,0.0,0
2030-11-28 14:00:00,39.490619692262214,0.0,-36.32705537790754,0.0,-34.93510960459925,0.0,22.18421667310446,0.0,0
2030-11-28 16:00:00,-6.272659725876463,0.0,-12.51890224239643,0.0,-12.039214778563077,0.0,-6.5920175116930615,0.0,0
2030-11-28 18:00:00,-9.216449372676616,0.0,-16.627171959063478,0.0,-15.990067699174473,0.0,-9.461543007152684,0.0,0
2030-11-28 20:00:00,-11.256038418883943,0.0,-13.234405745597984,0.0,-12.727302294789922,0.0,-10.631773775317576,0.0,0
2030-11-28 22:00:00,-13.006303069979182,0.0,-9.820756884832408,0.0,-9.444454404647253,0.0,-11.64277473184254,0.0,0
2030-11-29 00:00:00,-22.623750524058117,0.0,3.815884243423418,0.0,3.669670797582251,0.0,-16.551444902586763,0.0,0
2030-11-29 02:00:00,-22.15360442152363,0.0,3.2456964296286657,0.0,3.1213309015212003,0.0,-16.335251975352737,0.0,0
2030-11-29 04:00:00,-42.00508541792174,0.0,26.52363991306134,0.0,25.50733214779759,0.0,-27.54658469300753,0.0,0
2030-11-29 06:00:00,-26.93353684066812,0.0,10.496340735989724,0.0,10.09415187232665,0.0,-18.519946966627096,0.0,0
2030-11-29 08:00:00,-20.221874474305956,0.0,4.011440776502554,0.0,3.857734180257947,0.0,-14.342645079461246,0.0,0
2030-11-29 10:00:00,41.00729514155378,0.0,-45.56924261186668,0.0,-43.82316344341805,0.0,21.543247807511577,0.0,0
2030-11-29 12:00:00,-12.397715448937996,0.0,-4.616729138734517,0.0,-4.439829675116492,0.0,-10.235797146408334,0.0,0
2030-11-29 14:00:00,-20.1273547609375,0.0,2.506824500237876,0.0,2.4107703683730186,0.0,-14.800468199667314,0.0,0
2030-11-29 16:00:00,-16.461834885891374,0.0,-3.9756087484338494,0.0,-3.8232751299738945,0.0,-13.802350729313622,0.0,0
2030-11-29 18:00:00,-14.08632570977444,0.0,-10.658088238578605,0.0,-10.249701686987647,0.0,-12.72789491607754,0.0,0
2030-11-29 20:00:00,-15.092287383723306,0.0,-4.210969918816536,0.0,-4.049617953482411,0.0,-12.401907272404813,0.0,0
2030-11-29 22:00:00,9.386491580680756,0.0,-15.810158724845165,0.0,-15.204360005861648,0.0,2.9625164372960078,0.0,0
2030-11-30 00:00:00,5.76322296396562,0.0,-9.545547472148428,0.0,-9.179790206123236,0.0,1.4633503432082078,0.0,0
2030-11-30 02:00:00,-13.08862539725645,0.0,15.02615282708699,0.0,14.450394905087466,0.0,-8.942788488489803,0.0,0
2030-11-30 04:00:00,-5.144751531600193,0.0,3.3516121900397065,0.0,3.2231882819315456,0.0,-5.014866954597958,0.0,0
2030-11-30 06:00:00,-6.677052078491979,0.0,15.066798513398776,0.0,14.489483168407535,0.0,-4.711043841529656,0.0,0
2030-11-30 08:00:00,-10.723250799062146,0.0,24.119110541021183,0.0,23.194937259584748,0.0,-6.618766876509797,0.0,0
2030-11-30 10:00:00,-25.986419814716783,0.0,49.97934868064633,0.0,48.06428723608359,0.0,-13.457532500695981,0.0,0
2030-11-30 12:00:00,-17.14540649040341,0.0,40.45687335096612,0.0,38.906685115880336,0.0,-8.432966261471119,0.0,0
2030-11-30 14:00:00,42.654253641280846,0.0,-29.08261065006301,0.0,-27.9682506627203,0.0,23.630146931057823,0.0,0
2030-11-30 16:00:00,-21.888557306569016,0.0,8.360909266675849,0.0,8.04054384774232,0.0,-16.092624969805396,0.0,0
2030-11-30 18:00:00,-18.60889489723671,0.0,2.587293752060413,0.0,2.488156275460044,0.0,-14.01059862590518,0.0,0
2030-11-30 20:00:00,-30.670134553663218,0.0,25.04205808236579,0.0,24.08252016936757,0.0,-19.761940128068016,0.0,0
2030-11-30 22:00:00,-14.206100367388494,0.0,19.910871096654333,0.0,19.147945156812526,0.0,-9.189481481866002,0.0,0
2030-12-01 00:00:00,0.9047911443271983,0.0,-5.839797792878164,0.0,-5.616033940558971,0.0,-1.754121933460821,0.0,0
2030-12-01 02:00:00,-11.126810359338625,0.0,10.893029867679132,0.0,10.475641044800327,0.0,-7.956242211638877,0.0,0
2030-12-01 04:00:00,-20.27111269829374,0.0,5.433806142469595,0.0,5.2255986944862265,0.0,-14.150171069188596,0.0,0
2030-12-01 06:00:00,-19.7365406849257,0.0,7.723557148860102,0.0,7.427613185981229,0.0,-13.708816344259512,0.0,0
2030-12-01 08:00:00,-26.85932015605542,0.0,15.996797482024268,0.0,15.383847315545356,0.0,-18.244732602022957,0.0,0
2030-12-01 10:00:00,36.64673124832012,0.0,-38.77074886245385,0.0,-37.2851679518715,0.0,19.351398402297804,0.0,0
2030-12-01 12:00:00,-24.083425981578507,0.0,5.614164356729365,0.0,5.399046113158238,0.0,-17.207503215176462,0.0,0
2030-12-01 14:00:00,29.274514358623033,0.0,-29.174445085146644,0.0,-28.05656627271806,0.0,15.494529849034848,0.0,0
2030-12-01 16:00:00,-10.9553091606034,0.0,-13.879451267140992,0.0,-13.34763157170581,0.0,-10.263217678469056,0.0,0
2030-12-01 18:00:00,-19.67109403063884,0.0,3.7466543656701585,0.0,3.603093604851866,0.0,-14.387911298315892,0.0,0
2030-12-01 20:00:00,-37.32679304719801,0.0,17.8928842199724,0.0,17.20728159396294,0.0,-25.18355012317401,0.0,0
2030-12-01 22:00:00,-54.67224724445225,0.0,53.90216138815384,0.0,51.836789313927184,0.0,-32.606602026374446,0.0,0
2030-12-02 00:00:00,-108.87528228223577,0.0,109.8118284669712,0.0,105.60416261286488,0.0,-63.33225084353129,0.0,0
2030-12-02 02:00:00,-58.94994162543031,0.0,72.1542528448029,0.0,69.38951438117805,0.0,-33.10983297306824,0.0,0
2030-12-02 04:00:00,-41.489311370119715,0.0,58.56421913797311,0.0,56.320210741251415,0.0,-22.820360494135404,0.0,0
2030-12-02 06:00:00,-27.389777861465912,0.0,37.41700889580908,0.0,35.983299313775944,0.0,-15.919530922918723,0.0,0
2030-12-02 08:00:00,-39.563679769445244,0.0,32.47738437469991,0.0,31.23294665636056,0.0,-25.32346706821841,0.0,0
2030-12-02 10:00:00,-6.3298129350386505,0.0,11.724179378061185,0.0,11.274943353808041,0.0,-3.916426247402872,0.0,0
2030-12-02 12:00:00,-0.6930677867683009,0.0,3.8560112450835753,0.0,3.7082602507190563,0.0,-1.3727829145781825,0.0,0
2030-12-02 14:00:00,44.214252687749706,0.0,-20.180085615886828,0.0,-19.406844168546275,0.0,26.418552961284103,0.0,0
2030-12-02 16:00:00,-50.38830473425166,0.0,52.88606602294884,0.0,50.85962773055941,0.0,-29.808178778013936,0.0,0
2030-12-02 18:00:00,-85.39327672658668,0.0,69.42827707805563,0.0,66.76798997739382,0.0,-52.31727410745171,0.0,0
2030-12-02 20:00:00,-109.04720556957469,0.0,116.78624803911303,0.0,112.31134296774209,0.0,-61.42131969434091,0.0,0
2030-12-02 22:00:00,-117.01900950306991,0.0,125.47384210316332,0.47384210316332087,120.66605401356057,0.0,-65.79941778835557,0.0,1
2030-12-03 00:00:00,-121.85806164750102,0.8580616475010174,128.81779370108129,3.8177937010812855,123.88187523469881,0.0,-68.73649514705988,0.0,2
2030-12-03 02:00:00,-130.6150448095626,9.61504480956259,139.36106008051522,14.361060080515216,134.0211546980163,9.02115469801629,-73.00303484245765,0.0,3
2030-12-03 04:00:00,-94.55950214471099,0.0,103.16562103588583,0.0,99.21261827643431,0.0,-52.9768930944444,0.0,0
2030-12-03 06:00:00,-109.2742795583447,0.0,116.99679514381802,0.0,112.51382252748861,0.0,-61.26917209423232,0.0,0
2030-12-03 08:00:00,-119.00513072164826,0.0,131.15358870649524,6.153588706495242,126.12816945478141,1.128169454781414,-66.17685951914795,0.0,2
2030-12-03 10:00:00,-39.31122536218257,0.0,44.55542870188,0.0,42.848195896623906,0.0,-21.80832048052217,0.0,0
2030-12-03 12:00:00,-37.812143877651934,0.0,45.18489725507317,0.0,43.45354506874054,0.0,-20.41975601755727,0.0,0
2030-12-03 14:00:00,-103.14049053615486,0.0,106.5198950454564,0.0,102.43836638481173,0.0,-57.96294399792524,0.0,0
2030-12-03 16:00:00,-109.28287396117875,0.0,123.04316591859697,0.0,118.32851418167107,0.0,-60.323970460937964,0.0,0
2030-12-03 18:00:00,-78.47875149423953,0.0,81.91512392512814,0.0,78.77637762897379,0.0,-44.6781305251839,0.0,0
2030-12-03 20:00:00,-110.41600225690775,0.0,117.50609215634287,0.0,113.00360477845149,0.0,-61.79030686443748,0.0,0
2030-12-03 22:00:00,-49.48762820241359,0.0,38.78453750445337,0.0,37.29842825371933,0.0,-30.13622327263197,0.0,0
2030-12-04 00:00:00,-89.88476785586512,0.0,78.81544329472263,0.0,75.79546763128857,0.0,-52.9242433748873,0.0,0
2030-12-04 02:00:00,-94.88259378208983,0.0,83.0218155372099,0.0,79.84066407785781,0.0,-55.515508172108866,0.0,0
2030-12-04 04:00:00,-112.7826593215479,0.0,101.19017781467082,0.0,97.31286822147166,0.0,-65.75621767738225,0.0,0
2030-12-04 06:00:00,-78.12862869564069,0.0,76.91611424933274,0.0,73.96891528110123,0.0,-44.96239281854962,0.0,0
2030-12-04 08:00:00,-62.187487675722465,0.0,56.6362832547282,0.0,54.466147682984435,0.0,-37.120359443002044,0.0,0
2030-12-04 10:00:00,-31.623848944743138,0.0,21.41495878679492,0.0,20.594400636436806,0.0,-20.260415134411822,0.0,0
2030-12-04 12:00:00,-62.86044566162335,0.0,59.73840608869796,0.0,57.44940630618602,0.0,-37.39870137521811,0.0,0
2030-12-04 14:00:00,-6.346930362578124,0.0,9.418589072788626,0.0,9.057696478714822,0.0,-4.71643950120321,0.0,0
2030-12-04 16:00:00,-46.00357916881585,0.0,28.15414664511589,0.0,27.075362663973323,0.0,-29.211944374996463,0.0,0
2030-12-04 18:00:00,-58.31019142509623,0.0,40.74925784293089,0.0,39.187866295230336,0.0,-36.86961299384366,0.0,0
2030-12-04 20:00:00,-66.76945847291412,0.0,64.09364350983346,0.0,61.637763856188386,0.0,-38.9950247473451,0.0,0
2030-12-04 22:00:00,-99.42698516211163,0.0,98.8896879754005,0.0,95.10052637754532,0.0,-57.73084510268508,0.0,0
2030-12-05 00:00:00,-99.47584665256018,0.0,105.54033435715036,0.0,101.49633957712435,0.0,-56.95737641535921,0.0,0
2030-12-05 02:00:00,-57.78593269006042,0.0,62.882959410500426,0.0,60.47346960589073,0.0,-33.32763360382962,0.0,0
2030-12-05 04:00:00,-36.67806609511802,0.0,30.93536229646369,0.0,29.75001032266985,0.0,-22.217592900034237,0.0,0
2030-12-05 06:00:00,-39.83076586838942,0.0,31.430687630320598,0.0,30.226356248542775,0.0,-24.84135115970509,0.0,0
2030-12-05 08:00:00,-40.22005576451616,0.0,25.014633611900337,0.0,24.05614652384107,0.0,-25.530194104416868,0.0,0
2030-12-05 10:00:00,-37.62293595717986,0.0,36.00741003046894,0.0,34.62771212546981,0.0,-21.717831817554835,0.0,0
2030-12-05 12:00:00,-33.388921564405024,0.0,40.74958930262633,0.0,39.18818505436659,0.0,-17.900550804932635,0.0,0
2030-12-05 14:00:00,-38.04804647716839,0.0,34.77929430150233,0.0,33.44665417424722,0.0,-21.785755877371496,0.0,0
2030-12-05 16:00:00,-38.74588427473373,0.0,36.54333126888257,0.0,35.14309844039807,0.0,-22.032616354374955,0.0,0
2030-12-05 18:00:00,-47.94311439071399,0.0,37.70326168374362,0.0,36.2585837379353,0.0,-28.311581797072552,0.0,0
2030-12-05 20:00:00,-45.922135901158995,0.0,36.60011774452229,0.0,35.19770902553611,0.0,-27.373657355404013,0.0,0
2030-12-05 22:00:00,-35.69329659619817,0.0,18.80314861501582,0.0,18.082667338257124,0.0,-22.351117586957812,0.0,0
2030-12-06 00:00:00,-46.885786784317304,0.0,53.8604179655688,0.0,51.79664537635472,0.0,-25.205270077456156,0.0,0
2030-12-06 02:00:00,-60.28327322141238,0.0,55.611544976516996,0.0,53.48067435758213,0.0,-34.28813524038014,0.0,0
2030-12-06 04:00:00,-84.57984281661612,0.0,74.84372165616773,0.0,71.97593066859108,0.0,-48.51984491404402,0.0,0
2030-12-06 06:00:00,-80.14565008668309,0.0,73.43271838159833,0.0,70.6189928838812,0.0,-45.89924350671847,0.0,0
2030-12-06 08:00:00,-86.70564516853551,0.0,86.7813288653267,0.0,83.45612392758693,0.0,-49.05494969011624,0.0,0
2030-12-06 10:00:00,-85.81864002126153,0.0,93.94210394431636,0.0,90.34251919513525,0.0,-47.541090203528455,0.0,0
2030-12-06 12:00:00,-34.311945205000775,0.0,53.85496040744089,0.0,51.791396935780895,0.0,-17.05045295445946,0.0,0
2030-12-06 14:00:00,-54.35546003567649,0.0,61.98914980738198,0.0,59.61390815435684,0.0,-29.43029348056585,0.0,0
2030-12-06 16:00:00,-16.760147821063235,0.0,23.35781140810292,0.0,22.46280886729657,0.0,-8.208080881784989,0.0,0
2030-12-06 18:00:00,-51.12459279917305,0.0,52.14772732055797,0.0,50.14957999272292,0.0,-28.2115995875923,0.0,0
2030-12-06 20:00:00,-57.99204886049107,0.0,59.07893340161736,0.0,56.815202670225645,0.0,-32.03856242933743,0.0,0
2030-12-06 22:00:00,-38.643098114245944,0.0,42.970494637851175,0.0,41.32399183805374,0.0,-20.60327884087345,0.0,0
2030-12-07 00:00:00,-46.89986944112751,0.0,56.27725558620433,0.0,54.12087689732648,0.0,-24.60828232797754,0.0,0
2030-12-07 02:00:00,-73.54707061886083,0.0,79.58822274664809,0.0,76.53863645057069,0.0,-40.23041680505092,0.0,0
2030-12-07 04:00:00,-48.16688673159519,0.0,38.693972411677265,0.0,37.21133334857021,0.0,-28.00116960245715,0.0,0
2030-12-07 06:00:00,-46.278293986741986,0.0,34.187491684568855,0.0,32.877527690644726,0.0,-27.52244799075459,0.0,0
2030-12-07 08:00:00,-52.95812579900149,0.0,35.47748868326186,0.0,34.118095803587735,0.0,-32.463102066994615,0.0,0
2030-12-07 10:00:00,-50.33684836911661,0.0,36.2511294899268,0.0,34.86209297303259,0.0,-30.369072973207757,0.0,0
2030-12-07 12:00:00,-16.019808410297788,0.0,20.804003088020092,0.0,20.006854960680496,0.0,-8.447145659349653,0.0,0
2030-12-07 14:00:00,-118.23884101053858,0.0,91.06450612630941,0.0,87.57518245054565,0.0,-70.01423251699784,0.0,0
2030-12-07 16:00:00,-118.35551447789254,0.0,88.9285935607519,0.0,85.52111176390876,0.0,-70.96520393712508,0.0,0
2030-12-07 18:00:00,-142.33587898395038,21.33587898395038,125.70337447441861,0.7033744744186095,120.88679138035756,0.0,-83.13395614227983,0.0,2
2030-12-07 20:00:00,-140.1638849835395,19.163884983539504,135.4254588210368,10.425458821036813,130.23635408784918,5.236354087849179,-79.77869271122603,0.0,3
2030-12-07 22:00:00,-122.63132984224981,1.6313298422498121,117.05401843744194,0.0,112.56885319303218,0.0,-69.65642644381822,0.0,1
2030-12-08 00:00:00,-138.0426787046793,17.042678704679304,131.95700817592746,6.957008175927456,126.90080425633903,1.900804256339029,-78.14084024069605,0.0,3
2030-12-08 02:00:00,-127.36328205573699,6.363282055736988,123.06586659447106,0.0,118.35034503450264,0.0,-72.16197289877742,0.0,1
2030-12-08 04:00:00,-125.0678540804211,4.0678540804211,121.51368296799689,0.0,116.85763651317522,0.0,-70.72395795253456,0.0,1
2030-12-08 06:00:00,-131.63657219264678,10.636572192646781,128.12483713489024,3.1248371348902424,123.21547072326052,0.0,-74.66346730811024,0.0,2
2030-12-08 08:00:00,-152.31134414285032,31.311344142850317,143.5241993000493,18.524199300049304,138.024774683744,13.024774683743999,-87.75704538467065,0.0,3
2030-12-08 10:00:00,-96.32392994172213,0.0,106.35807879147998,0.0,102.28275045311382,0.0,-53.3000528745042,0.0,0
2030-12-08 12:00:00,-147.54747070181193,26.547470701811932,144.49750025248255,19.497500252482553,138.96078161020125,13.960781610201252,-83.42073661061548,0.0,3
2030-12-08 14:00:00,-147.8211154148139,26.821115414813903,148.4494346402016,23.449434640201588,142.76128951123835,17.761289511238346,-83.08899672104947,0.0,3
2030-12-08 16:00:00,-147.60924368681387,26.60924368681387,139.68866756488222,14.688667564882223,134.33620922843676,9.336209228436758,-85.12761198207382,0.0,3
2030-12-08 18:00:00,-147.61127316255883,26.61127316255883,137.10180550504967,12.101805505049668,131.8484681040299,6.848468104029905,-85.42180926443086,0.0,3
2030-12-08 20:00:00,-96.67534449264795,0.0,105.54606207766643,0.0,101.50184782825929,0.0,-53.842947587963735,0.0,0
2030-12-08 22:00:00,-146.01397978475188,25.013979784751882,138.9232734157322,13.923273415732211,133.60014272887864,8.600142728878637,-83.23303054430102,0.0,3
2030-12-09 00:00:00,-159.0705764166669,38.07057641666691,150.40244609826954,25.402446098269536,144.63946732215265,19.639467322152655,-91.58780006936811,0.0,3
2030-12-09 02:00:00,-130.00496866578206,9.004968665782059,133.45201523539458,8.452015235394583,128.33852704831355,3.3385270483135514,-72.96837190241787,0.0,3
2030-12-09 04:00:00,-125.01731235984519,4.017312359845192,128.1877754645273,3.1877754645273058,123.27599744146897,0.0,-71.01851286602727,0.0,2
2030-12-09 06:00:00,-158.31342532362584,37.313425323625836,153.8595187220989,28.859518722098898,147.96407510464815,22.964075104648145,-90.4719213219869,0.0,3
2030-12-09 08:00:00,-184.17740127485655,63.17740127485655,167.43542317700576,42.43542317700576,161.01979088397252,36.01979088397252,-106.52035432726832,0.0,3
2030-12-09 10:00:00,-135.60425432501034,14.604254325010345,135.18915944917592,10.189159449175918,130.0091090119799,5.009109011979888,-77.28324318058074,0.0,3
2030-12-09 12:00:00,-150.00616531052776,29.006165310527763,143.60772092960406,18.607720929604056,138.1050960104384,13.105096010438388,-86.02512787300039,0.0,3
2030-12-09 14:00:00,-129.8320647758154,8.832064775815411,132.48157006807196,7.48157006807196,127.40526648169238,2.4052664816923794,-72.70582144457607,0.0,3
2030-12-09 16:00:00,-180.29343333817906,59.29343333817906,163.02960663906615,38.029606639066145,156.78279225995857,31.78279225995857,-104.51983104835467,0.0,3
2030-12-09 18:00:00,-180.10229491814755,59.10229491814755,153.50025655276553,28.500256552765535,147.61857880356112,22.61857880356112,-105.81975412558808,0.0,3
2030-12-09 20:00:00,-181.3616783935439,60.36167839354391,160.00800849480797,35.00800849480797,153.8769728575163,28.876972857516307,-105.85556224915298,0.0,3
2030-12-09 22:00:00,-186.7754498019358,65.77544980193579,164.79546568285315,39.79546568285315,158.48098878591446,33.48098878591446,-109.06717930535982,0.0,3
2030-12-10 00:00:00,-178.29843234362554,57.298432343625535,160.16332240916407,35.16332240916407,154.02633560009775,29.026335600097752,-103.8496413922294,0.0,3
2030-12-10 02:00:00,-155.07561691285193,34.07561691285193,135.01785311897726,10.017853118977257,129.8443666358309,4.844366635830909,-91.13866215337475,0.0,3
2030-12-10 04:00:00,-152.65703884855844,31.657038848558443,146.41308613764113,21.41308613764113,140.8029678859359,15.802967885935914,-87.17157990305913,0.0,3
2030-12-10 06:00:00,-179.5529428905839,58.55294289058389,160.09872472961905,35.09872472961905,153.9642131133828,28.96421311338281,-104.655439605311,0.0,3
2030-12-10 08:00:00,-135.06095918440056,14.06095918440056,96.24833585217897,0.0,92.56038308849672,0.0,-82.64283701852779,0.0,1
2030-12-10 10:00:00,-98.85251805515531,0.0,79.36221437835317,0.0,76.32128805731938,0.0,-59.81578139216497,0.0,0
2030-12-10 12:00:00,-105.21458844835092,0.0,88.08269104113215,0.0,84.7076217375278,0.0,-63.262500468634954,0.0,0
2030-12-10 14:00:00,-94.428064067573,0.0,61.88837887851413,0.0,59.5169984706974,0.0,-58.513258406759704,0.0,0
2030-12-10 16:00:00,-159.0969066262105,38.09690662621051,141.99816298382768,16.998162983827683,136.557211584748,11.55721158474799,-92.72715018011007,0.0,3
2030-12-10 18:00:00,-153.68746616799487,32.68746616799487,131.8033753888399,6.803375388839896,126.75305822518054,1.7530582251805384,-90.42663898333629,0.0,3
2030-12-10 20:00:00,-162.20454136242049,41.204541362420485,147.7463628688842,22.746362868884205,142.08515737954303,17.085157379543034,-94.06595118057994,0.0,3
2030-12-10 22:00:00,-169.97100339244224,48.97100339244224,152.20113725583934,27.201137255839342,146.3692379319868,21.36923793198679,-99.0659772630855,0.0,3
2030-12-11 00:00:00,-177.19249911705884,56.192499117058844,154.52450434144095,29.524504341440945,148.60358043354228,23.603580433542277,-103.80663532381868,0.0,3
2030-12-11 02:00:00,-151.12401435482994,30.12401435482994,137.45212122597638,12.452121225976384,132.18536075826444,7.185360758264437,-88.0268856424301,0.0,3
2030-12-11 04:00:00,-161.37259851598859,40.372598515988585,140.26996888633,15.269968886329991,134.8952367952688,9.8952367952688,-94.57582802215505,0.0,3
2030-12-11 06:00:00,-175.43840500929105,54.438405009291046,152.46656001717335,27.46656001717335,146.6244904748176,21.624490474817605,-102.85140399000335,0.0,3
2030-12-11 08:00:00,-169.3282806474569,48.32828064745689,151.4389450088725,26.43894500887251,145.63625064715035,20.636250647150348,-98.60659609735103,0.0,3
2030-12-11 10:00:00,-134.31370667584346,13.313706675843463,119.73012025870605,0.0,115.14241467403738,0.0,-79.38228531204291,0.0,1
2030-12-11 12:00:00,-192.15457835763596,71.15457835763596,166.67857384044237,41.67857384044237,160.2919417849485,35.291941784948506,-112.9392652968575,0.0,3
2030-12-11 14:00:00,-135.74880515155718,14.748805151557178,110.02321678209118,0.0,105.80745115032072,0.0,-81.46594682804371,0.0,1
2030-12-11 16:00:00,-66.81271012150381,0.0,71.91454455443227,0.0,69.15899100651653,0.0,-38.69114696857919,0.0,0
2030-12-11 18:00:00,-144.8440680776964,23.84406807769639,120.46687919201975,0.0,115.85094317489515,0.0,-86.536080392617,0.0,1
2030-12-11 20:00:00,-140.54907546071794,19.549075460717944,110.29551344133463,0.0,106.06931420353759,0.0,-84.77822654242428,0.0,1
2030-12-11 22:00:00,-152.59359974968567,31.593599749685666,133.39932583383123,8.399325833831227,128.28785654943957,3.2878565494395673,-90.72147393241089,0.0,3
2030-12-12 00:00:00,-162.50166099773753,41.50166099773753,139.95191286720961,14.951912867209614,134.58936774607702,9.589367746077016,-96.01867776977853,0.0,3
2030-12-12 02:00:00,-177.14072322324938,56.14072322324938,153.01920243958358,28.01920243958358,147.155957267218,22.155957267218014,-104.25023674282039,0.0,3
2030-12-12 04:00:00,-169.29774176919557,48.29774176919557,152.5025227515288,27.5025227515288,146.6590752231081,21.65907522310809,-98.75912702719222,0.0,3
2030-12-12 06:00:00,-186.5881403064199,65.58814030641989,168.397366554931,43.39736655493101,161.94487542472723,36.94487542472723,-108.3623681641591,0.0,3
2030-12-12 08:00:00,-173.32811681648414,52.32811681648414,158.31731788534177,33.317317885341765,152.25106453286082,27.251064532860823,-100.3816983998951,0.0,3
2030-12-12 10:00:00,-132.79218241588327,11.792182415883275,133.6841903412926,8.684190341292606,128.5618058879449,3.5618058879448995,-75.59502900213539,0.0,3
2030-12-12 12:00:00,-161.63941935269878,40.63941935269878,155.52348199391116,30.52348199391116,149.56428020451284,24.56428020451284,-92.49174844616478,0.0,3
2030-12-12 14:00:00,-175.94200666451246,54.94200666451246,157.37737078173114,32.377370781731145,151.34713343397146,26.347133433971464,-102.4221952510248,0.0,3
2030-12-12 16:00:00,-111.70639633759417,0.0,96.60792385478845,0.0,92.90619273788839,0.0,-66.96211211991694,0.0,0
2030-12-12 18:00:00,-163.51388299349622,42.513882993496225,139.1480646145319,14.148064614531904,133.81632059098507,8.816320590985072,-97.26573239507238,0.0,3
2030-12-12 20:00:00,-124.40666691603543,3.4066669160354337,114.02888325876997,0.0,109.65963228491785,0.0,-72.96020790585642,0.0,1
2030-12-12 22:00:00,-99.91798091043361,0.0,84.49723642437556,0.0,81.25955118196907,0.0,-60.16338507874646,0.0,0
2030-12-13 00:00:00,-124.30883855503222,3.3088385550322243,110.720001638356,0.0,106.47753726303219,0.0,-73.55802852284089,0.0,1
2030-12-13 02:00:00,-134.3742271346456,13.374227134645594,122.95167020247686,0.0,118.2405243119236,0.0,-78.88020693251227,0.0,1
2030-12-13 04:00:00,-96.15095835775067,0.0,102.33849161116186,0.0,98.41718201524216,0.0,-54.66276119959765,0.0,0
2030-12-13 06:00:00,-64.81844780720488,0.0,66.97446992514887,0.0,64.40820548774644,0.0,-37.472042715864156,0.0,0
2030-12-13 08:00:00,-67.89551030056457,0.0,80.7665304169198,0.0,77.67179484121519,0.0,-37.510146706207685,0.0,0
2030-12-13 10:00:00,-54.86429479542825,0.0,66.70031366998428,0.0,64.14455409284759,0.0,-30.145447240217013,0.0,0
2030-12-13 12:00:00,-51.695862341199046,0.0,62.302155037496675,0.0,59.914919945902255,0.0,-28.36876145129877,0.0,0
2030-12-13 14:00:00,-48.90297753449491,0.0,49.50647248224148,0.0,47.609530260908556,0.0,-28.46100047306124,0.0,0
2030-12-13 16:00:00,-67.24036897853644,0.0,58.432099233209385,0.0,56.19315328212468,0.0,-39.8266603606968,0.0,0
2030-12-13 18:00:00,-58.65345118684146,0.0,47.39357847645648,0.0,45.57759613062684,0.0,-35.15280065111518,0.0,0
2030-12-13 20:00:00,-61.3599252116415,0.0,59.33824080400022,0.0,57.064574176649366,0.0,-36.286125999820705,0.0,0
2030-12-13 22:00:00,-55.505460448972265,0.0,71.26351761005085,0.0,68.53290949726906,0.0,-30.13524564258559,0.0,0
2030-12-14 00:00:00,-66.60118100154207,0.0,81.63813113417521,0.0,78.5099983859837,0.0,-35.39429998778604,0.0,0
2030-12-14 02:00:00,-43.25548510703973,0.0,66.89267847962968,0.0,64.32954804953123,0.0,-21.030281640921523,0.0,0
2030-12-14 04:00:00,-50.237882998780904,0.0,76.60497452776994,0.0,73.6696975173146,0.0,-25.173318076085486,0.0,0
2030-12-14 06:00:00,-62.82487933624881,0.0,84.4143149637365,0.0,81.17980702748524,0.0,-33.07372960503505,0.0,0
2030-12-14 08:00:00,-28.94876714591318,0.0,49.154198913093495,0.0,47.27075477743022,0.0,-14.66975834405049,0.0,0
2030-12-14 10:00:00,-45.4915913656845,0.0,65.67117598307986,0.0,63.154849931136255,0.0,-24.25632726419338,0.0,0
2030-12-14 12:00:00,15.834557195596624,0.0,22.26995645488676,0.0,21.416637311987333,0.0,12.6014656032929,0.0,0
2030-12-14 14:00:00,-38.49708748376301,0.0,62.373133297484884,0.0,59.9831785280095,0.0,-19.66134694604475,0.0,0
2030-12-14 16:00:00,-80.56879639509737,0.0,94.13206153006125,0.0,90.52519816564876,0.0,-44.77198465450145,0.0,0
2030-12-14 18:00:00,-74.7239165889927,0.0,86.49535994945333,0.0,83.18111249834739,0.0,-41.498454690128156,0.0,0
2030-12-14 20:00:00,-87.63999295360331,0.0,98.28435624825289,0.0,94.51838917938673,0.0,-48.23315121503343,0.0,0
2030-12-14 22:00:00,-46.101517047245544,0.0,64.54387272218125,0.0,62.07074161111353,0.0,-23.79791227557046,0.0,0
2030-12-15 00:00:00,-62.79876633399937,0.0,80.54494720226648,0.0,77.4587020427507,0.0,-33.18954493922166,0.0,0
2030-12-15 02:00:00,-53.6430725362608,0.0,75.53243670423777,0.0,72.63825618439088,0.0,-27.381087645019072,0.0,0
2030-12-15 04:00:00,-87.66352211861931,0.0,99.99180701870341,0.0,96.16041546501918,0.0,-47.714771974310665,0.0,0
2030-12-15 06:00:00,-113.75919537840673,0.0,115.34484075524945,0.0,110.9251661658297,0.0,-63.733599138690174,0.0,0
2030-12-15 08:00:00,-124.90540772526789,3.9054077252678923,125.55999197923353,0.55999197923353,120.74890288010431,0.0,-70.54567362165723,0.0,2
2030-12-15 10:00:00,-107.4853820327893,0.0,106.08161447586245,0.0,102.01687943584068,0.0,-60.601873325015916,0.0,0
2030-12-15 12:00:00,-94.81487694156971,0.0,97.94249534689675,0.0,94.1896273809376,0.0,-52.98065141803815,0.0,0
2030-12-15 14:00:00,-100.20673086554447,0.0,102.26894809491404,0.0,98.3503032017206,0.0,-56.130988049006504,0.0,0
2030-12-15 16:00:00,-83.98223549977541,0.0,97.48778874565764,0.0,93.75234379747717,0.0,-46.51395126759885,0.0,0
2030-12-15 18:00:00,-82.56822231839553,0.0,93.3284085224087,0.0,89.75233877436754,0.0,-46.11664556436711,0.0,0
2030-12-15 20:00:00,-73.5691782455417,0.0,88.12575119034153,0.0,84.74903194863799,0.0,-40.48495874380753,0.0,0
2030-12-15 22:00:00,-76.3113532038403,0.0,94.94701301907894,0.0,91.30892311376505,0.0,-41.51674976052022,0.0,0
2030-12-16 00:00:00,-59.2127479112155,0.0,71.43459837585854,0.0,68.6974349519903,0.0,-32.207151302877904,0.0,0
2030-12-16 02:00:00,-49.410664975803314,0.0,55.2603086931764,0.0,53.142896414174196,0.0,-28.060364465225508,0.0,0
2030-12-16 04:00:00,-31.854056083192607,0.0,20.767357495408064,0.0,19.971613519250567,0.0,-20.167041821863698,0.0,0
2030-12-16 06:00:00,-24.060927781567244,0.0,10.604362771431862,0.0,10.198034821512284,0.0,-15.990708159506713,0.0,0
2030-12-16 08:00:00,-24.874913138879474,0.0,5.587534395826312,0.0,5.373436533927583,0.0,-17.492232410753186,0.0,0
2030-12-16 10:00:00,-27.180421950373653,0.0,4.37860187059208,0.0,4.210826742567901,0.0,-19.052878291982378,0.0,0
2030-12-16 12:00:00,-39.57227946779989,0.0,18.692611969664007,0.0,17.976366131607797,0.0,-25.72850591965586,0.0,0
2030-12-16 14:00:00,-31.58463034486479,0.0,4.469206209768007,0.0,4.297959390310375,0.0,-22.04240816504893,0.0,0
2030-12-16 16:00:00,-37.934793691939646,0.0,11.84835904374176,0.0,11.394364820427924,0.0,-25.826615445942135,0.0,0
2030-12-16 18:00:00,-76.23132408393529,0.0,48.08204971811422,0.0,46.23968718195819,0.0,-47.52029504167192,0.0,0
2030-12-16 20:00:00,-59.61097080066958,0.0,31.924001354607597,0.0,30.700767643799967,0.0,-38.18392132389401,0.0,0
2030-12-16 22:00:00,-42.081232545021855,0.0,33.615267229594586,0.0,32.32722919149586,0.0,-26.03848292022916,0.0,0
2030-12-17 00:00:00,-44.91710731605288,0.0,29.790036280998606,0.0,28.6485698269559,0.0,-28.284578788870697,0.0,0
2030-12-17 02:00:00,-31.59212604216957,0.0,2.3261751640516195,0.0,2.2370429827093083,0.0,-22.28119362898246,0.0,0
2030-12-17 04:00:00,-29.41248079703614,0.0,-4.492138617522187,0.0,-4.320013095738844,0.0,-21.32871158927866,0.0,0
2030-12-17 06:00:00,-48.77703862905845,0.0,7.888966384075438,0.0,7.586684426458763,0.0,-33.000309061457244,0.0,0
2030-12-17 08:00:00,-19.212120104318352,0.0,-13.81469052365673,0.0,-13.285352269181539,0.0,-15.892051773713817,0.0,0
2030-12-17 10:00:00,-25.43572585326,0.0,-5.293473784099261,0.0,-5.090643458788165,0.0,-19.186402791579386,0.0,0
2030-12-17 12:00:00,-50.0083497816689,0.0,24.13700229065453,0.0,23.212143450065994,0.0,-31.617121511231993,0.0,0
2030-12-17 14:00:00,28.49854782759001,0.0,-37.137428583763835,0.0,-35.71443169588103,0.0,14.096995044975152,0.0,0
2030-12-17 16:00:00,-18.125100198233675,0.0,-7.08032247833982,0.0,-6.809025373609992,0.0,-14.096679434054616,0.0,0
2030-12-17 18:00:00,-35.32716108860064,0.0,0.2008954360227282,0.0,0.19319771458238044,0.0,-24.75886386165052,0.0,0
2030-12-17 20:00:00,-44.63593365268393,0.0,2.1228214977892996,0.0,2.041481230030321,0.0,-30.477044299269632,0.0,0
2030-12-17 22:00:00,-27.536115882323216,0.0,-10.105532102706452,0.0,-9.718317874879205,0.0,-20.353353815912662,0.0,0
2030-12-18 00:00:00,-38.572718832507,0.0,7.204238062478858,0.0,6.928192877515526,0.0,-26.12285929630603,0.0,0
2030-12-18 02:00:00,-25.572394490647813,0.0,-5.707112747314156,0.0,-5.48843299516308,0.0,-18.361411578551177,0.0,0
2030-12-18 04:00:00,-20.755475285364128,0.0,-7.334848797926879,0.0,-7.053798994249734,0.0,-15.350763280217583,0.0,0
2030-12-18 06:00:00,-35.411839601799855,0.0,1.428723672144164,0.0,1.373979188838824,0.0,-24.390607958106024,0.0,0
2030-12-18 08:00:00,-22.76498847386377,0.0,-10.915190484114902,0.0,-10.49695253168062,0.0,-18.210854540442657,0.0,0
2030-12-18 10:00:00,-18.342415396144915,0.0,-4.171140517434306,0.0,-4.0113146974575145,0.0,-13.83232777266794,0.0,0
2030-12-18 12:00:00,-37.44590113553136,0.0,16.35214779904769,0.0,15.725581654982062,0.0,-24.19595099773865,0.0,0
2030-12-18 14:00:00,-36.484227346622355,0.0,7.4189275048931815,0.0,7.134656052789902,0.0,-25.079472214295663,0.0,0
2030-12-18 16:00:00,-47.68257781998097,0.0,18.770016184900967,0.0,18.0508044452842,0.0,-31.19744659012669,0.0,0
2030-12-18 18:00:00,-91.82608889330815,0.0,54.20136202537675,0.0,52.12452546392367,0.0,-57.21057621565287,0.0,0
2030-12-18 20:00:00,-102.34910868229164,0.0,58.036260168651296,0.0,55.81248160471354,0.0,-63.33139043466691,0.0,0
2030-12-18 22:00:00,-96.42640875107303,0.0,51.921177026603914,0.0,49.93171043880771,0.0,-59.54545588489913,0.0,0
2030-12-19 00:00:00,-131.81419716438924,10.814197164389242,84.74863049895964,0.0,81.50131257600941,0.0,-80.0860830953034,0.0,1
2030-12-19 02:00:00,-91.02254262647642,0.0,57.3418930903735,0.0,55.144720627857374,0.0,-55.375591507547114,0.0,0
2030-12-19 04:00:00,-73.12401406503332,0.0,48.336373616101795,0.0,46.484266137197864,0.0,-44.07276328864437,0.0,0
2030-12-19 06:00:00,-79.54063485651574,0.0,40.69094187300658,0.0,39.131784821524064,0.0,-49.9102765840469,0.0,0
2030-12-19 08:00:00,-78.62198754444137,0.0,46.19871976719716,0.0,44.42852088806349,0.0,-49.227060345894834,0.0,0
2030-12-19 10:00:00,-43.71550836691502,0.0,21.47297880171478,0.0,20.650197495262987,0.0,-28.142727941976492,0.0,0
2030-12-19 12:00:00,-29.61600332757088,0.0,7.6272003196663825,0.0,7.33494846669654,0.0,-20.05540601834227,0.0,0
2030-12-19 14:00:00,-16.3283847369767,0.0,0.42023002130880105,0.0,0.40412804453438245,0.0,-11.705509931448193,0.0,0
2030-12-19 16:00:00,-15.568453607306298,0.0,-6.126740644938668,0.0,-5.891981987619486,0.0,-12.397399040287356,0.0,0
2030-12-19 18:00:00,-16.235761578209196,0.0,-13.484714550657426,0.0,-12.968020003637418,0.0,-13.922149128462706,0.0,0
2030-12-19 20:00:00,-32.4076116875599,0.0,1.2199181087761133,0.0,1.1731744396945967,0.0,-22.952898086012365,0.0,0
2030-12-19 22:00:00,-61.0091046228581,0.0,27.529668041698486,0.0,26.474812241453122,0.0,-39.354563573867765,0.0,0
2030-12-20 00:00:00,-49.76663489602291,0.0,22.453620927547746,0.0,21.59326430297607,0.0,-32.02225390061099,0.0,0
2030-12-20 02:00:00,-48.324848661557084,0.0,21.670845555985657,0.0,20.840482578258232,0.0,-31.30387163283914,0.0,0
2030-12-20 04:00:00,-37.755597072156434,0.0,11.926979284421316,0.0,11.469972565033318,0.0,-24.874139083294253,0.0,0
2030-12-20 06:00:00,-42.70490771952972,0.0,20.349816718073313,0.0,19.570071674781282,0.0,-27.25784696117101,0.0,0
2030-12-20 08:00:00,-36.633645160148134,0.0,11.397896083293219,0.0,10.961162273940879,0.0,-24.147138335690034,0.0,0
2030-12-20 10:00:00,-33.781825164808005,0.0,3.7247543589314667,0.0,3.582032741872519,0.0,-23.4589272320393,0.0,0
2030-12-20 12:00:00,-17.539243412983488,0.0,-2.8332926062918355,0.0,-2.724729178101792,0.0,-12.978676617245748,0.0,0
2030-12-20 14:00:00,33.04196008659726,0.0,-37.135705126530624,0.0,-35.71277427645322,0.0,17.319326175063186,0.0,0
2030-12-20 16:00:00,-17.496185407322518,0.0,0.8595300504744969,0.0,0.82659539038875,0.0,-12.220578838586425,0.0,0
2030-12-20 18:00:00,-23.31178295839655,0.0,-4.312808764847905,0.0,-4.147554634864938,0.0,-17.251374816584256,0.0,0
2030-12-20 20:00:00,-13.328601007158191,0.0,-19.079155270100287,0.0,-18.34809823120084,0.0,-12.4129285186635,0.0,0
2030-12-20 22:00:00,-15.080981240001421,0.0,-6.60592372707542,0.0,-6.3528041853166615,0.0,-11.925750592021277,0.0,0
2030-12-21 00:00:00,-20.241559636429713,0.0,2.0669522547833736,0.0,1.9877527318728339,0.0,-14.414697737375658,0.0,0
2030-12-21 02:00:00,-23.174887093728437,0.0,0.3550161313681848,0.0,0.34141295879135036,0.0,-16.530535826261723,0.0,0
2030-12-21 04:00:00,-34.44316407761858,0.0,15.561044633111637,0.0,14.964791232443961,0.0,-22.475713433243627,0.0,0
2030-12-21 06:00:00,-21.901017474752404,0.0,-1.837768500930025,0.0,-1.767350624485652,0.0,-16.001131870540835,0.0,0
2030-12-21 08:00:00,-54.419421855117974,0.0,29.609506475108716,0.0,28.4749573915396,0.0,-34.71063043210484,0.0,0
2030-12-21 10:00:00,-35.149195530043144,0.0,12.655359755018184,0.0,12.170443641189518,0.0,-23.528679565695942,0.0,0
2030-12-21 12:00:00,-35.68421619487633,0.0,19.752775852981337,0.0,18.995907657262332,0.0,-22.519545376860417,0.0,0
2030-12-21 14:00:00,-38.40809625627841,0.0,18.387899476972553,0.0,17.683329324211023,0.0,-24.88983567621199,0.0,0
2030-12-21 16:00:00,-34.77090767363597,0.0,9.47287301956586,0.0,9.10990042452613,0.0,-23.921024550637128,0.0,0
2030-12-21 18:00:00,-53.53539842558933,0.0,25.063737332731947,0.0,24.10336873470851,0.0,-34.59345316862293,0.0,0
2030-12-21 20:00:00,-34.18480170767353,0.0,10.70279871429101,0.0,10.292698988949994,0.0,-23.009622558584994,0.0,0
2030-12-21 22:00:00,-47.182481083691066,0.0,16.337086391391566,0.0,15.711097356109152,0.0,-31.38718919520543,0.0,0
2030-12-22 00:00:00,-67.97769165802083,0.0,41.502667099296175,0.0,39.91240712779802,0.0,-42.309135990103144,0.0,0
2030-12-22 02:00:00,-88.674726933893,0.0,54.009949440257934,0.0,51.94044724532697,0.0,-55.37251706966058,0.0,0
2030-12-22 04:00:00,-105.92959261030015,0.0,73.334199575454,0.0,70.52424902823525,0.0,-64.57805291149442,0.0,0
2030-12-22 06:00:00,-110.63982281362003,0.0,68.88282085524554,0.0,66.24343403058936,0.0,-68.3788790100272,0.0,0
2030-12-22 08:00:00,-164.98660070811385,43.986600708113855,106.49564459278074,0.0,102.41504513806117,0.0,-101.39813450237261,0.0,1
2030-12-22 10:00:00,-97.62026460539184,0.0,60.55699317713268,0.0,58.23662754825686,0.0,-60.40486285845117,0.0,0
2030-12-22 12:00:00,-136.97616315206176,15.976163152061758,84.63820287293362,0.0,81.3951162113863,0.0,-83.80250193701724,0.0,1
2030-12-22 14:00:00,-132.32023816270248,11.32023816270248,90.66578796305032,0.0,87.19174199301615,0.0,-79.81784283296099,0.0,1
2030-12-22 16:00:00,-135.39766531078703,14.397665310787033,90.79786076540684,0.0,87.31875415456108,0.0,-82.67545667878451,0.0,1
2030-12-22 18:00:00,-168.62020447628976,47.62020447628976,119.42740607729539,0.0,114.8512996085185,0.0,-102.7272106943011,0.0,1
2030-12-22 20:00:00,-140.0990032091662,19.0990032091662,84.86510309959007,0.0,81.61332228961338,0.0,-86.25175969637928,0.0,1
2030-12-22 22:00:00,-98.67584754185772,0.0,61.572162633844286,0.0,59.21289870121777,0.0,-60.66556968136399,0.0,0
2030-12-23 00:00:00,-125.03577575508709,4.035775755087087,69.65019027776007,0.0,66.98140011685413,0.0,-77.19556551259339,0.0,1
2030-12-23 02:00:00,-148.74169601600278,27.741696016002777,92.39961145957935,0.0,88.8591304795354,0.0,-90.53011427406491,0.0,1
2030-12-23 04:00:00,-164.4210559909952,43.4210559909952,104.41730328302845,0.0,100.41633974626328,0.0,-99.79469574245896,0.0,1
2030-12-23 06:00:00,-150.1267721548075,29.126772154807497,101.69959343722434,0.0,97.80276453767638,0.0,-91.00966225759183,0.0,1
2030-12-23 08:00:00,-141.50531121558797,20.505311215587966,92.68208062425074,0.0,89.13077625773181,0.0,-86.56894732745647,0.0,1
2030-12-23 10:00:00,-135.66883936877184,14.668839368771842,98.1243890993595,0.0,94.36455150051117,0.0,-81.40406112803743,0.0,1
2030-12-23 12:00:00,-168.99630070837136,47.996300708371365,142.74569779310838,17.745697793108377,137.27610306174222,12.27610306174222,-98.50624332776493,0.0,3
2030-12-23 14:00:00,-184.13528992968378,63.13528992968378,161.81358938104103,36.81358938104103,155.61336920190286,30.613369201902856,-106.88433287585237,0.0,3
2030-12-23 16:00:00,-180.44249802966726,59.44249802966726,155.64494477123077,30.64494477123077,149.6810888859322,24.681088885932212,-105.31626446412496,0.0,3
2030-12-23 18:00:00,-171.8842712172682,50.88427121726821,124.727430513509,0.0,119.94824271772475,0.0,-102.95010446890004,0.0,1
2030-12-23 20:00:00,-153.7174643193471,32.7174643193471,111.80554244309796,0.0,107.52148334122126,0.0,-91.42983144918816,0.0,1
2030-12-23 22:00:00,-159.62006717494518,38.62006717494518,138.73603218697997,13.736032186979969,133.4200760325578,8.420076032557802,-92.5503740635281,0.0,3
2030-12-24 00:00:00,-164.7219281212826,43.72192812128259,138.04977217881105,13.049772178811054,132.76011148676065,7.76011148676065,-96.357974163633,0.0,3
2030-12-24 02:00:00,-140.46960078292835,19.469600782928353,103.9805040344625,0.0,99.99627735846127,0.0,-84.07286625415263,0.0,1
2030-12-24 04:00:00,-134.58230829639942,13.582308296399418,95.5384928439615,0.0,91.8777391737572,0.0,-80.93610508867407,0.0,1
2030-12-24 06:00:00,-76.09128066112535,0.0,37.240891654459105,0.0,35.813930366422014,0.0,-47.69844665980837,0.0,0
2030-12-24 08:00:00,-39.49753727095796,0.0,5.543647647329747,0.0,5.331231396380259,0.0,-26.49416554785275,0.0,0
2030-12-24 10:00:00,-60.59003852691592,0.0,32.308795023948406,0.0,31.070817153008264,0.0,-38.09880589950609,0.0,0
2030-12-24 12:00:00,-104.64288928544345,0.0,64.63839199446203,0.0,62.161639183254294,0.0,-64.21771829538217,0.0,0
2030-12-24 14:00:00,-111.2954909130893,0.0,84.1669440550082,0.0,80.94191464343393,0.0,-66.49836643291657,0.0,0
2030-12-24 16:00:00,-72.34494821983202,0.0,44.84424553000349,0.0,43.12594611450382,0.0,-44.98700200129543,0.0,0
2030-12-24 18:00:00,-66.10400297530408,0.0,28.50754342342945,0.0,27.415218318549815,0.0,-42.100247595821315,0.0,0
2030-12-24 20:00:00,-37.33776221488865,0.0,14.326923979387153,0.0,13.777958447494832,0.0,-24.565980366741165,0.0,0
2030-12-24 22:00:00,-45.64596802493881,0.0,42.93825978406973,0.0,41.292992128932546,0.0,-26.529445418655236,0.0,0
2030-12-25 00:00:00,-61.30641038169199,0.0,58.95017129810522,0.0,56.69137435129588,0.0,-35.09596104421552,0.0,0
2030-12-25 02:00:00,-97.03199493892524,0.0,91.79777697421486,0.0,88.28035651915486,0.0,-55.89401219241286,0.0,0
2030-12-25 04:00:00,-86.12910122669513,0.0,89.61950753292474,0.0,86.18555194751596,0.0,-48.30815769036712,0.0,0
2030-12-25 06:00:00,-5.874947960637602,0.0,24.779024383024726,0.0,23.829565146710472,0.0,-1.292363551628465,0.0,0
2030-12-25 08:00:00,-79.25223089493021,0.0,79.49381088532795,0.0,76.4478421737189,0.0,-45.03189943484554,0.0,0
2030-12-25 10:00:00,-46.79642641799198,0.0,53.59049619174243,0.0,51.53706620994009,0.0,-25.602070545723123,0.0,0
2030-12-25 12:00:00,-118.74877623773591,0.0,108.29454523589654,0.0,104.14501720657229,0.0,-68.00291221447583,0.0,0
2030-12-25 14:00:00,-137.12287810137542,16.12287810137542,130.3292220659993,5.329222065999289,125.3353901160626,0.33539011606259805,-78.03805068051527,0.0,3
2030-12-25 16:00:00,-101.62869584797261,0.0,87.77272333513355,0.0,84.40953108112024,0.0,-59.004903891786505,0.0,0
2030-12-25 18:00:00,-64.42938604184248,0.0,44.949199559008484,0.0,43.22687861422303,0.0,-38.496176239114526,0.0,0
2030-12-25 20:00:00,-18.635950598032718,0.0,10.057959046207843,0.0,9.672567677795698,0.0,-11.523944651684342,0.0,0
2030-12-25 22:00:00,-35.30233399492701,0.0,20.053936811577085,0.0,19.28552901489007,0.0,-21.475241490623592,0.0,0
2030-12-26 00:00:00,-8.705493588713988,0.0,-6.214873667498438,0.0,-5.976738012320052,0.0,-6.607505610180169,0.0,0
2030-12-26 02:00:00,-46.98253471098681,0.0,41.21672412915322,0.0,39.63742065012488,0.0,-26.303071533178635,0.0,0
2030-12-26 04:00:00,-49.764702998349236,0.0,30.151514817626186,0.0,28.996197570669835,0.0,-30.128734674315098,0.0,0
2030-12-26 06:00:00,-64.67316256991109,0.0,40.18820519619902,0.0,38.64831153353475,0.0,-39.08661127081888,0.0,0
2030-12-26 08:00:00,-37.08591345880759,0.0,18.42860880439354,0.0,17.722478790100517,0.0,-22.512856168519207,0.0,0
2030-12-26 10:00:00,35.00032109353466,0.0,-41.867023710709574,0.0,-40.26280266694835,0.0,18.48061135523365,0.0,0
2030-12-26 12:00:00,-8.02614422251148,0.0,-3.323825677413311,0.0,-3.1964664666333684,0.0,-6.2512180772655395,0.0,0
2030-12-26 14:00:00,45.31771727481187,0.0,-44.742361468083075,0.0,-43.027965949771854,0.0,25.128620240953357,0.0,0
2030-12-26 16:00:00,44.73006240688717,0.0,-48.42278659082619,0.0,-46.56736802123027,0.0,23.808458946110292,0.0,0
2030-12-26 18:00:00,-6.970003415670572,0.0,-16.39229950087734,0.0,-15.764194861850484,0.0,-7.600596454759448,0.0,0
2030-12-26 20:00:00,-11.743617778303685,0.0,-12.546744488948995,0.0,-12.0659901922274,0.0,-10.470841510987071,0.0,0
2030-12-26 22:00:00,-15.307713593148316,0.0,-12.883722682444812,0.0,-12.390056373801118,0.0,-12.79962191872,0.0,0
2030-12-27 00:00:00,-22.026357614917192,0.0,-4.85204155463302,0.0,-4.666125612269163,0.0,-15.802573397766745,0.0,0
2030-12-27 02:00:00,-11.47744264143499,0.0,-1.8422520359857937,0.0,-1.7716623636828084,0.0,-8.007608729447014,0.0,0
2030-12-27 04:00:00,8.40742821049667,0.0,-20.913333806961177,0.0,-20.111996448467536,0.0,3.2694298464529945,0.0,0
2030-12-27 06:00:00,13.924563618505811,0.0,-20.17072908638252,0.0,-19.397846153696214,0.0,7.352938340079576,0.0,0
2030-12-27 08:00:00,4.258468980529309,0.0,-23.958912870782264,0.0,-23.04087789226245,0.0,0.1163717959078421,0.0,0
2030-12-27 10:00:00,18.492597703766428,0.0,-25.869379749053632,0.0,-24.87814130637765,0.0,9.886119642204056,0.0,0
2030-12-27 12:00:00,-6.814880372302225,0.0,-3.7438111527027393,0.0,-3.6003593354315946,0.0,-5.475129255885824,0.0,0
2030-12-27 14:00:00,-4.437869665624565,0.0,-16.792947254241056,0.0,-16.14949097327463,0.0,-5.767254863049428,0.0,0
2030-12-27 16:00:00,-6.2035362132450675,0.0,-13.028212963072184,0.0,-12.52901021242111,0.0,-6.68258098268607,0.0,0
2030-12-27 18:00:00,0.5041375583123471,0.0,-20.159656569630684,0.0,-19.387197903175952,0.0,-2.6660547817304883,0.0,0
2030-12-27 20:00:00,-12.096325598872086,0.0,-4.385267463508792,0.0,-4.217236929595231,0.0,-9.262764542729071,0.0,0
2030-12-27 22:00:00,-7.927456422467806,0.0,-15.297607725204754,0.0,-14.711448450985717,0.0,-7.995548473289139,0.0,0
2030-12-28 00:00:00,-17.420916335527018,0.0,-0.7725909445448211,0.0,-0.7429875349491839,0.0,-12.858451992462562,0.0,0
2030-12-28 02:00:00,-12.993147150553018,0.0,-9.673389294736877,0.0,-9.302733506583927,0.0,-10.962313983103169,0.0,0
2030-12-28 04:00:00,-16.220556203145335,0.0,4.056818802507673,0.0,3.9013734539517584,0.0,-11.352483538534914,0.0,0
2030-12-28 06:00:00,-12.60399461102783,0.0,-6.28193924344804,0.0,-6.041233832917718,0.0,-10.326328162786336,0.0,0
2030-12-28 08:00:00,-8.769962770840822,0.0,-10.723700618744239,0.0,-10.312799993983926,0.0,-8.450706567831325,0.0,0
2030-12-28 10:00:00,-10.091722816482166,0.0,-8.341847979811352,0.0,-8.022212933252087,0.0,-8.703038123811858,0.0,0
2030-12-28 12:00:00,-1.3794538194661186,0.0,-13.337861442109116,0.0,-12.826793873703721,0.0,-2.621324454517881,0.0,0
2030-12-28 14:00:00,-12.18173206558117,0.0,2.3455567385796474,0.0,2.2556819123831224,0.0,-8.286160367319392,0.0,0
2030-12-28 16:00:00,-7.634591904044909,0.0,-13.177323478758112,0.0,-12.672407252299294,0.0,-7.725724282077344,0.0,0
2030-12-28 18:00:00,-10.355854930586826,0.0,-11.336339376199039,0.0,-10.901964238568551,0.0,-9.234101104697741,0.0,0
2030-12-28 20:00:00,-12.313698050105735,0.0,-7.350042554205812,0.0,-7.068410570535978,0.0,-10.061919076024498,0.0,0
2030-12-28 22:00:00,-10.369979606109082,0.0,-12.638462214359802,0.0,-12.154193564523343,0.0,-9.312018166410615,0.0,0
2030-12-29 00:00:00,-16.110122627313675,0.0,2.1502641326170044,0.0,2.0678723439141997,0.0,-11.231308828198413,0.0,0
2030-12-29 02:00:00,-19.68757608297419,0.0,7.819566863197854,0.0,7.519944090828879,0.0,-12.85346246148574,0.0,0
2030-12-29 04:00:00,-4.867516160543606,0.0,-14.244859581453625,0.0,-13.699038515597785,0.0,-5.0509433744797585,0.0,0
2030-12-29 06:00:00,-10.682303765751673,0.0,-0.027360434833097802,0.0,-0.026312063551022113,0.0,-7.378797080633462,0.0,0
2030-12-29 08:00:00,-7.144293421178402,0.0,-6.089216460879419,0.0,-5.8558956197788605,0.0,-5.71219684521004,0.0,0
2030-12-29 10:00:00,22.452876614999912,0.0,-13.985942153671086,0.0,-13.450042041096145,0.0,14.548386834624681,0.0,0
2030-12-29 12:00:00,-14.056039231310029,0.0,-0.9005370766413954,0.0,-0.8660311480848444,0.0,-9.668817540860454,0.0,0
2030-12-29 14:00:00,62.17436166180239,0.0,-47.589603042331476,0.0,-45.76610961246,0.0,36.87234797618549,0.0,0
2030-12-29 16:00:00,-14.94851583705314,0.0,3.4928973480081202,0.0,3.3590598087531625,0.0,-9.853129099992818,0.0,0
2030-12-29 18:00:00,-14.436314902519342,0.0,-0.8892892385118403,0.0,-0.8552142939858101,0.0,-10.601182805811856,0.0,0
2030-12-29 20:00:00,-10.497793589973503,0.0,-14.235387425249064,0.0,-13.689929304522005,0.0,-8.88573182938498,0.0,0
2030-12-29 22:00:00,-21.593527136192407,0.0,8.97789020623611,0.0,8.633883894802603,0.0,-13.133699083192962,0.0,0
2030-12-30 00:00:00,-62.903651381383526,0.0,52.20771743866308,0.0,50.20727146618246,0.0,-35.90214578694775,0.0,0
2030-12-30 02:00:00,-35.20836155972221,0.0,35.423159205827766,0.0,34.06584807172017,0.0,-19.3966875929965,0.0,0
2030-12-30 04:00:00,-23.50789044032386,0.0,21.13480859085584,0.0,20.32498497092077,0.0,-13.223857438195164,0.0,0
2030-12-30 06:00:00,-14.127125530275194,0.0,9.317485519897925,0.0,8.96046691620539,0.0,-8.42624295385231,0.0,0
2030-12-30 08:00:00,-9.449151343812556,0.0,-1.7596458302014333,0.0,-1.6922213844160927,0.0,-6.6227093791842,0.0,0
2030-12-30 10:00:00,-7.833606602657535,0.0,8.86915279651516,0.0,8.529312982373714,0.0,-3.770509922453887,0.0,0
2030-12-30 12:00:00,-9.715162327315884,0.0,4.401448886994776,0.0,4.232798328590019,0.0,-5.211114486443021,0.0,0
2030-12-30 14:00:00,-10.25963391136968,0.0,4.658402587849047,0.0,4.479906320395789,0.0,-5.945773395379352,0.0,0
2030-12-30 16:00:00,-16.66721409560538,0.0,9.337037536186692,0.0,8.979269756813657,0.0,-9.60673218859806,0.0,0
2030-12-30 18:00:00,-15.473118520447446,0.0,-0.2322653436084421,0.0,-0.22336561969861535,0.0,-10.837062417264132,0.0,0
2030-12-30 20:00:00,-30.80315370238506,0.0,9.556798451376737,0.0,9.190610080963378,0.0,-19.88231717824726,0.0,0
2030-12-30 22:00:00,-42.42457080228095,0.0,27.727399993971723,0.0,26.664967687666298,0.0,-25.649538502315846,0.0,0
2030-12-31 00:00:00,-43.44706325657715,0.0,17.483722664812493,0.0,16.81379790455301,0.0,-27.493931307397546,0.0,0
2030-12-31 02:00:00,-65.0957386948248,0.0,51.03927091950679,0.0,49.083596376385245,0.0,-38.18814807562285,0.0,0
2030-12-31 04:00:00,-47.46091458391191,0.0,32.69319313255963,0.0,31.440486258209162,0.0,-28.458388432307657,0.0,0
2030-12-31 06:00:00,-54.43851642362381,0.0,21.957161633647257,0.0,21.115827867068695,0.0,-35.87651647250644,0.0,0
2030-12-31 08:00:00,-47.00079655299108,0.0,21.235552553062657,0.0,20.42186872120232,0.0,-30.80659983302571,0.0,0
2030-12-31 10:00:00,-40.75996833772115,0.0,24.661139312244522,0.0,23.71619708465301,0.0,-25.626925414621237,0.0,0
2030-12-31 12:00:00,-60.36368770517868,0.0,31.94427560064654,0.0,30.72026504044152,0.0,-39.12136855029558,0.0,0
2030-12-31 14:00:00,-38.22325362619673,0.0,19.170561974041757,0.0,18.43600249945415,0.0,-24.573626734083618,0.0,0
2030-12-31 16:00:00,-32.934911338239004,0.0,8.6706780941673,0.0,8.338443246081258,0.0,-22.495912485330187,0.0,0
2030-12-31 18:00:00,-22.97794525106741,0.0,7.98191921771992,0.0,7.676075581278771,0.0,-15.26752377232616,0.0,0
2030-12-31 20:00:00,-19.17086584436334,0.0,-7.3699525601856415,0.0,-7.087557683724681,0.0,-14.777170736106669,0.0,0
2030-12-31 22:00:00,-23.884475786353008,0.0,-0.8539559992860415,0.0,-0.8212349204253968,0.0,-17.66278111529432,0.0,0
