StartTime,R_MW,observed_MW,n_units_cut,n_units_available,band0_MW,band1_MW,band2_MW,band3_MW,band5_MW,band10_MW,bandinf_MW
2026-06-11 04:00:00,5.78226800347642,25.118000000000006,13,15,21.865741742615064,21.865741742615064,21.865741742615064,21.865741742615064,21.865741742615064,21.865741742615064,21.865741742615064
2026-06-11 04:30:00,5.25204881395594,23.399000000000004,13,15,21.7626995884394,21.7626995884394,21.7626995884394,21.7626995884394,21.7626995884394,19.676212276906295,19.676212276906295
2026-06-11 05:00:00,4.547552440605114,20.991000000000003,12,15,18.843506816727338,18.843506816727338,18.843506816727338,18.843506816727338,16.945855893923493,18.843506816727338,16.945855893923493
2026-06-11 05:30:00,4.615000145706623,21.691000000000003,12,15,21.103539433180583,21.103539433180583,19.122987110237442,19.122987110237442,19.122987110237442,17.855970122627788,17.855970122627788
2026-06-11 06:00:00,2.614619250638436,12.002000000000002,10,15,11.956203054925767,10.834090714959636,10.834090714959636,10.834090714959636,10.834090714959636,10.834090714959636,9.956908098930406
2026-06-11 06:30:00,3.3299005226666627,14.621,15,15,15.25690187160612,13.797972429657973,13.797972429657973,13.797972429657973,13.797972429657973,13.797972429657973,12.69104624467125
2026-06-11 07:00:00,5.112913992836587,22.525,15,15,24.501919834377084,23.38041524428679,22.206760993503256,21.352522298185104,21.352522298185104,21.18617232801757,19.870508963920287
2026-06-11 07:30:00,5.404716085929051,24.012000000000004,15,15,22.626601861362843,24.714889240668004,24.714763909738753,21.08229078590312,22.686879131085824,22.395300711282896,21.08229078590312
2026-06-11 08:00:00,8.671987237820854,39.900000000000006,15,15,37.62750392326221,37.62760512557983,37.62750392326221,39.655419577024084,37.62750392326221,34.387688089325486,34.387688089325486
2026-06-11 08:30:00,14.20174392101424,65.43900000000001,13,15,68.64511753079935,62.472746958221194,62.25962768221978,61.340321413288045,61.340321413288045,60.44486217956826,57.76250788271772
2026-06-11 09:00:00,20.38694359703352,94.507,15,15,90.08042012116117,91.34932643948227,89.80007947754085,92.10847374656628,87.66084180034824,90.08042012116117,85.9851958435645
2026-06-11 09:30:00,23.540763932133064,108.24799999999998,15,15,108.69139004483088,104.26002968035041,112.58687960618232,101.13580757867763,103.40338396420303,99.79551201311246,99.79551201311246
2026-06-11 10:00:00,0.6467713605199505,2.6799999999999997,1,15,2.6799999999999997,2.6799999999999997,2.1947066910360764,2.6799999999999997,2.1947066910360764,2.6799999999999997,2.1947066910360764
2026-06-11 10:30:00,0.6467713605199505,2.6799999999999997,1,15,2.6799999999999997,2.6799999999999997,2.6799999999999997,2.6799999999999997,2.6799999999999997,2.6799999999999997,2.1947066910360764
2026-06-11 11:00:00,0.6038141582167595,2.501999999999999,1,15,2.501999999999999,2.501999999999999,2.501999999999999,2.501999999999999,2.501999999999999,2.501999999999999,2.048938858571739
2026-06-11 11:30:00,22.702598327711197,105.84700000000001,14,15,103.38630284853431,103.89652496436216,99.90430809876233,101.78692656272167,101.78692656272167,98.96068919077935,97.25402084847843
2026-06-11 12:00:00,22.09360447533678,103.50200000000001,14,15,98.1759463094063,101.87674078395898,96.57777686099088,95.0376390387024,95.0376390387024,97.30029507312504,95.0372804798162
2026-06-11 12:30:00,20.78705167915289,97.15800000000002,14,15,96.61044602879117,89.85786571623758,89.03335137901307,92.20294988380763,90.65346319465048,89.03335137901307,89.03335137901307
2026-06-11 13:00:00,19.75155080259895,93.158,13,15,90.20225164167306,93.88221135075241,94.6130273732987,90.37698462655672,86.87587766052862,88.29232387013731,84.89914043952942
2026-06-11 13:30:00,22.73482773439793,105.35900000000001,14,15,100.68388611278831,98.12806150603129,98.12806150603129,100.2743294400853,98.12857834971736,98.12806150603129,98.12806150603129
2026-06-11 14:00:00,22.077536504026337,101.563,14,15,100.54517848514006,102.62323995320743,103.74254617468769,97.64190456696899,97.6418642469903,94.22784397689806,94.22784397689806
2026-06-11 14:30:00,24.597484728361028,112.704,14,15,111.10383672697172,112.0550379233459,104.44464055229044,107.88605280054759,106.8215831863737,108.57122350290851,104.44464055229044
2026-06-11 15:00:00,24.99379049100951,115.50799999999998,14,15,111.44948704601393,111.9973367638438,118.53715273257328,115.08158812004636,119.49643563209173,108.19729794304187,105.9965183618999
2026-06-11 15:30:00,25.51896384827064,118.33100000000002,14,15,115.90386285414311,117.3097058854906,108.31961832067898,113.30985922049463,110.15905909481123,116.21399349256829,108.31961832067898
2026-06-11 16:00:00,20.687137765113544,94.722,14,15,92.5705923676661,88.66009610105847,93.84239917828242,89.93855420666071,89.9389006911897,88.78805950027876,86.15605562490046
2026-06-11 16:30:00,13.853728957817928,62.63999999999999,14,15,60.08227380843354,61.3226474266156,61.02188249315247,60.08222642410771,57.91313221228686,58.993997714499535,56.025341211374716
2026-06-11 17:30:00,11.673417223718214,51.97999999999999,13,15,54.411378131600884,52.08288071142678,48.20210814457548,51.527714898535926,50.87202890403745,48.20210814457548,47.19209186967558
2026-06-11 18:00:00,23.126412668861295,103.738,13,15,102.28054725332714,104.29612503924557,105.75297004235031,102.28128490627607,105.75297004235031,100.25264892199671,97.10574658395173
2026-06-11 18:30:00,19.927097976969282,89.41199999999999,15,15,89.22016940634055,86.04321487634043,84.4039123174026,86.47420289653681,86.16416957591265,87.4558222997596,83.11190226837634
2026-06-11 19:00:00,12.54806966128026,59.31699999999999,14,15,61.50385901354927,53.46312383585587,56.830614123099025,55.35210970595805,54.03043638744499,54.40928962390839,52.14087381540888
2026-06-11 19:30:00,6.436391546007745,30.619,11,15,26.190059114205255,30.52911088617765,29.50275578654166,30.124566788486646,27.623456730985467,26.19006805853288,25.897619159447522
2026-06-11 20:00:00,2.4006854084888563,10.978000000000005,5,15,10.97788896753081,10.97788896753081,9.947621814265032,9.892016889863179,10.97788896753081,9.947621814265032,9.256843268140678
2026-06-11 20:30:00,2.5152808477529263,11.502,5,15,11.501912650091638,11.5020385121592,11.501912650091638,11.501912650091638,11.501912650091638,10.42246624303011,9.684146919883752
2026-06-11 21:00:00,2.6827876598365403,12.267999999999997,5,15,12.26802446770606,12.267890223769843,12.267890223769843,12.267890223769843,11.11655736052052,11.11655736052052,10.655964623139909
2026-06-11 21:30:00,3.652653935260308,16.703000000000007,5,15,16.702908759437424,17.10498799739248,16.702908759437424,15.135352528021633,16.702908759437424,15.135352528021635,14.8914572859041
2026-06-11 22:00:00,0.7761014827204854,3.5490000000000026,3,15,3.5489782752763293,3.548968088327958,3.215899931034039,3.548968088327958,3.5489782752763293,3.215899931034039,3.063769444563631
2026-06-11 22:30:00,0.03301964954787836,0.15100000000000025,2,15,0.15100000000000025,0.15099273115987288,0.1509931645689987,0.15099273115987288,0.15099273115987288,0.13682216961056104,0.11204646683819824
2026-06-11 23:00:00,3.1409384686825663,14.362999999999998,4,15,16.412213479913596,14.362928870696102,14.36297009800816,14.362928870696102,14.362928870696102,13.014978104939791,12.876557051843172
2026-06-11 23:30:00,3.978059646106361,17.334999999999997,12,15,20.891875964924264,16.48372284603685,16.48372284603685,18.190980916949957,16.48372284603685,17.15150829120799,15.620470783274534
2026-06-12 00:00:00,6.906379435595928,29.969999999999995,13,15,29.553707021554875,31.63841465822043,31.581591800207807,32.17162973585407,29.28007721638628,31.581591800207807,27.968473630949912
2026-06-12 00:30:00,8.110993239446117,36.684,13,15,35.84557335685534,36.99050504208118,35.20505194720391,33.60919052482546,37.09010882229165,33.60919052482546,33.14417538958233
2026-06-12 01:00:00,6.517822560888209,31.176000000000002,13,15,29.80479973985788,31.27947643459627,29.83817476367693,27.77690852349714,28.703958124628226,28.703852791573944,26.626423731876358
2026-06-12 01:30:00,9.500605227661366,44.715999999999994,15,15,41.666948436698746,41.581573492826884,44.223621619626684,43.44450792571677,41.41701645326825,40.5351312701801,38.80650876402395
2026-06-12 02:00:00,0.4855157725184458,2.0699999999999994,2,15,1.6475137577105408,1.6475137577105408,1.6475137577105408,2.2201799214865576,1.6475137577105408,2.220173548706428,1.6475137577105408
2026-06-12 02:30:00,0.607978294577596,2.63,2,15,2.7801799214865586,2.5192547613086473,2.5192547613086473,2.7801799214865586,2.780171941288562,2.780171941288562,2.1139419972094338
2026-06-12 03:00:00,0.3499322659529582,1.4499999999999993,1,15,1.4499999999999993,1.4499999999999993,1.600175328347637,1.6001799214865575,1.600175328347637,1.600175328347637,1.2651437693470027
2026-06-12 04:30:00,5.694986687053514,25.797,8,15,24.01423273535861,24.01423273535861,26.042117514011544,24.014245463368226,26.042117514011544,24.01423273535861,22.999069323520853
2026-06-12 05:00:00,6.854321198968581,31.365000000000002,8,15,31.38725954035301,31.34354678802827,30.338547885493654,30.58842587672568,29.315693163817464,29.586571932301688,27.81135881940483
2026-06-12 05:30:00,4.26492381228435,19.530000000000005,8,15,20.725137017707414,21.70600554354928,17.672390143764694,19.502705311024982,16.8093592008955,17.997741382597727,16.8093592008955
2026-06-12 06:00:00,8.961725252905783,41.120999999999995,8,15,47.11746827216682,45.76249474671148,38.05039329007603,37.13433392981328,39.68260858757907,38.95242345207546,36.09595491169549
2026-06-12 06:30:00,12.586569654850333,57.602999999999994,8,15,57.59123744558843,51.868912602519764,56.28305770021891,57.56897032853987,61.97082152750101,50.68076683231004,50.65216467959538
2026-06-12 07:00:00,11.204758542992849,51.379,8,15,46.42869911722777,48.20757239621392,51.237281968733534,49.20939719008061,45.14067573977119,51.237281968733534,45.14067573977119
2026-06-12 07:30:00,11.025445006653399,53.239999999999995,8,15,50.41731443556605,50.41731443556605,48.38963489287728,50.50167210584824,49.119696029450495,48.38942965691312,44.58915140993771
2026-06-12 08:00:00,13.158563218555775,62.723,8,15,60.36099575277982,62.37639085315997,63.19248068960527,58.88388892267482,58.14378347690088,56.96519050118785,53.304017729078105
2026-06-12 17:30:00,31.948751228798354,146.88899999999998,13,15,151.7418835068709,143.42129916320079,141.66827673119886,140.2913013219942,140.2913013219942,138.99353965563105,136.9656403570013
2026-06-12 18:00:00,32.405965251981094,149.09500000000003,13,15,146.07036458047043,150.1226879135449,145.40751124633644,150.11063448860676,140.93286341182983,138.90495730370793,138.90495730370793
2026-06-12 18:30:00,30.474622565212993,141.17999999999998,13,15,143.87476477539212,137.22048279405348,136.32202953586372,133.55021781796052,143.84887478158646,132.1550981335302,130.85737523367573
2026-06-12 19:00:00,30.82054305763641,143.35500000000002,13,15,134.900290586251,141.95492544226093,146.1293869717485,136.10980843783008,134.2879424906109,137.1280241886482,132.99021385903626
2026-06-12 19:30:00,30.31611779267473,140.736,13,15,138.7663657496937,144.28492602103174,132.83216186197885,136.60220550122142,137.15185166511478,133.40067054407518,130.80424717053702
2026-06-12 20:00:00,27.589089541721705,127.561,13,15,126.29419992152353,120.38093759381485,128.35344087541637,120.27964631772196,120.04298049114328,120.04374420027942,118.74691562290718
2026-06-12 20:30:00,24.842240127691582,115.67399999999998,13,15,114.25633460240387,116.27536146552309,107.33446088072196,111.57115826421949,112.92707330736802,108.5663208817636,107.33446088072196
2026-06-12 21:00:00,22.557584967662805,104.47199999999998,13,15,101.12377882835838,97.85543311949495,106.52817498337123,99.08612605190723,99.15315509480247,100.4775220009189,96.94161823723242
2026-06-12 21:30:00,23.181464600602915,106.578,13,15,109.32800675414904,104.69572373714618,101.1407062783253,102.66763612566832,101.37092959096265,101.1407062783253,99.11282149967236
2026-06-12 22:00:00,18.3308370184343,84.57300000000001,13,15,87.49404638051419,76.80066313539328,80.36427960506822,84.53460361148404,80.11596287265222,80.36427960506822,76.8006094686962
2026-06-12 22:30:00,15.153186239747185,71.55199999999999,13,15,67.05726762629965,72.71441994468017,69.29270926379793,63.62979557342022,66.03198688112751,66.60767796213413,63.577342776313
2026-06-12 23:00:00,15.094258532432017,71.264,12,15,70.48283250585031,69.81102366976079,66.34457751022737,74.02563365882379,69.02324379125845,65.99256101514356,63.31322601903779
2026-06-12 23:30:00,15.053825162800642,69.614,13,15,66.81046471499084,67.74065934598873,69.29118513189319,65.83622904415675,67.85545289775462,66.93422779000466,62.77586299081582
2026-06-13 00:00:00,15.926610448193893,73.35300000000001,13,15,73.0552405660357,71.18057325022896,70.51331683370523,69.70773467351282,68.4855490438194,68.3858589955314,66.06974115564296
2026-06-13 00:30:00,14.844822092931235,67.87100000000001,13,15,62.81445818789778,67.84390339229154,63.30483533773832,66.57950122076126,65.33263171870802,67.94842041868691,61.2231097507729
2026-06-13 01:00:00,10.859260321737228,51.52199999999999,13,15,48.367127533735584,48.367127533735584,52.81575719930514,45.925006605060496,47.62957843867663,44.17627524337488,44.17627524337488
2026-06-13 01:30:00,12.601953341467917,59.099999999999994,10,15,61.82807899866726,58.06314444250267,57.626394556927984,59.083183637774,54.379514804231434,57.626394556927984,51.52314209882171
2026-06-13 02:00:00,17.01283643676683,79.864,13,15,83.10100599264332,78.42219564939232,76.88769442682376,75.8347218985453,77.79658202338243,75.76865981031531,72.4136820085079
2026-06-13 02:30:00,13.978049182409906,65.544,12,15,60.43392221728401,63.91902552686884,59.38900816187404,60.43416179472277,60.6590284511328,61.33692013867544,58.07650619043655
2026-06-13 03:00:00,11.23300980043001,53.319,12,15,49.384740912463485,51.79987023510519,51.366469727463446,51.060808446297585,50.03283984489146,50.453119874495016,46.02236709535586
2026-06-13 03:30:00,6.247432900649135,29.865,12,15,28.568673695142074,25.887231865492005,28.204514616921774,30.351697256997845,27.43624996524676,25.167044373581945,25.167044373581945
2026-06-13 04:00:00,8.688764414701241,40.628,13,15,39.31749337128055,36.43972730326972,36.003277282839804,43.5530405183908,37.704362531400164,37.70422284042239,35.19884311164889
2026-06-13 09:00:00,8.480312660848302,38.979,13,15,38.778896423308915,38.778896423308915,38.778896423308915,36.033794990306056,38.06167976895899,35.13952428691745,34.406954080992364
2026-06-13 16:30:00,0.5205211417591337,2.3810000000000002,5,15,2.3802534398591164,2.380246607605712,2.380246607605712,2.380246607605712,2.1568621387208866,2.1568621387208866,1.967141270419127
2026-06-13 17:00:00,0.39850526244009404,1.8310000000000035,10,15,1.8222958601053776,1.8222906294072996,1.8222906294072996,1.8222906294072996,1.6512699363819592,1.6512699363819592,1.4832188176065078
2026-06-13 17:30:00,0.07842169275798794,0.3850000000000001,7,15,0.35860888054601314,0.35860785119901006,0.35860785119901006,0.32495275675541396,0.32495275675541396,0.32495275675541396,0.2661104438513902
2026-06-17 10:30:00,1.5690681030348843,6.500999999999998,5,15,6.501683242054713,6.501683242054712,5.324361087438287,5.324361087438287,5.324361087438287,5.324361087438287,5.324361087438287
2026-06-17 11:00:00,2.0269160935986408,8.675999999999998,4,15,8.398849210758762,8.398849210758762,8.398849210758762,7.301652301069565,7.301652301069565,7.301652301069565,7.301652301069565
2026-06-17 11:30:00,3.5205617926657755,15.184999999999997,5,15,14.58800772619127,14.58800772619127,14.58800772619127,14.58800772619127,13.594073806591727,13.594073806591727,13.594073806591727
2026-06-17 12:00:00,8.297372602536319,35.480999999999995,8,15,35.91450758573795,35.91450758573795,34.877629518595796,34.38148305905299,33.18257099852602,33.18257099852602,33.18257099852602
2026-06-17 12:30:00,0.31373237637161716,1.2999999999999972,1,15,1.2999999999999972,1.2999999999999972,1.2999999999999972,1.0645965292339157,1.0645965292339157,1.0645965292339157,1.0645965292339157
2026-06-17 13:00:00,0.31373237637161716,1.2999999999999972,1,15,1.2999999999999972,1.2999999999999972,1.2999999999999972,1.2999999999999972,1.2999999999999972,1.0645965292339157,1.0645965292339157
2026-06-17 13:30:00,0.2089940291829392,0.8659999999999997,1,15,0.8659999999999997,0.8659999999999997,0.8659999999999997,0.8659999999999997,0.8659999999999997,0.7091850725512097,0.7091850725512097
2026-06-17 15:00:00,10.202018790603741,44.693999999999996,10,15,48.61954514776496,42.2736874694603,41.03607942763635,41.03607942763635,41.03607942763635,41.03607942763635,41.03607942763635
2026-06-17 15:30:00,0.8910115593656249,3.954999999999999,9,15,3.6920481098300213,3.023493541145913,3.6920481098300213,3.6920481098300213,3.6920481098300213,3.023493541145913,3.023493541145913
2026-06-26 23:30:00,3.113981135303239,14.022000000000002,9,15,14.23969886009317,11.343938620251144,11.343938620251144,11.343938620251144,11.343938620251144,11.343938620251144,11.343938620251144
2026-06-27 00:00:00,3.042359579825756,14.072,14,15,15.845400540278975,12.606500800187362,12.606500800187362,12.606500800187362,11.152416382993456,11.152416382993456,11.152416382993456
2026-06-27 00:30:00,0.5033269295345336,2.3630000000000004,1,15,2.689388368148605,2.0856151856633436,2.0856151856633436,1.707952836903653,1.707952836903653,1.707952836903653,1.707952836903653
2026-06-27 01:00:00,0.44829513608911503,2.1039999999999983,3,15,2.3953411863152496,1.8575821968260582,1.8575821968260582,1.8575821968260582,1.5212119688521062,1.5212119688521062,1.5212119688521062
2026-06-27 01:30:00,0.8928961012770954,4.181999999999999,5,15,4.770943591197422,3.699857008972804,3.699857008972804,3.699857008972804,3.699857008972804,3.0298884080109474,3.0298884080109474
2026-06-27 02:00:00,0.8488236475999656,3.9019999999999953,6,15,4.535454613119798,3.5172357875263973,3.5172357875263973,3.5172357875263973,2.8803361629984066,2.8803361629984066,2.8803361629984066
2026-06-27 02:30:00,1.6880030081269908,7.720999999999998,5,15,9.019377643184818,6.994508937661581,6.994508937661581,5.91057922155992,6.994508937661581,5.91057922155992,5.91057922155992
2026-06-27 03:00:00,0.41314400422062214,1.9299999999999997,3,15,2.2075208261731953,1.7119278912120497,1.7119278912120497,1.7119278912120497,1.7119278912120497,1.4019326856023755,1.4019326856023755
2026-06-27 03:30:00,0.7083613829781121,3.2459999999999978,5,15,3.784933314791588,2.935208053824735,2.935208053824735,2.935208053824735,2.935208053824735,2.4037017743701967,2.4037017743701967
2026-06-27 04:00:00,0.2151841162060599,0.9840000000000018,3,15,0.891649610101206,0.891649610101206,0.891649610101206,0.891649610101206,0.891649610101206,0.7301900616973231,0.7301900616973231
2026-06-27 04:30:00,0.014214378318023854,0.06500000000000128,3,15,0.0649999013922693,0.0588995373290479,0.0588995373290479,0.0588995373290479,0.0588995373290479,0.04823403308768306,0.04823403308768306
2026-06-27 05:00:00,0.27549455382675636,1.2599999999999998,3,15,1.2597890975041894,1.141555500636507,1.141555500636507,1.141555500636507,1.141555500636507,0.9348430953119331,0.9348430953119331
2026-06-27 05:30:00,0.9806937806138502,4.485000000000002,6,15,4.0636606573491685,4.0636606573491685,4.0636606573491685,4.0636606573491685,4.0636606573491685,3.327814639844881,3.327814639844881
2026-06-27 17:00:00,6.142811431766005,28.137,6,15,28.91502632489759,25.830719659507384,25.830719659507384,25.830719659507384,25.830719659507384,25.830719659507384,25.830719659507384
2026-06-27 17:30:00,4.284015257408292,19.602999999999998,5,15,17.095656980081234,18.338166124223143,17.095656980081234,17.095656980081234,17.095656980081234,17.095656980081234,17.095656980081234
2026-06-27 18:00:00,0.17340911030075137,0.7930000000000033,3,15,0.7929699644885359,0.7185482289017932,0.588433808135406,0.7185482289017932,0.588433808135406,0.588433808135406,0.588433808135406
2026-06-27 18:30:00,1.5844977716329742,7.247000000000004,4,15,7.245635131423193,6.5656185279486925,6.5656185279486925,6.5656185279486925,5.923928598098218,5.923928598098218,5.923928598098218
2026-06-27 19:00:00,6.871668050992559,31.422999999999995,4,15,33.589487922980545,30.220528329002462,27.413800726642513,28.47384949428661,27.413800726642513,27.413800726642513,27.413800726642513
2026-06-27 19:30:00,1.1997284150274412,5.488000000000003,6,15,5.486151200535139,4.071070768764524,4.971265502060465,4.071070768764524,4.971265502060465,4.071070768764524,4.071070768764524
2026-06-27 20:30:00,1.5418400537861643,6.703000000000001,4,15,6.388859489426107,6.388859489426107,6.388859489426107,6.388859489426107,6.388859489426107,5.283038903905012,5.283038903905012
2026-06-27 21:00:00,2.445965536372111,10.565000000000001,3,15,13.069340971870707,10.135247225862674,10.135247225862674,10.135247225862674,9.027657681196576,9.027657681196576,9.027657681196576
2026-06-27 21:30:00,0.06250432916732554,0.28399999999999936,2,15,0.28582070068931414,0.2589966290928018,0.2589966290928018,0.2589966290928018,0.2589966290928018,0.21209762493498552,0.21209762493498552
2026-06-27 22:00:00,0.08670016827915042,0.36799999999999966,4,15,0.39646378382991204,0.35925593675225165,0.35925593675225165,0.35925593675225165,0.35925593675225165,0.2942020179793285,0.2942020179793285
2026-06-27 23:00:00,6.000594311981615,26.61699999999999,12,15,26.295682757378795,26.589301416596417,26.589301416596417,25.445379691355274,24.864416914166483,24.0792201736775,24.0792201736775
2026-06-27 23:30:00,0.5199463186260342,2.3780000000000037,10,15,2.5521702562010615,2.1544802676444244,2.1544802676444244,2.1544802676444244,2.1544802676444244,1.7643478578747822,1.7643478578747822
2026-06-28 19:00:00,14.323122455825331,65.228,14,15,65.49698158384402,61.00954333567292,59.016043528752,59.016043528752,59.016043528752,59.016043528752,59.016043528752
2026-06-28 19:30:00,11.141260837961482,50.33500000000001,14,15,49.18487995691701,48.90349858707409,44.83048851297422,44.69558122774894,44.69558122774894,44.69558122774894,44.69558122774894
2026-06-28 20:00:00,8.179261076406846,37.066,13,15,38.9729791041965,37.40224338255175,34.481281461594214,34.481281461594214,32.70553981862262,32.70553981862262,32.70553981862262
2026-06-28 20:30:00,2.2774772058420854,10.346,13,15,11.644611216897687,8.182896996772651,9.43708903058102,9.43708903058102,9.43708903058102,8.182896996772651,8.182896996772651
2026-06-28 21:00:00,1.1291954961501298,5.721000000000006,8,15,5.163658005060798,4.679001134573272,4.679001134573272,3.8317295139602074,4.679001134573272,3.8317295139602074,3.8317295139602074
2026-06-28 21:30:00,1.5875464750248491,7.571000000000003,8,15,8.48261591680693,7.259555488608542,6.578251315343076,6.578251315343076,6.578251315343076,6.018375745949072,6.018375745949072
2026-06-28 22:00:00,1.1369078591647421,5.670000000000005,10,15,6.0747529938881195,5.198868706449935,4.733221619380294,4.710958537360162,4.710958537360163,4.387902373503669,4.387902373503669
2026-06-29 01:00:00,0.8449929936327998,3.533,5,15,4.155915791005302,3.863996186106449,3.5013628635556278,3.5013628635556278,3.5013628635556278,2.8673375016383487,2.8673375016383487
2026-06-29 01:30:00,0.6612888969118671,2.6950000000000003,4,15,3.0239845251231827,3.0239514349066794,2.740155721024905,2.740155721024905,2.740155721024905,2.243969438587367,2.243969438587367
2026-06-29 02:00:00,0.24869190199993943,1.1560000000000001,4,15,1.1372219273819364,1.1372219273819364,1.0304944498841622,1.0304944498841622,1.0304944498841622,0.8438929344165343,0.8438929344165343
2026-06-29 03:00:00,1.7641323984965653,7.258,3,15,8.067050154193081,8.067050154193081,7.610102879248407,7.610102879248407,7.309963174884514,6.937376154967888,6.937376154967888
2026-06-29 03:30:00,0.32771710452230046,1.361,4,15,1.4985938183099505,1.498589516762668,1.3579479453352719,1.3579479453352719,1.3579479453352719,1.1120512842186618,1.1120512842186618
2026-06-29 04:00:00,1.0456998580302133,4.331999999999999,5,15,4.781843765068253,4.781791439322483,4.3746609457124395,4.3746609457124395,4.333023678209891,4.047557896184749,4.047557896184749
2026-06-29 04:30:00,3.7283247315763495,15.341000000000001,4,15,17.76735098821036,17.04893727158848,15.909779729177671,15.909779729177671,15.44890650784529,15.020376154967888,15.020376154967888
2026-06-29 05:00:00,5.964076181533962,24.381999999999994,5,15,26.41910013641337,26.41910013641337,26.38471516468136,24.713098232521343,24.713098232521343,24.05327647143457,24.05327647143457
2026-06-29 05:30:00,7.655038406318394,31.684,5,15,35.82012403907351,32.85197044091311,34.041566179810324,34.041566179810324,31.130363519987668,31.130363519987668,31.130363519987668
2026-06-29 06:00:00,5.6404193952605555,23.159000000000002,5,15,24.265774384724118,25.792591412655756,23.371974861635827,25.056525165368402,24.079453408381085,22.571741968414305,22.571741968414305
2026-06-29 06:30:00,1.7950288147168871,7.167999999999999,3,15,7.4379873895063495,7.4379873895063495,6.772438229803606,6.52454111100452,7.4379873895063495,6.52454111100452,6.52454111100452
2026-06-29 07:00:00,1.2456580902661432,4.887999999999999,5,15,5.69616333655975,5.69616333655975,5.161582416434605,5.161582416434605,4.232215505627734,4.232215505627734,4.232215505627734
2026-06-29 07:30:00,2.8040031878821767,11.238,5,15,13.940712358774336,12.822186344086264,12.822186344086264,11.618833180063838,11.618833180063838,11.618833180063838,10.396040171079305
2026-06-29 08:00:00,1.3295395182613698,5.074,4,15,6.07973754403959,6.079754995301739,6.07973754403959,5.509158454505439,5.509158454505439,5.509158454505439,4.511562284358604
2026-06-29 08:30:00,0.7777779803778223,3.21,5,15,4.1558417217307575,2.639254985414708,3.5566344010699327,3.2228467657207993,3.2228467657207993,3.2228467657207993,2.639254985414708
2026-06-29 09:00:00,0.2636648039167005,1.0659999999999994,5,15,1.408820023596836,1.2056936906953084,1.2056902298853442,1.0925370503862324,1.0925370503862324,1.0925370503862324,0.8947008860774193
2026-06-29 14:00:00,0.49826817670205836,2.062,3,15,2.278487927050942,2.064653438717507,2.278487927050942,2.064653438717507,2.064653438717507,1.690786834561178,1.690786834561178
2026-06-29 14:30:00,2.078434279428911,8.550000000000004,5,15,11.105539257012843,9.504294342440662,9.504294342440662,8.612323007610446,8.612323007610446,7.663055306422271,7.663055306422271
2026-06-29 15:00:00,0.37615443661384224,1.4610000000000003,3,15,1.558655734716938,1.7200893870371887,1.7200844497114516,1.2764149888078418,1.2764149888078418,1.558655734716938,1.2764149888078418
2026-06-29 15:30:00,1.5512838993561882,6.611999999999998,4,15,7.110287100937098,6.427991565570167,6.427991565570167,6.427991565570167,6.427991565570167,6.427991565570167,5.506363851022692
2026-06-29 16:00:00,0.6814959435928871,2.9319999999999995,2,15,3.199461066387277,3.1163700292635985,2.3125385547604465,2.8238868328378914,2.3125385547604465,2.8238868328378914,2.3125385547604465
2026-06-29 16:30:00,0.0028959911665071367,0.011999999999999567,1,15,0.011999999999999567,0.013242868315750349,0.013242830303566178,0.011999999999999567,0.011999999999999567,0.011999999999999567,0.00982704488523581
2026-06-29 17:30:00,0.0468869455802585,0.2000000000000004,5,15,0.19428351628630394,0.21440591850837953,0.21440530307997932,0.19428351628630394,0.19428351628630394,0.19428351628630394,0.15910273625058502
2026-06-29 18:00:00,0.007293341354370613,0.029999999999999805,2,15,0.030221119893125373,0.033351192591598085,0.033351096860700154,0.030221119893125373,0.030221119893125373,0.024748691805987218,0.024748691805987218
2026-06-29 18:30:00,0.497943506649941,2.1560000000000015,5,15,2.063308116718439,2.2770098070435107,2.063308116718439,2.063308116718439,2.063308116718439,1.693153415626195,1.693153415626195
2026-06-29 19:00:00,3.6146722094239534,16.322,11,15,15.814904761105321,16.57381284440559,16.52926463393175,14.931420565805084,15.145644538591856,14.977969206101506,14.420747075425009
2026-06-29 19:30:00,4.0607458836620465,18.725000000000005,12,15,18.698993459723653,16.572361011199604,16.82634642242881,16.82634642242881,16.82634642242881,16.82634642242881,16.25276141966102
2026-06-29 20:00:00,7.7522336866402615,33.499,14,15,34.04417340093975,37.202617850984566,37.202617850984566,34.3926088919241,33.172478417362,30.842550196484172,30.842550196484172
2026-06-29 20:30:00,14.535524981642146,63.54200000000001,14,15,64.01614051242619,62.678484350269116,64.83916271482315,64.05668310736239,60.91691762166017,60.53043001313047,58.57053368968127
2026-06-29 21:00:00,17.449925631321577,77.59500000000001,14,15,79.22907256213378,82.46020697168974,74.66605822638809,73.90595159596342,73.90595159596342,73.90595159596342,71.16829269596631
2026-06-29 21:30:00,18.527767877608802,82.95400000000001,14,15,83.66941702927252,87.30650553092602,86.50196540000218,86.50196540000218,82.87460497965964,76.03565739492254,76.03565739492254
2026-06-29 22:00:00,19.07951902301821,85.39200000000001,14,15,86.15075965400743,84.40596222336914,90.84112541441418,88.03332264371164,81.40433508842118,80.51075680805177,78.0786639497632
2026-06-29 22:30:00,14.713932825473108,67.324,14,15,66.01745583970349,64.19385731507329,61.897451222123976,59.337656072537854,61.897451222123976,59.337656072537854,59.337656072537854
2026-06-29 23:00:00,11.658487187608657,54.049,14,15,53.4434417050394,51.0149145548122,50.90839573379113,51.0149145548122,49.718144348751906,48.3087959208228,46.67029751276214
2026-06-29 23:30:00,15.898362068855494,72.48100000000001,14,15,70.76303613984729,69.85603030483028,71.7043792801085,70.34559237759214,67.16097949455506,65.8773918348514,63.851712493927835
2026-06-30 00:00:00,13.125416977735588,59.92399999999999,14,15,60.91669890312437,58.86570871868473,58.03240132526644,53.750160907204815,58.03240132526644,52.48871741607357,52.48871741607357
2026-06-30 00:30:00,12.67112010172815,57.474999999999994,14,15,64.17028068707575,52.559672566583686,58.141084253986484,55.693097729614664,52.504801457707615,52.504801457707615,50.78647876822862
2026-06-30 01:00:00,10.679696231970038,48.514,14,15,45.28902461185696,48.83633099306332,42.524967956622476,44.25301992139899,46.586643017972506,44.25301992139899,42.524967956622476
2026-06-30 01:30:00,8.519699072168553,39.42300000000001,14,15,38.9590665918447,38.95902984655247,35.6512103218691,36.94385740677039,36.94385740677039,35.30272814655251,33.64366558843118
2026-06-30 02:00:00,5.333975326767521,24.602000000000004,14,15,22.102175124521466,20.640698284507607,24.39128839879053,23.096768212455864,20.539741959696016,22.102175124521466,20.539741959696016
2026-06-30 02:30:00,0.48819430134880076,2.2319999999999975,11,15,2.2324283720310785,2.0229107339616466,2.23242196409313,2.23242196409313,2.0229107339616466,1.656602881788928,1.656602881788928
2026-06-30 16:00:00,3.0138578040160025,13.304999999999998,12,15,13.969310485798022,13.961044357746292,13.781868060303637,13.153382679362693,12.488399158969463,12.088614392198389,12.088614392198389
2026-06-30 16:30:00,2.720493964656783,12.409,11,15,13.117678843800924,12.440325852737931,12.440325852737931,12.440325852737931,11.333884482212522,10.90640376874612,10.90640376874612
2026-06-30 17:00:00,4.027268218841363,18.043,11,15,20.248901558314707,17.764716833738838,18.416051815581717,17.731568480123492,17.731568480123492,16.604295477241504,16.365233589511856
2026-06-30 17:30:00,2.9398353611771193,12.719999999999997,11,15,13.556531748707062,13.528651273907446,13.443348633047737,13.443348633047737,12.20339130507139,11.890681614592442,11.890681614592442
2026-06-30 18:00:00,2.0593072863858026,8.806,12,15,8.803501668156624,9.416832711842789,9.416832711842789,9.028571793819825,8.89370216332634,8.533067269826509,8.28607634920522
2026-06-30 18:30:00,5.097902519323814,21.646,13,15,24.52404042781314,24.58676318441087,23.38230673473608,21.820366029302363,21.12396989997269,21.674851314593102,20.79052110113929
2026-06-30 19:00:00,4.412309249773909,18.769999999999996,12,15,20.288015627138673,18.28310514536043,17.844182157506125,18.7161552607576,19.40613165082103,17.940106095170407,17.844182157506125
2026-06-30 19:30:00,5.296184800385723,22.828000000000003,10,15,24.422027158353487,24.238331035855808,23.633373225282217,23.358364958745064,23.633373225282217,21.94558406795118,21.57896728514895
2026-06-30 20:00:00,3.7041385330175323,16.223,10,15,17.089557993880593,15.984880291688594,15.398367957597095,16.97670496597636,15.010152590975254,15.398367957597095,15.010152590975254
2026-06-30 20:30:00,4.155830049421029,17.748,11,15,18.4050359438934,18.430169829538368,19.373819817543183,18.337951095125067,18.337951095125067,16.743829416511048,16.743829416511048
2026-06-30 21:00:00,4.0169996621897734,17.596000000000004,13,15,18.39915920516833,19.06506576020521,17.774180876291442,17.774180876291442,16.645076996009802,16.76719304774975,16.238437512551837
2026-06-30 21:30:00,4.860043103130399,22.194000000000003,13,15,24.18483839502174,21.012528082784097,21.40987747326099,21.012528082784097,20.78416277782774,20.138361577912963,19.740345770286897
2026-06-30 22:00:00,4.310833872267685,19.749,14,15,17.862625779208457,19.072609653144465,18.395864790885522,18.101728285708077,19.07230466290461,17.471199492849856,17.46151429307863
2026-06-30 22:30:00,0.014046578760621459,0.0700000000000005,5,15,0.06423239857355707,0.04766463432660021,0.04766463432660021,0.06423239857355707,0.05820423317476857,0.05820423317476857,0.04766463432660021
2026-07-01 13:00:00,9.939411259376326,45.76599999999999,13,15,45.84523296984574,41.99727824296254,38.98826301863019,38.98826301863019,38.98826301863019,38.98826301863019,38.98826301863019
2026-07-01 13:30:00,18.590907996961395,84.76700000000001,15,15,82.16565596287653,77.66547100285362,81.19459121902311,82.16565596287653,81.19459121902311,77.66547100285362,74.7398230010147
2026-07-01 14:00:00,21.80288117587808,99.79,14,15,91.33941451715421,99.70064405612484,99.70062783383183,98.57137839661256,95.72471633019386,91.98394958888174,88.49252855858711
2026-07-01 14:30:00,20.407983615269266,93.34,14,15,99.71240328762748,94.1118250095892,92.11300496030383,83.68686644154221,83.68686644154221,89.30260952392437,82.47790326374773
2026-07-01 15:00:00,18.721302124530574,86.345,14,15,83.01370082154855,78.4307427791473,76.99589519367959,84.31952531521628,81.72416081240621,81.72416081240621,75.70635518453722
2026-07-01 15:30:00,20.125287244044323,93.417,15,15,94.44413804879096,89.80790930277706,92.02927429726428,92.02927429726428,89.62173880224924,83.11996268329548,83.11996268329548
2026-07-01 16:00:00,18.188200853581456,84.06,15,15,80.05466387402731,79.19410745799937,79.19410745799937,80.49182943330688,74.19199339858868,79.19410745799937,73.34068705237787
2026-07-01 16:30:00,15.594054236939742,71.784,15,15,69.84883113668592,71.30953665795099,71.30875615754043,62.95186158934122,67.3260671117791,64.61644393375914,62.3490805496493
2026-07-01 17:00:00,20.066243538141826,91.73099999999998,15,15,94.68581112671907,84.58715076969636,84.58715076969636,91.75926032417847,89.10897670372808,84.16572772759531,80.82856615691287
2026-07-01 17:30:00,21.384506723675425,97.315,15,15,99.16564797975536,99.59362441796529,93.72198023133674,95.01970220664424,95.01970220664424,93.72198023133674,86.58308377395691
2026-07-01 18:00:00,20.03312426108689,91.54999999999998,15,15,85.40683550921443,87.58751512316428,91.60780883035557,90.31004716399242,80.81383158567284,84.10904024186513,80.81383158567284
2026-07-01 18:30:00,21.28332817034809,97.62999999999998,15,15,104.56373156264712,104.27698890548925,97.75993126993009,87.92765019949282,94.56086351430457,90.13760961761827,86.6299282241853
2026-07-01 19:00:00,23.749261507463494,109.153,15,15,105.86622209676632,98.08043593946596,98.08049121882823,108.6010498089423,105.86622209676632,104.56850012145883,98.08043593946596
2026-07-01 19:30:00,22.973655122729305,106.396,15,15,103.75761263963389,105.05433274424327,105.05433274424327,103.75657107788011,95.05786256497638,97.99291500538145,95.05786256497638
2026-07-01 20:00:00,22.188977116408683,102.57700000000001,15,15,102.15114189623465,99.04468321277686,97.74679974487515,99.04421358906943,99.04421358906943,94.71307112022625,91.33650832381956
2026-07-01 20:30:00,20.29014709856934,93.082,15,15,89.98203622692542,90.62741430216363,87.33309781196516,86.03505719198475,91.48535622200205,89.29300356651046,83.84270453649316
2026-07-01 21:00:00,20.209128469778946,92.706,15,15,91.11487306414324,89.11604869354812,90.95755146155008,90.95755146155008,84.5195443849988,83.22182240969128,83.22182240969128
2026-07-01 21:30:00,19.321949640684068,88.74799999999999,15,15,86.4121601969838,88.72181604716957,83.66939876894328,84.96701046275896,88.35571199708446,86.41180069065518,78.96240307848123
2026-07-01 22:00:00,23.721046685851096,108.96199999999999,15,15,108.45652613372978,111.9938063977457,106.3063440273561,102.74741768409285,104.86949826202958,104.86949826202958,100.05275939946593
2026-07-01 22:30:00,25.984674921422535,120.04199999999999,15,15,116.68145735039859,116.6813313312486,116.99486243730459,118.82320772872586,118.82320772872586,114.9941443835624,111.8680974631423
2026-07-01 23:00:00,25.153552658963463,115.325,15,15,118.47465385755308,113.57534909221563,111.59664044312292,109.90194600266987,108.08028123784494,108.08028123784494,108.08028123784494
2026-07-01 23:30:00,19.89662766914185,92.36899999999997,15,15,89.87984263703305,89.0957764997147,87.48743581329181,88.12904345121481,87.45591660975217,88.1286455323984,84.80438517793348
2026-07-02 00:00:00,17.795882536804715,83.549,14,15,80.72554912468804,79.41983316765113,79.36129480225843,78.33629228132493,78.85362039518456,77.55287314137698,76.32031795974785
2026-07-02 00:30:00,15.6806227423406,73.169,15,15,78.85110319472876,75.47644376103722,69.63658549267856,70.38773358452087,71.2883376576123,70.35088292873344,68.73551424167267
2026-07-02 01:00:00,0.8753883496478172,4.002999999999999,1,15,3.627310855524165,2.97047888249503,3.627310855524165,2.97047888249503,2.97047888249503,2.97047888249503,2.97047888249503
2026-07-02 01:30:00,8.699411262724944,39.735,14,15,40.16302702973783,38.52726802527819,39.168898793284555,39.168898793284555,38.527192180219046,38.527192180219046,36.77154756284615
2026-07-02 02:00:00,9.600536244771353,43.95,15,15,42.82226948934953,48.84394762895903,41.58606436953047,43.17286176909019,43.17286176909019,42.093567219634515,40.50644162642509
2026-07-02 02:30:00,0.6632657667953609,3.0329999999999995,1,15,2.7483471958043446,2.360281783368927,2.7483471958043446,2.7483471958043446,2.360281783368927,2.7483471958043446,2.360281783368927
2026-07-02 03:00:00,0.7247157109000417,3.314,1,15,3.755602882043867,3.002974812692252,3.313990487530697,3.002974812692252,3.002974812692252,3.002974812692252,2.6852255262707736
2026-07-02 05:30:00,0.6947928556997598,3.187999999999996,10,15,3.1771588223659686,3.1771588223659686,3.1771588223659686,3.177167942074031,2.9699168692462283,2.965463393991781,2.6439342566073707
2026-07-02 11:00:00,0.8207175808714113,3.753000000000001,2,15,3.752989227429906,3.752989227429906,3.752989227429906,3.752989227429906,3.752989227429906,3.4007738298231818,3.1911521711401187
2026-07-02 11:30:00,0.9538955736107372,4.362000000000002,1,15,4.361987479362977,4.361987479362977,4.361987479362977,4.361987479362977,4.361987479362977,3.952618024430781,3.636195457368056
2026-07-02 12:00:00,0.0712906824844339,0.3260000000000005,1,15,0.32599906425317104,0.32599906425317104,0.32599906425317104,0.32599906425317104,0.32599906425317104,0.2954042815140844,0.24191259447748728
2026-07-02 12:30:00,0.029740941411000307,0.13599999999999746,3,15,0.13599980715728835,0.13599980715728835,0.13599980715728835,0.13599980715728835,0.13599980715728835,0.12323632097346429,0.10092073814146704
2026-07-03 12:00:00,0.6471840614854236,2.6579999999999995,4,15,2.959452639408831,2.959452639408831,2.959452639408831,2.959452639408831,2.196107120346355,2.196107120346355,2.196107120346355
2026-07-03 12:30:00,0.8772980996867933,4.042000000000001,2,15,4.0117214424399235,4.0117214424399235,4.0117214424399235,4.0117214424399235,3.6352242085525694,2.976959288778601,2.976959288778601
2026-07-03 13:00:00,1.4353816953424392,6.641,4,15,6.563734182653352,6.563734182653352,6.563734182653352,6.563734182653352,6.563734182653352,4.870719396768319,4.870719396768319
2026-07-03 13:30:00,1.5877197194370352,7.141000000000002,5,15,7.260347703162976,7.260347703162976,7.260347703162976,5.4056058957255635,5.4056058957255635,6.578969181119144,5.399073431400974
2026-07-03 14:00:00,5.420471314140785,22.56,5,15,24.786813875661224,24.786813875661224,24.786813875661224,24.786813875661224,22.777774459526515,21.06509735969999,21.06509735969999
2026-07-03 14:30:00,9.468731229098585,39.263,5,15,43.298792847619076,43.298767437936306,40.67583479539668,43.298767437936306,42.27061978339087,39.23519383045014,37.56662311692441
2026-07-03 15:00:00,7.941809432475022,33.327999999999996,5,15,38.30997484962037,33.784164469367454,36.316424871495265,33.412133788829266,34.110293711857835,33.043323896245866,31.297070970983018
2026-07-03 15:30:00,4.727303831412371,20.156,5,15,21.617196815102538,21.61708335191428,19.588335293634813,21.61708335191428,21.61708335191428,19.588335293634813,18.54907179594452
2026-07-03 16:00:00,4.919045837827417,20.48,5,15,22.49413599884716,21.5244076805889,22.493883972850668,22.493883972850668,20.24671272377217,20.565322049291108,18.95330868433952
2026-07-03 16:30:00,16.52302835309876,75.768,13,15,75.74288372910505,75.40482262235962,76.94232204886693,71.59945006652507,75.55676335626501,71.59945006652507,69.60481099849254
2026-07-03 17:00:00,16.425394823953383,76.027,14,15,75.11032433732481,73.3483639894728,73.3483639894728,75.3337358047296,73.30538277480778,72.60815497450689,69.87085918760448
2026-07-03 17:30:00,19.290023078589844,90.082,14,15,94.116199715876,87.6849840403212,84.3801859891144,86.29431041500014,86.56774144446533,84.65230200401209,82.73777466605007
2026-07-03 18:00:00,19.411688259565878,90.164,13,15,90.67206356535436,84.21043289149365,86.48486176914604,84.20297440399105,84.23349340302687,84.20262978382164,82.99232020653164
2026-07-03 18:30:00,23.76255268653837,110.05799999999999,13,15,107.70130123847997,113.85123926021708,107.41533897316026,107.6089921572588,106.11545055328493,106.08624314786479,102.71078607646395
2026-07-03 19:00:00,20.298044581213162,94.56700000000001,14,15,96.76294554679153,89.03544469279308,88.34045855767171,90.04656132285815,87.22826460248443,88.33987398809037,87.22826460248443
2026-07-03 19:30:00,14.150519359678501,68.098,13,15,63.334475732422554,60.078675870069205,63.334475732422554,61.45214413427818,63.334475732422554,61.36510754722922,58.950082385238716
2026-07-03 20:00:00,11.316816306101591,54.433000000000014,9,15,48.71414401003868,55.10021303140583,47.753332739939495,48.71408831259623,48.45392250238295,48.013346280400995,46.447250576689754
2026-07-03 20:30:00,10.94015807290067,50.76599999999999,14,15,47.89085484276364,45.93942889403709,48.044744513917436,50.02789103437752,48.04448093087571,48.04448093087571,44.81066315734434
2026-07-03 21:00:00,5.606470495956099,26.711000000000006,12,15,25.72523745805355,25.637349394765206,24.834068225914407,24.834068225914407,24.834068225914407,22.72029412485033,22.72029412485033
2026-07-03 21:30:00,6.194168724444565,30.209000000000003,12,15,28.32478435644227,28.40744890170735,28.325018729947224,27.19023045990557,28.32478435644227,27.22995442819201,25.135835536326724
2026-07-03 22:00:00,7.680601495915811,37.212,13,15,37.41181948519675,34.62731917777247,35.84722789922068,32.506500680519366,34.08997005645526,33.53849626265611,32.01185421969984
2026-07-03 22:30:00,7.722100468012847,37.076999999999984,13,15,32.756589124430434,35.0559937372858,33.031854596144065,35.312248495414046,34.925316083360855,33.06800024413946,32.01511583863457
2026-07-03 23:00:00,6.39172481939835,31.622,10,15,30.276825529027033,27.53294468828617,28.209750122496807,29.228171725563147,28.20936158421438,28.20936158421438,25.913563589974128
2026-07-03 23:30:00,4.25254005836611,20.248000000000008,10,15,19.446076701947366,22.72227273560022,18.43526628976916,18.314293773702747,16.42393298841132,17.621076089793284,16.42393298841132
2026-07-04 00:00:00,4.321899625212895,19.413999999999994,13,15,19.34933044523847,17.90847848652271,17.90847848652271,17.04611090333289,18.693375379687573,17.046110903332895,17.04611090333289
2026-07-04 00:30:00,4.965241362543264,23.785000000000004,8,15,22.92648381764568,20.680099314249247,22.705127536598827,21.82058118559965,22.705127536598827,21.880509630182353,19.848772928016924
2026-07-04 01:00:00,8.566714627437777,40.399,11,15,41.12970614781085,39.17399658613809,37.680710074797496,39.17399658613809,38.644447307626734,38.644447307626734,36.18327961484258
2026-07-04 01:30:00,7.872318491321796,36.44500000000001,10,15,34.959009320225114,35.44940742369515,35.998651888824305,35.44940742369515,35.30380617993859,35.44932089464785,33.300659418499336
2026-07-04 02:00:00,8.387917863427582,38.63000000000001,12,15,38.972300170257554,40.62320518636692,39.02606652403411,38.35662858231477,37.78513798556782,35.84017804591752,35.49674260536526
2026-07-04 02:30:00,7.810260469080091,36.352000000000004,14,15,36.47441785081063,37.60419136380191,35.24670124379615,33.3894659579233,34.531594048713934,34.953017090814996,33.18807383428139
2026-07-04 03:00:00,9.137964621192971,42.75399999999999,14,15,40.84208006812142,40.84208006812142,40.49243047605133,41.43656722999413,40.375556257511946,39.6610805721572,38.599887405345655
2026-07-04 03:30:00,0.42132279433966213,2.1239999999999988,4,15,1.9266520519466654,1.7458180088904298,1.7458180088904298,1.7458180088904298,1.7458180088904298,1.4296859945683236,1.4296859945683236
2026-07-04 04:00:00,1.016465468247934,5.013,3,15,4.6483317602412395,4.21188633447605,4.21188633447605,4.21188633447605,4.21188633447605,4.21188633447605,3.4491996717007476
2026-07-04 04:30:00,1.4359457150397623,6.976000000000001,3,15,6.566385193332377,6.566332188013145,6.566332188013145,5.9500694545485455,5.9500694545485455,4.872633300010102,4.872633300010102
2026-07-04 05:00:00,1.8141390825515962,8.777999999999999,4,15,8.295745254521215,8.295812220159398,8.295745254521215,8.295745254521215,7.745044048832904,7.517173823729175,6.440541064100659
2026-07-04 05:30:00,1.4220472094282341,6.943000000000003,4,15,6.503071097478104,6.502776718049065,6.502829210330291,5.233015244748316,5.892478786017781,5.892478786017781,5.084727816429988
2026-07-04 06:00:00,1.1752702338435534,5.649,2,15,4.869919138300443,5.374551448617047,5.374351537697853,5.3743081547389595,4.020597628805037,4.869919138300443,4.020597628805037
2026-07-04 06:30:00,1.5135914402969193,7.4030000000000005,2,15,8.08745762407004,7.1059511493438325,5.3603473220145315,6.271806866548194,6.271806866548194,6.271806866548194,5.278757426521151
2026-07-04 07:00:00,1.5670414469868537,7.637,4,15,8.373052965456512,7.1658103684062615,6.493285470384125,6.493285470384125,7.165789799742663,6.493285470384125,5.483209798586412
2026-07-04 07:30:00,1.318192157628578,6.493,2,15,7.043395550064273,5.462138860948553,5.462138860948553,5.462138860948553,6.027848169171547,5.462138860948553,4.479703175791539
2026-07-04 08:00:00,0.9757400491653785,4.884,2,15,4.461891020574367,4.043134083211391,4.46187821321125,4.46187821321125,4.46187821321125,4.043134083211391,3.3110050093955423
2026-07-04 08:30:00,1.0504003987698065,5.186999999999999,4,15,4.803338700976931,4.803286140020935,4.803299927360439,4.803286140020935,4.352501116375957,4.352501116375957,3.56435198613892
2026-07-04 09:00:00,1.3938755571258692,6.6309999999999985,3,15,7.4477888823626115,4.729875499181786,6.373934313332154,6.3739526090559115,5.775745064058228,4.729875499181786,4.729875499181786
2026-07-04 09:30:00,1.495111219476898,7.055999999999999,3,15,6.836866214744256,6.836885839266487,6.1952311323384395,6.836866214744256,6.836866214744256,6.1952311323384395,5.09670750329049
2026-07-04 10:00:00,1.4379284561241266,6.994000000000001,2,15,6.575398921153817,5.958285257582594,6.575380047200771,5.958285257582594,6.575380047200771,5.958285257582594,4.879361388775424
2026-07-04 10:30:00,1.2361246592975323,6.087,2,15,5.652584950620789,5.652568725502857,5.652584950620789,5.652568725502857,5.652568725502857,5.122079128943122,4.194575125487952
2026-07-04 11:00:00,1.469750286755925,7.083999999999999,3,15,6.900127380062952,6.720895374691909,6.090144074003686,6.7209146663317565,4.987343264399105,6.090144074003686,4.987343264399105
2026-07-04 11:30:00,1.6568378763714313,7.889999999999999,2,15,7.576412211150214,7.576433958463267,7.576412211150214,7.576412211150214,6.865371257480823,6.865371257480823,5.71621117290711
2026-07-04 12:00:00,1.6570811416321236,7.826999999999998,3,15,5.764759958227643,7.577607536690331,7.577546368559818,5.845829774602967,7.577524618053715,6.8663792657793525,5.764759958227643
2026-07-04 12:30:00,1.2892265351696937,6.1339999999999995,3,15,5.895458263305631,5.895393751735317,5.895393751735317,5.895393751735317,5.342115197366103,4.374767152218245,4.374767152218245
2026-07-04 13:00:00,1.1085561742291399,5.1499999999999995,4,15,5.923263599601713,5.069277182413435,5.069236262082473,5.0692217114022275,4.593478821550962,4.593478821550962,3.7616935465635852
2026-07-04 13:30:00,1.5925768682552353,7.488,3,15,7.282558543548989,7.282558543548989,7.282558543548989,7.282579447385271,7.282558543548989,6.599095549767118,5.417873080690196
2026-07-04 14:00:00,1.5761355908554429,7.478999999999999,2,15,7.207722597845211,7.207454500597728,7.207396320424709,6.530968501908937,7.2073756323932505,6.530968501908937,5.454114622387295
2026-07-04 14:30:00,2.0336692420133713,9.751000000000001,4,15,10.86634964910447,9.299618825238753,9.29959213171473,9.29959213171473,9.29959213171473,8.426831955289886,7.474026335811701
2026-07-04 15:00:00,1.5872175172193623,7.529999999999999,4,15,6.576888226355963,7.258051225596459,7.258130648329138,6.576888226355963,6.576888226355963,6.576888226355963,5.505341224269335
2026-07-04 15:30:00,1.1224398324729816,5.256,3,15,4.651007967652273,5.132956194997254,3.80880533830916,4.651007967652273,5.132709104679623,4.651007967652273,3.80880533830916
2026-07-04 16:00:00,0.6291822418591135,3.1510000000000007,2,15,2.877133658182738,2.877272164350722,2.877133658182738,2.877133658182738,2.6071166893148336,2.1350210605787647,2.1350210605787647
2026-07-04 16:30:00,0.22720366448062226,1.2140000000000002,1,15,1.038960203975419,1.038960203975419,0.941454520061862,1.038960203975419,1.038960203975419,0.941454520061862,0.7709763188380325
2026-07-04 17:00:00,0.17098294099698985,0.909,3,15,0.7818732662637163,0.7818732662637163,0.7818732662637163,0.7818732662637163,0.7084950105143035,0.7084950105143035,0.5802010224408274
2026-07-04 17:30:00,0.32491137167574125,1.6569999999999985,4,15,1.4857594210103597,1.4857594210103597,1.4857594210103597,1.4857594210103597,1.4857594210103597,1.3463219450393809,1.102530515323371
2026-07-04 18:00:00,0.19968931883791374,1.0120000000000002,4,15,0.91314220616035,0.91314220616035,0.91314220616035,0.91314220616035,0.8274444527898988,0.8274444527898988,0.6776111481338343
2026-07-04 18:30:00,0.3506504788102151,1.6680000000000004,3,15,1.6034595824919493,1.6034595824919493,1.4529760292043554,1.6034595824919493,1.4529760292043554,1.4529760292043554,1.1898717213469512
2026-07-04 19:00:00,0.6402252258674315,3.062000000000001,3,15,2.927631175218859,2.927631175218859,2.927631175218859,2.927631175218859,2.172493515872048,2.172493515872048,2.172493515872048
2026-07-04 19:30:00,4.6046588718708374,21.838999999999995,13,15,21.056250706573316,19.61933173726633,21.056250706573316,21.056250706573316,19.080136397340034,19.080136397340034,18.025836746917207
2026-07-04 20:00:00,4.886905788155478,23.521,13,15,22.34709623918402,22.346913488728987,20.249671385770473,21.076559069832193,21.48480353482158,20.618032967275802,19.231856517713364
2026-07-04 20:30:00,2.978797905088903,14.268999999999995,12,15,12.866693897737267,12.343122891558535,12.494765554248833,13.621490155748223,13.621490155748223,11.542668878443884,11.542668878443886
2026-07-04 21:00:00,3.344539287741447,16.911,12,15,16.040129129698165,14.041654806840263,15.293957641655991,13.858630481011518,14.04158981328324,14.424597844311116,13.061935506080005
2026-07-04 21:30:00,2.228584723458538,10.559999999999995,11,15,10.190904465180678,10.191015981268942,10.190933717125203,9.283346208205588,9.755810289740385,9.72857159225388,8.657151212622766
2026-07-04 22:00:00,0.4017669054961568,2.054999999999999,9,15,2.146730442870733,1.8372939616440553,1.8372107914711788,1.8372055179614453,1.8372055179614453,1.6647850731425309,1.3633264698369019
2026-07-04 22:30:00,0.059425978480852834,0.31500000000000017,2,15,0.2717469477494525,0.27175705597957694,0.2717469477494525,0.2717447541477536,0.27174397413458756,0.2462409934179096,0.20165177457524505
2026-07-04 23:00:00,0.932438527637891,3.9909999999999997,3,15,4.982227620052124,4.294154467134428,4.263915047376667,4.263868389111422,4.263868389111422,3.8637073417422365,3.414833958697281
2026-07-04 23:30:00,0.015372267260439363,0.06899999999999995,4,15,0.07029529533719316,0.0702945261247443,0.07029529533719316,0.07029472789796135,0.0702945261247443,0.06369743432185676,0.052163128846272416
2026-07-05 00:00:00,0.2774481386727783,1.3219999999999998,3,15,1.2687327456860802,1.2687188624664767,1.2687188624664767,1.2687188624664767,1.2687188624664767,1.1496504901597442,0.941472247427797
2026-07-05 00:30:00,0.06868512756539408,0.3670000000000002,1,15,0.3140994651483492,0.31408434502387067,0.31408434502387067,0.31408434502387067,0.31408434502387067,0.28460775029876734,0.23307109473933943
2026-07-05 01:00:00,0.24851943700340592,1.3250000000000002,2,15,1.3278949404791385,1.1364332769506738,1.1364332769506738,1.1364332769506738,1.1364332769506738,1.0297798137408145,0.8433077042950934
2026-07-05 01:30:00,0.008883987253940349,0.037000000000000144,3,15,0.04062526998829626,0.04062482544270806,0.04062482544270806,0.04062482544270806,0.04062482544270806,0.036812214167027436,0.03014627341202544
2026-07-05 02:00:00,0.004276008485575373,0.018000000000000127,2,15,0.019553393465416194,0.019553393465416194,0.019553393465416194,0.019553393465416194,0.019553393465416194,0.01771832125054107,0.014509894851675071
2026-07-05 02:30:00,0.0013120390548825827,0.006000000000000005,1,15,0.0059997111719154745,0.0059997111719154745,0.0059997111719154745,0.0059997111719154745,0.0059997111719154745,0.005436642501081891,0.004452177490259529
2026-07-05 03:00:00,0.011475605343902077,0.04800000000000004,3,15,0.05247581413837089,0.05247581413837089,0.05247581413837089,0.05247581413837089,0.05247581413837089,0.047550995914434735,0.038940480932402634
2026-07-05 03:30:00,0.00989463648556655,0.04100000000000059,2,15,0.045246336870520064,0.045246336870520064,0.045246336870520064,0.045246336870520064,0.045246336870520064,0.04100000000000059,0.033575736691224045
2026-07-05 04:00:00,0.001093365879068819,0.0050000000000000044,1,15,0.004999759309929562,0.004999759309929562,0.004999759309929562,0.004999759309929562,0.004999759309929562,0.004530535417568243,0.003710147908549608
2026-07-05 04:30:00,0.002546299247171489,0.011000000000000343,3,15,0.011643754035707362,0.011643754035707362,0.011643754035707362,0.011643754035707362,0.011643754035707362,0.01055099591443504,0.008640425869591377
2026-07-05 05:00:00,0.0062667264892943934,0.027000000000000024,2,15,0.02865657755326726,0.02865657755326726,0.02865657755326726,0.02865657755326726,0.02865657755326726,0.025967177918650147,0.021265051912457367
2026-07-05 05:30:00,0.01426323718828221,0.059999999999999165,3,15,0.0652231373660408,0.0652231373660408,0.0652231373660408,0.0652231373660408,0.0652231373660408,0.059101991828868564,0.04839982720909604
2026-07-05 06:30:00,0.00018715293614550877,0.001000000000000112,1,15,0.0008558156540160916,0.0008558156540160916,0.0008558156540160916,0.0008558156540160916,0.0008558156540160916,0.000775497957217436,0.0006350711028320582
2026-07-05 07:00:00,0.009206067996727784,0.039999999999999925,4,15,0.04209764092298623,0.04209764092298623,0.04209764092298623,0.04209764092298623,0.04209764092298623,0.03814680695106228,0.031239198678044
2026-07-05 07:30:00,0.00882980759287695,0.037000000000000366,3,15,0.04037707190476039,0.04037707190476039,0.04037707190476039,0.04037707190476039,0.04037707190476039,0.03658771212424499,0.029962424107754577
2026-07-05 08:00:00,0.0110273407305437,0.05000000000000138,4,15,0.05042598322919775,0.05042598322919775,0.05042598322919775,0.05042598322919775,0.05042598322919775,0.04569354019339807,0.037419372537155465
2026-07-05 08:30:00,0.1402425581541711,0.748,2,15,0.6413031988677242,0.6413031988677242,0.6413031988677242,0.6413031988677242,0.6413031988677242,0.5811173450089476,0.4758888527493499
2026-07-05 09:00:00,0.3507246023366442,1.8739999999999999,1,15,1.6037985356259763,1.6037985356259763,1.6037985356259763,1.6037985356259763,1.6037985356259763,1.4532831718253125,1.1901232467071439
2026-07-05 09:30:00,0.17218070125384885,0.9200000000000002,1,15,0.7873504016947165,0.7873504016947165,0.7873504016947165,0.7873504016947165,0.7873504016947165,0.5842654146054284,0.5842654146054284
2026-07-05 10:00:00,0.18340001070341566,0.9690000000000001,2,15,0.8386542222595447,0.8386542222595447,0.8386542222595447,0.8386542222595447,0.8386542222595447,0.7599471137528709,0.6223361997712613
2026-07-05 10:30:00,0.8255692973086417,3.83299999999999,7,15,3.7751752265456275,3.7751752265456275,3.7751752265456275,3.7751752265456275,3.7751752265456275,3.420877688536599,2.9821758205754203
2026-07-05 11:30:00,0.004373661502112506,0.020000000000000018,1,15,0.01999994259221907,0.01999994259221907,0.01999994259221907,0.01999994259221907,0.01999994259221907,0.018122962056078783,0.01484126346487651
2026-07-05 12:00:00,0.0037176122767957035,0.017000000000000348,1,15,0.016999951203386543,0.016999951203386543,0.016999951203386543,0.016999951203386543,0.016999951203386543,0.01261507394514528,0.01261507394514528
2026-07-05 13:00:00,0.0006560492253169002,0.0030000000000001137,1,15,0.0029999913888329715,0.0029999913888329715,0.0029999913888329715,0.0029999913888329715,0.0029999913888329715,0.002226189519731559,0.002226189519731559
2026-07-05 14:30:00,0.006123126102957412,0.02799999999999958,1,15,0.027999919629106255,0.027999919629106255,0.027999919629106255,0.027999919629106255,0.0253721468785099,0.020777768850826786,0.020777768850826786
2026-07-05 15:00:00,0.008091273778908113,0.03699999999999992,1,15,0.03699989379560517,0.03699989379560517,0.03699989379560517,0.03699989379560517,0.03352747980374565,0.027456337410021462,0.027456337410021462
2026-07-05 16:00:00,7.942652229350333,34.538,9,15,36.32027502362509,36.32027502362509,36.32027502362509,36.32027502362509,32.7957435836086,31.491168581755286,31.491168581755286
2026-07-05 16:30:00,7.945112184231952,34.465,10,15,36.33152394089682,36.33152394089682,34.01240150101256,34.01240150101256,33.81841749789308,31.869865626855614,31.44652406256301
2026-07-05 17:00:00,8.292733208345165,36.056,9,15,39.469628916473134,37.9211303891221,36.62340841381458,34.362258991335615,37.9211303891221,34.362258991335615,32.72641402199247
2026-07-05 17:30:00,5.332596763898918,22.822,11,15,23.088392916386866,23.088423254743613,22.096462830017753,23.088392916386866,23.977430860204876,23.977430860204876,20.491132405925942
2026-07-05 18:00:00,4.175673069857258,18.080999999999996,13,15,15.828580289791546,15.828580289791546,19.09457822483128,19.09457822483128,18.2874635118567,18.2874635118567,15.828580289791546
2026-07-05 18:30:00,3.6516847509245,16.104999999999997,9,15,16.698476859285098,16.698476859285098,16.698476859285098,16.698476859285098,15.430272103687287,15.13133655857939,13.849504538130322
2026-07-05 19:00:00,8.019577828957996,35.91499999999999,13,15,36.67218975979212,36.67224030845453,36.672041518421764,36.672041518421764,35.13360687829471,34.39049792595381,32.251719585056655
2026-07-05 19:30:00,9.033014062211478,39.97399999999999,12,15,41.30629738759557,41.50183595614554,41.30649706677893,39.858089376364525,38.35685393884796,37.429730449513336,36.633035474581824
2026-07-05 20:00:00,3.6591457418103426,16.628000000000004,12,15,15.162252360970491,15.162252360970491,15.162252360970491,16.73259458634876,15.162252360970491,15.162252360970491,14.453120863716713
2026-07-05 20:30:00,0.4334701189947186,2.0239999999999982,2,15,1.7961523806062398,1.7961523806062398,1.470905838745109,1.470905838745109,1.982178431309642,1.7961523806062398,1.470905838745109
2026-07-05 21:00:00,0.05623288590652413,0.26399999999999935,1,15,0.2571453680508558,0.2330099064812193,0.2330099064812193,0.2571432923163502,0.2571425542150603,0.2330099064812193,0.19081656747463527
2026-07-05 21:30:00,0.002754344958995112,0.011999999999999567,2,15,0.012595246301197648,0.011413066410628742,0.011413066410628742,0.012595144629572948,0.012595108476607754,0.011413066410628742,0.009346392991285821
2026-07-05 22:00:00,0.0019306607776717105,0.008000000000000895,1,15,0.008828650143992417,0.008000000000000895,0.008000000000000895,0.008000000000000895,0.008828553535712094,0.008000000000000895,0.006551363256824844
2026-07-05 22:30:00,2.2423382513156316,10.136999999999997,4,15,10.253909000643565,9.354919779288323,9.291485183720534,9.291485183720534,9.291485183720534,9.291485183720534,8.491473410392135
2026-07-05 23:00:00,3.7035217756282357,16.718,4,15,16.935703276217428,16.935517955795518,15.440289531412864,16.935517955795518,16.935517955795518,14.773299239749516,14.540149504571172
2026-07-05 23:30:00,2.6909203268612294,11.208999999999994,8,15,11.150256359821672,12.305079401198608,12.305079401198608,9.754105354626672,12.305079401198608,11.150256359821672,9.754105354626672
2026-07-06 00:00:00,3.651616042703054,16.626999999999995,10,15,17.057265167209188,16.015745263485982,14.837164236611173,16.698162669336043,14.837164236611173,15.131051855135926,13.947175947341496
2026-07-06 00:30:00,5.748575393348447,25.801999999999992,14,15,25.584159885904533,26.28728708623972,26.28716872544441,26.28728708623972,26.28716872544441,25.316518258358848,23.101496789049044
2026-07-06 01:00:00,2.056455004493327,9.352999999999996,14,15,9.403787196033024,9.403787196033024,9.403814188638275,8.521248386155332,9.403787196033024,7.8092423302909175,7.8092423302909175
2026-07-06 01:30:00,0.36962099812269494,1.8820000000000006,6,15,1.6902130992266593,1.6902130992266593,1.6902130992266593,1.5315833931986023,1.6902082476574913,1.5315833931986023,1.2542448958704144
2026-07-06 02:30:00,1.2225852491699305,5.043999999999999,5,15,5.590671562394187,5.065976429663422,5.590671562394187,5.065976429663422,5.5906555149917665,5.065976429663422,4.257783220289377
2026-07-06 03:00:00,0.8068325990413576,3.3450000000000006,3,15,3.6895063719570116,3.689495781638331,3.6895063719570116,3.689495781638331,3.343239199231888,3.343239199231888,2.7378468060777315
2026-07-06 03:30:00,0.5418449533938945,2.2510000000000003,4,15,2.4777564419485207,2.4777564419485207,2.4777635540938885,2.4777564419485207,2.245220743738921,2.245220743738921,1.9020426696079993
2026-07-06 04:00:00,0.8187212233942444,3.6229999999999976,5,15,3.7438710014426015,3.743860255076284,3.743860255076284,3.743860255076284,3.743860255076284,3.3925016050998944,3.0177033862520126
2026-07-06 04:30:00,1.6648468691456795,7.639000000000001,10,15,7.6130358491773205,7.6130358491773205,7.6130358491773205,7.6130358491773205,7.6130358491773205,6.898557792855132,6.459192565214576
2026-07-06 05:00:00,1.5700941539161513,7.215000000000002,8,15,7.180094897662923,7.179769870886383,7.179769870886383,7.179749262153583,6.517320710352554,6.517320710352554,6.243244414039369
2026-07-06 05:30:00,1.540874100058662,7.334000000000001,10,15,7.04613137713686,6.384856906523202,7.04613137713686,7.04613137713686,7.04613137713686,6.384856906523202,6.147153021413189
2026-07-06 06:00:00,0.5698099307190413,2.616999999999998,14,15,2.605642574048403,2.6056350948404967,2.605642574048403,2.6056350948404967,2.361098075059131,2.361098075059131,2.0639129386983326
2026-07-06 11:30:00,2.7594251749277507,11.980999999999996,5,15,12.618339361521864,12.618339361521864,12.618339361521864,11.434117093343769,11.434117093343769,10.899670311659209,10.899670311659209
2026-07-06 12:00:00,2.013861325151156,8.632,4,15,9.209040636448202,9.209014202918823,8.344754701361913,9.209014202918823,8.475951462198422,8.344754701361913,7.725397880717124
2026-07-06 12:30:00,2.0004523194886796,8.693000000000001,4,15,9.147697307832466,8.289192353724028,9.147697307832466,8.289192353724028,8.289192353724028,8.289192353724028,7.779068760283282
2026-07-06 13:00:00,2.2596231711688164,9.850999999999997,4,15,10.332950597135078,10.332837527914801,10.332837527914801,10.332837527914801,10.332837527914801,9.363107998263983,8.638940348277663
2026-07-06 13:30:00,2.1239996219989363,9.019,3,15,9.71276248291265,9.712717714007873,9.712656200155335,9.712656200155335,9.712656200155335,8.801130251625546,8.27597050545226
2026-07-06 14:00:00,0.2150858807001808,0.8970000000000009,5,15,0.8912425556584361,0.983547826991811,0.8912425556584361,0.8912425556584361,0.983547826991811,0.8912425556584361,0.729856716507337
2026-07-18 05:00:00,0.6109841375987461,2.9019999999999975,7,15,2.531709949940077,2.531709949940077,2.531709949940077,2.531709949940077,2.0732689428716786,2.0732689428716786,2.0732689428716786
2026-07-18 05:30:00,0.5555507418561642,2.639999999999996,14,15,2.3020128581104564,2.3020128581104564,2.3020128581104564,2.3020128581104564,1.8851653069201872,1.8851653069201872,1.8851653069201872
2026-07-18 06:00:00,1.7287338334889795,9.095999999999998,3,15,7.16328359070493,7.16328359070493,7.16328359070493,6.616675214898462,6.616675214898462,6.616675214898462,6.616675214898462
2026-07-18 06:30:00,0.41309232887452574,1.8889999999999993,1,15,1.7117137661966393,1.7117137661966393,1.7117137661966393,1.7117137661966393,1.4017573342575846,1.4017573342575846,1.4017573342575846
2026-07-18 07:00:00,0.7868217042300392,3.598,1,15,3.2603208738885705,3.2603208738885705,3.2603208738885705,3.2603208738885705,2.828031482828034,2.828031482828034,2.828031482828034
2026-07-18 07:30:00,0.3652007354263939,1.67,1,15,1.513267331682577,1.513267331682577,1.513267331682577,1.513267331682577,1.2392454993171873,1.2392454993171873,1.2392454993171873
2026-07-18 08:00:00,0.002405513826161903,0.01100000000000012,1,15,0.009967629130843434,0.009967629130843434,0.009967629130843434,0.009967629130843434,0.008162694905682163,0.008162694905682163,0.008162694905682163
2026-07-18 18:30:00,0.3413921093196899,1.2780000000000025,6,15,1.414612502695296,1.414612502695296,1.414612502695296,1.414612502695296,1.158455046600245,1.158455046600245,1.158455046600245
2026-07-18 19:00:00,0.14202403949257847,0.5859999999999996,4,15,0.5884991962756665,0.5884991962756665,0.5884991962756665,0.5884991962756665,0.4819340013938652,0.4819340013938652,0.4819340013938652
2026-07-18 19:30:00,0.16071372850101673,0.7409999999999988,7,15,0.6659428952396214,0.6659428952396214,0.6659428952396214,0.6659428952396214,0.5453542268769903,0.5453542268769903,0.5453542268769903
2026-07-18 20:00:00,0.13199601128362093,0.6139999999999999,6,15,0.5469464664541097,0.5469464664541097,0.5469464664541097,0.5469464664541097,0.4479056229721544,0.4479056229721544,0.4479056229721544
2026-07-25 00:00:00,6.955421373719189,31.805999999999997,5,14,31.208671523501714,30.27841304128207,28.99789039911576,28.069910439119326,28.069910439119326,28.069910439119326,28.069910439119326
2026-07-25 00:30:00,7.15091172141471,32.7,5,14,32.065638412142974,31.242263336030064,31.242263336030064,29.88527082923927,28.834457807573664,28.834457807573664,28.834457807573664
2026-07-25 01:00:00,12.831515016589458,58.01399999999999,9,14,56.05131808647114,56.888429683587724,56.888429683587724,55.800228183623155,54.568020592287766,54.568020592287766,54.568020592287766
2026-07-25 01:30:00,13.92805051548916,62.89199999999998,10,14,62.89798301170896,61.823038368315764,61.823038368315764,60.491419952968556,59.47654544091442,59.47654544091442,59.47654544091442
2026-07-25 02:00:00,14.540159809066353,64.533,10,14,70.02914227647821,65.38509483879231,62.491985583146445,62.74490899724887,61.17241050833455,61.17241050833455,61.17241050833455
2026-07-25 02:30:00,14.396581257164792,63.46000000000001,10,14,67.03482130354126,60.8954545266305,61.37859124538153,60.8954545266305,59.3260705608017,59.3260705608017,59.3260705608017
2026-07-25 03:00:00,19.684334949563368,87.53799999999998,10,14,87.98233762937733,88.7478285776882,86.71734351873039,85.31387739842773,85.31387739842773,83.57870665203951,83.57870665203951
2026-07-25 03:30:00,22.652696035898824,100.361,10,14,106.86053358737291,105.31964672454794,98.25320508701662,99.62722951820106,98.14971142564423,96.77568699445982,96.77568699445982
2026-07-25 04:00:00,26.445131835591756,116.83699999999997,10,14,120.24294047513966,116.38340119451466,117.83935064572714,113.2940055898722,113.2940055898722,113.2940055898722,113.2940055898722
2026-07-25 04:30:00,25.759079642413177,114.652,10,14,121.60617577799363,121.4207822413676,111.19017895845917,114.85604430537704,113.1815237513394,111.19017895845917,111.19017895845917
2026-07-25 05:00:00,22.82672004229142,102.01600000000002,10,14,104.2873818516526,102.4025313174474,103.11677561780728,98.68633761717281,98.68633761717281,98.68633761717281,98.68633761717281
2026-07-26 02:00:00,24.66144821983521,112.281,14,14,118.54055450819727,109.24127879258388,109.24127879258388,110.2420337028425,108.09527888937957,108.09527888937957,108.09527888937957
2026-07-26 02:30:00,25.368735562413548,116.87899999999999,13,14,117.02468189563803,114.91109292276371,112.35663245518226,112.35663245518226,113.16114816372993,112.35663245518226,112.35663245518226
2026-07-26 03:00:00,24.294083205355854,111.05199999999999,14,14,113.78008631383355,107.02798255326474,108.82300758819184,107.02798255326474,107.02798255326474,107.02798255326474,107.02798255326474
2026-07-26 03:30:00,28.939158110684094,132.34,14,14,135.99060458946522,136.563703648302,131.98064221188244,128.91564760775506,128.91564760775506,127.66705030395198,127.66705030395198
2026-07-26 04:00:00,30.974604658049472,139.664,14,14,146.35877287612055,137.03394960941696,137.11170033359267,135.8217380300255,135.8217380300255,135.8217380300255,135.8217380300255
2026-07-26 04:30:00,28.39217634583212,128.47199999999998,14,14,128.64035459111216,132.9154851132812,134.6783052983148,126.4304302311089,124.28779670197935,124.28779670197935,124.28779670197935
2026-07-26 05:00:00,31.15076353709003,141.079,14,14,146.41996042573666,139.89960085886992,138.79718632370705,136.81388247900293,136.81388247900293,136.81388247900293,136.81388247900293
2026-07-26 05:30:00,27.9688684188761,127.44,14,14,129.53222212966696,124.08050508093997,123.1701669642971,125.05789792577787,123.1701669642971,123.1701669642971,123.1701669642971
2026-07-26 06:00:00,22.99503961282696,105.218,13,14,104.72127376226315,108.87493996764704,104.25456491348375,100.90216021568885,100.90216021568885,100.90216021568885,100.90216021568885
2026-07-26 06:30:00,18.260012513628183,84.721,14,14,83.44563281879596,80.65694826809636,82.82707776671442,80.65694826809636,80.65694826809636,80.65694826809636,80.65694826809636
2026-07-26 07:00:00,19.6740722267912,90.517,14,14,90.59963946405922,91.6596459670215,86.32942481019137,86.32942481019137,86.32942481019137,86.32942481019137,86.32942481019137
2026-07-26 16:30:00,24.689137333600627,112.61099999999999,14,14,112.13001478271751,108.9689162360829,108.1261479456442,108.1261479456442,108.1261479456442,108.1261479456442,108.1261479456442
2026-07-26 17:00:00,11.990554518767881,55.61500000000001,14,14,53.94672169093528,51.38805584120881,51.387715532712924,51.387715532712924,50.49833052073487,50.49833052073487,50.49833052073487
2026-07-26 17:30:00,6.667560881823618,31.197999999999997,9,14,30.528092855187364,28.78304460958919,30.489721995666784,28.78304460958919,27.62809897599988,27.145173129413585,27.145173129413585
2026-07-26 18:30:00,1.8158225214002046,8.475000000000001,8,14,8.303510357918789,8.303419496026738,7.5241494203459505,8.303419496026738,7.130556010582394,7.130556010582394,7.130556010582394
2026-07-26 19:00:00,1.4642166556691727,7.547,6,14,6.06721459348282,6.695664374297375,6.06721459348282,6.695591106401346,6.06721459348282,5.80629311959462,5.80629311959462
2026-07-26 19:30:00,0.9596042397626621,5.1160000000000005,7,14,4.434627581267477,4.388140168141408,4.3880921505318575,4.3880921505318575,3.976272790583165,3.718668115091848,3.718668115091848
2026-07-26 20:00:00,0.5970127464617099,2.7750000000000004,6,14,2.8028325867516073,2.7300285242216464,2.7300285242216464,2.7300363604881146,2.4738172686420743,2.149213265533702,2.149213265533702
2026-07-26 20:30:00,0.08243510083010441,0.3540000000000003,7,14,0.44046918273310715,0.376964546662316,0.3769604216946253,0.3769604216946253,0.3415829514267199,0.27972924964181844,0.27972924964181844
2026-07-26 21:00:00,0.024916626033291894,0.10999999999999988,6,14,0.1331351062209484,0.11393910800297004,0.11393910800297004,0.11393910800297004,0.10324600290826028,0.08455025873339145,0.08455025873339145
2026-07-26 21:30:00,0.5950105389021815,2.8970000000000002,9,14,3.1792744006946125,2.7208728005267666,2.7208728005267666,2.7208728005267666,2.4655208031720783,2.3368290253729826,2.3368290253729826
2026-07-26 22:30:00,0.24921392617664154,1.1699999999999995,1,14,1.3316057514743544,1.1396215174981132,1.1396090470894742,1.1396090470894742,1.032657540087224,0.8456643331262262,0.8456643331262262
2026-07-26 23:00:00,1.3706862622402662,6.114,8,14,7.323883292831404,6.267962557922571,6.267893970191267,6.267893970191267,5.679656532488966,5.45765215979087,5.45765215979087
2026-07-26 23:30:00,0.009720416042528891,0.042999999999999816,4,14,0.05193835716781165,0.044449659108086646,0.044449659108086646,0.04444978669626754,0.040278089884862575,0.03298454976584344,0.03298454976584344
2026-07-27 00:00:00,0.026486394060749853,0.133,8,14,0.14152272791574214,0.1211173659493374,0.1211173659493374,0.12111771360429599,0.10975058639848358,0.08987699489324065,0.08987699489324065
2026-07-27 00:30:00,0.14674248284573485,0.7169999999999995,12,14,0.7840779090511443,0.6710261485340924,0.6710261485340924,0.6710280746457284,0.6080508167684064,0.5058934261443819,0.5058934261443819
2026-07-27 01:00:00,0.832701839191845,3.852000000000001,13,14,4.449312184685861,3.807791017258229,3.807791017258229,3.807801947131233,3.4504325102461095,3.317760574370753,3.317760574370753
2026-07-27 01:30:00,1.3991505290609778,6.446999999999999,11,14,6.398055781311965,6.398186913072247,6.398055781311965,6.133229357460303,5.79760274924504,5.666920892407813,5.666920892407813
2026-07-27 02:00:00,1.3120185019363708,6.035999999999998,12,14,6.56901015384074,5.999617187105689,5.999661689770139,5.999617187105689,5.523302473263769,5.304320588202755,5.304320588202755
2026-07-27 02:30:00,1.4086837684573952,6.4689999999999985,12,14,6.562693189995032,6.441771624754079,6.44164951634476,6.441703513749472,5.973413199476022,5.742960834721336,5.742960834721336
2026-07-27 03:00:00,2.30308174983575,10.396,10,14,10.531565545174093,10.282585207692907,10.542132020392259,10.244455962538542,9.990002240394924,9.702892657759373,9.702892657759373
2026-07-27 03:30:00,0.6730020956820469,2.8650000000000007,9,14,2.806164473877818,3.077523485920343,2.52865422877418,3.077523485920343,2.52865422877418,2.52865422877418,2.52865422877418
2026-07-27 21:30:00,4.348380237850399,21.916999999999998,9,14,21.887791780971057,17.629918584345905,17.629918584345905,17.629918584345905,17.629918584345905,17.629918584345905,17.629918584345905
2026-07-27 22:00:00,8.398703813408122,40.251000000000005,9,14,39.240676833721864,38.13079591262874,36.545663550774606,35.63907689775904,34.199034458951715,34.199034458951715,34.199034458951715
2026-07-27 22:30:00,10.199383949298786,47.660000000000004,9,14,45.727652809129125,44.97912731680212,43.98873975770411,45.25935702256915,41.21245009310043,41.21245009310043,41.21245009310043
2026-07-27 23:00:00,10.4229356708537,48.589999999999996,9,14,51.02136448439105,46.32245935171932,50.485116188367606,43.77234360102903,43.79415241582315,42.14935514580931,42.14935514580931
2026-07-27 23:30:00,6.342478828530657,31.356,8,14,29.582766955798213,27.73744300540092,27.070417090281023,29.00320095450236,28.046726653945374,25.475972253662693,25.475972253662693
2026-07-28 00:00:00,3.010927886659238,15.274000000000001,8,14,13.034450558949768,13.034450558949768,13.034419736861159,13.7685775959255,13.099150481838588,11.919920929300247,11.919920929300247
2026-07-28 00:30:00,5.565800726564688,27.046,9,14,25.451429108935322,25.451429108935322,25.573491422853877,25.45138851833908,24.762949665923784,22.29726346994434,22.29726346994434
2026-07-28 01:00:00,9.24881408762618,42.963,8,14,41.186807245029215,45.56163016033243,41.31179277201189,39.48085926097211,39.86095088590924,37.40097774347344,37.40097774347344
2026-07-28 01:30:00,11.730645608888675,52.644,9,14,56.25740546605889,48.804348995229084,48.12093497960328,54.402739759225426,48.804348995229084,47.373504572621435,47.373504572621435
2026-07-28 02:00:00,11.87341686660098,53.979,9,14,54.29493530346759,52.31332015999778,54.69130915956163,53.00767093773391,54.29493530346759,47.93878671915215,47.93878671915215
2026-07-28 02:30:00,13.854164203827313,62.989,9,14,61.21934091608775,64.9879011662118,63.35258470576831,58.71411544624516,61.134916827153,55.99618793740202,55.99618793740202
2026-07-28 03:00:00,17.355094230323957,79.151,9,14,81.72756779133044,79.65818133830551,73.16056231687193,79.36169493653159,73.16052417926898,70.55290179557417,70.55290179557417
2026-07-28 03:30:00,22.775915334555435,105.98400000000001,14,14,104.15020490139007,99.21843250740027,102.11907799356143,102.87176200624175,104.15020490139007,99.01611030369416,96.98444503673919
2026-07-28 04:00:00,30.10104542971864,138.647,14,14,139.4466431591377,144.9763233486064,144.9763233486064,133.24608727914608,132.20313280095664,131.9724579725804,129.84346729289405
2026-07-28 04:30:00,27.55703543147948,127.391,14,14,123.20964565450477,121.22955646034168,121.22955646034168,128.43180265317724,123.63854325954715,118.99316051036936,118.99316051036936
2026-07-28 05:00:00,26.282185486887187,120.93299999999999,14,14,124.42086002053469,125.22590778309745,121.62981271992939,118.58462482993866,115.57660049935579,115.52977995671279,113.20057739830985
2026-07-28 05:30:00,25.864899321800884,117.776,14,14,111.60817697331004,113.17108175893183,122.31661042819245,113.40635578362807,114.46883584481044,110.41191000716306,110.41191000716306
2026-07-28 06:00:00,16.549301517025036,75.562,14,14,76.1759197051279,72.72636906552489,70.79618723054568,72.09398951231324,71.29186671082707,70.79618723054568,68.2886708514502
2026-07-28 06:30:00,10.730315136371145,49.254,13,14,47.3253957785792,47.52809951915194,48.61804286348048,47.3253957785792,48.61804286348048,44.46276740262003,43.083421509302575
2026-07-28 07:00:00,2.825326390248177,12.934999999999997,14,14,12.511862524723362,12.511837914402278,12.511862524723362,12.511862524723362,11.707189260479861,10.48019497352594,10.48019497352594
2026-07-28 07:30:00,2.7780497370181894,12.759999999999996,12,14,11.93948919549878,11.511290928564685,11.93948919549878,11.93948919549878,11.939476099379764,11.511290928564685,10.305303031457697
2026-07-28 08:00:00,0.08496844676972608,0.3769999999999998,4,14,0.38856364734049853,0.3520802732511247,0.3885449426581686,0.28832572070375134,0.3885449426581686,0.3520802732511247,0.28832572070375134
2026-08-05 05:30:00,18.607186017146002,86.811,13,14,85.08731654756353,81.97236596785011,80.44018795301051,79.44550943338933,79.44550943338933,79.44550943338933,79.44550943338933
2026-08-05 06:00:00,14.843467601195455,69.87899999999999,13,14,64.96954026737933,65.26222042543651,62.4734127934249,62.4734127934249,62.4734127934249,62.4734127934249,62.4734127934249
2026-08-05 06:30:00,9.22103932693595,43.574,13,14,43.41875745042661,39.52881613418939,39.05156929761979,37.70465690934768,37.35200345307813,37.35200345307813,37.35200345307813
2026-08-05 07:00:00,10.392556386129417,49.843999999999994,14,14,55.529753367324105,47.52323362839781,46.79317296124962,42.76074267146044,42.76074267146044,42.76074267146044,42.76074267146044
2026-08-05 19:00:00,0.30077764237225646,1.38,5,14,1.2463199992492284,1.020636881165806,1.020636881165806,1.2463199992492284,1.020636881165806,1.020636881165806,1.020636881165806
2026-08-07 16:30:00,2.2403000050761994,9.125999999999998,5,14,9.283039386248477,7.959636825891797,7.959636825891797,7.959636825891797,7.959636825891797,7.959636825891797,7.959636825891797
2026-08-07 17:00:00,0.9032983640593579,3.836000000000003,4,14,3.7429604392701075,3.7429604392701075,3.7429604392701075,3.7429604392701075,3.0651866866975515,3.0651866866975515,3.0651866866975515
2026-08-07 17:30:00,0.19362005033723712,0.9090000000000007,1,14,0.8022954734523827,0.8022954734523827,0.8022954734523827,0.8022954734523827,0.6570161357365304,0.6570161357365304,0.6570161357365304
2026-08-07 18:00:00,0.004206986777262248,0.015000000000000124,2,14,0.017432318824381586,0.017432318824381586,0.017432318824381586,0.017432318824381586,0.014275681628412099,0.014275681628412099,0.014275681628412099
2026-08-08 08:00:00,2.3032988702909165,9.593,5,14,9.609964034718322,8.488016594540774,8.488016594540774,8.488016594540774,8.488016594540774,8.488016594540774,8.488016594540774
2026-08-08 08:30:00,1.5248410616786885,6.149000000000001,5,14,6.3184214619732355,6.3184214619732355,5.179654012376427,5.179654012376427,5.179654012376427,5.179654012376427,5.179654012376427
2026-08-08 16:30:00,1.732339556663325,7.9159999999999995,3,14,7.178224478160859,6.185175038133817,6.185175038133817,6.185175038133817,6.185175038133817,6.185175038133817,6.185175038133817
2026-08-08 17:00:00,0.721066658788876,3.2669999999999986,4,14,3.297304049244588,2.9878543848952295,2.9878543848952295,2.9878543848952295,2.446814929242926,2.446814929242926,2.446814929242926
2026-08-08 17:30:00,1.0990721259928944,4.554,4,14,5.025852918418333,4.554180159265259,4.554180159265259,4.554180159265259,3.737363274059315,3.737363274059315,3.737363274059315
2026-08-17 15:00:00,2.624738226635846,10.621999999999998,5,14,9.471687860167062,9.471687860167062,9.471687860167062,9.471687860167062,9.471687860167062,9.471687860167062,9.471687860167062
2026-08-17 15:30:00,5.058255258714736,20.92,5,14,19.673430751510242,19.673430751510242,19.673430751510242,19.673430751510242,19.673430751510242,19.673430751510242,19.673430751510242
2026-08-17 16:00:00,5.310378914260518,22.017000000000003,5,14,22.004399636336693,20.757283439108342,20.757283439108342,20.757283439108342,20.757283439108342,20.757283439108342,20.757283439108342
2026-08-17 16:30:00,4.875028640022811,19.979999999999997,4,14,20.200456533446218,18.832387754678166,18.832387754678166,18.832387754678166,18.832387754678166,18.832387754678166,18.832387754678166
2026-08-17 17:00:00,5.203663035422871,21.525000000000006,5,14,20.37457047344919,20.37457047344919,20.37457047344919,20.37457047344919,20.37457047344919,20.37457047344919,20.37457047344919
2026-08-17 17:30:00,2.5588663630493005,10.608,4,14,10.603069757849285,10.603069757849285,9.667953729821148,9.667953729821148,9.667953729821148,9.667953729821148,9.667953729821148
2026-08-17 18:00:00,1.3745564214454546,5.742999999999999,3,14,5.695693152696711,5.695693152696711,5.695693152696711,4.770527519859226,4.770527519859226,4.770527519859226,4.770527519859226
2026-08-17 18:30:00,3.099023038818052,13.265999999999998,3,14,12.877056763825067,12.841294854731261,12.841294854731261,11.996395743098368,11.996395743098368,11.996395743098368,11.996395743098368
2026-08-17 19:00:00,6.2600487208157904,26.911,4,14,26.21557198319105,27.52416872365478,25.93950752287339,25.21533987288707,25.21533987288707,25.21533987288707,25.21533987288707
2026-08-17 19:30:00,8.880117614123755,38.077,5,14,39.32970788408865,38.40058866298061,36.25576268018999,36.79617969898894,36.25576268018999,36.25576268018999,36.25576268018999
2026-08-17 20:00:00,7.19231430811111,30.982,4,14,31.28721422986405,29.80249825880037,29.80249825880037,29.80249825880037,28.69645655338615,28.69645655338615,28.69645655338615
2026-08-17 20:30:00,5.026632451215978,22.053000000000004,5,14,20.852228671400667,20.852228671400667,20.852228671400667,20.08369811746659,20.08369811746659,20.08369811746659,20.08369811746659
2026-08-17 21:00:00,3.1814070566311905,14.032,4,14,14.547984215141419,13.182666135552532,12.321846391614596,13.182666135552532,12.321846391614596,12.321846391614596,12.321846391614596
2026-08-17 21:30:00,0.3766977046042088,1.6249999999999996,4,14,1.7225687134374563,1.2782584747230572,1.5609068520407043,1.5609068520407043,1.2782584747230572,1.2782584747230572,1.2782584747230572
2026-08-17 22:00:00,1.3044026879143031,5.404999999999999,1,14,5.964791482564814,5.404999999999999,5.404999999999999,5.404999999999999,4.535998820016415,4.535998820016415,4.535998820016415
2026-08-17 22:30:00,0.885690631756798,3.67,1,14,4.050098934507469,3.6699999999999995,3.6699999999999995,3.6699999999999995,3.061920293904616,3.061920293904616,3.061920293904616
2026-08-18 00:00:00,1.3678412398546207,6.255000000000001,4,14,6.254884210666209,5.667867729738949,5.667867729738949,5.667867729738949,5.667867729738949,5.373557151988782,5.373557151988782
2026-08-18 00:30:00,2.322384821177464,10.62,4,14,10.619865392215374,9.949845806255675,9.949845806255675,9.623170877189166,9.623170877189166,9.309180628950822,9.309180628950822
2026-08-18 01:00:00,2.150505278415269,9.834,4,14,9.833861649282957,8.918620699898078,8.918620699898078,8.918620699898078,8.910960654658025,8.598518245671562,8.598518245671562
2026-08-18 01:30:00,4.6406131192922615,21.221000000000004,4,14,20.583235847457658,20.01718879872486,20.01718879872486,20.01718879872486,19.22911853998153,19.000480570489668,19.000480570489668
2026-08-18 02:00:00,2.675114715253012,12.233,4,14,11.793796730767722,10.805488869254624,11.086395885922716,11.08476329427225,11.08476329427225,10.805488869254624,10.805488869254624
2026-08-18 02:30:00,1.6796523486927506,7.680999999999999,4,14,7.68082260832306,6.9599066521402,6.9599066521402,6.9599066521402,6.771291383304068,6.771291383304068,6.771291383304068
2026-08-18 03:00:00,1.6068426230621125,7.348,4,14,7.347873598270562,6.658207973749057,6.658207973749057,6.658207973749057,6.658207973749057,6.433771282226579,6.433771282226579
2026-08-18 03:30:00,3.6239828016695665,16.571999999999996,4,14,16.571800984957918,15.884515827085554,15.016549125902195,15.419593724359661,15.016549125902195,14.73329454280831,14.73329454280831
2026-08-18 04:00:00,2.777032840149578,12.698999999999998,3,14,12.201537927526793,12.222748372326768,12.002456701019575,11.738635668065118,11.507077254654192,11.339247255771866,11.339247255771866
2026-08-18 04:30:00,1.4334539358917713,6.555,3,14,5.939744371336377,6.1563846456706965,5.939744371336377,5.939744371336377,5.652730750059356,5.652730750059356,5.652730750059356
2026-08-18 12:30:00,0.5920626838807457,2.7430000000000003,5,14,2.7073928064370496,2.4533058970403396,2.4533058970403396,2.0451185743304934,2.0451185743304934,2.0451185743304934,2.0451185743304934
2026-08-18 13:00:00,2.432790281645359,10.635,5,14,11.124820330298238,10.08065346240458,10.08065346240458,10.08065346240458,10.08065346240458,9.465497919729177,9.465497919729177
2026-08-18 13:30:00,3.038396071246063,13.235000000000001,4,14,12.685797651113326,11.821464623494762,12.590077371999326,12.590077371999326,12.590077371999326,11.821464623494762,11.821464623494762
2026-08-18 14:00:00,0.10591988519985188,0.4450000000000003,2,14,0.4388958906705437,0.4388958906705437,0.35942080146376143,0.4388958906705437,0.4388958906705437,0.35942080146376143,0.35942080146376143
2026-08-18 14:30:00,0.5260356238770473,2.285,5,14,2.4054896334963156,2.1797122724437643,2.1797122724437643,2.1797122724437643,2.1797122724437643,1.9568234201731656,1.9568234201731656
2026-08-18 15:00:00,1.5650314001281693,6.356,5,14,7.15659822838719,6.546161410952033,6.4849565215312515,6.4849565215312515,6.4849565215312515,6.161015878102256,6.161015878102256
2026-08-18 15:30:00,0.31233843413168344,1.25,4,14,1.428281339405727,1.2942239786251188,1.0598664274581646,1.2942239786251188,1.2942239786251188,1.0598664274581646,1.0598664274581646
2026-08-19 14:00:00,1.698978639004609,7.625,8,14,7.08535029483943,7.039988209855035,6.699021334655368,6.699021334655368,6.699021334655368,6.699021334655368,6.699021334655368
2026-08-19 14:30:00,2.879007083829948,12.435000000000002,8,14,13.165165244585,11.958687727397667,11.689708668101133,11.689708668101133,11.689708668101133,11.689708668101133,11.689708668101133
2026-08-19 15:00:00,1.952292495735255,8.059,7,14,8.089634464278493,8.089634464278493,8.089634464278493,7.783825652085798,7.783825652085798,7.783825652085798,7.783825652085798
2026-08-19 15:30:00,2.7639836136415,12.03,8,14,12.639184256020693,11.991462529478536,11.991462529478536,11.50727655704736,11.23453925475662,11.23453925475662,11.23453925475662
2026-08-19 16:00:00,2.193560486022568,9.673000000000002,7,14,10.078198517134883,10.030745125525034,9.089366755223146,9.089366755223146,8.889032132051357,8.889032132051357,8.889032132051357
2026-08-19 16:30:00,3.1256525891403313,13.452,7,14,14.523553813989974,12.89554249550081,12.951638631868107,12.951638631868107,12.951638631868107,12.670816367598604,12.670816367598604
2026-08-19 17:00:00,0.41371573859652444,1.7710000000000008,6,14,1.7142969635318048,1.8918453148309406,1.5590707985576377,1.5590707985576377,1.5590707985576377,1.5590707985576377,1.5590707985576377
2026-08-20 01:00:00,3.4855979511739044,14.537,4,14,14.44312948804095,14.44312948804095,13.596903657049303,13.596903657049303,13.596903657049303,13.596903657049303,13.596903657049303
2026-08-20 01:30:00,3.8228437767778,15.734,4,14,14.899696059452356,14.899696059452356,15.840561204701759,15.840561204701759,15.840561204701759,14.899696059452356,14.899696059452356
2026-08-20 02:00:00,3.3942384988193313,14.105999999999998,4,14,14.443585470705333,15.521222913089588,14.443585470705333,14.064567066672414,14.064567066672414,13.318066307480407,13.318066307480407
2026-08-20 02:30:00,2.9590666530557073,12.058,4,14,13.531262800991591,13.531262800991591,12.607218470289782,12.26136331054299,12.26136331054299,11.431942591428887,11.431942591428887
2026-08-20 03:00:00,2.8522682577031766,11.358,4,14,13.042936593528658,13.042893553632132,11.818827173329547,11.818827173329547,11.818827173329547,10.981003898276672,10.981003898276672
2026-08-20 03:30:00,4.828121172267782,20.650000000000006,12,14,22.07810234673921,22.07810234673921,21.339343300460797,20.18682533228665,19.182637498265024,19.182637498265024,19.182637498265024
2026-08-20 04:00:00,8.259541030323003,35.849999999999994,11,14,36.0608520419801,34.84610827407825,36.64852292182579,35.44494534201344,35.44494534201344,33.355941862461094,33.355941862461094
2026-08-20 04:30:00,4.893244566052508,21.134999999999998,12,14,21.54828109560725,21.227420774314385,20.20025628539105,19.418655294508778,20.275937120156705,19.418655294508778,19.418655294508778
2026-08-20 05:00:00,2.3137243040025712,9.784999999999997,11,14,10.580231970837852,10.580231970837852,9.587284646837139,9.587284646837139,9.587284646837139,8.76626648366181,8.76626648366181
2026-08-20 05:30:00,1.0417994127606443,4.890999999999998,1,14,4.316861562877447,3.535166028478951,4.316861562877447,4.316861562877447,4.316861562877447,3.535166028478951,3.535166028478951
2026-08-20 06:00:00,4.3445181839322595,18.081,4,14,17.981406851024154,19.866675605217402,18.002202082012722,18.34534774445985,18.002202082012722,16.8028477816995,16.8028477816995
2026-08-20 06:30:00,3.3273115456126265,13.907999999999998,4,14,15.215613073219204,15.215178373209282,14.01087580905319,14.01087580905319,12.66882017203372,12.66882017203372,12.66882017203372
2026-08-20 07:00:00,2.144691649512576,9.047,4,14,9.80727700292883,8.926628163659888,8.926628163659888,8.926628163659888,8.88687095865372,7.925441663343637,7.925441663343637
2026-08-20 07:30:00,1.7682442133247838,7.397000000000002,4,14,8.085941201649119,8.085852720526686,7.426324106100647,6.264077807346395,7.327001133601126,6.264077807346395,6.264077807346395
2026-08-20 08:00:00,0.5646718309127455,2.3200000000000003,4,14,2.3398075413072923,2.5821395177115005,2.3398075413072923,2.3398075413072923,2.3398075413072923,1.9161161442700696,1.9161161442700696
2026-08-20 09:00:00,2.7217204368835044,11.140000000000002,4,14,11.277881514394593,12.445922589904912,10.357138279419619,11.277881514394593,11.277881514394593,10.357138279419619,10.357138279419619
2026-08-20 09:30:00,3.902144451414593,17.268,7,14,16.659676029455063,17.843782601178194,16.169156162672305,16.169156162672305,16.169156162672305,15.32315145157378,15.32315145157378
2026-08-20 10:00:00,3.781974932724705,16.561,7,14,15.671214649260214,15.671214649260214,16.134916152732977,16.134916152732977,15.671214649260214,14.742732218025845,14.742732218025845
2026-08-20 10:30:00,5.3634615091473234,23.601,7,14,24.526114384186236,21.82780840881513,24.526114384186236,23.28411263415529,22.22435581093025,21.307150494245285,21.307150494245285
2026-08-20 11:00:00,3.1492793234074563,13.969,7,14,14.401111388644672,14.40107005185227,14.40107005185227,13.320014826133209,12.163070111548056,12.163070111548056,12.163070111548056
2026-08-20 11:30:00,5.697269252188427,26.219,7,14,26.23017269669839,24.498499535465037,23.837520952351504,23.607541285672003,23.607541285672,22.85683924851061,22.85683924851061
2026-08-20 12:00:00,3.7453400615235726,17.607,7,14,17.5705519410615,17.126745218538137,17.126745218538137,15.663830382048216,15.519412233735654,14.569260052974975,14.569260052974975
2026-08-20 12:30:00,3.684669826013458,16.946000000000005,7,14,15.268015463420417,16.84931148785902,16.84931148785902,14.22410844797449,15.268015463420417,14.22410844797449,14.22410844797449
2026-08-20 13:00:00,2.4308274011510314,10.802000000000001,7,14,9.452155561775413,11.115722707651624,9.014240146385042,10.072519954884136,10.072519954884136,10.072519954884136,9.014240146385042
2026-08-20 13:30:00,2.6462469412929774,11.125,7,14,12.100796297365912,10.96514508150739,10.96514508150739,10.96514508150739,10.96514508150739,10.96514508150739,9.957280608640932
2026-08-20 14:00:00,2.622012651095432,11.533,7,14,12.228458475070795,11.989977384544247,11.989977384544247,10.86472644565869,9.879195081997917,10.86472644565869,9.879195081997917
2026-08-20 14:30:00,5.017006414817768,22.861999999999995,7,14,20.78876402458898,22.941839516543606,21.279346847139276,21.279346847139276,20.78876402458898,20.78876402458898,19.71721702250235
2026-08-20 15:00:00,2.1759188411987127,10.34,7,14,9.016265794027332,8.263352557934684,9.950073156846386,9.016265794027332,9.016265794027332,8.263352557934684,8.263352557934684
2026-08-20 15:30:00,2.0951172951153127,9.288,7,14,9.580582677930725,9.580582677930725,9.580582677930725,8.681451736507183,8.681451736507183,8.681451736507183,7.98602967262719
2026-08-20 16:00:00,3.321221680781644,15.072,7,14,15.18737414487827,15.187330551205866,15.187330551205866,15.187330551205866,13.76201026795503,13.76201026795503,12.997598797419851
2026-08-20 16:30:00,3.397021415307667,15.181,7,14,15.533948673868919,14.076098523759109,14.076098523759109,14.076098523759109,14.07609852375911,14.076098523759109,13.350161914627785
2026-08-20 17:00:00,1.680431018781658,7.543,7,14,7.684383361134771,6.963133195499501,7.68429927409431,6.963133195499501,6.963133195499501,6.963133195499501,6.332941500091557
2026-08-20 17:30:00,1.176325120182637,5.157000000000002,6,14,5.379375480349142,5.379116527896482,5.379116527896482,4.874290227623989,4.874290227623989,4.874290227623989,4.239455014460409
2026-08-20 18:00:00,0.9831306175435581,4.821999999999999,4,14,4.55072143134606,4.073758078741432,4.495673911213043,4.495673911213043,4.073758078741432,3.560981046583179,3.560981046583179
2026-08-20 18:30:00,1.2985951857474185,6.08,4,14,6.053712634139165,5.938251897730036,5.938234852636828,5.147466934360945,5.3809356910999595,5.3809356910999595,4.877887934239233
2026-08-20 19:00:00,0.40634678645504047,1.9270000000000007,7,14,1.8581687970444523,1.8581484638690398,1.8581484638690398,1.8581484638690398,1.6837625383165313,1.6837625383165313,1.3788675033429776
2026-08-20 19:30:00,0.24343883371441027,1.149000000000001,7,14,1.142887316995193,1.1132038160558515,1.1132006207278102,1.1132006207278102,1.0087275259531143,1.0087275259531143,0.8260675562095402
2026-08-31 00:00:00,3.0775623022854557,14.630999999999998,13,15,12.45208806475686,12.45208806475686,12.45208806475686,12.45208806475686,12.45208806475686,12.45208806475686,12.45208806475686
2026-08-31 00:30:00,3.5129818028479605,15.486999999999998,13,15,14.556598832799,14.274449849170741,14.274449849170741,14.274449849170741,14.274449849170741,14.274449849170741,14.274449849170741
2026-08-31 01:00:00,2.3502969421090905,9.816,12,15,9.123894766853844,9.123894766853844,9.123894766853844,9.123894766853844,9.123894766853844,9.123894766853844,9.123894766853844
2026-08-31 01:30:00,1.30512668570593,5.4079999999999995,1,15,5.4079999999999995,5.044257775808397,5.044257775808397,5.044257775808397,5.044257775808397,5.044257775808397,5.044257775808397
2026-08-31 02:00:00,0.8381481101066373,3.472999999999999,1,15,3.472999999999999,3.472999999999999,3.050218764343864,3.050218764343864,3.050218764343864,3.050218764343864,3.050218764343864
2026-08-31 02:30:00,0.30890572442743913,1.2800000000000002,1,15,1.2800000000000002,1.2800000000000002,1.0482181210918577,1.0482181210918577,1.0482181210918577,1.0482181210918577,1.0482181210918577
2026-08-31 03:00:00,0.2374712756535938,0.984,1,15,0.984,0.984,0.8058176805893655,0.8058176805893655,0.8058176805893655,0.8058176805893655,0.8058176805893655
2026-08-31 03:30:00,0.02944257685949037,0.12200000000000033,1,15,0.12200000000000033,0.12200000000000033,0.12200000000000033,0.09990828966656795,0.09990828966656795,0.09990828966656795,0.09990828966656795
2026-09-01 01:00:00,2.7958582521462616,11.448,5,15,11.585083343406408,11.585083343406408,10.834602426138144,10.834602426138144,10.834602426138144,10.834602426138144,10.834602426138144
2026-09-01 01:30:00,3.8729616435468,15.866,5,15,16.37316313547139,15.115769967494508,16.048232556805136,15.115769967494508,15.115769967494508,15.115769967494508,15.115769967494508
2026-09-01 02:00:00,4.197203558904906,17.290999999999997,5,15,17.391780503116717,17.391780503116717,17.391780503116717,17.391780503116717,16.497571655316815,16.497571655316815,16.497571655316815
2026-09-01 02:30:00,3.725947929282114,15.076999999999998,5,15,15.439057849513494,15.439057849513494,15.439057849513494,15.439057849513496,14.497971584370967,14.497971584370967,14.497971584370967
2026-09-01 03:00:00,11.446165311522073,49.276,14,15,49.756396595332944,49.352908436649834,47.95733340725305,47.429006457890175,46.54121008699092,46.54121008699092,46.54121008699092
2026-09-01 03:30:00,12.322083582920278,54.080000000000005,14,15,54.04027716486992,52.579479856760784,51.770086621562996,52.38570883699062,51.770086621562996,50.68282418272037,50.68282418272037
2026-09-01 04:00:00,10.36638724548159,45.486999999999995,14,15,47.40363737174394,44.429096064481946,45.10287954016436,45.10287954016436,42.12395655894169,42.12395655894169,42.12395655894169
2026-09-01 04:30:00,12.362371477339039,55.188,14,15,55.63188805610832,55.7326422604477,54.082144736918885,52.89254899802166,52.89254899802166,51.169891502208344,51.169891502208344
2026-09-01 05:00:00,12.505280587630978,54.937,13,15,58.99741098956951,55.71038358845034,52.79935953080109,52.79935953080109,53.17402530754867,51.324844944811225,51.324844944811225
2026-09-01 05:30:00,15.19279689782416,68.00000000000001,14,15,72.7866071670688,66.68259643394681,66.6756276304268,64.76051109702959,63.13517888346562,63.13517888346562,63.13517888346562
2026-09-01 06:00:00,15.41772444780107,71.858,12,15,67.93429011581202,69.57687052985527,69.8454231872813,68.60595716044976,67.52011852615749,66.5944855739075,66.5944855739075
2026-09-01 06:30:00,15.452903941349929,72.016,14,15,70.91585260971081,69.95780362217701,68.57414317241968,68.57414317241968,69.55366352056134,67.70786395634137,67.70786395634137
2026-09-01 07:00:00,7.4444116556013125,34.41,14,15,33.89716900381756,31.88684557337256,31.88684557337256,31.88684557337256,31.155168005033776,31.155168005033776,31.155168005033776
2026-09-01 07:30:00,1.722309750354972,7.594999999999999,13,15,7.875802943707672,6.346381882470781,6.346381882470781,6.346381882470781,6.346381882470781,6.346381882470781,6.346381882470781
2026-09-01 08:00:00,2.9061367063449817,13.354000000000003,13,15,12.633803549843556,13.289223974915908,12.38713631291044,12.042039657945406,12.042039657945406,11.073755645948431,11.073755645948431
2026-09-01 08:30:00,0.338302717188402,1.5469999999999997,1,15,1.5469999999999997,1.5469999999999997,1.5469955595081433,1.4018111150376924,1.4018111150376924,1.1479717290081968,1.1479717290081968
2026-09-01 09:00:00,0.17275962933344385,0.79,1,15,0.7900357631453492,0.79,0.7899977323926526,0.7158570012151114,0.7158570012151114,0.7158570012151114,0.5862299068626217
2026-09-01 09:30:00,0.17757065698576766,0.8120000000000003,1,15,0.8336519225097017,0.8120000000000003,0.8119976692440937,0.7357922594767983,0.7357922594767983,0.6025552966739859,0.6025552966739859
2026-09-01 10:00:00,0.7096265787177536,3.245,1,15,3.3315276952512085,3.245,3.2449906855875414,2.9404505935987806,2.9404505935987806,2.9404505935987806,2.407994997176212
2026-09-01 10:30:00,0.3940669013403364,1.8019999999999996,1,15,1.8019948275589361,1.8019999999999996,1.6328788812526966,1.6328788812526966,1.6328788812526966,1.337197838185372,1.337197838185372
2026-09-01 11:00:00,0.6790109482029661,3.1050000000000004,1,15,3.1050000000000004,3.1049910874420084,3.1049910874420084,2.8135898592062296,2.8135898592062296,2.8135898592062296,2.3041061529220763
2026-09-01 11:30:00,0.36192048929980963,1.6550000000000002,1,15,1.6550000000000002,1.6550000000000002,1.4996751101405184,1.4996751101405184,1.4996751101405184,1.4996751101405184,1.2281145517185301
2026-09-01 12:00:00,0.29456610216727713,1.3470000000000004,1,15,1.3469961335859535,1.3469961335859535,1.2205814944769053,1.2205814944769053,1.2205814944769053,0.9995590943594324,0.9995590943594324
2026-09-01 12:30:00,0.5169667895496978,2.364,1,15,1.7542373415484018,2.1421341150285103,2.1421341150285103,2.1421341150285103,1.7542373415484018,1.7542373415484018,1.7542373415484018
2026-09-01 13:00:00,0.570544142950576,2.609,1,15,2.6089925111549754,2.3641404002154753,2.6089925111549754,2.3641404002154753,2.3641404002154753,2.3641404002154753,1.9360428189931391
2026-09-01 13:30:00,0.4200901872779059,1.9210000000000003,1,15,1.9210000000000003,1.9209944859826402,1.9209944859826402,1.740710505486366,1.740710505486366,1.740710505486366,1.4255033558013877
2026-09-01 14:00:00,0.04286188272070247,0.19599999999999973,1,15,0.19599943740374642,0.19599943740374642,0.19599943740374642,0.1776050281495717,0.1776050281495717,0.1776050281495717,0.14544438195578946
2026-09-01 15:00:00,0.006560492253168711,0.029999999999999805,1,15,0.029999913888328383,0.029999913888328383,0.029999913888328383,0.027184443084117976,0.027184443084117976,0.027184443084117976,0.0222618951973146
2026-09-01 15:30:00,0.6829592413286357,3.241000000000002,7,15,3.1230458993684693,3.1230458993684693,3.1230458993684693,2.8381270522758135,2.829950239740531,2.829950239740531,2.5635007685241904
2026-09-01 16:00:00,1.2461240926451993,5.961,5,15,5.69835663374893,5.698294278980525,5.698294278980525,4.578209014305519,5.163513371408966,4.578209014305519,4.578209014305519
2026-09-01 16:30:00,0.6255106258299061,2.595,3,15,2.8603440392857675,2.860352249609537,2.5919027643346593,2.5919027643346593,2.5919027643346593,2.5919027643346593,2.122562066940366
2026-09-01 17:00:00,0.6480823561307054,2.6829999999999994,4,15,2.963568880754389,2.963560374158732,2.963560374158732,2.963560374158732,2.6854323188243807,2.6854323188243807,2.477358499393197
2026-09-01 17:30:00,0.07143260091972464,0.2980000000000008,5,15,0.32665160534116167,0.326648968536876,0.2959923431225536,0.2959923431225536,0.2959923431225536,0.2959923431225536,0.24239417012929654
2026-09-01 18:00:00,0.003961741798015271,0.020999999999999464,4,15,0.01811650845141671,0.01811636221093803,0.016416107247150463,0.016416107247150463,0.016416107247150463,0.016416107247150463,0.01344348522988319
2026-09-01 18:30:00,0.007469466441914932,0.03200000000000003,5,15,0.0350673650991964,0.0341565822517684,0.030950922205706614,0.030950922205706614,0.02534634181291097,0.030950922205706614,0.02534634181291097
2026-09-01 19:00:00,0.0022458352337459153,0.012000000000000455,1,15,0.010543661278464315,0.010269817326563405,0.009305975486608444,0.009305975486608444,0.007620853233984054,0.009305975486608444,0.007620853233984054
2026-09-01 19:30:00,0.000998824958647763,0.0050000000000002265,2,15,0.004689245178014518,0.004567454331641007,0.004138790077260129,0.004138790077260129,0.0033893396549837785,0.004138790077260129,0.0033893396549837785
2026-09-02 10:00:00,1.4343896878151294,6.533000000000001,8,15,5.943621808260275,5.370479045278735,5.370479045278735,5.370479045278735,5.370479045278735,5.370479045278735,5.370479045278735
2026-09-02 10:30:00,0.6276147397530633,3.2209999999999983,8,15,2.6012037265353847,2.600621495030353,2.600621495030353,2.600621495030353,2.132510681283471,2.132510681283471,2.132510681283471
2026-09-02 11:00:00,2.5310213798148213,11.687999999999997,12,15,11.428472365240998,11.015358668923797,10.849217546656979,10.849217546656979,10.849217546656979,10.849217546656979,9.960429165544259
2026-09-02 11:30:00,6.754907058515391,31.010999999999996,13,15,31.360166906002686,30.488664461011716,29.557140483424064,29.557140483424064,29.557140483424064,28.724661729898465,28.724661729898465
2026-09-02 12:00:00,9.444001881548472,43.286,13,15,40.786942279779424,41.31720159443425,40.75463852408371,41.713011619777774,39.79431453629281,40.752626787621615,39.79431453629281
2026-09-02 12:30:00,9.007868798845085,40.247,13,15,42.929026849557076,38.82170280266472,40.13916619594845,36.4100130078793,39.35159058546875,36.4100130078793,36.4100130078793
2026-09-02 13:00:00,6.5628773595782395,29.159999999999997,13,15,27.046419408155447,27.7045734925915,27.383931994167796,30.98870394291434,27.19432615187224,27.19432615187224,26.14887129717443
2026-09-02 13:30:00,5.116439541258935,22.418999999999997,12,15,21.72906476505055,23.56871235786795,22.258418270248818,23.537967694501337,20.73217580258232,21.200780998636965,20.56660914515276
2026-09-02 14:00:00,9.018001334193169,39.818,13,15,41.391764063372726,39.988978237098756,41.35696633076785,38.916557806616126,39.51312307513255,37.667824059107524,36.36960874554943
2026-09-02 14:30:00,10.782098742739366,49.333,12,15,49.56036621443838,50.234970000257135,47.52542553980498,48.262016013972975,46.482898053496484,45.27085069919846,45.27085069919846
2026-09-02 15:00:00,15.142840389234035,70.691,13,15,72.18041238190153,67.46540230761721,69.24584020314546,67.2595355645606,66.6032465132278,66.80914521528715,65.66209353696044
2026-09-02 15:30:00,17.20962481402789,79.35900000000001,13,15,76.58937987467692,80.44987580608746,74.05187006137568,77.48736088620532,75.19475840224713,74.05187006137568,74.05187006137568
2026-09-02 16:00:00,16.267797383249697,74.15599999999999,13,15,75.26704634378211,71.95243431257516,72.85049064991051,70.64889987410209,70.49778780137872,70.39982831001188,69.09635964271438
2026-09-02 16:30:00,18.04466788093335,81.91399999999999,13,15,81.93897711100858,82.83891552811673,78.35090103102256,81.1537076860292,76.97889694780397,76.97889694780397,76.97889694780397
2026-09-02 17:00:00,24.06925744228522,107.93599999999999,13,15,111.19482095620886,110.78254465778551,109.0438378339658,104.80008919235351,107.1644231827321,104.81879445826746,103.13505240251507
2026-09-02 17:30:00,22.682028245628633,99.964,12,15,100.15244394288612,101.09106021793056,98.28646070412418,101.63064981761653,96.15631918358922,96.15631918358922,96.15631918358922
2026-09-02 18:00:00,27.435747798412137,122.665,13,15,124.90256555310185,127.25928022866917,123.74115810104695,120.07058442260487,123.74115810104695,119.8132830140874,117.96512485543967
2026-09-02 18:30:00,26.133979058637028,118.44699999999997,13,15,116.8411287636766,113.65271121507777,113.95744730553064,119.92561490009548,112.4266714594983,112.4266714594983,112.4266714594983
2026-09-02 19:00:00,21.25126360652153,97.91499999999996,13,15,96.71073977803294,97.44346143473392,96.25942752303884,92.02175080503633,96.25942752303884,92.02175080503633,92.02175080503633
2026-09-02 19:30:00,23.309402094323524,108.138,13,15,105.33540088050381,103.75512164327719,102.15391084843937,104.31063733414939,102.15391084843937,103.1782708434619,102.15391084843937
2026-09-02 20:00:00,23.422032787277608,108.53400000000002,13,15,104.67764496094038,104.21875440900851,104.21875440900851,102.91433020220572,104.21875440900851,102.91433020220572,102.91433020220572
2026-09-02 20:30:00,27.68055640190635,126.50800000000001,13,15,125.79002838318104,127.20557903107627,120.97917908987904,122.97612105561053,122.97612105561053,120.97917908987904,120.97917908987904
2026-09-02 21:00:00,21.386264088212354,99.28399999999999,13,15,95.55451277341645,93.8988440783008,97.00443891207631,95.5339017309207,93.8988440783008,95.36916738299891,93.8988440783008
2026-09-02 21:30:00,17.926143666515344,83.577,13,15,84.81958568131765,80.30602361889106,79.01858057984558,79.01858057984559,79.9624354932987,79.01858057984559,79.01858057984559
2026-09-02 22:00:00,10.209367448710355,46.230999999999995,12,15,46.44422695483603,43.61537853023928,44.667186759119645,43.61537853023928,43.61537853023928,43.61537853023928,43.61537853023928
2026-09-02 22:30:00,14.883631615614346,67.26,11,15,68.6876120833357,67.51222155055449,66.74056251120939,67.51222155055449,67.51222155055449,64.83390564914293,64.06225519702316
2026-09-02 23:00:00,13.001513024449228,58.482000000000006,13,15,58.90490084600813,58.0041666248312,56.24117363188865,56.24110122869693,55.46667005422718,55.46667005422718,55.46667005422718
2026-09-02 23:30:00,3.8071365820629355,16.799999999999994,13,15,16.821606072394296,15.180000073015727,15.885513416235913,15.885513416235913,16.82157407729831,15.180000073015727,15.180000073015727
2026-09-03 00:00:00,1.324627700329593,6.145999999999999,8,15,5.488805555690347,5.741812691249316,5.741804953218093,5.741804953218093,5.156115308253318,5.488805555690347,5.11621853577372
2026-09-03 00:30:00,3.5611730127964836,17.095,11,15,15.867743486179405,15.867647896996733,15.867613906860305,15.867613906860305,15.867613906860305,14.756286775935834,14.450035723956887
2026-09-03 01:00:00,3.252452848770566,14.829999999999998,12,15,14.359808662622857,14.359808662622857,14.872863441281789,14.872863441281789,14.359781664292687,13.47705567497255,13.231833713496266
2026-09-03 01:30:00,3.2755661647562455,14.823000000000002,9,15,14.978722176822496,14.978556347009892,14.978606772759662,14.182212829999555,14.182212829999555,13.572829375885686,13.338000049386306
2026-09-03 02:00:00,0.8765440288268703,3.829999999999996,6,15,4.008466175903498,4.008284721638813,3.7543252957870608,3.6320995960110234,3.7543215576067954,3.6320995960110234,3.3654290049015567
2026-09-03 02:30:00,1.7014632766270104,7.5379999999999985,9,15,7.905287404804,7.780517250510464,7.780517250510464,7.780475887050897,7.1505680615265295,7.050283701020077,6.832922846077618
2026-09-03 03:00:00,0.11728033760044364,0.5040000000000018,7,15,0.5506032391434642,0.4859697320495278,0.5363012245168046,0.5363012245168046,0.4859697320495278,0.3979705308097418,0.3979705308097418
2026-09-03 09:30:00,12.116972047790284,53.833,13,15,54.29994667238954,49.04840692883188,48.605481634920764,48.605481634920764,48.605481634920764,48.605481634920764,48.605481634920764
2026-09-03 10:00:00,10.981015817729698,49.882,12,15,47.47795356647013,50.12377303611101,52.57766129498101,52.57766129498101,49.169762526308446,46.044452329216305,44.02339906372434
2026-09-03 10:30:00,14.022191038605598,61.69300000000001,13,15,64.39907285019567,65.94278650667232,65.52785770167348,64.88446089920404,64.88446089920404,56.29994604133844,56.29994604133844
2026-09-03 11:00:00,13.03527547427606,57.318000000000005,13,15,57.16090563006228,60.994763664694815,55.84362863477753,54.45749213218937,52.405753299231016,54.36387737815514,52.405753299231016
2026-09-03 13:30:00,25.65151060103324,115.01599999999999,13,15,114.47457714164716,114.24353695884194,115.31670048315252,114.4744360299947,115.6458365897946,110.60603199692257,110.60603199692257
2026-09-03 14:00:00,27.017457747151273,122.368,13,15,120.49998738431944,122.94149317226568,121.08941317504578,122.37975718010705,117.60028860914997,119.49954310959215,117.60028860914997
2026-09-03 14:30:00,28.375411736835627,127.851,13,15,127.7011605350743,126.73782205918384,126.77243423597561,124.27770663642663,126.04418016703555,123.22054356152091,123.22054356152091
2026-09-03 15:00:00,25.839942619756723,117.02,13,15,115.18769862001801,112.08345297686319,114.03460846607184,114.03457423493876,114.03457423493876,112.0833745515696,112.0833745515696
2026-09-03 15:30:00,21.997325288888838,100.95100000000001,13,15,96.95426903242688,102.19143506137509,99.70010761331956,98.48772010079823,97.45468938568999,97.45468938568999,95.83420540306527
2026-09-03 16:00:00,18.97831191463176,86.71300000000002,13,15,86.65086200871978,84.56805722218604,82.4801135857988,82.4801135857988,84.241745795412,82.4801135857988,82.4801135857988
2026-09-03 16:30:00,17.451588940795144,77.57499999999999,13,15,78.70226082748549,75.36290265963005,77.28218777980479,77.13307853375056,73.80360953428578,75.2513231077447,73.80360953428578
2026-09-03 17:00:00,11.822166487100992,53.712,13,15,53.986030740840974,52.82567666339804,50.789583002226955,50.789583002226955,52.742345272501204,47.95530849494319,47.95530849494319
2026-09-03 17:30:00,11.614941359303838,54.366,13,15,52.06008747992021,51.90866932126901,51.91369456807298,51.90866932126901,50.03955611389672,50.03955611389672,48.53622809343817
2026-09-03 18:00:00,4.059470732180707,18.244999999999997,12,15,17.668291018039582,17.155609213565256,16.8210626294556,16.8210626294556,16.26052441652437,16.8210626294556,15.925527062296943
2026-09-03 18:30:00,10.113834394193963,43.88499999999999,9,15,45.10386427883746,44.482813710559896,46.24868823830773,46.24868823830773,44.482315669363615,40.879410534671905,40.879410534671905
2026-09-03 19:00:00,9.709575811175126,41.65799999999999,13,15,46.649326639227084,43.272841655987605,40.31366168772516,39.0389031193599,40.369693636047856,40.23317166213123,39.038903119359894
2026-09-03 19:30:00,1.0758010048748925,5.018000000000004,11,15,4.457752567687754,4.457752567687754,4.457752567687754,4.919438399098122,3.65054454749536,4.457752567687754,3.65054454749536
2026-09-03 20:00:00,0.01235419463097878,0.05799999999999983,1,15,0.051191570363298154,0.05649360209980419,0.05649343994118747,0.05649343994118747,0.051191570363298154,0.051191570363298154,0.0419218216421547
2026-09-03 20:30:00,0.13547013422935394,0.6360000000000001,1,15,0.5613420474320299,0.6194815678530271,0.6194815678530271,0.6194797896999197,0.5613420474320299,0.4596944580070771,0.4596944580070771
2026-09-03 21:00:00,1.1163505872579307,5.2410000000000005,1,15,4.62577621162149,3.7881425383885072,5.1048641160649035,5.1048641160649035,4.62577621162149,3.7881425383885072,3.7881425383885072
2026-09-03 21:30:00,0.3482429377724957,1.4429999999999996,1,15,1.5924503440038902,1.5924549149690366,1.4429999999999996,1.4429999999999996,1.4429999999999996,1.4429999999999996,1.1817021474496485
2026-09-03 22:00:00,0.32777763861192477,1.2819999999999996,4,15,1.4988663279234709,1.4988706302653114,1.4988706302653114,1.4988663279234709,1.3581987779634555,1.3581987779634555,1.1122566961766487
2026-09-03 22:30:00,3.96750037156057,19.34,10,15,18.142643098349694,18.142746455723124,18.142746455723124,18.142643098349694,17.704545416342448,16.439968812524963,15.836311504292091
2026-09-03 23:00:00,5.15897607242784,25.212999999999994,10,15,23.265723159938805,23.020312504661334,22.30543604094211,22.95460773617176,22.518063592043973,21.86889189681432,20.911975818127065
2026-09-03 23:30:00,10.060385906105521,44.977,12,15,45.65659644129532,46.6477596642884,46.0042782187181,46.0042782187181,45.65659644129532,44.04474910676133,42.6203240829835
2026-09-04 00:00:00,12.666689931081153,57.7,13,15,58.69505420662591,57.25315885200864,57.97355010251381,57.92242297047929,55.67837196832797,54.7817734734966,54.7817734734966
2026-09-04 00:30:00,11.651685328716733,52.915000000000006,13,15,50.03372286104998,50.776996830550885,51.066437557749865,49.558155583983236,51.945677648354405,51.08025348030416,49.558155583983236
2026-09-04 01:00:00,12.36740643140716,56.012,13,15,53.62622425760405,54.94753051327166,54.23949788970126,55.15908874514863,52.746597578055145,52.04957691613818,52.04957691613818
2026-09-04 01:30:00,17.105176205724007,77.32600000000001,13,15,78.30205660534108,77.21608650006405,78.91552856895606,75.38545483581271,74.01678796400994,74.01678796400994,73.02372249477293
2026-09-04 02:00:00,21.22648061122261,95.71600000000001,13,15,97.46554377594127,94.15412114414572,93.52906935843052,95.31997450627787,94.40446294215769,91.60006325706131,91.60006325706131
2026-09-04 02:30:00,17.348610085465225,77.674,13,15,77.19865939018445,78.34561970090316,77.1995191939526,75.94640187138879,77.19865939018445,75.94640187138879,74.19489438119443
2026-09-04 03:00:00,17.005268843455994,75.93599999999999,13,15,76.9127260333794,75.61253382173423,73.17059465603107,74.68872005914535,75.31283870642325,72.15572833128454,72.15572833128454
2026-09-04 03:30:00,23.763977617343443,106.81099999999999,13,15,102.09330548757818,106.81456576405942,108.6685217358116,105.11004396734772,101.47240840286369,106.2837259468551,101.47240840286369
2026-09-04 04:00:00,26.779486930335004,120.71100000000003,13,15,124.15280060790697,117.46745445645396,117.66289002421084,125.68101758403346,121.2470921715634,115.24113862500032,115.24113862500032
2026-09-04 04:30:00,31.616324960717023,141.59699999999998,13,15,139.79506654638226,145.38903549892595,138.806107807925,136.07761594566958,136.07761594566958,141.34113138059897,136.07761594566958
2026-09-04 05:00:00,31.564959685973445,142.70200000000003,13,15,143.24406948846058,142.46760594935404,147.29192493225992,146.7171783044049,142.46709851692873,136.6064054803083,136.6064054803083
2026-09-04 05:30:00,31.129139762493452,140.94000000000003,13,15,135.62660202941976,134.9083184817046,136.62891688020176,139.26761258176364,134.57477062639566,137.4486748016623,134.57477062639566
2026-09-04 06:00:00,27.309883058835254,125.04399999999998,13,15,124.05056145276505,120.99913864096578,121.37746962777625,120.98902058633587,122.64278879296702,120.00976301682324,118.3660836105224
2026-09-04 06:30:00,27.636298011852404,126.88600000000001,13,15,123.88143007895617,132.74223659208752,123.15388198966528,122.1688052770731,119.85279223739803,122.1688052770731,119.85279223739803
2026-09-04 07:00:00,29.492489900274553,134.936,13,15,135.03047376609885,128.19018704993232,132.41828152968714,131.59803075821588,133.19920517239007,128.19013090611818,128.19013090611818
2026-09-04 07:30:00,31.27581916473141,143.493,13,15,137.63875975266978,140.13602290948455,142.8488210423754,140.22334587275134,136.5715898733939,140.40208512292668,136.5715898733939
2026-09-04 08:00:00,30.416558882096375,139.443,13,15,136.77352618325884,134.67689158583661,133.02485478008415,133.44243906215178,134.9182001797746,133.02485478008415,133.02485478008415
2026-09-04 08:30:00,29.06290746400957,133.388,13,15,128.58476492452084,132.01159797624211,127.32069900025581,128.54144969673328,127.32069900025581,127.32069900025581,127.32069900025581
2026-09-04 09:00:00,24.786337155091356,114.939,13,15,116.23606557976828,111.37650105098353,114.46147465356394,110.44085507854862,110.25058975352813,109.13055825631734,109.13055825631734
2026-09-04 09:30:00,26.574601472322687,121.35999999999999,13,15,117.7396760863868,120.8285734124826,119.15520656378465,118.32363193536496,116.35864223788434,116.35864223788434,116.35864223788434
2026-09-05 01:30:00,0.7374121743883971,3.743999999999998,11,15,3.3720587385750953,3.3720587385750953,2.7982010729050733,3.0555846285032646,2.7982010729050733,2.7982010729050733,2.7982010729050733
2026-09-05 22:30:00,5.365187285127832,22.159999999999997,5,15,24.534091764556855,20.501907034158293,20.501907034158293,20.501907034158293,20.501907034158293,20.501907034158293,20.501907034158293
2026-09-05 23:00:00,7.87107772427351,34.467,13,15,38.34299122043695,33.4485156736814,32.615062429627045,32.615062429627045,32.615062429627045,30.883693666453638,30.883693666453638
2026-09-05 23:30:00,6.618335588760068,29.166000000000004,12,15,33.92862640538168,29.172854930404547,28.40007170561926,27.42412614500709,25.818132361235897,25.818132361235897,25.818132361235897
