snapshot,demand_mw,wind,hydro,thermal,solar
2030-01-01 00:00:00,6643.58243,0.37987,0.67854,0.62277,0.0
2030-01-01 01:00:00,6437.92082,0.53269,0.67854,0.51755,0.0
2030-01-01 02:00:00,6300.81308,0.59336,0.67854,0.47,0.0
2030-01-01 03:00:00,6232.25921,0.603,0.67854,0.45758,0.0
2030-01-01 04:00:00,6232.25921,0.54098,0.67854,0.49161,0.0
2030-01-01 05:00:00,6369.36695,0.44696,0.67854,0.55745,0.0
2030-01-01 06:00:00,6780.69017,0.413,0.67854,0.61885,0.0
2030-01-01 07:00:00,7397.67501,0.33842,0.67854,0.72393,0.0
2030-01-01 08:00:00,7877.5521,0.26997,0.67854,0.81139,0.0
2030-01-01 09:00:00,8014.65984,0.21515,0.67854,0.85572,0.01044
2030-01-01 10:00:00,8014.65984,0.24615,0.67854,0.83872,0.07123
2030-01-01 11:00:00,7946.10597,0.26597,0.67854,0.82072,0.14519
2030-01-01 12:00:00,7877.5521,0.14353,0.67854,0.88076,0.12975
2030-01-01 13:00:00,7808.99823,0.21453,0.67854,0.83468,0.0902
2030-01-01 14:00:00,7740.44436,0.32445,0.67854,0.76725,0.1244
2030-01-01 15:00:00,7808.99823,0.47892,0.67854,0.68964,0.0771
2030-01-01 16:00:00,8151.76759,0.35362,0.67854,0.79402,0.03367
2030-01-01 17:00:00,8563.09081,0.23798,0.84817,0.90024,0.0
2030-01-01 18:00:00,8563.09081,0.38759,0.84817,0.81816,0.0
2030-01-01 19:00:00,8288.87533,0.38934,0.84817,0.78868,0.0
2030-01-01 20:00:00,7946.10597,0.40084,0.84817,0.74673,0.0
2030-01-01 21:00:00,7603.33662,0.45991,0.67854,0.67867,0.0
2030-01-01 22:00:00,7260.56727,0.3586,0.67854,0.6986,0.0
2030-01-01 23:00:00,6917.79791,0.39645,0.67854,0.6422,0.0
2030-01-02 00:00:00,6637.21596,0.2414,0.67891,0.69808,0.0
2030-01-02 01:00:00,6431.81961,0.42478,0.67891,0.57611,0.0
2030-01-02 02:00:00,6294.88872,0.50003,0.67891,0.52059,0.0
2030-01-02 03:00:00,6226.42327,0.42267,0.67891,0.55591,0.0
2030-01-02 04:00:00,6226.42327,0.53199,0.67891,0.49593,0.0
2030-01-02 05:00:00,6363.35417,0.49584,0.67891,0.53001,0.0
2030-01-02 06:00:00,6774.14685,0.44379,0.67891,0.60128,0.0
2030-01-02 07:00:00,7390.33588,0.52718,0.67891,0.61962,0.0
2030-01-02 08:00:00,7869.59401,0.67829,0.67891,0.58656,0.0
2030-01-02 09:00:00,8006.5249,0.63052,0.67891,0.62701,0.05671
2030-01-02 10:00:00,8006.5249,0.68319,0.67891,0.59812,0.12129
2030-01-02 11:00:00,7938.05946,0.78814,0.67891,0.53342,0.13468
2030-01-02 12:00:00,7869.59401,0.59056,0.67891,0.63469,0.14921
2030-01-02 13:00:00,7801.12856,0.63569,0.67891,0.60281,0.13813
2030-01-02 14:00:00,7732.66311,0.59626,0.67891,0.61732,0.16062
2030-01-02 15:00:00,7801.12856,0.52276,0.67891,0.66477,0.12538
2030-01-02 16:00:00,8143.4558,0.44111,0.67891,0.74516,0.01995
2030-01-02 17:00:00,8554.24848,0.317,0.84863,0.85597,0.0
2030-01-02 18:00:00,8554.24848,0.35487,0.84863,0.83519,0.0
2030-01-02 19:00:00,8280.38669,0.42335,0.84863,0.76914,0.0
2030-01-02 20:00:00,7938.05946,0.4916,0.84863,0.6961,0.0
2030-01-02 21:00:00,7595.73222,0.50229,0.67891,0.65463,0.0
2030-01-02 22:00:00,7253.40498,0.468,0.67891,0.63784,0.0
2030-01-02 23:00:00,6911.07775,0.73877,0.67891,0.4537,0.0
2030-01-03 00:00:00,6507.87811,0.73976,0.67924,0.41122,0.0
2030-01-03 01:00:00,6307.87085,0.81301,0.67924,0.35024,0.0
2030-01-03 02:00:00,6174.53267,0.83774,0.67924,0.3228,0.0
2030-01-03 03:00:00,6107.86358,0.80967,0.67924,0.33127,0.0
2030-01-03 04:00:00,6107.86358,0.57281,0.67924,0.46121,0.0
2030-01-03 05:00:00,6241.20176,0.50282,0.67924,0.51347,0.0
2030-01-03 06:00:00,6641.21629,0.62011,0.67924,0.49073,0.0
2030-01-03 07:00:00,7241.23808,0.6612,0.67924,0.53059,0.0
2030-01-03 08:00:00,7707.9217,0.65472,0.67924,0.58268,0.0
2030-01-03 09:00:00,7841.25988,0.45308,0.67924,0.70716,0.02767
2030-01-03 10:00:00,7841.25988,0.55597,0.67924,0.65072,0.04664
2030-01-03 11:00:00,7774.59079,0.58842,0.67924,0.62598,0.07587
2030-01-03 12:00:00,7707.9217,0.41006,0.67924,0.7169,0.14888
2030-01-03 13:00:00,7641.25262,0.53248,0.67924,0.64281,0.14844
2030-01-03 14:00:00,7574.58353,0.67315,0.67924,0.5587,0.17761
2030-01-03 15:00:00,7641.25262,0.65748,0.67924,0.57423,0.06428
2030-01-03 16:00:00,7974.59806,0.72797,0.67924,0.57023,0.04109
2030-01-03 17:00:00,8374.61259,0.65884,0.84906,0.64975,0.0
2030-01-03 18:00:00,8374.61259,0.76137,0.84906,0.5935,0.0
2030-01-03 19:00:00,8107.93623,0.80006,0.84906,0.54454,0.0
2030-01-03 20:00:00,7774.59079,0.80949,0.84906,0.50471,0.0
2030-01-03 21:00:00,7441.24535,0.85147,0.67924,0.447,0.0
2030-01-03 22:00:00,7107.89991,0.86138,0.67924,0.4069,0.0
2030-01-03 23:00:00,6774.55447,0.82834,0.67924,0.39036,0.0
2030-01-04 00:00:00,6677.36099,0.81328,0.67956,0.38851,0.0
2030-01-04 01:00:00,6470.29194,0.62871,0.67956,0.46823,0.0
2030-01-04 02:00:00,6332.2459,0.51597,0.67956,0.51573,0.0
2030-01-04 03:00:00,6263.22288,0.63519,0.67956,0.44315,0.0
2030-01-04 04:00:00,6263.22288,0.66201,0.67956,0.42843,0.0
2030-01-04 05:00:00,6401.26892,0.52267,0.67956,0.51923,0.0
2030-01-04 06:00:00,6815.40702,0.56642,0.67956,0.5383,0.0
2030-01-04 07:00:00,7436.61418,0.47718,0.67956,0.65186,0.0
2030-01-04 08:00:00,7919.7753,0.4673,0.67956,0.70753,0.0
2030-01-04 09:00:00,8057.82133,0.45421,0.67956,0.72907,0.01047
2030-01-04 10:00:00,8057.82133,0.26336,0.67956,0.83377,0.06769
2030-01-04 11:00:00,7988.79831,0.27176,0.67956,0.82198,0.14907
2030-01-04 12:00:00,7919.7753,0.25155,0.67956,0.82589,0.21009
2030-01-04 13:00:00,7850.75228,0.37462,0.67956,0.75119,0.23881
2030-01-04 14:00:00,7781.72926,0.34696,0.67956,0.75919,0.19358
2030-01-04 15:00:00,7850.75228,0.42513,0.67956,0.72349,0.13306
2030-01-04 16:00:00,8195.86737,0.36608,0.67956,0.79177,0.09946
2030-01-04 17:00:00,8610.00547,0.29385,0.84945,0.87447,0.0
2030-01-04 18:00:00,8610.00547,0.21747,0.84945,0.91637,0.0
2030-01-04 19:00:00,8333.9134,0.20967,0.84945,0.89194,0.0
2030-01-04 20:00:00,7988.79831,0.21604,0.84945,0.85255,0.0
2030-01-04 21:00:00,7643.68323,0.24956,0.67956,0.79827,0.0
2030-01-04 22:00:00,7298.56814,0.25508,0.67956,0.75935,0.0
2030-01-04 23:00:00,6953.45306,0.30463,0.67956,0.69627,0.0
2030-01-05 00:00:00,6031.09324,0.34515,0.67984,0.57812,0.0
2030-01-05 01:00:00,5850.95201,0.38305,0.67984,0.53859,0.0
2030-01-05 02:00:00,5730.85786,0.31434,0.67984,0.5638,0.0
2030-01-05 03:00:00,5670.81078,0.34282,0.67984,0.54193,0.0
2030-01-05 04:00:00,5670.81078,0.28897,0.67984,0.57147,0.0
2030-01-05 05:00:00,5790.90494,0.24817,0.67984,0.60634,0.0
2030-01-05 06:00:00,6151.18739,0.25576,0.67984,0.63965,0.0
2030-01-05 07:00:00,6691.61108,0.27325,0.67984,0.68626,0.0
2030-01-05 08:00:00,7111.94061,0.34513,0.67984,0.69054,0.0
2030-01-05 09:00:00,7232.03477,0.36571,0.67984,0.69174,0.00516
2030-01-05 10:00:00,7232.03477,0.32516,0.67984,0.71398,0.02351
2030-01-05 11:00:00,7171.98769,0.33066,0.67984,0.70472,0.03905
2030-01-05 12:00:00,7111.94061,0.34221,0.67984,0.69214,0.0483
2030-01-05 13:00:00,7051.89354,0.32724,0.67984,0.69411,0.05375
2030-01-05 14:00:00,6991.84646,0.31078,0.67984,0.69689,0.0321
2030-01-05 15:00:00,7051.89354,0.33073,0.67984,0.69219,0.02449
2030-01-05 16:00:00,7352.12892,0.30434,0.67984,0.7379,0.00925
2030-01-05 17:00:00,7712.41138,0.31461,0.8498,0.76973,0.0
2030-01-05 18:00:00,7712.41138,0.21526,0.8498,0.82423,0.0
2030-01-05 19:00:00,7472.22307,0.20213,0.8498,0.80646,0.0
2030-01-05 20:00:00,7171.98769,0.22479,0.8498,0.7628,0.0
2030-01-05 21:00:00,6871.75231,0.30638,0.67984,0.68681,0.0
2030-01-05 22:00:00,6571.51693,0.13046,0.67984,0.7521,0.0
2030-01-05 23:00:00,6271.28155,0.13236,0.67984,0.71984,0.0
2030-01-06 00:00:00,5905.90447,0.09216,0.6801,0.70389,0.0
2030-01-06 01:00:00,5730.97944,0.09189,0.6801,0.68585,0.0
2030-01-06 02:00:00,5614.36276,0.0903,0.6801,0.67459,0.0
2030-01-06 03:00:00,5556.05441,0.06452,0.6801,0.68267,0.0
2030-01-06 04:00:00,5556.05441,0.07639,0.6801,0.67616,0.0
2030-01-06 05:00:00,5672.6711,0.07992,0.6801,0.68635,0.0
2030-01-06 06:00:00,6022.52116,0.16769,0.6801,0.67458,0.0
2030-01-06 07:00:00,6547.29625,0.19315,0.6801,0.71519,0.0
2030-01-06 08:00:00,6955.45466,0.18698,0.6801,0.76102,0.0
2030-01-06 09:00:00,7072.07134,0.20157,0.6801,0.76515,0.0264
2030-01-06 10:00:00,7072.07134,0.19523,0.6801,0.76863,0.05879
2030-01-06 11:00:00,7013.763,0.15085,0.6801,0.78691,0.15105
2030-01-06 12:00:00,6955.45466,0.13771,0.6801,0.78806,0.21498
2030-01-06 13:00:00,6897.14631,0.137,0.6801,0.78238,0.13958
2030-01-06 14:00:00,6838.83797,0.15573,0.6801,0.76604,0.1834
2030-01-06 15:00:00,6897.14631,0.16138,0.6801,0.76901,0.18055
2030-01-06 16:00:00,7188.68803,0.13773,0.6801,0.8123,0.1041
2030-01-06 17:00:00,7538.53809,0.15361,0.85013,0.83997,0.0
2030-01-06 18:00:00,7538.53809,0.13118,0.85013,0.85228,0.0
2030-01-06 19:00:00,7305.30472,0.14822,0.85013,0.81867,0.0
2030-01-06 20:00:00,7013.763,0.17674,0.85013,0.77271,0.0
2030-01-06 21:00:00,6722.22128,0.11397,0.6801,0.77682,0.0
2030-01-06 22:00:00,6430.67957,0.09117,0.6801,0.75901,0.0
2030-01-06 23:00:00,6139.13785,0.08334,0.6801,0.73299,0.0
2030-01-07 00:00:00,6410.53464,0.09152,0.68033,0.75672,0.0
2030-01-07 01:00:00,6214.58335,0.07903,0.68033,0.7432,0.0
2030-01-07 02:00:00,6083.94916,0.07073,0.68033,0.73416,0.0
2030-01-07 03:00:00,6018.63207,0.03552,0.68033,0.74669,0.0
2030-01-07 04:00:00,6018.63207,0.03961,0.68033,0.74444,0.0
2030-01-07 05:00:00,6149.26626,0.04711,0.68033,0.75391,0.0
2030-01-07 06:00:00,6541.16883,0.02617,0.68033,0.80616,0.0
2030-01-07 07:00:00,7129.0227,0.02701,0.68033,0.86684,0.0
2030-01-07 08:00:00,7586.24237,0.01042,0.68033,0.92349,0.0
2030-01-07 09:00:00,7716.87656,0.01163,0.68033,0.93641,0.01699
2030-01-07 10:00:00,7716.87656,0.01385,0.68033,0.93519,0.0663
2030-01-07 11:00:00,7651.55946,0.01259,0.68033,0.92909,0.17232
2030-01-07 12:00:00,7586.24237,0.02602,0.68033,0.91493,0.15823
2030-01-07 13:00:00,7520.92527,0.03298,0.68033,0.90432,0.14883
2030-01-07 14:00:00,7455.60817,0.0253,0.68033,0.90174,0.10409
2030-01-07 15:00:00,7520.92527,0.02776,0.68033,0.90718,0.0831
2030-01-07 16:00:00,7847.51075,0.04573,0.68033,0.93129,0.06258
2030-01-07 17:00:00,8239.41332,0.02558,0.85042,0.9831,0.0
2030-01-07 18:00:00,8239.41332,0.06326,0.85042,0.96243,0.0
2030-01-07 19:00:00,7978.14494,0.06132,0.85042,0.93632,0.0
2030-01-07 20:00:00,7651.55946,0.10794,0.85042,0.87678,0.0
2030-01-07 21:00:00,7324.97398,0.13546,0.68033,0.82772,0.0
2030-01-07 22:00:00,6998.3885,0.14058,0.68033,0.79095,0.0
2030-01-07 23:00:00,6671.80303,0.15995,0.68033,0.74636,0.0
2030-01-08 00:00:00,6506.25953,0.26443,0.68054,0.67182,0.0
2030-01-08 01:00:00,6306.31971,0.15744,0.68054,0.70972,0.0
2030-01-08 02:00:00,6173.02649,0.16266,0.68054,0.693,0.0
2030-01-08 03:00:00,6106.37989,0.15055,0.68054,0.69271,0.0
2030-01-08 04:00:00,6106.37989,0.21885,0.68054,0.65524,0.0
2030-01-08 05:00:00,6239.6731,0.17172,0.68054,0.69496,0.0
2030-01-08 06:00:00,6639.55275,0.32042,0.68054,0.65497,0.0
2030-01-08 07:00:00,7239.37222,0.42253,0.68054,0.66133,0.0
2030-01-08 08:00:00,7705.89848,0.44708,0.68054,0.69638,0.0
2030-01-08 09:00:00,7839.1917,0.33937,0.68054,0.76933,0.03016
2030-01-08 10:00:00,7839.1917,0.33627,0.68054,0.77103,0.05854
2030-01-08 11:00:00,7772.54509,0.3173,0.68054,0.77451,0.09686
2030-01-08 12:00:00,7705.89848,0.23983,0.68054,0.81008,0.10987
2030-01-08 13:00:00,7639.25187,0.23895,0.68054,0.80363,0.23865
2030-01-08 14:00:00,7572.60527,0.19295,0.68054,0.82193,0.19096
2030-01-08 15:00:00,7639.25187,0.19672,0.68054,0.8268,0.24826
2030-01-08 16:00:00,7972.48491,0.20132,0.68054,0.85893,0.11097
2030-01-08 17:00:00,8372.36456,0.18944,0.85067,0.90703,0.0
2030-01-08 18:00:00,8372.36456,0.21662,0.85067,0.89212,0.0
2030-01-08 19:00:00,8105.77813,0.25034,0.85067,0.8459,0.0
2030-01-08 20:00:00,7772.54509,0.26773,0.85067,0.8017,0.0
2030-01-08 21:00:00,7439.31205,0.22148,0.68054,0.79242,0.0
2030-01-08 22:00:00,7106.07901,0.28728,0.68054,0.72167,0.0
2030-01-08 23:00:00,6772.84597,0.23204,0.68054,0.71731,0.0
2030-01-09 00:00:00,6303.7286,0.12502,0.68072,0.72724,0.0
2030-01-09 01:00:00,6112.22756,0.12387,0.68072,0.70795,0.0
2030-01-09 02:00:00,5984.5602,0.15798,0.68072,0.67596,0.0
2030-01-09 03:00:00,5920.72653,0.12394,0.68072,0.688,0.0
2030-01-09 04:00:00,5920.72653,0.12592,0.68072,0.68691,0.0
2030-01-09 05:00:00,6048.39388,0.11714,0.68072,0.70501,0.0
2030-01-09 06:00:00,6431.39595,0.10366,0.68072,0.75223,0.0
2030-01-09 07:00:00,7005.89906,0.1322,0.68072,0.79632,0.0
2030-01-09 08:00:00,7452.73481,0.11685,0.68072,0.85122,0.0
2030-01-09 09:00:00,7580.40217,0.08835,0.68072,0.88013,0.00794
2030-01-09 10:00:00,7580.40217,0.14395,0.68072,0.84962,0.02218
2030-01-09 11:00:00,7516.56849,0.10462,0.68072,0.86456,0.05016
2030-01-09 12:00:00,7452.73481,0.14964,0.68072,0.83323,0.04219
2030-01-09 13:00:00,7388.90113,0.11392,0.68072,0.84618,0.04394
2030-01-09 14:00:00,7325.06745,0.10108,0.68072,0.84659,0.0613
2030-01-09 15:00:00,7388.90113,0.0834,0.68072,0.86293,0.03772
2030-01-09 16:00:00,7708.06952,0.05717,0.68072,0.91051,0.02658
2030-01-09 17:00:00,8091.07159,0.10169,0.85089,0.92592,0.0
2030-01-09 18:00:00,8091.07159,0.16362,0.85089,0.89194,0.0
2030-01-09 19:00:00,7835.73688,0.25592,0.85089,0.81475,0.0
2030-01-09 20:00:00,7516.56849,0.20381,0.85089,0.81015,0.0
2030-01-09 21:00:00,7197.40009,0.11568,0.68072,0.8253,0.0
2030-01-09 22:00:00,6878.2317,0.12023,0.68072,0.78961,0.0
2030-01-09 23:00:00,6559.06331,0.14496,0.68072,0.74285,0.0
2030-01-10 00:00:00,6322.87075,0.14297,0.68087,0.71938,0.0
2030-01-10 01:00:00,6130.57212,0.19458,0.68087,0.67107,0.0
2030-01-10 02:00:00,6002.37304,0.20172,0.68087,0.65382,0.0
2030-01-10 03:00:00,5938.2735,0.25892,0.68087,0.61577,0.0
2030-01-10 04:00:00,5938.2735,0.30709,0.68087,0.58935,0.0
2030-01-10 05:00:00,6066.47258,0.16887,0.68087,0.67851,0.0
2030-01-10 06:00:00,6451.06983,0.18071,0.68087,0.71201,0.0
2030-01-10 07:00:00,7027.96571,0.23955,0.68087,0.73972,0.0
2030-01-10 08:00:00,7476.6625,0.37396,0.68087,0.71265,0.0
2030-01-10 09:00:00,7604.86158,0.35527,0.68087,0.73624,0.05768
2030-01-10 10:00:00,7604.86158,0.43992,0.68087,0.6898,0.11824
2030-01-10 11:00:00,7540.76204,0.41563,0.68087,0.69646,0.15701
2030-01-10 12:00:00,7476.6625,0.26695,0.68087,0.77136,0.16088
2030-01-10 13:00:00,7412.56296,0.20166,0.68087,0.80051,0.10719
2030-01-10 14:00:00,7348.46342,0.24516,0.68087,0.76998,0.21649
2030-01-10 15:00:00,7412.56296,0.24347,0.68087,0.77757,0.17435
2030-01-10 16:00:00,7733.06067,0.2277,0.68087,0.81956,0.10764
2030-01-10 17:00:00,8117.65792,0.27456,0.85108,0.83385,0.0
2030-01-10 18:00:00,8117.65792,0.27341,0.85108,0.83448,0.0
2030-01-10 19:00:00,7861.25975,0.2636,0.85108,0.81319,0.0
2030-01-10 20:00:00,7540.76204,0.29884,0.85108,0.76053,0.0
2030-01-10 21:00:00,7220.26433,0.24448,0.68087,0.75702,0.0
2030-01-10 22:00:00,6899.76662,0.33223,0.68087,0.67555,0.0
2030-01-10 23:00:00,6579.26892,0.2855,0.68087,0.66785,0.0
2030-01-11 00:00:00,6358.20696,0.32607,0.68099,0.62261,0.0
2030-01-11 01:00:00,6164.436,0.33508,0.68099,0.59751,0.0
2030-01-11 02:00:00,6035.25535,0.29136,0.68099,0.60806,0.0
2030-01-11 03:00:00,5970.66503,0.38969,0.68099,0.5474,0.0
2030-01-11 04:00:00,5970.66503,0.37009,0.68099,0.55815,0.0
2030-01-11 05:00:00,6099.84567,0.36029,0.68099,0.57696,0.0
2030-01-11 06:00:00,6487.38761,0.39838,0.68099,0.59637,0.0
2030-01-11 07:00:00,7068.70051,0.37565,0.68099,0.6693,0.0
2030-01-11 08:00:00,7520.83277,0.35912,0.68099,0.72539,0.0
2030-01-11 09:00:00,7650.01341,0.37014,0.68099,0.73278,0.01144
2030-01-11 10:00:00,7650.01341,0.44237,0.68099,0.69315,0.04539
2030-01-11 11:00:00,7585.42309,0.36383,0.68099,0.72952,0.07035
2030-01-11 12:00:00,7520.83277,0.2985,0.68099,0.75864,0.1282
2030-01-11 13:00:00,7456.24245,0.42306,0.68099,0.68359,0.09749
2030-01-11 14:00:00,7391.65212,0.55323,0.68099,0.60546,0.12654
2030-01-11 15:00:00,7456.24245,0.5176,0.68099,0.63173,0.16721
2030-01-11 16:00:00,7779.19406,0.53393,0.68099,0.65636,0.11412
2030-01-11 17:00:00,8166.73599,0.50912,0.85124,0.71027,0.0
2030-01-11 18:00:00,8166.73599,0.54563,0.85124,0.69024,0.0
2030-01-11 19:00:00,7908.3747,0.60395,0.85124,0.63138,0.0
2030-01-11 20:00:00,7585.42309,0.56669,0.85124,0.61823,0.0
2030-01-11 21:00:00,7262.47148,0.61004,0.68099,0.56086,0.0
2030-01-11 22:00:00,6939.51987,0.5586,0.68099,0.5555,0.0
2030-01-11 23:00:00,6616.56825,0.49138,0.68099,0.55879,0.0
2030-01-12 00:00:00,5687.97125,0.56022,0.68109,0.42445,0.0
2030-01-12 01:00:00,5522.12677,0.62051,0.68109,0.37413,0.0
2030-01-12 02:00:00,5411.56378,0.47937,0.68109,0.44006,0.0
2030-01-12 03:00:00,5356.28229,0.48611,0.68109,0.43061,0.0
2030-01-12 04:00:00,5356.28229,0.51145,0.68109,0.41671,0.0
2030-01-12 05:00:00,5466.84528,0.50756,0.68109,0.43034,0.0
2030-01-12 06:00:00,5798.53424,0.54293,0.68109,0.44543,0.0
2030-01-12 07:00:00,6296.06767,0.48737,0.68109,0.52766,0.0
2030-01-12 08:00:00,6683.03813,0.41013,0.68109,0.61027,0.0
2030-01-12 09:00:00,6793.60111,0.44849,0.68109,0.60073,0.0295
2030-01-12 10:00:00,6793.60111,0.51197,0.68109,0.5659,0.05014
2030-01-12 11:00:00,6738.31962,0.59467,0.68109,0.51479,0.08996
2030-01-12 12:00:00,6683.03813,0.49092,0.68109,0.56595,0.11907
2030-01-12 13:00:00,6627.75663,0.53604,0.68109,0.53545,0.12455
2030-01-12 14:00:00,6572.47514,0.48888,0.68109,0.55557,0.11451
2030-01-12 15:00:00,6627.75663,0.41574,0.68109,0.60145,0.15243
2030-01-12 16:00:00,6904.1641,0.48065,0.68109,0.59458,0.03641
2030-01-12 17:00:00,7235.85306,0.42502,0.85136,0.6596,0.0
2030-01-12 18:00:00,7235.85306,0.38168,0.85136,0.68337,0.0
2030-01-12 19:00:00,7014.72708,0.47357,0.85136,0.60996,0.0
2030-01-12 20:00:00,6738.31962,0.37527,0.85136,0.63515,0.0
2030-01-12 21:00:00,6461.91215,0.43283,0.68109,0.57482,0.0
2030-01-12 22:00:00,6185.50469,0.29323,0.68109,0.62266,0.0
2030-01-12 23:00:00,5909.09722,0.36538,0.68109,0.55433,0.0
2030-01-13 00:00:00,5802.91404,0.50729,0.68115,0.46544,0.0
2030-01-13 01:00:00,5632.28028,0.39598,0.68115,0.50876,0.0
2030-01-13 02:00:00,5518.52444,0.29621,0.68115,0.55166,0.0
2030-01-13 03:00:00,5461.64652,0.30868,0.68115,0.5389,0.0
2030-01-13 04:00:00,5461.64652,0.29777,0.68115,0.54489,0.0
2030-01-13 05:00:00,5575.40236,0.25338,0.68115,0.58107,0.0
2030-01-13 06:00:00,5916.66988,0.26781,0.68115,0.60865,0.0
2030-01-13 07:00:00,6428.57117,0.27273,0.68115,0.65919,0.0
2030-01-13 08:00:00,6826.71661,0.36402,0.68115,0.65051,0.0
2030-01-13 09:00:00,6940.47246,0.32306,0.68115,0.68481,0.07281
2030-01-13 10:00:00,6940.47246,0.29863,0.68115,0.69821,0.08578
2030-01-13 11:00:00,6883.59453,0.27003,0.68115,0.70799,0.19458
2030-01-13 12:00:00,6826.71661,0.28193,0.68115,0.69555,0.17612
2030-01-13 13:00:00,6769.83869,0.3058,0.68115,0.67654,0.0741
2030-01-13 14:00:00,6712.96077,0.26699,0.68115,0.69191,0.09559
2030-01-13 15:00:00,6769.83869,0.2683,0.68115,0.69711,0.07318
2030-01-13 16:00:00,7054.2283,0.32608,0.68115,0.69499,0.02538
2030-01-13 17:00:00,7395.49582,0.36066,0.85144,0.71151,0.0
2030-01-13 18:00:00,7395.49582,0.40677,0.85144,0.68621,0.0
2030-01-13 19:00:00,7167.98414,0.42011,0.85144,0.65523,0.0
2030-01-13 20:00:00,6883.59453,0.29437,0.85144,0.69464,0.0
2030-01-13 21:00:00,6599.20493,0.19102,0.68115,0.72176,0.0
2030-01-13 22:00:00,6314.81533,0.11481,0.68115,0.73399,0.0
2030-01-13 23:00:00,6030.42572,0.11634,0.68115,0.70358,0.0
2030-01-14 00:00:00,6355.70798,0.10042,0.68119,0.74614,0.0
2030-01-14 01:00:00,6162.04113,0.0725,0.68119,0.74132,0.0
2030-01-14 02:00:00,6032.92991,0.11221,0.68119,0.7061,0.0
2030-01-14 03:00:00,5968.37429,0.07804,0.68119,0.71813,0.0
2030-01-14 04:00:00,5968.37429,0.08607,0.68119,0.71373,0.0
2030-01-14 05:00:00,6097.48552,0.11561,0.68119,0.71095,0.0
2030-01-14 06:00:00,6484.81921,0.1443,0.68119,0.73549,0.0
2030-01-14 07:00:00,7065.81973,0.17166,0.68119,0.78091,0.0
2030-01-14 08:00:00,7517.70903,0.16012,0.68119,0.83424,0.0
2030-01-14 09:00:00,7646.82026,0.14111,0.68119,0.85809,0.01659
2030-01-14 10:00:00,7646.82026,0.16516,0.68119,0.84489,0.08217
2030-01-14 11:00:00,7582.26465,0.18626,0.68119,0.82661,0.26789
2030-01-14 12:00:00,7517.70903,0.27398,0.68119,0.77177,0.21975
2030-01-14 13:00:00,7453.15342,0.31995,0.68119,0.73984,0.20109
2030-01-14 14:00:00,7388.59781,0.20852,0.68119,0.79425,0.22687
2030-01-14 15:00:00,7453.15342,0.11933,0.68119,0.8499,0.11344
2030-01-14 16:00:00,7775.93149,0.07408,0.68119,0.90829,0.10056
2030-01-14 17:00:00,8163.26518,0.08564,0.85149,0.94223,0.0
2030-01-14 18:00:00,8163.26518,0.08385,0.85149,0.94321,0.0
2030-01-14 19:00:00,7905.04272,0.11563,0.85149,0.89892,0.0
2030-01-14 20:00:00,7582.26465,0.1191,0.85149,0.86345,0.0
2030-01-14 21:00:00,7259.48658,0.18391,0.68119,0.79433,0.0
2030-01-14 22:00:00,6936.70851,0.17202,0.68119,0.76728,0.0
2030-01-14 23:00:00,6613.93043,0.22221,0.68119,0.70618,0.0
2030-01-15 00:00:00,6262.48946,0.19914,0.68121,0.68229,0.0
2030-01-15 01:00:00,6072.70672,0.31873,0.68121,0.59694,0.0
2030-01-15 02:00:00,5946.1849,0.31864,0.68121,0.58383,0.0
2030-01-15 03:00:00,5882.92398,0.26957,0.68121,0.60418,0.0
2030-01-15 04:00:00,5882.92398,0.30987,0.68121,0.58207,0.0
2030-01-15 05:00:00,6009.44581,0.23921,0.68121,0.63399,0.0
2030-01-15 06:00:00,6389.01129,0.227,0.68121,0.68016,0.0
2030-01-15 07:00:00,6958.3595,0.31415,0.68121,0.69156,0.0
2030-01-15 08:00:00,7401.18589,0.2634,0.68121,0.76546,0.0
2030-01-15 09:00:00,7527.70771,0.27926,0.68121,0.76991,0.06634
2030-01-15 10:00:00,7527.70771,0.35968,0.68121,0.72579,0.11766
2030-01-15 11:00:00,7464.4468,0.35324,0.68121,0.72275,0.1017
2030-01-15 12:00:00,7401.18589,0.34907,0.68121,0.71846,0.14197
2030-01-15 13:00:00,7337.92498,0.34482,0.68121,0.71421,0.12337
2030-01-15 14:00:00,7274.66406,0.33291,0.68121,0.71416,0.13171
2030-01-15 15:00:00,7337.92498,0.33121,0.68121,0.72167,0.08764
2030-01-15 16:00:00,7654.22954,0.31903,0.68121,0.76125,0.04412
2030-01-15 17:00:00,8033.79502,0.40931,0.85151,0.7512,0.0
2030-01-15 18:00:00,8033.79502,0.42852,0.85151,0.74066,0.0
2030-01-15 19:00:00,7780.75136,0.45038,0.85151,0.70235,0.0
2030-01-15 20:00:00,7464.4468,0.40928,0.85151,0.69201,0.0
2030-01-15 21:00:00,7148.14224,0.45543,0.68121,0.63379,0.0
2030-01-15 22:00:00,6831.83767,0.55391,0.68121,0.54687,0.0
2030-01-15 23:00:00,6515.53311,0.57384,0.68121,0.50304,0.0
2030-01-16 00:00:00,6313.77789,0.61639,0.68119,0.45872,0.0
2030-01-16 01:00:00,6121.85813,0.63943,0.68119,0.42612,0.0
2030-01-16 02:00:00,5993.91163,0.58019,0.68119,0.44531,0.0
2030-01-16 03:00:00,5929.93838,0.4582,0.68119,0.50558,0.0
2030-01-16 04:00:00,5929.93838,0.47718,0.68119,0.49517,0.0
2030-01-16 05:00:00,6057.88488,0.44477,0.68119,0.52626,0.0
2030-01-16 06:00:00,6441.72439,0.47921,0.68119,0.54728,0.0
2030-01-16 07:00:00,7017.48366,0.53907,0.68119,0.57432,0.0
2030-01-16 08:00:00,7465.29642,0.51273,0.68119,0.63534,0.0
2030-01-16 09:00:00,7593.24293,0.6597,0.68119,0.56802,0.02049
2030-01-16 10:00:00,7593.24293,0.62471,0.68119,0.58721,0.04579
2030-01-16 11:00:00,7529.26968,0.70027,0.68119,0.53911,0.09386
2030-01-16 12:00:00,7465.29642,0.64833,0.68119,0.56095,0.083
2030-01-16 13:00:00,7401.32317,0.50798,0.68119,0.63129,0.10235
2030-01-16 14:00:00,7337.34992,0.45267,0.68119,0.65499,0.09292
2030-01-16 15:00:00,7401.32317,0.39919,0.68119,0.69098,0.0742
2030-01-16 16:00:00,7721.18943,0.37703,0.68119,0.7364,0.04182
2030-01-16 17:00:00,8105.02894,0.3655,0.85149,0.78264,0.0
2030-01-16 18:00:00,8105.02894,0.34071,0.85149,0.79624,0.0
2030-01-16 19:00:00,7849.13594,0.31838,0.85149,0.78188,0.0
2030-01-16 20:00:00,7529.26968,0.32436,0.85149,0.74533,0.0
2030-01-16 21:00:00,7209.40342,0.28798,0.68119,0.73203,0.0
2030-01-16 22:00:00,6889.53716,0.23776,0.68119,0.72631,0.0
2030-01-16 23:00:00,6569.6709,0.18128,0.68119,0.72403,0.0
2030-01-17 00:00:00,6321.45806,0.21702,0.68115,0.67861,0.0
2030-01-17 01:00:00,6149.44352,0.22173,0.68115,0.65814,0.0
2030-01-17 02:00:00,6085.20931,0.2089,0.68116,0.6585,0.0
2030-01-17 03:00:00,6128.21464,0.19448,0.68116,0.67088,0.0
2030-01-17 04:00:00,6270.92804,0.25645,0.68116,0.65172,0.0
2030-01-17 05:00:00,6552.13525,0.3037,0.68116,0.65505,0.0
2030-01-17 06:00:00,7035.16093,0.24325,0.68117,0.73845,0.0
2030-01-17 07:00:00,7607.15339,0.23115,0.68117,0.80457,0.0
2030-01-17 08:00:00,8019.00526,0.21902,0.68118,0.85406,0.0
2030-01-17 09:00:00,8197.42324,0.15747,0.68118,0.90638,0.12677
2030-01-17 10:00:00,8300.63395,0.10556,0.68119,0.94559,0.17022
2030-01-17 11:00:00,8379.627,0.11005,0.68119,0.95134,0.13892
2030-01-17 12:00:00,8462.56666,0.11516,0.68119,0.95716,0.17135
2030-01-17 13:00:00,8545.13962,0.1088,0.6812,0.96924,0.14379
2030-01-17 14:00:00,8622.75089,0.11416,0.6812,0.97437,0.14246
2030-01-17 15:00:00,8699.28233,0.11105,0.6812,0.98403,0.18669
2030-01-17 16:00:00,8759.80979,0.1072,0.68121,0.99244,0.09598
2030-01-17 17:00:00,8786.65431,0.10102,0.6825,0.99863,0.0
2030-01-17 18:00:00,8791.79,0.09949,0.68121,1.0,0.0
2030-01-17 19:00:00,8784.70727,0.10166,0.6825,0.99807,0.0
2030-01-17 20:00:00,8754.01305,0.11045,0.68634,0.99006,0.0
2030-01-17 21:00:00,8686.40471,0.1258,0.6812,0.97461,0.0
2030-01-17 22:00:00,8570.2794,0.16119,0.6812,0.94311,0.0
2030-01-17 23:00:00,8396.3537,0.17561,0.6812,0.91712,0.0
2030-01-18 00:00:00,8185.93172,0.19133,0.68118,0.88661,0.0
2030-01-18 01:00:00,7930.61708,0.22703,0.68117,0.84047,0.0
2030-01-18 02:00:00,7656.75876,0.3022,0.68116,0.77075,0.0
2030-01-18 03:00:00,7385.87956,0.28905,0.68115,0.74979,0.0
2030-01-18 04:00:00,7141.74578,0.34502,0.68114,0.6937,0.0
2030-01-18 05:00:00,6991.90058,0.50818,0.68113,0.58861,0.0
2030-01-18 06:00:00,7071.31211,0.44053,0.68112,0.63398,0.0
2030-01-18 07:00:00,7386.06578,0.50261,0.68111,0.63266,0.0
2030-01-18 08:00:00,7680.70979,0.68158,0.6811,0.56511,0.0
2030-01-18 09:00:00,7738.59851,0.6859,0.68109,0.56876,0.07163
2030-01-18 10:00:00,7697.02047,0.78053,0.68109,0.51252,0.14198
2030-01-18 11:00:00,7607.31774,0.85185,0.68109,0.46407,0.20935
2030-01-18 12:00:00,7533.52018,0.87795,0.68109,0.44207,0.1818
2030-01-18 13:00:00,7468.78888,0.85863,0.68109,0.44594,0.20657
2030-01-18 14:00:00,7404.05759,0.7186,0.68109,0.51603,0.28838
2030-01-18 15:00:00,7468.78888,0.75728,0.68109,0.50155,0.25328
2030-01-18 16:00:00,7792.44535,0.62792,0.68109,0.60617,0.21423
2030-01-18 17:00:00,8180.83311,0.68027,0.85136,0.61784,0.0
2030-01-18 18:00:00,8180.83311,0.72692,0.85136,0.59225,0.0
2030-01-18 19:00:00,7921.90794,0.87817,0.85136,0.48235,0.0
2030-01-18 20:00:00,7598.25147,0.86926,0.85136,0.45358,0.0
2030-01-18 21:00:00,7274.595,0.88406,0.68109,0.4118,0.0
2030-01-18 22:00:00,6950.93853,0.86444,0.68109,0.3889,0.0
2030-01-18 23:00:00,6627.28207,0.88107,0.68109,0.34612,0.0
2030-01-19 00:00:00,5814.90996,0.86256,0.68099,0.27178,0.0
2030-01-19 01:00:00,5643.77637,0.87099,0.68099,0.24936,0.0
2030-01-19 02:00:00,5529.6873,0.85601,0.68099,0.24572,0.0
2030-01-19 03:00:00,5472.64277,0.80078,0.68099,0.27008,0.0
2030-01-19 04:00:00,5472.64277,0.71706,0.68099,0.31601,0.0
2030-01-19 05:00:00,5586.73183,0.78794,0.68099,0.28899,0.0
2030-01-19 06:00:00,5928.99902,0.83015,0.68099,0.30143,0.0
2030-01-19 07:00:00,6442.3998,0.86122,0.68099,0.33778,0.0
2030-01-19 08:00:00,6841.71151,0.87281,0.68099,0.37295,0.0
2030-01-19 09:00:00,6955.80057,0.87191,0.68099,0.38531,0.07278
2030-01-19 10:00:00,6955.80057,0.86229,0.68099,0.39059,0.0883
2030-01-19 11:00:00,6898.75604,0.84682,0.68099,0.39314,0.1058
2030-01-19 12:00:00,6841.71151,0.79432,0.68099,0.41601,0.0857
2030-01-19 13:00:00,6784.66698,0.7418,0.68099,0.43889,0.16101
2030-01-19 14:00:00,6727.62245,0.68616,0.68099,0.46348,0.14992
2030-01-19 15:00:00,6784.66698,0.68691,0.68099,0.469,0.11327
2030-01-19 16:00:00,7069.88963,0.78265,0.68099,0.44614,0.09163
2030-01-19 17:00:00,7412.15682,0.84216,0.85124,0.44909,0.0
2030-01-19 18:00:00,7412.15682,0.82962,0.85124,0.45597,0.0
2030-01-19 19:00:00,7183.97869,0.83653,0.85124,0.42845,0.0
2030-01-19 20:00:00,6898.75604,0.82875,0.85124,0.40305,0.0
2030-01-19 21:00:00,6613.53339,0.85399,0.68099,0.35954,0.0
2030-01-19 22:00:00,6328.31073,0.86341,0.68099,0.32471,0.0
2030-01-19 23:00:00,6043.08808,0.81955,0.68099,0.31911,0.0
2030-01-20 00:00:00,5809.33436,0.75503,0.68087,0.33019,0.0
2030-01-20 01:00:00,5638.43309,0.71965,0.68087,0.33183,0.0
2030-01-20 02:00:00,5524.4989,0.71573,0.68087,0.32213,0.0
2030-01-20 03:00:00,5467.53181,0.68468,0.68087,0.33325,0.0
2030-01-20 04:00:00,5467.53181,0.66121,0.68087,0.34612,0.0
2030-01-20 05:00:00,5581.466,0.76409,0.68087,0.30153,0.0
2030-01-20 06:00:00,5923.26855,0.72554,0.68087,0.35822,0.0
2030-01-20 07:00:00,6435.97237,0.6866,0.68087,0.43291,0.0
2030-01-20 08:00:00,6834.74202,0.59554,0.68087,0.52434,0.0
2030-01-20 09:00:00,6948.6762,0.57721,0.68087,0.54624,0.08757
2030-01-20 10:00:00,6948.6762,0.60135,0.68087,0.533,0.0995
2030-01-20 11:00:00,6891.70911,0.63178,0.68087,0.51038,0.15624
2030-01-20 12:00:00,6834.74202,0.69687,0.68087,0.46874,0.32726
2030-01-20 13:00:00,6777.77493,0.6627,0.68087,0.48156,0.32504
2030-01-20 14:00:00,6720.80783,0.5988,0.68087,0.5107,0.353
2030-01-20 15:00:00,6777.77493,0.70324,0.68087,0.45932,0.16734
2030-01-20 16:00:00,7062.61039,0.74081,0.68087,0.46834,0.10921
2030-01-20 17:00:00,7404.41294,0.72819,0.85108,0.51081,0.0
2030-01-20 18:00:00,7404.41294,0.73847,0.85108,0.50517,0.0
2030-01-20 19:00:00,7176.54457,0.71627,0.85108,0.49365,0.0
2030-01-20 20:00:00,6891.70911,0.61491,0.85108,0.51963,0.0
2030-01-20 21:00:00,6606.87365,0.67584,0.68087,0.45658,0.0
2030-01-20 22:00:00,6322.03819,0.65555,0.68087,0.43809,0.0
2030-01-20 23:00:00,6037.20273,0.41691,0.68087,0.53939,0.0
2030-01-21 00:00:00,6213.10005,0.62191,0.68072,0.44522,0.0
2030-01-21 01:00:00,6025.3752,0.48798,0.68072,0.49917,0.0
2030-01-21 02:00:00,5900.2253,0.55806,0.68072,0.44771,0.0
2030-01-21 03:00:00,5837.65036,0.66317,0.68072,0.38353,0.0
2030-01-21 04:00:00,5837.65036,0.6099,0.68072,0.41276,0.0
2030-01-21 05:00:00,5962.80025,0.73762,0.68072,0.35571,0.0
2030-01-21 06:00:00,6338.24994,0.79879,0.68072,0.3612,0.0
2030-01-21 07:00:00,6901.42448,0.69428,0.68072,0.4771,0.0
2030-01-21 08:00:00,7339.44912,0.64504,0.68072,0.54967,0.0
2030-01-21 09:00:00,7464.59902,0.66988,0.68072,0.54906,0.05348
2030-01-21 10:00:00,7464.59902,0.41201,0.68072,0.69052,0.1366
2030-01-21 11:00:00,7402.02407,0.4241,0.68072,0.67738,0.16554
2030-01-21 12:00:00,7339.44912,0.39525,0.68072,0.68671,0.1525
2030-01-21 13:00:00,7276.87417,0.31455,0.68072,0.72446,0.13649
2030-01-21 14:00:00,7214.29922,0.40618,0.68072,0.66769,0.15505
2030-01-21 15:00:00,7276.87417,0.61599,0.68072,0.5591,0.07
2030-01-21 16:00:00,7589.74892,0.46521,0.68072,0.67435,0.01795
2030-01-21 17:00:00,7965.19861,0.51721,0.85089,0.68488,0.0
2030-01-21 18:00:00,7965.19861,0.67494,0.85089,0.59834,0.0
2030-01-21 19:00:00,7714.89881,0.6954,0.85089,0.56109,0.0
2030-01-21 20:00:00,7402.02407,0.53764,0.85089,0.61509,0.0
2030-01-21 21:00:00,7089.14933,0.50809,0.68072,0.59877,0.0
2030-01-21 22:00:00,6776.27458,0.5885,0.68072,0.52212,0.0
2030-01-21 23:00:00,6463.39984,0.56126,0.68072,0.50452,0.0
2030-01-22 00:00:00,6291.25649,0.51672,0.68054,0.51105,0.0
2030-01-22 01:00:00,6100.27513,0.50118,0.68054,0.49971,0.0
2030-01-22 02:00:00,5972.95422,0.44636,0.68054,0.51655,0.0
2030-01-22 03:00:00,5909.29376,0.43538,0.68054,0.51595,0.0
2030-01-22 04:00:00,5909.29376,0.53514,0.68054,0.46122,0.0
2030-01-22 05:00:00,6036.61467,0.54606,0.68054,0.46847,0.0
2030-01-22 06:00:00,6418.5774,0.50724,0.68054,0.52949,0.0
2030-01-22 07:00:00,6991.5215,0.38552,0.68054,0.65586,0.0
2030-01-22 08:00:00,7437.14468,0.16787,0.68054,0.8216,0.0
2030-01-22 09:00:00,7564.46559,0.20576,0.68054,0.81406,0.105
2030-01-22 10:00:00,7564.46559,0.20245,0.68054,0.81587,0.12465
2030-01-22 11:00:00,7500.80514,0.26632,0.68054,0.77422,0.1229
2030-01-22 12:00:00,7437.14468,0.35177,0.68054,0.72071,0.15861
2030-01-22 13:00:00,7373.48423,0.40743,0.68054,0.68356,0.20486
2030-01-22 14:00:00,7309.82377,0.38428,0.68054,0.68964,0.16283
2030-01-22 15:00:00,7373.48423,0.29106,0.68054,0.7474,0.1475
2030-01-22 16:00:00,7691.7865,0.33868,0.68054,0.75438,0.08779
2030-01-22 17:00:00,8073.74923,0.24659,0.85067,0.84462,0.0
2030-01-22 18:00:00,8073.74923,0.15166,0.85067,0.89671,0.0
2030-01-22 19:00:00,7819.10741,0.07682,0.85067,0.91128,0.0
2030-01-22 20:00:00,7500.80514,0.08449,0.85067,0.87397,0.0
2030-01-22 21:00:00,7182.50286,0.09542,0.68054,0.83487,0.0
2030-01-22 22:00:00,6864.20059,0.09833,0.68054,0.80017,0.0
2030-01-22 23:00:00,6545.89831,0.17542,0.68054,0.72478,0.0
2030-01-23 00:00:00,6430.34232,0.15528,0.68033,0.7238,0.0
2030-01-23 01:00:00,6233.56572,0.14088,0.68033,0.71124,0.0
2030-01-23 02:00:00,6102.38131,0.08649,0.68033,0.72743,0.0
2030-01-23 03:00:00,6036.78911,0.07727,0.68033,0.72567,0.0
2030-01-23 04:00:00,6036.78911,0.11715,0.68033,0.70379,0.0
2030-01-23 05:00:00,6167.97351,0.09185,0.68033,0.73132,0.0
2030-01-23 06:00:00,6561.52673,0.03748,0.68033,0.80207,0.0
2030-01-23 07:00:00,7151.85655,0.02494,0.68033,0.87035,0.0
2030-01-23 08:00:00,7611.00197,0.01632,0.68033,0.92282,0.0
2030-01-23 09:00:00,7742.18637,0.03166,0.68033,0.92805,0.02898
2030-01-23 10:00:00,7742.18637,0.03092,0.68033,0.92846,0.09571
2030-01-23 11:00:00,7676.59417,0.03575,0.68033,0.91899,0.15726
2030-01-23 12:00:00,7611.00197,0.03159,0.68033,0.91445,0.1157
2030-01-23 13:00:00,7545.40977,0.03357,0.68033,0.90654,0.13688
2030-01-23 14:00:00,7479.81756,0.03631,0.68033,0.89822,0.19981
2030-01-23 15:00:00,7545.40977,0.03261,0.68033,0.90707,0.23363
2030-01-23 16:00:00,7873.37078,0.02712,0.68033,0.94419,0.08442
2030-01-23 17:00:00,8266.92399,0.02381,0.85042,0.98693,0.0
2030-01-23 18:00:00,8266.92399,0.02827,0.85042,0.98449,0.0
2030-01-23 19:00:00,8004.55518,0.02404,0.85042,0.95952,0.0
2030-01-23 20:00:00,7676.59417,0.03076,0.85042,0.92173,0.0
2030-01-23 21:00:00,7348.63316,0.03503,0.68033,0.88528,0.0
2030-01-23 22:00:00,7020.67215,0.053,0.68033,0.84131,0.0
2030-01-23 23:00:00,6692.71113,0.04177,0.68033,0.81336,0.0
2030-01-24 00:00:00,6388.68613,0.04048,0.6801,0.78245,0.0
2030-01-24 01:00:00,6193.6452,0.02892,0.6801,0.76851,0.0
2030-01-24 02:00:00,6063.61791,0.03257,0.6801,0.75299,0.0
2030-01-24 03:00:00,5998.60426,0.01659,0.6801,0.75499,0.0
2030-01-24 04:00:00,5998.60426,0.01206,0.6801,0.75748,0.0
2030-01-24 05:00:00,6128.63155,0.02592,0.6801,0.76339,0.0
2030-01-24 06:00:00,6518.71342,0.05133,0.6801,0.79002,0.0
2030-01-24 07:00:00,7103.83622,0.08337,0.6801,0.8333,0.0
2030-01-24 08:00:00,7558.93172,0.06618,0.6801,0.89006,0.0
2030-01-24 09:00:00,7688.95901,0.08344,0.6801,0.89411,0.0283
2030-01-24 10:00:00,7688.95901,0.07203,0.6801,0.90037,0.04508
2030-01-24 11:00:00,7623.94537,0.10382,0.6801,0.87617,0.10119
2030-01-24 12:00:00,7558.93172,0.10344,0.6801,0.86962,0.15677
2030-01-24 13:00:00,7493.91808,0.1496,0.6801,0.83753,0.15357
2030-01-24 14:00:00,7428.90444,0.11025,0.6801,0.85236,0.11849
2030-01-24 15:00:00,7493.91808,0.10547,0.6801,0.86174,0.1165
2030-01-24 16:00:00,7818.9863,0.09934,0.6801,0.89891,0.11268
2030-01-24 17:00:00,8209.06817,0.1194,0.85013,0.92847,9e-05
2030-01-24 18:00:00,8209.06817,0.12223,0.85013,0.92692,0.0
2030-01-24 19:00:00,7949.01359,0.1831,0.85013,0.86649,0.0
2030-01-24 20:00:00,7623.94537,0.20936,0.85013,0.81827,0.0
2030-01-24 21:00:00,7298.87715,0.22904,0.6801,0.77366,0.0
2030-01-24 22:00:00,6973.80893,0.2376,0.6801,0.73516,0.0
2030-01-24 23:00:00,6648.74071,0.31462,0.6801,0.6591,0.0
2030-01-25 00:00:00,6177.4241,0.28402,0.67984,0.62688,0.0
2030-01-25 01:00:00,5991.18575,0.24,0.67984,0.63166,0.0
2030-01-25 02:00:00,5867.02685,0.20129,0.67984,0.63998,0.0
2030-01-25 03:00:00,5804.9474,0.34236,0.67984,0.55613,0.0
2030-01-25 04:00:00,5804.9474,0.28658,0.67984,0.58673,0.0
2030-01-25 05:00:00,5929.1063,0.24503,0.67984,0.62244,0.0
2030-01-25 06:00:00,6301.583,0.26637,0.67984,0.64947,0.0
2030-01-25 07:00:00,6860.29804,0.31073,0.67984,0.68324,0.0
2030-01-25 08:00:00,7294.85419,0.32722,0.67984,0.71939,0.0
2030-01-25 09:00:00,7419.01309,0.30514,0.67984,0.74441,0.04363
2030-01-25 10:00:00,7419.01309,0.35146,0.67984,0.719,0.11173
2030-01-25 11:00:00,7356.93364,0.2903,0.67984,0.7461,0.13023
2030-01-25 12:00:00,7294.85419,0.32701,0.67984,0.7195,0.2532
2030-01-25 13:00:00,7232.77474,0.26229,0.67984,0.74855,0.17463
2030-01-25 14:00:00,7170.69529,0.2467,0.67984,0.75065,0.16344
2030-01-25 15:00:00,7232.77474,0.36504,0.67984,0.69218,0.10035
2030-01-25 16:00:00,7543.17198,0.36726,0.67984,0.72324,0.04759
2030-01-25 17:00:00,7915.64868,0.38658,0.8498,0.75138,6e-05
2030-01-25 18:00:00,7915.64868,0.40549,0.8498,0.74101,0.0
2030-01-25 19:00:00,7667.33088,0.41714,0.8498,0.70879,0.0
2030-01-25 20:00:00,7356.93364,0.3903,0.8498,0.69123,0.0
2030-01-25 21:00:00,7046.53639,0.35733,0.67984,0.67704,0.0
2030-01-25 22:00:00,6736.13914,0.29414,0.67984,0.67943,0.0
2030-01-25 23:00:00,6425.7419,0.24427,0.67984,0.67451,0.0
2030-01-26 00:00:00,5706.72974,0.23471,0.67956,0.60497,0.0
2030-01-26 01:00:00,5540.10366,0.14627,0.67956,0.63617,0.0
2030-01-26 02:00:00,5429.0196,0.19925,0.67956,0.59554,0.0
2030-01-26 03:00:00,5373.47757,0.30138,0.67956,0.53374,0.0
2030-01-26 04:00:00,5373.47757,0.394,0.67956,0.48293,0.0
2030-01-26 05:00:00,5484.56163,0.45327,0.67956,0.46197,0.0
2030-01-26 06:00:00,5817.81379,0.58546,0.67956,0.42411,0.0
2030-01-26 07:00:00,6317.69204,0.40753,0.67956,0.5737,0.0
2030-01-26 08:00:00,6706.48624,0.56041,0.67956,0.53027,0.0
2030-01-26 09:00:00,6817.57029,0.41483,0.67956,0.62169,0.01674
2030-01-26 10:00:00,6817.57029,0.50797,0.67956,0.57059,0.02728
2030-01-26 11:00:00,6762.02826,0.51761,0.67956,0.55953,0.05528
2030-01-26 12:00:00,6706.48624,0.54503,0.67956,0.53871,0.05749
2030-01-26 13:00:00,6650.94421,0.46747,0.67956,0.57548,0.05731
2030-01-26 14:00:00,6595.40218,0.59436,0.67956,0.50009,0.04542
2030-01-26 15:00:00,6650.94421,0.61643,0.67956,0.49376,0.04961
2030-01-26 16:00:00,6928.65435,0.68966,0.67956,0.48247,0.02583
2030-01-26 17:00:00,7261.90651,0.68179,0.84945,0.52144,0.00155
2030-01-26 18:00:00,7261.90651,0.65737,0.84945,0.53484,0.0
2030-01-26 19:00:00,7039.7384,0.54606,0.84945,0.5728,0.0
2030-01-26 20:00:00,6762.02826,0.56902,0.84945,0.53132,0.0
2030-01-26 21:00:00,6484.31813,0.55536,0.67956,0.50994,0.0
2030-01-26 22:00:00,6206.60799,0.58236,0.67956,0.46624,0.0
2030-01-26 23:00:00,5928.89785,0.53861,0.67956,0.46136,0.0
2030-01-27 00:00:00,5846.71553,0.47004,0.67924,0.49043,0.0
2030-01-27 01:00:00,5674.25671,0.50596,0.67924,0.45279,0.0
2030-01-27 02:00:00,5559.28416,0.55862,0.67924,0.41194,0.0
2030-01-27 03:00:00,5501.79788,0.46421,0.67924,0.45776,0.0
2030-01-27 04:00:00,5501.79788,0.47553,0.67924,0.45155,0.0
2030-01-27 05:00:00,5616.77043,0.43696,0.67924,0.48466,0.0
2030-01-27 06:00:00,5961.68808,0.28838,0.67924,0.60205,0.0
2030-01-27 07:00:00,6479.06456,0.37476,0.67924,0.60846,0.0
2030-01-27 08:00:00,6881.46848,0.44869,0.67924,0.60975,0.0
2030-01-27 09:00:00,6996.44103,0.51151,0.67924,0.58725,0.03237
2030-01-27 10:00:00,6996.44103,0.47226,0.67924,0.60878,0.07419
2030-01-27 11:00:00,6938.95476,0.48193,0.67924,0.5975,0.12139
2030-01-27 12:00:00,6881.46848,0.49468,0.67924,0.58453,0.19457
2030-01-27 13:00:00,6823.98221,0.2609,0.67924,0.7068,0.19888
2030-01-27 14:00:00,6766.49593,0.22565,0.67924,0.72016,0.1512
2030-01-27 15:00:00,6823.98221,0.233,0.67924,0.7221,0.08702
2030-01-27 16:00:00,7111.41358,0.37845,0.67924,0.6722,0.04256
2030-01-27 17:00:00,7456.33123,0.30648,0.84906,0.74756,0.00032
2030-01-27 18:00:00,7456.33123,0.26194,0.84906,0.77199,0.0
2030-01-27 19:00:00,7226.38613,0.29962,0.84906,0.7274,0.0
2030-01-27 20:00:00,6938.95476,0.4589,0.84906,0.61013,0.0
2030-01-27 21:00:00,6651.52338,0.46904,0.67924,0.57468,0.0
2030-01-27 22:00:00,6364.09201,0.42354,0.67924,0.56975,0.0
2030-01-27 23:00:00,6076.66063,0.31754,0.67924,0.598,0.0
2030-01-28 00:00:00,6378.93957,0.35131,0.67891,0.61092,0.0
2030-01-28 01:00:00,6184.30474,0.56877,0.67891,0.47137,0.0
2030-01-28 02:00:00,6054.54819,0.71887,0.67891,0.37554,0.0
2030-01-28 03:00:00,5989.66991,0.61376,0.67891,0.42645,0.0
2030-01-28 04:00:00,5989.66991,0.75709,0.67891,0.34782,0.0
2030-01-28 05:00:00,6119.42646,0.77553,0.67891,0.3512,0.0
2030-01-28 06:00:00,6508.69612,0.85054,0.67891,0.35053,0.0
2030-01-28 07:00:00,7092.60059,0.87168,0.67891,0.39966,0.0
2030-01-28 08:00:00,7546.74852,0.81766,0.67891,0.47652,0.0
2030-01-28 09:00:00,7676.50507,0.84562,0.67891,0.47468,0.04695
2030-01-28 10:00:00,7676.50507,0.77795,0.67891,0.51181,0.13325
2030-01-28 11:00:00,7611.6268,0.81107,0.67891,0.48689,0.11431
2030-01-28 12:00:00,7546.74852,0.76846,0.67891,0.50352,0.14582
2030-01-28 13:00:00,7481.87024,0.71191,0.67891,0.52779,0.22363
2030-01-28 14:00:00,7416.99197,0.7219,0.67891,0.51557,0.24419
2030-01-28 15:00:00,7481.87024,0.66848,0.67891,0.55162,0.31823
2030-01-28 16:00:00,7806.26162,0.62984,0.67891,0.60655,0.12371
2030-01-28 17:00:00,8195.53127,0.55843,0.84863,0.68622,0.00418
2030-01-28 18:00:00,8195.53127,0.45515,0.84863,0.74288,0.0
2030-01-28 19:00:00,7936.01817,0.4337,0.84863,0.72765,0.0
2030-01-28 20:00:00,7611.6268,0.50716,0.84863,0.65362,0.0
2030-01-28 21:00:00,7287.23542,0.46158,0.67891,0.64489,0.0
2030-01-28 22:00:00,6962.84404,0.46406,0.67891,0.60979,0.0
2030-01-28 23:00:00,6638.45267,0.4058,0.67891,0.60801,0.0
2030-01-29 00:00:00,6477.52016,0.40943,0.67854,0.58929,0.0
2030-01-29 01:00:00,6278.77781,0.46939,0.67854,0.53572,0.0
2030-01-29 02:00:00,6146.28291,0.5416,0.67854,0.48233,0.0
2030-01-29 03:00:00,6080.03546,0.5228,0.67854,0.48575,0.0
2030-01-29 04:00:00,6080.03546,0.5152,0.67854,0.48992,0.0
2030-01-29 05:00:00,6212.53036,0.53419,0.67854,0.49328,0.0
2030-01-29 06:00:00,6610.01506,0.58224,0.67854,0.50826,0.0
2030-01-29 07:00:00,7206.24211,0.62351,0.67854,0.54762,0.0
2030-01-29 08:00:00,7669.97426,0.59704,0.67854,0.61038,0.0
2030-01-29 09:00:00,7802.46916,0.66624,0.67854,0.58619,0.03779
2030-01-29 10:00:00,7802.46916,0.69831,0.67854,0.5686,0.08684
2030-01-29 11:00:00,7736.22171,0.63315,0.67854,0.59746,0.12789
2030-01-29 12:00:00,7669.97426,0.54026,0.67854,0.64153,0.14499
2030-01-29 13:00:00,7603.72681,0.60153,0.67854,0.60102,0.12585
2030-01-29 14:00:00,7537.47936,0.54861,0.67854,0.62316,0.12783
2030-01-29 15:00:00,7603.72681,0.58306,0.67854,0.61115,0.14556
2030-01-29 16:00:00,7934.96406,0.60103,0.67854,0.63574,0.10284
2030-01-29 17:00:00,8332.44876,0.61676,0.84817,0.66845,0.00223
2030-01-29 18:00:00,8332.44876,0.59691,0.84817,0.67934,0.0
2030-01-29 19:00:00,8067.45896,0.59357,0.84817,0.65362,0.0
2030-01-29 20:00:00,7736.22171,0.48632,0.84817,0.67801,0.0
2030-01-29 21:00:00,7404.98446,0.44913,0.67854,0.66396,0.0
2030-01-29 22:00:00,7073.74721,0.48892,0.67854,0.60768,0.0
2030-01-29 23:00:00,6742.50996,0.6096,0.67854,0.50703,0.0
2030-01-30 00:00:00,6452.74219,0.57024,0.67815,0.49849,0.0
2030-01-30 01:00:00,6255.03225,0.62723,0.67815,0.44666,0.0
2030-01-30 02:00:00,6123.22563,0.74553,0.67815,0.36805,0.0
2030-01-30 03:00:00,6057.32232,0.75261,0.67815,0.35732,0.0
2030-01-30 04:00:00,6057.32232,0.7879,0.67815,0.33795,0.0
2030-01-30 05:00:00,6189.12894,0.8108,0.67815,0.3391,0.0
2030-01-30 06:00:00,6584.54881,0.7929,0.67815,0.39004,0.0
2030-01-30 07:00:00,7177.67862,0.79685,0.67815,0.44956,0.0
2030-01-30 08:00:00,7639.0018,0.82169,0.67815,0.48391,0.0
2030-01-30 09:00:00,7770.80842,0.8252,0.67815,0.49569,0.17783
2030-01-30 10:00:00,7770.80842,0.83759,0.67815,0.48889,0.29635
2030-01-30 11:00:00,7704.90511,0.82588,0.67815,0.48846,0.44381
2030-01-30 12:00:00,7639.0018,0.79899,0.67815,0.49636,0.47351
2030-01-30 13:00:00,7573.09849,0.80431,0.67815,0.48659,0.44979
2030-01-30 14:00:00,7507.19518,0.81956,0.67815,0.47137,0.38816
2030-01-30 15:00:00,7573.09849,0.76234,0.67815,0.50961,0.32941
2030-01-30 16:00:00,7902.61505,0.71819,0.67815,0.5681,0.25167
2030-01-30 17:00:00,8298.03492,0.72137,0.84768,0.60748,0.01621
2030-01-30 18:00:00,8298.03492,0.55944,0.84768,0.69632,0.0
2030-01-30 19:00:00,8034.42167,0.56408,0.84768,0.66636,0.0
2030-01-30 20:00:00,7704.90511,0.51101,0.84768,0.66121,0.0
2030-01-30 21:00:00,7375.38855,0.42302,0.67815,0.67521,0.0
2030-01-30 22:00:00,7045.87199,0.48086,0.67815,0.6092,0.0
2030-01-30 23:00:00,6716.35544,0.54086,0.67815,0.54202,0.0
2030-01-31 00:00:00,6518.74037,0.65227,0.67773,0.46035,0.0
2030-01-31 01:00:00,6318.28051,0.56607,0.67773,0.48679,0.0
2030-01-31 02:00:00,6184.6406,0.68137,0.67773,0.40964,0.0
2030-01-31 03:00:00,6117.82065,0.67047,0.67773,0.40867,0.0
2030-01-31 04:00:00,6117.82065,0.62324,0.67773,0.43458,0.0
2030-01-31 05:00:00,6251.46056,0.62802,0.67773,0.44586,0.0
2030-01-31 06:00:00,6652.38027,0.69382,0.67773,0.45145,0.0
2030-01-31 07:00:00,7253.75985,0.70018,0.67773,0.5105,0.0
2030-01-31 08:00:00,7721.49952,0.75212,0.67773,0.53065,0.0
2030-01-31 09:00:00,7855.13943,0.77076,0.67773,0.53433,0.10672
2030-01-31 10:00:00,7855.13943,0.72801,0.67773,0.55778,0.17052
2030-01-31 11:00:00,7788.31948,0.6826,0.67773,0.57575,0.24659
2030-01-31 12:00:00,7721.49952,0.70608,0.67773,0.55591,0.358
2030-01-31 13:00:00,7654.67957,0.76836,0.67773,0.5148,0.33797
2030-01-31 14:00:00,7587.85962,0.79401,0.67773,0.49378,0.21548
2030-01-31 15:00:00,7654.67957,0.76141,0.67773,0.51861,0.12629
2030-01-31 16:00:00,7988.77934,0.78705,0.67773,0.53929,0.08924
2030-01-31 17:00:00,8389.69905,0.8026,0.84716,0.57246,0.01634
2030-01-31 18:00:00,8389.69905,0.80196,0.84716,0.57281,0.0
2030-01-31 19:00:00,8122.41924,0.78814,0.84716,0.55259,0.0
2030-01-31 20:00:00,7788.31948,0.79211,0.84716,0.51566,0.0
2030-01-31 21:00:00,7454.21971,0.77255,0.67773,0.49165,0.0
2030-01-31 22:00:00,7120.11995,0.76761,0.67773,0.45962,0.0
2030-01-31 23:00:00,6786.02018,0.77734,0.67773,0.41953,0.0
2030-02-01 00:00:00,6661.06628,0.78914,0.67728,0.40006,0.0
2030-02-01 01:00:00,6454.67618,0.78654,0.67728,0.38002,0.0
2030-02-01 02:00:00,6317.08277,0.79288,0.67728,0.36224,0.0
2030-02-01 03:00:00,6248.28607,0.8053,0.67728,0.34827,0.0
2030-02-01 04:00:00,6248.28607,0.79005,0.67728,0.35664,0.0
2030-02-01 05:00:00,6385.87947,0.80329,0.67728,0.36368,0.0
2030-02-01 06:00:00,6798.65968,0.78237,0.67728,0.41809,0.0
2030-02-01 07:00:00,7417.83,0.7619,0.67728,0.49371,0.0
2030-02-01 08:00:00,7899.40691,0.74859,0.67728,0.5511,0.0
2030-02-01 09:00:00,8037.00032,0.78288,0.67728,0.54659,0.10147
2030-02-01 10:00:00,8037.00032,0.81988,0.67728,0.52629,0.2203
2030-02-01 11:00:00,7968.20362,0.83161,0.67728,0.51271,0.18425
2030-02-01 12:00:00,7899.40691,0.80687,0.67728,0.51912,0.16602
2030-02-01 13:00:00,7830.61021,0.78725,0.67728,0.52273,0.10937
2030-02-01 14:00:00,7761.81351,0.73812,0.67728,0.54253,0.09146
2030-02-01 15:00:00,7830.61021,0.73523,0.67728,0.55127,0.05952
2030-02-01 16:00:00,8174.59372,0.732,0.67728,0.58881,0.06912
2030-02-01 17:00:00,8587.37393,0.74089,0.8466,0.62687,0.01085
2030-02-01 18:00:00,8587.37393,0.6955,0.8466,0.65177,0.0
2030-02-01 19:00:00,8312.18713,0.73204,0.8466,0.6031,0.0
2030-02-01 20:00:00,7968.20362,0.65023,0.8466,0.61221,0.0
2030-02-01 21:00:00,7624.22011,0.72865,0.67728,0.53342,0.0
2030-02-01 22:00:00,7280.2366,0.68366,0.67728,0.52232,0.0
2030-02-01 23:00:00,6936.25309,0.64871,0.67728,0.50572,0.0
2030-02-02 00:00:00,5967.8557,0.55144,0.67681,0.45837,0.0
2030-02-02 01:00:00,5790.34937,0.46566,0.67681,0.48697,0.0
2030-02-02 02:00:00,5672.01181,0.4838,0.67681,0.46471,0.0
2030-02-02 03:00:00,5612.84304,0.46554,0.67681,0.46857,0.0
2030-02-02 04:00:00,5612.84304,0.57873,0.67681,0.40648,0.0
2030-02-02 05:00:00,5731.18059,0.65766,0.67681,0.37549,0.0
2030-02-02 06:00:00,6086.19325,0.76025,0.67681,0.35613,0.0
2030-02-02 07:00:00,6618.71225,0.84427,0.67681,0.36542,0.0
2030-02-02 08:00:00,7032.89369,0.80661,0.67681,0.42915,0.0
2030-02-02 09:00:00,7151.23124,0.83789,0.67681,0.42429,0.16174
2030-02-02 10:00:00,7151.23124,0.84562,0.67681,0.42006,0.13067
2030-02-02 11:00:00,7092.06246,0.8592,0.67681,0.40645,0.12131
2030-02-02 12:00:00,7032.89369,0.88171,0.67681,0.38795,0.19543
2030-02-02 13:00:00,6973.72491,0.87781,0.67681,0.38393,0.26521
2030-02-02 14:00:00,6914.55613,0.8367,0.67681,0.40034,0.29864
2030-02-02 15:00:00,6973.72491,0.81587,0.67681,0.41792,0.17555
2030-02-02 16:00:00,7269.56879,0.83934,0.67681,0.43581,0.12515
2030-02-02 17:00:00,7624.58146,0.8254,0.84601,0.48037,0.01966
2030-02-02 18:00:00,7624.58146,0.82642,0.84601,0.47982,0.0
2030-02-02 19:00:00,7387.90635,0.80964,0.84601,0.46441,0.0
2030-02-02 20:00:00,7092.06246,0.79205,0.84601,0.44329,0.0
2030-02-02 21:00:00,6796.21858,0.82123,0.67681,0.39651,0.0
2030-02-02 22:00:00,6500.37469,0.80134,0.67681,0.37666,0.0
2030-02-02 23:00:00,6204.53081,0.82692,0.67681,0.33186,0.0
2030-02-03 00:00:00,5883.96233,0.85587,0.67631,0.28264,0.0
2030-02-03 01:00:00,5709.95155,0.84226,0.67631,0.27201,0.0
2030-02-03 02:00:00,5593.94437,0.86013,0.67631,0.25014,0.0
2030-02-03 03:00:00,5535.94078,0.85934,0.67631,0.24454,0.0
2030-02-03 04:00:00,5535.94078,0.82767,0.67631,0.26191,0.0
2030-02-03 05:00:00,5651.94796,0.83239,0.67631,0.27139,0.0
2030-02-03 06:00:00,5999.96951,0.76662,0.67631,0.34366,0.0
2030-02-03 07:00:00,6522.00183,0.63237,0.67631,0.47161,0.0
2030-02-03 08:00:00,6928.02697,0.73803,0.67631,0.45586,0.0
2030-02-03 09:00:00,7044.03416,0.73721,0.67631,0.46838,0.14406
2030-02-03 10:00:00,7044.03416,0.56365,0.67631,0.56359,0.18588
2030-02-03 11:00:00,6986.03057,0.5112,0.67631,0.58634,0.14436
2030-02-03 12:00:00,6928.02697,0.601,0.67631,0.53104,0.16992
2030-02-03 13:00:00,6870.02338,0.3513,0.67631,0.662,0.13646
2030-02-03 14:00:00,6812.01979,0.2832,0.67631,0.69332,0.13629
2030-02-03 15:00:00,6870.02338,0.28403,0.67631,0.6989,0.1351
2030-02-03 16:00:00,7160.04134,0.35667,0.67631,0.68921,0.05964
2030-02-03 17:00:00,7508.06289,0.4378,0.84539,0.6809,0.01166
2030-02-03 18:00:00,7508.06289,0.36911,0.84539,0.71858,0.0
2030-02-03 19:00:00,7276.04852,0.50902,0.84539,0.61769,0.0
2030-02-03 20:00:00,6986.03057,0.5291,0.84539,0.57652,0.0
2030-02-03 21:00:00,6696.01261,0.62543,0.67631,0.49351,0.0
2030-02-03 22:00:00,6405.99465,0.66356,0.67631,0.44243,0.0
2030-02-03 23:00:00,6115.97669,0.5085,0.67631,0.49733,0.0
2030-02-04 00:00:00,6470.30299,0.51873,0.67579,0.52857,0.0
2030-02-04 01:00:00,6271.86136,0.48476,0.67579,0.52657,0.0
2030-02-04 02:00:00,6139.56693,0.53812,0.67579,0.48354,0.0
2030-02-04 03:00:00,6073.41972,0.41638,0.67579,0.54344,0.0
2030-02-04 04:00:00,6073.41972,0.3872,0.67579,0.55945,0.0
2030-02-04 05:00:00,6205.71414,0.37136,0.67579,0.5819,0.0
2030-02-04 06:00:00,6602.59741,0.48402,0.67579,0.56137,0.0
2030-02-04 07:00:00,7197.92232,0.36803,0.67579,0.68692,0.0
2030-02-04 08:00:00,7660.9528,0.23354,0.67579,0.80885,0.0
2030-02-04 09:00:00,7793.24723,0.23966,0.67579,0.81925,0.03791
2030-02-04 10:00:00,7793.24723,0.21642,0.67579,0.832,0.07371
2030-02-04 11:00:00,7727.10001,0.20525,0.67579,0.83125,0.09707
2030-02-04 12:00:00,7660.9528,0.21949,0.67579,0.81656,0.15728
2030-02-04 13:00:00,7594.80559,0.18149,0.67579,0.83053,0.08056
2030-02-04 14:00:00,7528.65838,0.15068,0.67579,0.84055,0.08923
2030-02-04 15:00:00,7594.80559,0.18223,0.67579,0.83012,0.0604
2030-02-04 16:00:00,7925.54165,0.1802,0.67579,0.86563,0.05049
2030-02-04 17:00:00,8322.42492,0.16284,0.84474,0.91643,0.03223
2030-02-04 18:00:00,8322.42492,0.14186,0.84474,0.92794,0.0
2030-02-04 19:00:00,8057.83607,0.19422,0.84474,0.8717,0.0
2030-02-04 20:00:00,7727.10001,0.20293,0.84474,0.83252,0.0
2030-02-04 21:00:00,7396.36396,0.0998,0.67579,0.85471,0.0
2030-02-04 22:00:00,7065.6279,0.09841,0.67579,0.82107,0.0
2030-02-04 23:00:00,6734.89184,0.06377,0.67579,0.80568,0.0
2030-02-05 00:00:00,6325.83617,0.07791,0.67524,0.75538,0.0
2030-02-05 01:00:00,6133.41398,0.09438,0.67524,0.72633,0.0
2030-02-05 02:00:00,6005.13253,0.12481,0.67524,0.6963,0.0
2030-02-05 03:00:00,5940.9918,0.17779,0.67524,0.66056,0.0
2030-02-05 04:00:00,5940.9918,0.11458,0.67524,0.69524,0.0
2030-02-05 05:00:00,6069.27326,0.21712,0.67524,0.65233,0.0
2030-02-05 06:00:00,6454.11762,0.1909,0.67524,0.70674,0.0
2030-02-05 07:00:00,7031.38418,0.30585,0.67524,0.70371,0.0
2030-02-05 08:00:00,7480.36927,0.29901,0.67524,0.75416,0.0
2030-02-05 09:00:00,7608.65073,0.24388,0.67524,0.79774,0.08811
2030-02-05 10:00:00,7608.65073,0.20934,0.67524,0.81669,0.20015
2030-02-05 11:00:00,7544.51,0.2496,0.67524,0.78793,0.16585
2030-02-05 12:00:00,7480.36927,0.1737,0.67524,0.8229,0.18435
2030-02-05 13:00:00,7416.22855,0.19353,0.67524,0.80535,0.22517
2030-02-05 14:00:00,7352.08782,0.12526,0.67524,0.83613,0.14893
2030-02-05 15:00:00,7416.22855,0.05111,0.67524,0.88349,0.1077
2030-02-05 16:00:00,7736.93219,0.04312,0.67524,0.92122,0.07973
2030-02-05 17:00:00,8121.77655,0.0199,0.84405,0.97398,0.0255
2030-02-05 18:00:00,8121.77655,0.0205,0.84405,0.97365,0.0
2030-02-05 19:00:00,7865.21364,0.04326,0.84405,0.93448,0.0
2030-02-05 20:00:00,7544.51,0.02075,0.84405,0.91348,0.0
2030-02-05 21:00:00,7223.80636,0.01776,0.67524,0.88177,0.0
2030-02-05 22:00:00,6903.10272,0.03483,0.67524,0.83905,0.0
2030-02-05 23:00:00,6582.39908,0.06752,0.67524,0.78776,0.0
2030-02-06 00:00:00,6349.36959,0.16418,0.67466,0.7105,0.0
2030-02-06 01:00:00,6155.96684,0.1958,0.67466,0.67304,0.0
2030-02-06 02:00:00,6027.03168,0.13659,0.67466,0.69211,0.0
2030-02-06 03:00:00,5962.5641,0.12365,0.67466,0.69251,0.0
2030-02-06 04:00:00,5962.5641,0.19676,0.67466,0.6524,0.0
2030-02-06 05:00:00,6091.49926,0.14763,0.67466,0.69276,0.0
2030-02-06 06:00:00,6478.30475,0.18566,0.67466,0.71213,0.0
2030-02-06 07:00:00,7058.51298,0.19701,0.67466,0.76624,0.0
2030-02-06 08:00:00,7509.78605,0.24846,0.67466,0.78495,0.0
2030-02-06 09:00:00,7638.72121,0.24339,0.67466,0.80114,0.01802
2030-02-06 10:00:00,7638.72121,0.28907,0.67466,0.77608,0.03356
2030-02-06 11:00:00,7574.25363,0.29918,0.67466,0.76382,0.05077
2030-02-06 12:00:00,7509.78605,0.21333,0.67466,0.80422,0.10966
2030-02-06 13:00:00,7445.31846,0.24924,0.67466,0.77781,0.16169
2030-02-06 14:00:00,7380.85088,0.22783,0.67466,0.78286,0.12373
2030-02-06 15:00:00,7445.31846,0.24917,0.67466,0.77785,0.17452
2030-02-06 16:00:00,7767.65637,0.20049,0.67466,0.83808,0.15021
2030-02-06 17:00:00,8154.46186,0.17192,0.84333,0.89398,0.02948
2030-02-06 18:00:00,8154.46186,0.14263,0.84333,0.91005,0.0
2030-02-06 19:00:00,7896.59153,0.19422,0.84333,0.85493,0.0
2030-02-06 20:00:00,7574.25363,0.2922,0.84333,0.76765,0.0
2030-02-06 21:00:00,7251.91572,0.38135,0.67466,0.68523,0.0
2030-02-06 22:00:00,6929.57782,0.49813,0.67466,0.58764,0.0
2030-02-06 23:00:00,6607.23991,0.33149,0.67466,0.64553,0.0
2030-02-07 00:00:00,6170.17494,0.30554,0.67406,0.61432,0.0
2030-02-07 01:00:00,5984.23864,0.47333,0.67406,0.50293,0.0
2030-02-07 02:00:00,5860.28111,0.40702,0.67406,0.52641,0.0
2030-02-07 03:00:00,5798.30234,0.46215,0.67406,0.48972,0.0
2030-02-07 04:00:00,5798.30234,0.43934,0.67406,0.50224,0.0
2030-02-07 05:00:00,5922.25988,0.35217,0.67406,0.56295,0.0
2030-02-07 06:00:00,6294.13248,0.30573,0.67406,0.6271,0.0
2030-02-07 07:00:00,6851.94138,0.35856,0.67406,0.65613,0.0
2030-02-07 08:00:00,7285.79274,0.41337,0.67406,0.67118,0.0
2030-02-07 09:00:00,7409.75028,0.37034,0.67406,0.70768,0.12416
2030-02-07 10:00:00,7409.75028,0.32635,0.67406,0.73181,0.1083
2030-02-07 11:00:00,7347.77151,0.43818,0.67406,0.66401,0.11211
2030-02-07 12:00:00,7285.79274,0.53172,0.67406,0.60625,0.14346
2030-02-07 13:00:00,7223.81398,0.57173,0.67406,0.57786,0.16837
2030-02-07 14:00:00,7161.83521,0.47584,0.67406,0.62402,0.12745
2030-02-07 15:00:00,7223.81398,0.3953,0.67406,0.67465,0.13512
2030-02-07 16:00:00,7533.70781,0.30629,0.67406,0.75571,0.06968
2030-02-07 17:00:00,7905.58041,0.16299,0.84258,0.873,0.02582
2030-02-07 18:00:00,7905.58041,0.16902,0.84258,0.86969,0.0
2030-02-07 19:00:00,7657.66534,0.18141,0.84258,0.83711,0.0
2030-02-07 20:00:00,7347.77151,0.15899,0.84258,0.81718,0.0
2030-02-07 21:00:00,7037.87768,0.13391,0.67406,0.79871,0.0
2030-02-07 22:00:00,6727.98384,0.07806,0.67406,0.79712,0.0
2030-02-07 23:00:00,6418.09001,0.15239,0.67406,0.72412,0.0
2030-02-08 00:00:00,6176.70582,0.13093,0.67344,0.71078,0.0
2030-02-08 01:00:00,5990.4974,0.15013,0.67344,0.68089,0.0
2030-02-08 02:00:00,5866.35845,0.1481,0.67344,0.66909,0.0
2030-02-08 03:00:00,5804.28898,0.13329,0.67344,0.67076,0.0
2030-02-08 04:00:00,5804.28898,0.20282,0.67344,0.63262,0.0
2030-02-08 05:00:00,5928.42792,0.26087,0.67344,0.61368,0.0
2030-02-08 06:00:00,6300.84476,0.31151,0.67344,0.62463,0.0
2030-02-08 07:00:00,6859.47002,0.28389,0.67344,0.69788,0.0
2030-02-08 08:00:00,7293.95633,0.32104,0.67344,0.72268,0.0
2030-02-08 09:00:00,7418.09528,0.26976,0.67344,0.76373,0.09194
2030-02-08 10:00:00,7418.09528,0.33163,0.67344,0.72978,0.11629
2030-02-08 11:00:00,7356.02581,0.4434,0.67344,0.66201,0.11479
2030-02-08 12:00:00,7293.95633,0.48668,0.67344,0.63181,0.11676
2030-02-08 13:00:00,7231.88686,0.53878,0.67344,0.59678,0.13152
2030-02-08 14:00:00,7169.81739,0.52057,0.67344,0.60031,0.11473
2030-02-08 15:00:00,7231.88686,0.56353,0.67344,0.5832,0.08175
2030-02-08 16:00:00,7542.23423,0.50261,0.67344,0.64889,0.03508
2030-02-08 17:00:00,7914.65106,0.4489,0.8418,0.71709,0.01158
2030-02-08 18:00:00,7914.65106,0.41994,0.8418,0.73298,0.0
2030-02-08 19:00:00,7666.37317,0.51529,0.8418,0.65485,0.0
2030-02-08 20:00:00,7356.02581,0.5398,0.8418,0.60913,0.0
2030-02-08 21:00:00,7045.67844,0.54191,0.67344,0.57569,0.0
2030-02-08 22:00:00,6735.33107,0.53243,0.67344,0.54862,0.0
2030-02-08 23:00:00,6424.98371,0.50109,0.67344,0.53354,0.0
2030-02-09 00:00:00,5749.47908,0.41318,0.67279,0.51151,0.0
2030-02-09 01:00:00,5581.07178,0.36723,0.67279,0.51921,0.0
2030-02-09 02:00:00,5468.80024,0.28007,0.67279,0.55534,0.0
2030-02-09 03:00:00,5412.66447,0.24923,0.67279,0.56643,0.0
2030-02-09 04:00:00,5412.66447,0.24987,0.67279,0.56607,0.0
2030-02-09 05:00:00,5524.93601,0.35345,0.67279,0.52093,0.0
2030-02-09 06:00:00,5861.75062,0.38285,0.67279,0.53983,0.0
2030-02-09 07:00:00,6366.97254,0.39415,0.67279,0.58617,0.0
2030-02-09 08:00:00,6759.92292,0.32034,0.67279,0.66753,0.0
2030-02-09 09:00:00,6872.19445,0.35832,0.67279,0.65837,0.06505
2030-02-09 10:00:00,6872.19445,0.22329,0.67279,0.73245,0.19164
2030-02-09 11:00:00,6816.05868,0.19343,0.67279,0.74299,0.30494
2030-02-09 12:00:00,6759.92292,0.12365,0.67279,0.77543,0.32031
2030-02-09 13:00:00,6703.78715,0.13724,0.67279,0.76214,0.33786
2030-02-09 14:00:00,6647.65138,0.09491,0.67279,0.77952,0.36453
2030-02-09 15:00:00,6703.78715,0.03689,0.67279,0.81719,0.33118
2030-02-09 16:00:00,6984.46599,0.06089,0.67279,0.83322,0.19891
2030-02-09 17:00:00,7321.2806,0.08723,0.84098,0.85379,0.10029
2030-02-09 18:00:00,7321.2806,0.12718,0.84098,0.83188,0.0
2030-02-09 19:00:00,7096.73753,0.08656,0.84098,0.83081,0.0
2030-02-09 20:00:00,6816.05868,0.05869,0.84098,0.81691,0.0
2030-02-09 21:00:00,6535.37984,0.10369,0.67279,0.76303,0.0
2030-02-09 22:00:00,6254.701,0.06963,0.67279,0.75253,0.0
2030-02-09 23:00:00,5974.02216,0.05059,0.67279,0.73378,0.0
2030-02-10 00:00:00,5737.52766,0.025,0.67211,0.72322,0.0
2030-02-10 01:00:00,5569.61833,0.02765,0.67211,0.70431,0.0
2030-02-10 02:00:00,5457.67878,0.04166,0.67211,0.68498,0.0
2030-02-10 03:00:00,5401.709,0.03771,0.67211,0.68133,0.0
2030-02-10 04:00:00,5401.709,0.09172,0.67211,0.6517,0.0
2030-02-10 05:00:00,5513.64856,0.04727,0.67211,0.68772,0.0
2030-02-10 06:00:00,5849.46722,0.08534,0.67211,0.70176,0.0
2030-02-10 07:00:00,6353.19521,0.12539,0.67211,0.73218,0.0
2030-02-10 08:00:00,6744.98364,0.12479,0.67211,0.77326,5e-05
2030-02-10 09:00:00,6856.9232,0.09332,0.67211,0.80216,0.10231
2030-02-10 10:00:00,6856.9232,0.06935,0.67211,0.81531,0.12712
2030-02-10 11:00:00,6800.95342,0.04463,0.67211,0.82305,0.13817
2030-02-10 12:00:00,6744.98364,0.06283,0.67211,0.80725,0.18247
2030-02-10 13:00:00,6689.01387,0.06198,0.67211,0.80189,0.2192
2030-02-10 14:00:00,6633.04409,0.05842,0.67211,0.79803,0.17636
2030-02-10 15:00:00,6689.01387,0.06433,0.67211,0.8006,0.13822
2030-02-10 16:00:00,6968.86275,0.06049,0.67211,0.83181,0.13652
2030-02-10 17:00:00,7304.68141,0.02559,0.84014,0.88588,0.06069
2030-02-10 18:00:00,7304.68141,0.02005,0.84014,0.88892,0.0
2030-02-10 19:00:00,7080.8023,0.029,0.84014,0.86073,0.0
2030-02-10 20:00:00,6800.95342,0.04545,0.84014,0.8226,0.0
2030-02-10 21:00:00,6521.10454,0.08139,0.67211,0.77378,0.0
2030-02-10 22:00:00,6241.25565,0.092,0.67211,0.73885,0.0
2030-02-10 23:00:00,5961.40677,0.0546,0.67211,0.73027,0.0
2030-02-11 00:00:00,6441.56929,0.03633,0.67141,0.79023,0.0
2030-02-11 01:00:00,6244.32489,0.04393,0.67141,0.76554,0.0
2030-02-11 02:00:00,6112.82863,0.02683,0.67141,0.76125,0.0
2030-02-11 03:00:00,6047.0805,0.02775,0.67141,0.75391,0.0
2030-02-11 04:00:00,6047.0805,0.03488,0.67141,0.75,0.0
2030-02-11 05:00:00,6178.57676,0.04313,0.67141,0.75915,0.0
2030-02-11 06:00:00,6573.06556,0.02907,0.67141,0.80788,0.0
2030-02-11 07:00:00,7164.79875,0.03129,0.67141,0.86821,0.0
2030-02-11 08:00:00,7625.03568,0.03835,0.67141,0.9122,0.00034
2030-02-11 09:00:00,7756.53194,0.03993,0.67141,0.92501,0.0354
2030-02-11 10:00:00,7756.53194,0.04496,0.67141,0.92225,0.07448
2030-02-11 11:00:00,7690.78381,0.06187,0.67141,0.90614,0.07247
2030-02-11 12:00:00,7625.03568,0.03878,0.67141,0.91197,0.13595
2030-02-11 13:00:00,7559.28754,0.03844,0.67141,0.90531,0.12397
2030-02-11 14:00:00,7493.53941,0.03128,0.67141,0.9024,0.16488
2030-02-11 15:00:00,7559.28754,0.03851,0.67141,0.90528,0.1325
2030-02-11 16:00:00,7888.02821,0.01597,0.67141,0.95183,0.1287
2030-02-11 17:00:00,8282.517,0.03485,0.83926,0.9825,0.05857
2030-02-11 18:00:00,8282.517,0.04392,0.83926,0.97752,0.0
2030-02-11 19:00:00,8019.52447,0.05621,0.83926,0.94343,0.0
2030-02-11 20:00:00,7690.78381,0.03176,0.83926,0.92265,0.0
2030-02-11 21:00:00,7362.04315,0.01473,0.67141,0.89781,0.0
2030-02-11 22:00:00,7033.30248,0.01122,0.67141,0.86555,0.0
2030-02-11 23:00:00,6704.56182,0.01082,0.67141,0.83157,0.0
2030-02-12 00:00:00,6362.72451,0.01318,0.67069,0.79473,0.0
2030-02-12 01:00:00,6168.76531,0.01854,0.67069,0.77162,0.0
2030-02-12 02:00:00,6039.45918,0.02833,0.67069,0.7528,0.0
2030-02-12 03:00:00,5974.80612,0.00991,0.67069,0.75618,0.0
2030-02-12 04:00:00,5974.80612,0.04012,0.67069,0.73961,0.0
2030-02-12 05:00:00,6104.11225,0.06027,0.67069,0.742,0.0
2030-02-12 06:00:00,6492.03065,0.07501,0.67069,0.77426,0.0
2030-02-12 07:00:00,7073.90824,0.08837,0.67069,0.82744,0.0
2030-02-12 08:00:00,7526.47971,0.09831,0.67069,0.86906,0.00032
2030-02-12 09:00:00,7655.78584,0.09023,0.67069,0.88694,0.03857
2030-02-12 10:00:00,7655.78584,0.1494,0.67069,0.85447,0.0629
2030-02-12 11:00:00,7591.13277,0.09587,0.67069,0.87712,0.11374
2030-02-12 12:00:00,7526.47971,0.0596,0.67069,0.89029,0.17776
2030-02-12 13:00:00,7461.82664,0.09235,0.67069,0.8656,0.14281
2030-02-12 14:00:00,7397.17357,0.10156,0.67069,0.85383,0.10684
2030-02-12 15:00:00,7461.82664,0.16223,0.67069,0.82726,0.09501
2030-02-12 16:00:00,7785.09197,0.11964,0.67069,0.88425,0.06084
2030-02-12 17:00:00,8173.01037,0.1112,0.83836,0.92922,0.01489
2030-02-12 18:00:00,8173.01037,0.14971,0.83836,0.9081,0.0
2030-02-12 19:00:00,7914.3981,0.17962,0.83836,0.86479,0.0
2030-02-12 20:00:00,7591.13277,0.25556,0.83836,0.78951,0.0
2030-02-12 21:00:00,7267.86744,0.2826,0.67069,0.74106,0.0
2030-02-12 22:00:00,6944.60211,0.4547,0.67069,0.61302,0.0
2030-02-12 23:00:00,6621.33678,0.45009,0.67069,0.58193,0.0
2030-02-13 00:00:00,6510.96421,0.41799,0.66994,0.58806,0.0
2030-02-13 01:00:00,6310.82836,0.32101,0.66994,0.62046,0.0
2030-02-13 02:00:00,6177.40446,0.36964,0.66994,0.5799,0.0
2030-02-13 03:00:00,6110.6925,0.43254,0.66994,0.53846,0.0
2030-02-13 04:00:00,6110.6925,0.3292,0.66994,0.59515,0.0
2030-02-13 05:00:00,6244.11641,0.373,0.66994,0.58499,0.0
2030-02-13 06:00:00,6644.38811,0.31668,0.66994,0.65752,0.0
2030-02-13 07:00:00,7244.79567,0.37859,0.66994,0.686,0.0
2030-02-13 08:00:00,7711.77933,0.30535,0.66994,0.77475,0.01052
2030-02-13 09:00:00,7845.20323,0.25288,0.66994,0.81741,0.04913
2030-02-13 10:00:00,7845.20323,0.33003,0.66994,0.77508,0.10962
2030-02-13 11:00:00,7778.49128,0.37972,0.66994,0.74088,0.19763
2030-02-13 12:00:00,7711.77933,0.36267,0.66994,0.7433,0.19161
2030-02-13 13:00:00,7645.06737,0.52068,0.66994,0.64967,0.22239
2030-02-13 14:00:00,7578.35542,0.46727,0.66994,0.67204,0.15473
2030-02-13 15:00:00,7645.06737,0.36385,0.66994,0.73571,0.16259
2030-02-13 16:00:00,7978.62713,0.26105,0.66994,0.8268,0.16542
2030-02-13 17:00:00,8378.89883,0.28935,0.83742,0.8529,0.08522
2030-02-13 18:00:00,8378.89883,0.45209,0.83742,0.76362,0.0
2030-02-13 19:00:00,8112.05103,0.44511,0.83742,0.7397,0.0
2030-02-13 20:00:00,7778.49128,0.35695,0.83742,0.75337,0.0
2030-02-13 21:00:00,7444.93152,0.43452,0.66994,0.67613,0.0
2030-02-13 22:00:00,7111.37177,0.35139,0.66994,0.68704,0.0
2030-02-13 23:00:00,6777.81201,0.4558,0.66994,0.59508,0.0
2030-02-14 00:00:00,6565.14629,0.41963,0.66916,0.5928,0.0
2030-02-14 01:00:00,6362.75285,0.41939,0.66916,0.57188,0.0
2030-02-14 02:00:00,6227.8239,0.40939,0.66916,0.56334,0.0
2030-02-14 03:00:00,6160.35942,0.48637,0.66916,0.51409,0.0
2030-02-14 04:00:00,6160.35942,0.48046,0.66916,0.51733,0.0
2030-02-14 05:00:00,6295.28838,0.39034,0.66916,0.5808,0.0
2030-02-14 06:00:00,6700.07525,0.35067,0.66916,0.64467,0.0
2030-02-14 07:00:00,7307.25557,0.30397,0.66916,0.73343,0.0
2030-02-14 08:00:00,7779.50693,0.23607,0.66916,0.81979,0.02788
2030-02-14 09:00:00,7914.43589,0.34487,0.66916,0.77414,0.1482
2030-02-14 10:00:00,7914.43589,0.2949,0.66916,0.80155,0.19693
2030-02-14 11:00:00,7846.97141,0.2989,0.66916,0.79234,0.21452
2030-02-14 12:00:00,7779.50693,0.37184,0.66916,0.74531,0.28523
2030-02-14 13:00:00,7712.04245,0.39427,0.66916,0.72599,0.32731
2030-02-14 14:00:00,7644.57797,0.46215,0.66916,0.68174,0.25132
2030-02-14 15:00:00,7712.04245,0.41337,0.66916,0.71551,0.21713
2030-02-14 16:00:00,8049.36485,0.38226,0.66916,0.76766,0.12238
2030-02-14 17:00:00,8454.15173,0.40065,0.83645,0.79967,0.08152
2030-02-14 18:00:00,8454.15173,0.42461,0.83645,0.78652,0.0
2030-02-14 19:00:00,8184.29381,0.45589,0.83645,0.7413,0.0
2030-02-14 20:00:00,7846.97141,0.39655,0.83645,0.73877,0.0
2030-02-14 21:00:00,7509.64901,0.52455,0.66916,0.63347,0.0
2030-02-14 22:00:00,7172.32661,0.53224,0.66916,0.59417,0.0
2030-02-14 23:00:00,6835.00421,0.56338,0.66916,0.542,0.0
2030-02-15 00:00:00,6345.55721,0.61049,0.66837,0.46526,0.0
2030-02-15 01:00:00,6152.31332,0.51935,0.66837,0.49516,0.0
2030-02-15 02:00:00,6023.48406,0.59323,0.66837,0.44123,0.0
2030-02-15 03:00:00,5959.06942,0.51094,0.66837,0.47968,0.0
2030-02-15 04:00:00,5959.06942,0.47987,0.66837,0.49672,0.0
2030-02-15 05:00:00,6087.89869,0.55829,0.66837,0.4671,0.0
2030-02-15 06:00:00,6474.38648,0.46334,0.66837,0.55939,0.0
2030-02-15 07:00:00,7054.11816,0.2943,0.66837,0.71241,0.0
2030-02-15 08:00:00,7505.02058,0.29965,0.66837,0.75637,0.00949
2030-02-15 09:00:00,7633.84984,0.41378,0.66837,0.70716,0.07691
2030-02-15 10:00:00,7633.84984,0.35222,0.66837,0.74093,0.10548
2030-02-15 11:00:00,7569.43521,0.39026,0.66837,0.71336,0.1343
2030-02-15 12:00:00,7505.02058,0.43795,0.66837,0.68049,0.15913
2030-02-15 13:00:00,7440.60595,0.36173,0.66837,0.71561,0.1686
2030-02-15 14:00:00,7376.19132,0.36219,0.66837,0.70866,0.14954
2030-02-15 15:00:00,7440.60595,0.41904,0.66837,0.68417,0.16017
2030-02-15 16:00:00,7762.67911,0.34556,0.66837,0.75798,0.1142
2030-02-15 17:00:00,8149.16689,0.21544,0.83546,0.86955,0.10432
2030-02-15 18:00:00,8149.16689,0.17666,0.83546,0.89083,0.0
2030-02-15 19:00:00,7891.50837,0.12512,0.83546,0.89231,0.0
2030-02-15 20:00:00,7569.43521,0.17959,0.83546,0.82893,0.0
2030-02-15 21:00:00,7247.36205,0.14925,0.66837,0.81208,0.0
2030-02-15 22:00:00,6925.2889,0.12867,0.66837,0.78988,0.0
2030-02-15 23:00:00,6603.21574,0.18361,0.66837,0.72624,0.0
2030-02-16 00:00:00,5822.80926,0.1519,0.66755,0.66247,0.0
2030-02-16 01:00:00,5651.34653,0.13782,0.66755,0.65237,0.0
2030-02-16 02:00:00,5537.03805,0.11561,0.66755,0.65266,0.0
2030-02-16 03:00:00,5479.8838,0.08312,0.66755,0.66454,0.0
2030-02-16 04:00:00,5479.8838,0.11777,0.66755,0.64553,0.0
2030-02-16 05:00:00,5594.19229,0.16233,0.66755,0.63298,0.0
2030-02-16 06:00:00,5937.11775,0.12125,0.66755,0.69118,0.0
2030-02-16 07:00:00,6451.50594,0.18672,0.66755,0.70876,0.0
2030-02-16 08:00:00,6851.58564,0.11479,0.66755,0.78982,0.0097
2030-02-16 09:00:00,6965.89413,0.0976,0.66755,0.81114,0.07131
2030-02-16 10:00:00,6965.89413,0.07816,0.66755,0.82181,0.17095
2030-02-16 11:00:00,6908.73989,0.11955,0.66755,0.79316,0.17917
2030-02-16 12:00:00,6851.58564,0.167,0.66755,0.76118,0.2296
2030-02-16 13:00:00,6794.4314,0.15078,0.66755,0.76414,0.18174
2030-02-16 14:00:00,6737.27716,0.1523,0.66755,0.75736,0.13112
2030-02-16 15:00:00,6794.4314,0.21811,0.66755,0.7272,0.15251
2030-02-16 16:00:00,7080.20262,0.17559,0.66755,0.78025,0.09968
2030-02-16 17:00:00,7423.12808,0.17618,0.83443,0.81559,0.02166
2030-02-16 18:00:00,7423.12808,0.1797,0.83443,0.81366,0.0
2030-02-16 19:00:00,7194.5111,0.18121,0.83443,0.78905,0.0
2030-02-16 20:00:00,6908.73989,0.21969,0.83443,0.73822,0.0
2030-02-16 21:00:00,6622.96867,0.28269,0.66755,0.67394,0.0
2030-02-16 22:00:00,6337.19745,0.24265,0.66755,0.66618,0.0
2030-02-16 23:00:00,6051.42624,0.26157,0.66755,0.62608,0.0
2030-02-17 00:00:00,5839.20817,0.20838,0.6667,0.6332,0.0
2030-02-17 01:00:00,5667.06216,0.1476,0.6667,0.64864,0.0
2030-02-17 02:00:00,5552.29814,0.12597,0.6667,0.64857,0.0
2030-02-17 03:00:00,5494.91614,0.12228,0.6667,0.64463,0.0
2030-02-17 04:00:00,5494.91614,0.09216,0.6667,0.66115,0.0
2030-02-17 05:00:00,5609.68015,0.09899,0.6667,0.66934,0.0
2030-02-17 06:00:00,5953.97219,0.0969,0.6667,0.70629,0.0
2030-02-17 07:00:00,6470.41024,0.11949,0.6667,0.74761,0.0
2030-02-17 08:00:00,6872.08428,0.16041,0.6667,0.76693,0.04162
2030-02-17 09:00:00,6986.84829,0.13396,0.6667,0.79338,0.15872
2030-02-17 10:00:00,6986.84829,0.15027,0.6667,0.78443,0.15632
2030-02-17 11:00:00,6929.46629,0.187,0.6667,0.75831,0.17665
2030-02-17 12:00:00,6872.08428,0.22064,0.6667,0.73389,0.21089
2030-02-17 13:00:00,6814.70228,0.22306,0.6667,0.72659,0.15299
2030-02-17 14:00:00,6757.32027,0.18957,0.6667,0.739,0.11956
2030-02-17 15:00:00,6814.70228,0.25174,0.6667,0.71086,0.09735
2030-02-17 16:00:00,7101.61231,0.24044,0.6667,0.7469,0.04329
2030-02-17 17:00:00,7445.90434,0.1522,0.83338,0.83111,0.02673
2030-02-17 18:00:00,7445.90434,0.20614,0.83338,0.80152,0.0
2030-02-17 19:00:00,7216.37632,0.21356,0.83338,0.77358,0.0
2030-02-17 20:00:00,6929.46629,0.24796,0.83338,0.72487,0.0
2030-02-17 21:00:00,6642.55626,0.23032,0.6667,0.70471,0.0
2030-02-17 22:00:00,6355.64623,0.17739,0.6667,0.70391,0.0
2030-02-17 23:00:00,6068.7362,0.1419,0.6667,0.69354,0.0
2030-02-18 00:00:00,6382.30522,0.11326,0.66584,0.74186,0.0
2030-02-18 01:00:00,6187.53016,0.09514,0.66584,0.73155,0.0
2030-02-18 02:00:00,6057.68011,0.05889,0.66584,0.73793,0.0
2030-02-18 03:00:00,5992.75509,0.05003,0.66584,0.73603,0.0
2030-02-18 04:00:00,5992.75509,0.03043,0.66584,0.74679,0.0
2030-02-18 05:00:00,6122.60514,0.0309,0.66584,0.76004,0.0
2030-02-18 06:00:00,6512.15526,0.03289,0.66584,0.79946,0.0
2030-02-18 07:00:00,7096.48044,0.02503,0.66584,0.86454,0.0
2030-02-18 08:00:00,7550.95558,0.01202,0.66584,0.91894,0.01822
2030-02-18 09:00:00,7680.80562,0.0098,0.66584,0.93366,0.07999
2030-02-18 10:00:00,7680.80562,0.00507,0.66584,0.93626,0.10749
2030-02-18 11:00:00,7615.8806,0.002,0.66584,0.93119,0.10941
2030-02-18 12:00:00,7550.95558,0.00253,0.66584,0.92415,0.09502
2030-02-18 13:00:00,7486.03056,0.00305,0.66584,0.91711,0.0938
2030-02-18 14:00:00,7421.10554,0.0045,0.66584,0.90956,0.09264
2030-02-18 15:00:00,7486.03056,0.00292,0.66584,0.91718,0.06705
2030-02-18 16:00:00,7810.65567,0.00213,0.66584,0.95137,0.06721
2030-02-18 17:00:00,8200.20579,0.00371,0.83229,0.99102,0.04635
2030-02-18 18:00:00,8200.20579,0.00755,0.83229,0.98891,0.0
2030-02-18 19:00:00,7940.50571,0.00596,0.83229,0.96278,0.0
2030-02-18 20:00:00,7615.8806,0.00553,0.83229,0.92925,0.0
2030-02-18 21:00:00,7291.2555,0.01201,0.66584,0.89194,0.0
2030-02-18 22:00:00,6966.6304,0.01338,0.66584,0.85742,0.0
2030-02-18 23:00:00,6642.0053,0.01839,0.66584,0.82092,0.0
2030-02-19 00:00:00,6384.26308,0.01871,0.66495,0.79394,0.0
2030-02-19 01:00:00,6189.40644,0.03667,0.66495,0.76382,0.0
2030-02-19 02:00:00,6059.50201,0.04146,0.66495,0.74768,0.0
2030-02-19 03:00:00,5994.5498,0.02942,0.66495,0.74753,0.0
2030-02-19 04:00:00,5994.5498,0.0337,0.66495,0.74518,0.0
2030-02-19 05:00:00,6124.45423,0.01974,0.66495,0.76635,0.0
2030-02-19 06:00:00,6514.16751,0.01313,0.66495,0.8105,0.0
2030-02-19 07:00:00,7098.73742,0.01324,0.66495,0.87124,0.0
2030-02-19 08:00:00,7553.40291,0.02291,0.66495,0.91322,0.01593
2030-02-19 09:00:00,7683.30734,0.03069,0.66495,0.92246,0.08659
2030-02-19 10:00:00,7683.30734,0.0209,0.66495,0.92783,0.06384
2030-02-19 11:00:00,7618.35513,0.06963,0.66495,0.89434,0.06791
2030-02-19 12:00:00,7553.40291,0.06141,0.66495,0.8921,0.15084
2030-02-19 13:00:00,7488.4507,0.07087,0.66495,0.88016,0.17131
2030-02-19 14:00:00,7423.49849,0.10817,0.66495,0.85294,0.12822
2030-02-19 15:00:00,7488.4507,0.07679,0.66495,0.87691,0.08743
2030-02-19 16:00:00,7813.21176,0.06738,0.66495,0.91585,0.07205
2030-02-19 17:00:00,8202.92504,0.11578,0.83118,0.92982,0.04194
2030-02-19 18:00:00,8202.92504,0.13235,0.83118,0.92073,0.0
2030-02-19 19:00:00,7943.11619,0.09629,0.83118,0.91349,0.0
2030-02-19 20:00:00,7618.35513,0.1252,0.83118,0.86386,0.0
2030-02-19 21:00:00,7293.59406,0.08661,0.66495,0.85125,0.0
2030-02-19 22:00:00,6968.833,0.09781,0.66495,0.81133,0.0
2030-02-19 23:00:00,6644.07193,0.09835,0.66495,0.77727,0.0
2030-02-20 00:00:00,6397.64931,0.09704,0.66403,0.75235,0.0
2030-02-20 01:00:00,6202.23492,0.19657,0.66403,0.67743,0.0
2030-02-20 02:00:00,6071.95865,0.23502,0.66403,0.64279,0.0
2030-02-20 03:00:00,6006.82052,0.20562,0.66403,0.65214,0.0
2030-02-20 04:00:00,6006.82052,0.24998,0.66403,0.6278,0.0
2030-02-20 05:00:00,6137.09678,0.18748,0.66403,0.67564,0.0
2030-02-20 06:00:00,6527.92558,0.26568,0.66403,0.67339,0.0
2030-02-20 07:00:00,7114.16878,0.23823,0.66403,0.74942,0.0
2030-02-20 08:00:00,7570.13571,0.31295,0.66403,0.75584,0.0127
2030-02-20 09:00:00,7700.41197,0.20559,0.66403,0.82829,0.04698
2030-02-20 10:00:00,7700.41197,0.24003,0.66403,0.8094,0.07654
2030-02-20 11:00:00,7635.27384,0.16611,0.66403,0.84317,0.10968
2030-02-20 12:00:00,7570.13571,0.23416,0.66403,0.79907,0.12654
2030-02-20 13:00:00,7504.99757,0.22819,0.66403,0.79557,0.12336
2030-02-20 14:00:00,7439.85944,0.23124,0.66403,0.78712,0.18827
2030-02-20 15:00:00,7504.99757,0.20971,0.66403,0.80571,0.13633
2030-02-20 16:00:00,7830.68824,0.15406,0.66403,0.87011,0.16121
2030-02-20 17:00:00,8221.51704,0.14757,0.83004,0.91432,0.06678
2030-02-20 18:00:00,8221.51704,0.16027,0.83004,0.90735,0.0
2030-02-20 19:00:00,7960.9645,0.17352,0.83004,0.87298,0.0
2030-02-20 20:00:00,7635.27384,0.23782,0.83004,0.80383,0.0
2030-02-20 21:00:00,7309.58317,0.20278,0.66403,0.78919,0.0
2030-02-20 22:00:00,6983.89251,0.19462,0.66403,0.75979,0.0
2030-02-20 23:00:00,6658.20185,0.16325,0.66403,0.74313,0.0
2030-02-21 00:00:00,6405.23193,0.12671,0.6631,0.73687,0.0
2030-02-21 01:00:00,6209.50159,0.06191,0.6631,0.75206,0.0
2030-02-21 02:00:00,6079.0147,0.06101,0.6631,0.73898,0.0
2030-02-21 03:00:00,6013.77125,0.04778,0.6631,0.73945,0.0
2030-02-21 04:00:00,6013.77125,0.07274,0.6631,0.72576,0.0
2030-02-21 05:00:00,6144.25815,0.10423,0.6631,0.72206,0.0
2030-02-21 06:00:00,6535.71883,0.05502,0.6631,0.78976,0.0
2030-02-21 07:00:00,7122.90985,0.05458,0.6631,0.85108,0.0
2030-02-21 08:00:00,7579.61398,0.05716,0.6631,0.89715,0.01777
2030-02-21 09:00:00,7710.10087,0.10478,0.6631,0.8846,0.08303
2030-02-21 10:00:00,7710.10087,0.04981,0.6631,0.91476,0.1381
2030-02-21 11:00:00,7644.85743,0.08466,0.6631,0.88886,0.1819
2030-02-21 12:00:00,7579.61398,0.08143,0.6631,0.88384,0.31228
2030-02-21 13:00:00,7514.37053,0.07072,0.6631,0.88293,0.18418
2030-02-21 14:00:00,7449.12709,0.09498,0.6631,0.86284,0.18934
2030-02-21 15:00:00,7514.37053,0.16988,0.6631,0.82853,0.16095
2030-02-21 16:00:00,7840.58777,0.16371,0.6631,0.86584,0.10324
2030-02-21 17:00:00,8232.04845,0.17968,0.82887,0.8978,0.07841
2030-02-21 18:00:00,8232.04845,0.19004,0.82887,0.89211,0.0
2030-02-21 19:00:00,7971.07466,0.22178,0.82887,0.84756,0.0
2030-02-21 20:00:00,7644.85743,0.28922,0.82887,0.77663,0.0
2030-02-21 21:00:00,7318.64019,0.32811,0.6631,0.72137,0.0
2030-02-21 22:00:00,6992.42296,0.38069,0.6631,0.6586,0.0
2030-02-21 23:00:00,6666.20572,0.44967,0.6631,0.58683,0.0
2030-02-22 00:00:00,6469.37595,0.5833,0.66214,0.49305,0.0
2030-02-22 01:00:00,6270.97294,0.58257,0.66214,0.47282,0.0
2030-02-22 02:00:00,6138.70427,0.52389,0.66214,0.49126,0.0
2030-02-22 03:00:00,6072.56993,0.57043,0.66214,0.45885,0.0
2030-02-22 04:00:00,6072.56993,0.58271,0.66214,0.45211,0.0
2030-02-22 05:00:00,6204.8386,0.58697,0.66214,0.46353,0.0
2030-02-22 06:00:00,6601.64462,0.54383,0.66214,0.52846,0.0
2030-02-22 07:00:00,7196.85364,0.51805,0.66214,0.6045,0.0
2030-02-22 08:00:00,7659.794,0.59698,0.66214,0.60935,0.0406
2030-02-22 09:00:00,7792.06267,0.61009,0.66214,0.61591,0.13146
2030-02-22 10:00:00,7792.06267,0.70153,0.66214,0.56575,0.24261
2030-02-22 11:00:00,7725.92833,0.69424,0.66214,0.56287,0.26537
2030-02-22 12:00:00,7659.794,0.64007,0.66214,0.58571,0.2936
2030-02-22 13:00:00,7593.65966,0.66355,0.66214,0.56595,0.32402
2030-02-22 14:00:00,7527.52532,0.7219,0.66214,0.52706,0.25249
2030-02-22 15:00:00,7593.65966,0.68779,0.66214,0.55265,0.26047
2030-02-22 16:00:00,7924.33134,0.64488,0.66214,0.61058,0.10972
2030-02-22 17:00:00,8321.13736,0.59108,0.82768,0.68136,0.05845
2030-02-22 18:00:00,8321.13736,0.53394,0.82768,0.71271,0.0
2030-02-22 19:00:00,8056.60001,0.55523,0.82768,0.67352,0.0
2030-02-22 20:00:00,7725.92833,0.53942,0.82768,0.6478,0.0
2030-02-22 21:00:00,7395.25665,0.52117,0.66214,0.62343,0.0
2030-02-22 22:00:00,7064.58497,0.43597,0.66214,0.63578,0.0
2030-02-22 23:00:00,6733.91329,0.4255,0.66214,0.60713,0.0
2030-02-23 00:00:00,5791.05223,0.39787,0.66116,0.52423,0.0
2030-02-23 01:00:00,5620.91271,0.38273,0.66116,0.51485,0.0
2030-02-23 02:00:00,5507.48636,0.29074,0.66116,0.55352,0.0
2030-02-23 03:00:00,5450.77319,0.29955,0.66116,0.54278,0.0
2030-02-23 04:00:00,5450.77319,0.27677,0.66116,0.55528,0.0
2030-02-23 05:00:00,5564.19953,0.31359,0.66116,0.54688,0.0
2030-02-23 06:00:00,5904.47858,0.34938,0.66116,0.56263,0.0
2030-02-23 07:00:00,6414.89714,0.23318,0.66116,0.67946,0.0
2030-02-23 08:00:00,6811.88935,0.29048,0.66116,0.68932,0.02795
2030-02-23 09:00:00,6925.3157,0.2618,0.66116,0.71684,0.07945
2030-02-23 10:00:00,6925.3157,0.25008,0.66116,0.72327,0.07787
2030-02-23 11:00:00,6868.60252,0.28512,0.66116,0.69815,0.13493
2030-02-23 12:00:00,6811.88935,0.25607,0.66116,0.70819,0.26759
2030-02-23 13:00:00,6755.17618,0.20215,0.66116,0.73187,0.31142
2030-02-23 14:00:00,6698.463,0.18765,0.66116,0.73393,0.28547
2030-02-23 15:00:00,6755.17618,0.2041,0.66116,0.7308,0.18266
2030-02-23 16:00:00,7038.74204,0.25199,0.66116,0.73402,0.20506
2030-02-23 17:00:00,7379.02108,0.25022,0.82646,0.77038,0.1168
2030-02-23 18:00:00,7379.02108,0.20135,0.82646,0.79719,0.0
2030-02-23 19:00:00,7152.16839,0.26255,0.82646,0.74002,0.0
2030-02-23 20:00:00,6868.60252,0.24533,0.82646,0.71998,0.0
2030-02-23 21:00:00,6585.03666,0.20456,0.66116,0.71286,0.0
2030-02-23 22:00:00,6301.47079,0.11249,0.66116,0.73388,0.0
2030-02-23 23:00:00,6017.90492,0.14317,0.66116,0.68755,0.0
2030-02-24 00:00:00,5652.76005,0.13445,0.66016,0.65436,0.0
2030-02-24 01:00:00,5488.38271,0.14017,0.66016,0.63413,0.0
2030-02-24 02:00:00,5378.79781,0.12219,0.66016,0.6326,0.0
2030-02-24 03:00:00,5324.00536,0.10512,0.66016,0.63627,0.0
2030-02-24 04:00:00,5324.00536,0.0842,0.66016,0.64774,0.0
2030-02-24 05:00:00,5433.59026,0.06782,0.66016,0.66812,0.0
2030-02-24 06:00:00,5762.34495,0.0372,0.66016,0.71911,0.0
2030-02-24 07:00:00,6255.47699,0.04555,0.66016,0.76582,0.0
2030-02-24 08:00:00,6639.02413,0.0276,0.66016,0.81555,0.03643
2030-02-24 09:00:00,6748.60903,0.03904,0.66016,0.82067,0.07344
2030-02-24 10:00:00,6748.60903,0.05312,0.66016,0.81295,0.09461
2030-02-24 11:00:00,6693.81658,0.0622,0.66016,0.80227,0.13657
2030-02-24 12:00:00,6639.02413,0.12311,0.66016,0.76315,0.16995
2030-02-24 13:00:00,6584.23168,0.20385,0.66016,0.71317,0.34586
2030-02-24 14:00:00,6529.43923,0.20579,0.66016,0.7064,0.32597
2030-02-24 15:00:00,6584.23168,0.10886,0.66016,0.76527,0.25789
2030-02-24 16:00:00,6858.19393,0.09121,0.66016,0.80345,0.10809
2030-02-24 17:00:00,7186.94862,0.19296,0.82521,0.78182,0.06371
2030-02-24 18:00:00,7186.94862,0.27523,0.82521,0.73669,3e-05
2030-02-24 19:00:00,6967.77882,0.16557,0.82521,0.77405,0.0
2030-02-24 20:00:00,6693.81658,0.14904,0.82521,0.75463,0.0
2030-02-24 21:00:00,6419.85434,0.09004,0.66016,0.75851,0.0
2030-02-24 22:00:00,6145.89209,0.12969,0.66016,0.70826,0.0
2030-02-24 23:00:00,5871.92985,0.35346,0.66016,0.55701,0.0
2030-02-25 00:00:00,6407.96176,0.24571,0.65914,0.67187,0.0
2030-02-25 01:00:00,6212.11768,0.13841,0.65914,0.71037,0.0
2030-02-25 02:00:00,6081.55495,0.09912,0.65914,0.71834,0.0
2030-02-25 03:00:00,6016.27359,0.05464,0.65914,0.73596,0.0
2030-02-25 04:00:00,6016.27359,0.05637,0.65914,0.73501,0.0
2030-02-25 05:00:00,6146.83631,0.06365,0.65914,0.74459,0.0
2030-02-25 06:00:00,6538.52448,0.05886,0.65914,0.78795,0.0
2030-02-25 07:00:00,7126.05673,0.03915,0.65914,0.85987,0.0
2030-02-25 08:00:00,7583.02626,0.05816,0.65914,0.89696,0.04267
2030-02-25 09:00:00,7713.58898,0.1001,0.65914,0.88753,0.07472
2030-02-25 10:00:00,7713.58898,0.08318,0.65914,0.89681,0.1979
2030-02-25 11:00:00,7648.30762,0.06862,0.65914,0.89801,0.2732
2030-02-25 12:00:00,7583.02626,0.09213,0.65914,0.87833,0.23337
2030-02-25 13:00:00,7517.7449,0.09063,0.65914,0.87236,0.12068
2030-02-25 14:00:00,7452.46354,0.13663,0.65914,0.84034,0.11303
2030-02-25 15:00:00,7517.7449,0.18535,0.65914,0.8204,0.13855
2030-02-25 16:00:00,7844.15171,0.1476,0.65914,0.87505,0.11863
2030-02-25 17:00:00,8235.83987,0.13425,0.82393,0.92311,0.0604
2030-02-25 18:00:00,8235.83987,0.14697,0.82393,0.91613,0.00011
2030-02-25 19:00:00,7974.71443,0.11015,0.82393,0.90917,0.0
2030-02-25 20:00:00,7648.30762,0.11865,0.82393,0.87057,0.0
2030-02-25 21:00:00,7321.90082,0.15159,0.65914,0.81855,0.0
2030-02-25 22:00:00,6995.49401,0.22957,0.65914,0.74182,0.0
2030-02-25 23:00:00,6669.0872,0.17501,0.65914,0.73781,0.0
2030-02-26 00:00:00,6342.98896,0.28716,0.6581,0.64237,0.0
2030-02-26 01:00:00,6149.85207,0.39303,0.6581,0.5642,0.0
2030-02-26 02:00:00,6021.09415,0.34169,0.6581,0.57898,0.0
2030-02-26 03:00:00,5956.71519,0.24544,0.6581,0.62508,0.0
2030-02-26 04:00:00,5956.71519,0.57279,0.6581,0.4455,0.0
2030-02-26 05:00:00,6085.47311,0.58942,0.6581,0.44977,0.0
2030-02-26 06:00:00,6471.74688,0.54281,0.6581,0.51551,0.0
2030-02-26 07:00:00,7051.15753,0.59925,0.6581,0.5448,0.0
2030-02-26 08:00:00,7501.81026,0.50574,0.6581,0.64297,0.10173
2030-02-26 09:00:00,7630.56818,0.52708,0.6581,0.64466,0.26029
2030-02-26 10:00:00,7630.56818,0.57186,0.6581,0.62009,0.32985
2030-02-26 11:00:00,7566.18922,0.48354,0.6581,0.66185,0.26225
2030-02-26 12:00:00,7501.81026,0.4389,0.6581,0.67964,0.23924
2030-02-26 13:00:00,7437.4313,0.38328,0.6581,0.70346,0.31581
2030-02-26 14:00:00,7373.05234,0.35678,0.6581,0.7113,0.2906
2030-02-26 15:00:00,7437.4313,0.27552,0.6581,0.76258,0.22772
2030-02-26 16:00:00,7759.32611,0.21232,0.6581,0.83073,0.131
2030-02-26 17:00:00,8145.59987,0.21044,0.82263,0.87193,0.053
2030-02-26 18:00:00,8145.59987,0.22584,0.82263,0.86348,0.00015
2030-02-26 19:00:00,7888.08403,0.20915,0.82263,0.84585,0.0
2030-02-26 20:00:00,7566.18922,0.342,0.82263,0.7395,0.0
2030-02-26 21:00:00,7244.29442,0.37565,0.6581,0.68756,0.0
2030-02-26 22:00:00,6922.39961,0.41701,0.6581,0.63139,0.0
2030-02-26 23:00:00,6600.5048,0.4123,0.6581,0.6005,0.0
2030-02-27 00:00:00,6269.9204,0.50971,0.65704,0.51268,0.0
2030-02-27 01:00:00,6079.82804,0.46095,0.65704,0.51966,0.0
2030-02-27 02:00:00,5953.0998,0.39477,0.65704,0.54279,0.0
2030-02-27 03:00:00,5889.73568,0.2538,0.65704,0.61354,0.0
2030-02-27 04:00:00,5889.73568,0.27704,0.65704,0.60078,0.0
2030-02-27 05:00:00,6016.46392,0.19502,0.65704,0.65896,0.0
2030-02-27 06:00:00,6396.64864,0.40193,0.65704,0.58499,0.0
2030-02-27 07:00:00,6966.92572,0.39881,0.65704,0.64601,0.0
2030-02-27 08:00:00,7410.47456,0.52708,0.65704,0.62177,0.04272
2030-02-27 09:00:00,7537.2028,0.49693,0.65704,0.65148,0.08901
2030-02-27 10:00:00,7537.2028,0.53147,0.65704,0.63254,0.11132
2030-02-27 11:00:00,7473.83868,0.42707,0.65704,0.68322,0.12979
2030-02-27 12:00:00,7410.47456,0.43859,0.65704,0.67031,0.17413
2030-02-27 13:00:00,7347.11044,0.50184,0.65704,0.62903,0.12225
2030-02-27 14:00:00,7283.74632,0.39389,0.65704,0.68166,0.07842
2030-02-27 15:00:00,7347.11044,0.44021,0.65704,0.66284,0.04923
2030-02-27 16:00:00,7663.93104,0.4428,0.65704,0.69436,0.02669
2030-02-27 17:00:00,8044.11576,0.48387,0.8213,0.71137,0.01792
2030-02-27 18:00:00,8044.11576,0.558,0.8213,0.6707,0.00028
2030-02-27 19:00:00,7790.65928,0.6502,0.8213,0.59376,0.0
2030-02-27 20:00:00,7473.83868,0.62852,0.8213,0.57271,0.0
2030-02-27 21:00:00,7157.01808,0.67606,0.65704,0.51368,0.0
2030-02-27 22:00:00,6840.19748,0.71526,0.65704,0.45922,0.0
2030-02-27 23:00:00,6523.37688,0.73241,0.65704,0.41687,0.0
2030-02-28 00:00:00,6272.39447,0.70715,0.65596,0.40462,0.0
2030-02-28 01:00:00,6082.19903,0.58098,0.65596,0.45406,0.0
2030-02-28 02:00:00,5955.40206,0.58784,0.65596,0.43711,0.0
2030-02-28 03:00:00,5892.00358,0.73972,0.65596,0.3472,0.0
2030-02-28 04:00:00,5892.00358,0.79683,0.65596,0.31586,0.0
2030-02-28 05:00:00,6018.80054,0.84886,0.65596,0.30051,0.0
2030-02-28 06:00:00,6399.19144,0.86373,0.65596,0.33191,0.0
2030-02-28 07:00:00,6969.77778,0.84697,0.65596,0.40044,0.0
2030-02-28 08:00:00,7413.56716,0.82332,0.65596,0.45957,0.04507
2030-02-28 09:00:00,7540.36412,0.82258,0.65596,0.47316,0.20144
2030-02-28 10:00:00,7540.36412,0.84476,0.65596,0.46099,0.33956
2030-02-28 11:00:00,7476.96564,0.84358,0.65596,0.45505,0.35472
2030-02-28 12:00:00,7413.56716,0.85417,0.65596,0.44265,0.48838
2030-02-28 13:00:00,7350.16867,0.761,0.65596,0.48717,0.45771
2030-02-28 14:00:00,7286.77019,0.65197,0.65596,0.54039,0.33084
2030-02-28 15:00:00,7350.16867,0.58399,0.65596,0.58427,0.36868
2030-02-28 16:00:00,7667.16109,0.53855,0.65596,0.64217,0.31383
2030-02-28 17:00:00,8047.55198,0.54592,0.81995,0.67769,0.13797
2030-02-28 18:00:00,8047.55198,0.65604,0.81995,0.61728,0.00268
2030-02-28 19:00:00,7793.95805,0.7492,0.81995,0.53979,0.0
2030-02-28 20:00:00,7476.96564,0.70482,0.81995,0.53117,0.0
2030-02-28 21:00:00,7159.97323,0.72536,0.65596,0.48694,0.0
2030-02-28 22:00:00,6842.98081,0.68804,0.65596,0.47444,0.0
2030-02-28 23:00:00,6525.9884,0.74962,0.65596,0.4077,0.0
2030-03-01 00:00:00,6287.61501,0.76109,0.65485,0.37661,0.0
2030-03-01 01:00:00,6096.78537,0.73712,0.65485,0.36991,0.0
2030-03-01 02:00:00,5969.56561,0.79617,0.65485,0.32429,0.0
2030-03-01 03:00:00,5905.95573,0.7842,0.65485,0.32424,0.0
2030-03-01 04:00:00,5905.95573,0.77778,0.65485,0.32776,0.0
2030-03-01 05:00:00,6033.17549,0.73346,0.65485,0.36531,0.0
2030-03-01 06:00:00,6414.83476,0.66485,0.65485,0.44264,0.0
2030-03-01 07:00:00,6987.32367,0.7456,0.65485,0.45788,0.0
2030-03-01 08:00:00,7432.59282,0.75295,0.65485,0.50016,0.03312
2030-03-01 09:00:00,7559.81258,0.77621,0.65485,0.50062,0.06586
2030-03-01 10:00:00,7559.81258,0.81032,0.65485,0.48191,0.13547
2030-03-01 11:00:00,7496.2027,0.81945,0.65485,0.47029,0.15054
2030-03-01 12:00:00,7432.59282,0.85631,0.65485,0.44345,0.18002
2030-03-01 13:00:00,7368.98294,0.85886,0.65485,0.43544,0.23731
2030-03-01 14:00:00,7305.37306,0.86674,0.65485,0.4245,0.247
2030-03-01 15:00:00,7368.98294,0.88431,0.65485,0.42148,0.155
2030-03-01 16:00:00,7687.03233,0.88973,0.65485,0.45158,0.10034
2030-03-01 17:00:00,8068.69161,0.89257,0.81857,0.48971,0.07209
2030-03-01 18:00:00,8068.69161,0.89787,0.81857,0.48681,0.00122
2030-03-01 19:00:00,7814.25209,0.89829,0.81857,0.46011,0.0
2030-03-01 20:00:00,7496.2027,0.89562,0.81857,0.4285,0.0
2030-03-01 21:00:00,7178.15331,0.89465,0.65485,0.39596,0.0
2030-03-01 22:00:00,6860.10391,0.89475,0.65485,0.36282,0.0
2030-03-01 23:00:00,6542.05452,0.8984,0.65485,0.32775,0.0
2030-03-02 00:00:00,5631.05763,0.89234,0.65373,0.23633,0.0
2030-03-02 01:00:00,5467.58455,0.87518,0.65373,0.22874,0.0
2030-03-02 02:00:00,5358.6025,0.88202,0.65373,0.21365,0.0
2030-03-02 03:00:00,5304.11147,0.89254,0.65373,0.20221,0.0
2030-03-02 04:00:00,5304.11147,0.89153,0.65373,0.20277,0.0
2030-03-02 05:00:00,5413.09353,0.89428,0.65373,0.2126,0.0
2030-03-02 06:00:00,5740.03968,0.8898,0.65373,0.24905,0.0
2030-03-02 07:00:00,6230.45892,0.88363,0.65373,0.30344,0.0
2030-03-02 08:00:00,6611.8961,0.88733,0.65373,0.34108,0.0607
2030-03-02 09:00:00,6720.87816,0.87583,0.65373,0.35873,0.13293
2030-03-02 10:00:00,6720.87816,0.88024,0.65373,0.35631,0.157
2030-03-02 11:00:00,6666.38713,0.86414,0.65373,0.35947,0.29299
2030-03-02 12:00:00,6611.8961,0.86567,0.65373,0.35297,0.37931
2030-03-02 13:00:00,6557.40508,0.86506,0.65373,0.34763,0.27497
2030-03-02 14:00:00,6502.91405,0.85017,0.65373,0.35014,0.34772
2030-03-02 15:00:00,6557.40508,0.86128,0.65373,0.34971,0.29025
2030-03-02 16:00:00,6829.86021,0.86191,0.65373,0.37769,0.23756
2030-03-02 17:00:00,7156.80636,0.87093,0.81717,0.40675,0.09818
2030-03-02 18:00:00,7156.80636,0.86756,0.81717,0.4086,0.0154
2030-03-02 19:00:00,6938.84226,0.84997,0.81717,0.39558,0.0
2030-03-02 20:00:00,6666.38713,0.87983,0.81717,0.35086,0.0
2030-03-02 21:00:00,6393.932,0.88509,0.65373,0.31964,0.0
2030-03-02 22:00:00,6121.47687,0.87857,0.65373,0.29489,0.0
2030-03-02 23:00:00,5849.02174,0.83173,0.65373,0.29225,0.0
2030-03-03 00:00:00,5653.29724,0.85881,0.65259,0.25704,0.0
2030-03-03 01:00:00,5488.89752,0.83005,0.65259,0.25572,0.0
2030-03-03 02:00:00,5379.2977,0.84721,0.65259,0.2349,0.0
2030-03-03 03:00:00,5324.49779,0.7808,0.65259,0.26563,0.0
2030-03-03 04:00:00,5324.49779,0.65316,0.65259,0.33566,0.0
2030-03-03 05:00:00,5434.09761,0.63403,0.65259,0.35756,0.0
2030-03-03 06:00:00,5762.89706,0.65186,0.65259,0.38197,0.0
2030-03-03 07:00:00,6256.09625,0.63444,0.65259,0.44282,0.0
2030-03-03 08:00:00,6639.69562,0.66526,0.65259,0.4658,0.0653
2030-03-03 09:00:00,6749.29544,0.59599,0.65259,0.5152,0.13768
2030-03-03 10:00:00,6749.29544,0.6884,0.65259,0.46451,0.175
2030-03-03 11:00:00,6694.49553,0.73585,0.65259,0.43277,0.25533
2030-03-03 12:00:00,6639.69562,0.69123,0.65259,0.45156,0.11805
2030-03-03 13:00:00,6584.89571,0.64808,0.65259,0.46953,0.14519
2030-03-03 14:00:00,6530.0958,0.80598,0.65259,0.37721,0.17233
2030-03-03 15:00:00,6584.89571,0.84537,0.65259,0.36129,0.14554
2030-03-03 16:00:00,6858.89526,0.85705,0.65259,0.38338,0.1483
2030-03-03 17:00:00,7187.69472,0.83635,0.81574,0.42893,0.09247
2030-03-03 18:00:00,7187.69472,0.84867,0.81574,0.42217,0.00591
2030-03-03 19:00:00,6968.49508,0.86234,0.81574,0.39188,0.0
2030-03-03 20:00:00,6694.49553,0.87285,0.81574,0.35762,0.0
2030-03-03 21:00:00,6420.49598,0.87018,0.65259,0.33058,0.0
2030-03-03 22:00:00,6146.49643,0.82418,0.65259,0.32732,0.0
2030-03-03 23:00:00,5872.49688,0.7682,0.65259,0.32954,0.0
2030-03-04 00:00:00,6115.02956,0.76315,0.65143,0.35753,0.0
2030-03-04 01:00:00,5931.39098,0.65277,0.65143,0.39899,0.0
2030-03-04 02:00:00,5808.96526,0.65255,0.65143,0.38638,0.0
2030-03-04 03:00:00,5747.75241,0.62047,0.65143,0.39761,0.0
2030-03-04 04:00:00,5747.75241,0.6134,0.65143,0.40149,0.0
2030-03-04 05:00:00,5870.17812,0.71618,0.65143,0.35784,0.0
2030-03-04 06:00:00,6237.45527,0.67477,0.65143,0.41875,0.0
2030-03-04 07:00:00,6788.371,0.7198,0.65143,0.45134,0.0
2030-03-04 08:00:00,7216.86101,0.61683,0.65143,0.55239,0.04068
2030-03-04 09:00:00,7339.28673,0.59471,0.65143,0.57726,0.11298
2030-03-04 10:00:00,7339.28673,0.39224,0.65143,0.68834,0.13353
2030-03-04 11:00:00,7278.07387,0.56457,0.65143,0.58743,0.12797
2030-03-04 12:00:00,7216.86101,0.65451,0.65143,0.53172,0.12823
2030-03-04 13:00:00,7155.64815,0.79605,0.65143,0.44771,0.11877
2030-03-04 14:00:00,7094.43529,0.73658,0.65143,0.47397,0.17235
2030-03-04 15:00:00,7155.64815,0.74565,0.65143,0.47536,0.16605
2030-03-04 16:00:00,7461.71244,0.69516,0.65143,0.53488,0.11697
2030-03-04 17:00:00,7828.98959,0.70056,0.81429,0.57012,0.04316
2030-03-04 18:00:00,7828.98959,0.70418,0.81429,0.56813,0.00435
2030-03-04 19:00:00,7584.13816,0.75726,0.81429,0.51355,0.0
2030-03-04 20:00:00,7278.07387,0.73141,0.81429,0.4959,0.0
2030-03-04 21:00:00,6972.00957,0.71251,0.65143,0.47444,0.0
2030-03-04 22:00:00,6665.94528,0.73047,0.65143,0.43275,0.0
2030-03-04 23:00:00,6359.88099,0.65782,0.65143,0.44078,0.0
2030-03-05 00:00:00,5961.83533,0.60574,0.65025,0.42796,0.0
2030-03-05 01:00:00,5784.57985,0.68127,0.65025,0.36809,0.0
2030-03-05 02:00:00,5666.40953,0.7877,0.65025,0.29741,0.0
2030-03-05 03:00:00,5607.32437,0.71483,0.65025,0.33124,0.0
2030-03-05 04:00:00,5607.32437,0.69106,0.65025,0.34428,0.0
2030-03-05 05:00:00,5725.49469,0.69136,0.65025,0.35641,0.0
2030-03-05 06:00:00,6080.00565,0.72577,0.65025,0.3744,0.0
2030-03-05 07:00:00,6611.7721,0.79646,0.65025,0.39092,0.0
2030-03-05 08:00:00,7025.36823,0.75024,0.65025,0.45929,0.0293
2030-03-05 09:00:00,7143.53855,0.71292,0.65025,0.49205,0.06672
2030-03-05 10:00:00,7143.53855,0.76954,0.65025,0.46099,0.08835
2030-03-05 11:00:00,7084.45339,0.76344,0.65025,0.4582,0.12239
2030-03-05 12:00:00,7025.36823,0.68829,0.65025,0.49328,0.11861
2030-03-05 13:00:00,6966.28307,0.68287,0.65025,0.4901,0.1234
2030-03-05 14:00:00,6907.19791,0.64828,0.65025,0.50294,0.17666
2030-03-05 15:00:00,6966.28307,0.60508,0.65025,0.53278,0.20689
2030-03-05 16:00:00,7261.70887,0.61716,0.65025,0.55688,0.0873
2030-03-05 17:00:00,7616.21984,0.48927,0.81282,0.66391,0.06994
2030-03-05 18:00:00,7616.21984,0.53645,0.81282,0.63803,0.00728
2030-03-05 19:00:00,7379.87919,0.63121,0.81282,0.56146,0.0
2030-03-05 20:00:00,7084.45339,0.65533,0.81282,0.5175,0.0
2030-03-05 21:00:00,6789.02758,0.55912,0.65025,0.53956,0.0
2030-03-05 22:00:00,6493.60178,0.54881,0.65025,0.51449,0.0
2030-03-05 23:00:00,6198.17597,0.42889,0.65025,0.54956,0.0
2030-03-06 00:00:00,5971.39013,0.43498,0.64906,0.52263,0.0
2030-03-06 01:00:00,5793.73653,0.32106,0.64906,0.56665,0.0
2030-03-06 02:00:00,5675.3008,0.2538,0.64906,0.59123,0.0
2030-03-06 03:00:00,5616.08293,0.23456,0.64906,0.59563,0.0
2030-03-06 04:00:00,5616.08293,0.32584,0.64906,0.54555,0.0
2030-03-06 05:00:00,5734.51866,0.23386,0.64906,0.60833,0.0
2030-03-06 06:00:00,6089.82586,0.25996,0.64906,0.63097,0.0
2030-03-06 07:00:00,6622.78666,0.28913,0.64906,0.67039,0.0
2030-03-06 08:00:00,7037.31172,0.43677,0.64906,0.63251,0.0609
2030-03-06 09:00:00,7155.74746,0.41406,0.64906,0.65728,0.11328
2030-03-06 10:00:00,7155.74746,0.22581,0.64906,0.76056,0.19388
2030-03-06 11:00:00,7096.52959,0.32627,0.64906,0.69928,0.26894
2030-03-06 12:00:00,7037.31172,0.37891,0.64906,0.66425,0.33754
2030-03-06 13:00:00,6978.09386,0.32197,0.64906,0.68932,0.32839
2030-03-06 14:00:00,6918.87599,0.1572,0.64906,0.77356,0.3662
2030-03-06 15:00:00,6978.09386,0.2642,0.64906,0.72101,0.30357
2030-03-06 16:00:00,7274.18319,0.14959,0.64906,0.81468,0.25765
2030-03-06 17:00:00,7629.49039,0.13458,0.81132,0.85987,0.1265
2030-03-06 18:00:00,7629.49039,0.08114,0.81132,0.88919,0.03091
2030-03-06 19:00:00,7392.61892,0.1765,0.81132,0.81224,0.0
2030-03-06 20:00:00,7096.52959,0.17483,0.81132,0.78236,0.0
2030-03-06 21:00:00,6800.44026,0.20661,0.64906,0.73414,0.0
2030-03-06 22:00:00,6504.35093,0.21125,0.64906,0.7008,0.0
2030-03-06 23:00:00,6208.26159,0.24095,0.64906,0.65371,0.0
2030-03-07 00:00:00,6211.47635,0.3021,0.64784,0.6205,0.0
2030-03-07 01:00:00,6023.81916,0.35536,0.64784,0.57177,0.0
2030-03-07 02:00:00,5898.71436,0.34554,0.64784,0.56414,0.0
2030-03-07 03:00:00,5836.16196,0.32371,0.64784,0.56961,0.0
2030-03-07 04:00:00,5836.16196,0.28821,0.64784,0.58908,0.0
2030-03-07 05:00:00,5961.26676,0.19228,0.64784,0.65472,0.0
2030-03-07 06:00:00,6336.58114,0.24668,0.64784,0.66391,0.0
2030-03-07 07:00:00,6899.55272,0.31477,0.64784,0.68511,0.0
2030-03-07 08:00:00,7337.4195,0.30388,0.64784,0.73662,0.08138
2030-03-07 09:00:00,7462.52429,0.38506,0.64784,0.70509,0.14986
2030-03-07 10:00:00,7462.52429,0.47513,0.64784,0.65568,0.11387
2030-03-07 11:00:00,7399.9719,0.45951,0.64784,0.65774,0.19642
2030-03-07 12:00:00,7337.4195,0.44686,0.64784,0.65818,0.32274
2030-03-07 13:00:00,7274.8671,0.4205,0.64784,0.66613,0.22202
2030-03-07 14:00:00,7212.3147,0.42689,0.64784,0.65612,0.16003
2030-03-07 15:00:00,7274.8671,0.46975,0.64784,0.63911,0.12356
2030-03-07 16:00:00,7587.62909,0.34592,0.64784,0.73958,0.09874
2030-03-07 17:00:00,7962.94347,0.3976,0.8098,0.75025,0.053
2030-03-07 18:00:00,7962.94347,0.4642,0.8098,0.71372,0.00656
2030-03-07 19:00:00,7712.73388,0.43412,0.8098,0.7042,0.0
2030-03-07 20:00:00,7399.9719,0.4955,0.8098,0.638,0.0
2030-03-07 21:00:00,7087.20991,0.48519,0.64784,0.61113,0.0
2030-03-07 22:00:00,6774.44792,0.44289,0.64784,0.60181,0.0
2030-03-07 23:00:00,6461.68594,0.42317,0.64784,0.5801,0.0
2030-03-08 00:00:00,6212.57458,0.39846,0.64661,0.56775,0.0
2030-03-08 01:00:00,6024.87163,0.33169,0.64661,0.58486,0.0
2030-03-08 02:00:00,5899.73633,0.33609,0.64661,0.56943,0.0
2030-03-08 03:00:00,5837.16868,0.29438,0.64661,0.5858,0.0
2030-03-08 04:00:00,5837.16868,0.28806,0.64661,0.58927,0.0
2030-03-08 05:00:00,5962.30398,0.30922,0.64661,0.59068,0.0
2030-03-08 06:00:00,6337.70988,0.34593,0.64661,0.60958,0.0
2030-03-08 07:00:00,6900.81873,0.53576,0.64661,0.564,0.0
2030-03-08 08:00:00,7338.79229,0.51689,0.64661,0.6199,0.05251
2030-03-08 09:00:00,7463.92759,0.36836,0.64661,0.7144,0.14024
2030-03-08 10:00:00,7463.92759,0.38717,0.64661,0.70408,0.13319
2030-03-08 11:00:00,7401.35994,0.31561,0.64661,0.73683,0.17376
2030-03-08 12:00:00,7338.79229,0.24342,0.64661,0.76993,0.1841
2030-03-08 13:00:00,7276.22464,0.17353,0.64661,0.80176,0.21045
2030-03-08 14:00:00,7213.65698,0.18373,0.64661,0.78966,0.29086
2030-03-08 15:00:00,7276.22464,0.20671,0.64661,0.78356,0.28197
2030-03-08 16:00:00,7589.06289,0.20526,0.64661,0.81689,0.2235
2030-03-08 17:00:00,7964.46879,0.19356,0.80826,0.86235,0.09586
2030-03-08 18:00:00,7964.46879,0.29778,0.80826,0.80518,0.02976
2030-03-08 19:00:00,7714.19819,0.31272,0.80826,0.77095,0.0
2030-03-08 20:00:00,7401.35994,0.40971,0.80826,0.68521,0.0
2030-03-08 21:00:00,7088.52168,0.40998,0.64661,0.65253,0.0
2030-03-08 22:00:00,6775.68343,0.3292,0.64661,0.66431,0.0
2030-03-08 23:00:00,6462.84518,0.35026,0.64661,0.62022,0.0
2030-03-09 00:00:00,5515.64907,0.45485,0.64536,0.46433,0.0
2030-03-09 01:00:00,5356.98468,0.45719,0.64536,0.44655,0.0
2030-03-09 02:00:00,5251.20842,0.53006,0.64536,0.39557,0.0
2030-03-09 03:00:00,5198.32029,0.52105,0.64536,0.39501,0.0
2030-03-09 04:00:00,5198.32029,0.70866,0.64536,0.29209,0.0
2030-03-09 05:00:00,5304.09655,0.71582,0.64536,0.29916,0.0
2030-03-09 06:00:00,5621.42533,0.85963,0.64536,0.25327,0.0
2030-03-09 07:00:00,6097.41849,0.82492,0.64536,0.32181,0.0
2030-03-09 08:00:00,6467.6354,0.8896,0.64536,0.32484,0.09722
2030-03-09 09:00:00,6573.41166,0.89211,0.64536,0.33446,0.14787
2030-03-09 10:00:00,6573.41166,0.89057,0.64536,0.3353,0.14701
2030-03-09 11:00:00,6520.52353,0.88233,0.64536,0.33432,0.22842
2030-03-09 12:00:00,6467.6354,0.8656,0.64536,0.338,0.32046
2030-03-09 13:00:00,6414.74727,0.86196,0.64536,0.3345,0.38026
2030-03-09 14:00:00,6361.85914,0.85228,0.64536,0.33431,0.44268
2030-03-09 15:00:00,6414.74727,0.8008,0.64536,0.36805,0.38779
2030-03-09 16:00:00,6679.18791,0.79872,0.64536,0.39669,0.28304
2030-03-09 17:00:00,6996.51669,0.83209,0.8067,0.41139,0.18742
2030-03-09 18:00:00,6996.51669,0.8305,0.8067,0.41226,0.04296
2030-03-09 19:00:00,6784.96417,0.80284,0.8067,0.40543,0.0
2030-03-09 20:00:00,6520.52353,0.87967,0.8067,0.33578,0.0
2030-03-09 21:00:00,6256.08288,0.87877,0.64536,0.30877,0.0
2030-03-09 22:00:00,5991.64223,0.87171,0.64536,0.28515,0.0
2030-03-09 23:00:00,5727.20158,0.87939,0.64536,0.25343,0.0
2030-03-10 00:00:00,5537.28487,0.88005,0.64409,0.23332,0.0
2030-03-10 01:00:00,5377.71899,0.88613,0.64409,0.21339,0.0
2030-03-10 02:00:00,5271.34173,0.8773,0.64409,0.20717,0.0
2030-03-10 03:00:00,5218.15311,0.88972,0.64409,0.19482,0.0
2030-03-10 04:00:00,5218.15311,0.89447,0.64409,0.19222,0.0
2030-03-10 05:00:00,5324.53036,0.8957,0.64409,0.20261,0.0
2030-03-10 06:00:00,5643.66212,0.89156,0.64409,0.23807,0.0
2030-03-10 07:00:00,6122.35976,0.8912,0.64409,0.28805,2e-05
2030-03-10 08:00:00,6494.68015,0.89708,0.64409,0.32354,0.08189
2030-03-10 09:00:00,6601.0574,0.88024,0.64409,0.34384,0.16822
2030-03-10 10:00:00,6601.0574,0.8804,0.64409,0.34376,0.13947
2030-03-10 11:00:00,6547.86877,0.86361,0.64409,0.34744,0.26021
2030-03-10 12:00:00,6494.68015,0.85229,0.64409,0.34812,0.46731
2030-03-10 13:00:00,6441.49152,0.84694,0.64409,0.34552,0.48852
2030-03-10 14:00:00,6388.30289,0.84194,0.64409,0.34273,0.40475
2030-03-10 15:00:00,6441.49152,0.80729,0.64409,0.36727,0.3622
2030-03-10 16:00:00,6707.43465,0.82328,0.64409,0.38616,0.26849
2030-03-10 17:00:00,7026.56641,0.79477,0.80512,0.43499,0.19253
2030-03-10 18:00:00,7026.56641,0.76883,0.80512,0.44921,0.05615
2030-03-10 19:00:00,6813.81191,0.74251,0.80512,0.44153,0.0
2030-03-10 20:00:00,6547.86877,0.68477,0.80512,0.44555,0.0
2030-03-10 21:00:00,6281.92564,0.64473,0.64409,0.43986,0.0
2030-03-10 22:00:00,6015.98251,0.63417,0.64409,0.41799,0.0
2030-03-10 23:00:00,5750.03937,0.64997,0.64409,0.38167,0.0
2030-03-11 00:00:00,5958.46033,0.67587,0.64281,0.38913,0.0
2030-03-11 01:00:00,5781.34548,0.66029,0.64281,0.37926,0.0
2030-03-11 02:00:00,5663.2689,0.65015,0.64281,0.37255,0.0
2030-03-11 03:00:00,5604.23062,0.58479,0.64281,0.40226,0.0
2030-03-11 04:00:00,5604.23062,0.58218,0.64281,0.40369,0.0
2030-03-11 05:00:00,5722.30719,0.51691,0.64281,0.45178,0.0
2030-03-11 06:00:00,6076.5369,0.54463,0.64281,0.47341,0.0
2030-03-11 07:00:00,6607.88148,0.37208,0.64281,0.62333,0.00045
2030-03-11 08:00:00,7021.14948,0.34998,0.64281,0.67844,0.03461
2030-03-11 09:00:00,7139.22605,0.43143,0.64281,0.64603,0.06391
2030-03-11 10:00:00,7139.22605,0.52517,0.64281,0.5946,0.08718
2030-03-11 11:00:00,7080.18777,0.59332,0.64281,0.55108,0.10881
2030-03-11 12:00:00,7021.14948,0.49746,0.64281,0.59753,0.09545
2030-03-11 13:00:00,6962.11119,0.49088,0.64281,0.59499,0.10556
2030-03-11 14:00:00,6903.07291,0.53409,0.64281,0.56515,0.08295
2030-03-11 15:00:00,6962.11119,0.59826,0.64281,0.53609,0.08752
2030-03-11 16:00:00,7257.30262,0.60069,0.64281,0.56546,0.07079
2030-03-11 17:00:00,7611.53234,0.75171,0.80351,0.51944,0.03934
2030-03-11 18:00:00,7611.53234,0.79845,0.80351,0.4938,0.01026
2030-03-11 19:00:00,7375.3792,0.79974,0.80351,0.46854,0.0
2030-03-11 20:00:00,7080.18777,0.68187,0.80351,0.5025,0.0
2030-03-11 21:00:00,6784.99634,0.75186,0.64281,0.4334,0.0
2030-03-11 22:00:00,6489.80491,0.71695,0.64281,0.42186,0.0
2030-03-11 23:00:00,6194.61348,0.77966,0.64281,0.35675,0.0
2030-03-12 00:00:00,5982.41859,0.64738,0.64151,0.40725,0.0
2030-03-12 01:00:00,5804.30547,0.63054,0.64151,0.39797,0.0
2030-03-12 02:00:00,5685.56339,0.67157,0.64151,0.36311,0.0
2030-03-12 03:00:00,5626.19235,0.62793,0.64151,0.38088,0.0
2030-03-12 04:00:00,5626.19235,0.72205,0.64151,0.32924,0.0
2030-03-12 05:00:00,5744.93443,0.80359,0.64151,0.29686,0.0
2030-03-12 06:00:00,6101.16066,0.77919,0.64151,0.34729,0.0
2030-03-12 07:00:00,6635.50002,0.73406,0.64151,0.42762,0.00211
2030-03-12 08:00:00,7051.09729,0.65365,0.64151,0.51496,0.04664
2030-03-12 09:00:00,7169.83937,0.44457,0.64151,0.64201,0.07155
2030-03-12 10:00:00,7169.83937,0.41717,0.64151,0.65704,0.0808
2030-03-12 11:00:00,7110.46833,0.53857,0.64151,0.58426,0.08974
2030-03-12 12:00:00,7051.09729,0.40048,0.64151,0.65385,0.10464
2030-03-12 13:00:00,6991.72626,0.28321,0.64151,0.712,0.14147
2030-03-12 14:00:00,6932.35522,0.22765,0.64151,0.73631,0.08103
2030-03-12 15:00:00,6991.72626,0.1722,0.64151,0.77291,0.06258
2030-03-12 16:00:00,7288.58145,0.27782,0.64151,0.74584,0.07178
2030-03-12 17:00:00,7644.80769,0.29944,0.80189,0.77102,0.03972
2030-03-12 18:00:00,7644.80769,0.36116,0.80189,0.73716,0.01771
2030-03-12 19:00:00,7407.32353,0.32191,0.80189,0.734,0.0
2030-03-12 20:00:00,7110.46833,0.39728,0.80189,0.66178,0.0
2030-03-12 21:00:00,6813.61314,0.40056,0.64151,0.6291,0.0
2030-03-12 22:00:00,6516.75794,0.40839,0.64151,0.59394,0.0
2030-03-12 23:00:00,6219.90274,0.39849,0.64151,0.5685,0.0
2030-03-13 00:00:00,5881.24978,0.46439,0.6402,0.49712,0.0
2030-03-13 01:00:00,5707.35202,0.35014,0.6402,0.54172,0.0
2030-03-13 02:00:00,5591.42019,0.37405,0.6402,0.51654,0.0
2030-03-13 03:00:00,5533.45427,0.30066,0.6402,0.55077,0.0
2030-03-13 04:00:00,5533.45427,0.33104,0.6402,0.53411,0.0
2030-03-13 05:00:00,5649.38611,0.2838,0.6402,0.57208,0.0
2030-03-13 06:00:00,5997.18161,0.2295,0.6402,0.63804,0.0
2030-03-13 07:00:00,6518.87486,0.22857,0.6402,0.69281,0.01465
2030-03-13 08:00:00,6924.63628,0.22454,0.6402,0.73722,0.14103
2030-03-13 09:00:00,7040.56812,0.21551,0.6402,0.75423,0.19711
2030-03-13 10:00:00,7040.56812,0.23669,0.6402,0.7426,0.21557
2030-03-13 11:00:00,6982.6022,0.24249,0.6402,0.7334,0.29403
2030-03-13 12:00:00,6924.63628,0.18607,0.6402,0.75832,0.3393
2030-03-13 13:00:00,6866.67036,0.24488,0.6402,0.72003,0.38682
2030-03-13 14:00:00,6808.70445,0.23073,0.6402,0.72176,0.24677
2030-03-13 15:00:00,6866.67036,0.21057,0.6402,0.73885,0.22154
2030-03-13 16:00:00,7156.49995,0.10921,0.6402,0.8246,0.13233
2030-03-13 17:00:00,7504.29545,0.08248,0.80025,0.87543,0.07049
2030-03-13 18:00:00,7504.29545,0.06371,0.80025,0.88573,0.02251
2030-03-13 19:00:00,7272.43178,0.0534,0.80025,0.86727,0.0
2030-03-13 20:00:00,6982.6022,0.02817,0.80025,0.85097,0.0
2030-03-13 21:00:00,6692.77261,0.03822,0.6402,0.81532,0.0
2030-03-13 22:00:00,6402.94303,0.03007,0.6402,0.78964,0.0
2030-03-13 23:00:00,6113.11344,0.03681,0.6402,0.7558,0.0
2030-03-14 00:00:00,5782.83378,0.03777,0.63887,0.72093,0.0
2030-03-14 01:00:00,5613.03669,0.034,0.63887,0.70534,0.0
2030-03-14 02:00:00,5499.83864,0.02606,0.63887,0.69792,0.0
2030-03-14 03:00:00,5443.23961,0.04045,0.63887,0.68414,0.0
2030-03-14 04:00:00,5443.23961,0.05571,0.63887,0.67577,0.0
2030-03-14 05:00:00,5556.43766,0.06302,0.63887,0.68354,0.0
2030-03-14 06:00:00,5896.03183,0.11197,0.63887,0.69199,0.0
2030-03-14 07:00:00,6405.42309,0.11145,0.63887,0.74526,0.00312
2030-03-14 08:00:00,6801.61629,0.13765,0.63887,0.77209,0.0315
2030-03-14 09:00:00,6914.81434,0.14072,0.63887,0.78218,0.06013
2030-03-14 10:00:00,6914.81434,0.10118,0.63887,0.80387,0.08533
2030-03-14 11:00:00,6858.21531,0.09761,0.63887,0.79994,0.13889
2030-03-14 12:00:00,6801.61629,0.05769,0.63887,0.81596,0.17975
2030-03-14 13:00:00,6745.01726,0.06825,0.63887,0.80428,0.22975
2030-03-14 14:00:00,6688.41823,0.05272,0.63887,0.80691,0.27582
2030-03-14 15:00:00,6745.01726,0.07569,0.63887,0.80019,0.1502
2030-03-14 16:00:00,7028.0124,0.09673,0.63887,0.81808,0.10186
2030-03-14 17:00:00,7367.60657,0.09934,0.79859,0.85197,0.08347
2030-03-14 18:00:00,7367.60657,0.07999,0.79859,0.86258,0.01989
2030-03-14 19:00:00,7141.21045,0.10916,0.79859,0.82304,0.0
2030-03-14 20:00:00,6858.21531,0.09381,0.79859,0.80202,0.0
2030-03-14 21:00:00,6575.22017,0.09227,0.63887,0.77344,0.0
2030-03-14 22:00:00,6292.22503,0.11374,0.63887,0.73223,0.0
2030-03-14 23:00:00,6009.22989,0.09098,0.63887,0.71528,0.0
2030-03-15 00:00:00,5785.49474,0.18645,0.63753,0.63964,0.0
2030-03-15 01:00:00,5615.58678,0.16236,0.63753,0.63518,0.0
2030-03-15 02:00:00,5502.31481,0.14475,0.63753,0.63307,0.0
2030-03-15 03:00:00,5445.67882,0.10578,0.63753,0.64855,0.0
2030-03-15 04:00:00,5445.67882,0.14354,0.63753,0.62784,0.0
2030-03-15 05:00:00,5558.95079,0.15123,0.63753,0.6354,0.0
2030-03-15 06:00:00,5898.76671,0.23363,0.63753,0.62554,0.0
2030-03-15 07:00:00,6408.49058,0.2487,0.63753,0.67028,0.03069
2030-03-15 08:00:00,6804.94249,0.36729,0.63753,0.64646,0.15046
2030-03-15 09:00:00,6918.21446,0.45932,0.63753,0.60774,0.23709
2030-03-15 10:00:00,6918.21446,0.4586,0.63753,0.60814,0.23773
2030-03-15 11:00:00,6861.57847,0.3118,0.63753,0.68278,0.22919
2030-03-15 12:00:00,6804.94249,0.24027,0.63753,0.71614,0.24103
2030-03-15 13:00:00,6748.3065,0.24513,0.63753,0.70758,0.21002
2030-03-15 14:00:00,6691.67051,0.34006,0.63753,0.64961,0.23832
2030-03-15 15:00:00,6748.3065,0.29993,0.63753,0.67752,0.20959
2030-03-15 16:00:00,7031.48643,0.24322,0.63753,0.73808,0.19735
2030-03-15 17:00:00,7371.30235,0.35188,0.79691,0.71381,0.09993
2030-03-15 18:00:00,7371.30235,0.34584,0.79691,0.71712,0.0372
2030-03-15 19:00:00,7144.7584,0.42582,0.79691,0.64968,0.0
2030-03-15 20:00:00,6861.57847,0.45573,0.79691,0.60382,0.0
2030-03-15 21:00:00,6578.39854,0.34541,0.63753,0.6349,0.0
2030-03-15 22:00:00,6295.21861,0.41101,0.63753,0.56946,0.0
2030-03-15 23:00:00,6012.03868,0.284,0.63753,0.60968,0.0
2030-03-16 00:00:00,5412.33902,0.3717,0.63617,0.49921,0.0
2030-03-16 01:00:00,5257.97922,0.33551,0.63617,0.50301,0.0
2030-03-16 02:00:00,5155.07268,0.40123,0.63617,0.45625,0.0
2030-03-16 03:00:00,5103.61941,0.35423,0.63617,0.47668,0.0
2030-03-16 04:00:00,5103.61941,0.3935,0.63617,0.45514,0.0
2030-03-16 05:00:00,5206.52595,0.2286,0.63617,0.55631,0.0
2030-03-16 06:00:00,5515.24555,0.21226,0.63617,0.59738,0.0
2030-03-16 07:00:00,5978.32496,0.21641,0.63617,0.64326,0.01695
2030-03-16 08:00:00,6338.49784,0.17825,0.63617,0.70165,0.13391
2030-03-16 09:00:00,6441.40437,0.20374,0.63617,0.69837,0.27091
2030-03-16 10:00:00,6441.40437,0.32229,0.63617,0.63333,0.36391
2030-03-16 11:00:00,6389.9511,0.37961,0.63617,0.59654,0.28271
2030-03-16 12:00:00,6338.49784,0.47497,0.63617,0.53887,0.27758
2030-03-16 13:00:00,6287.04457,0.53444,0.63617,0.5009,0.27442
2030-03-16 14:00:00,6235.5913,0.49463,0.63617,0.51738,0.19249
2030-03-16 15:00:00,6287.04457,0.65596,0.63617,0.43423,0.21115
2030-03-16 16:00:00,6544.31091,0.66957,0.63617,0.45352,0.23001
2030-03-16 17:00:00,6853.03051,0.74112,0.79521,0.44637,0.1473
2030-03-16 18:00:00,6853.03051,0.62505,0.79521,0.51005,0.04102
2030-03-16 19:00:00,6647.21744,0.52991,0.79521,0.54084,0.0
2030-03-16 20:00:00,6389.9511,0.63465,0.79521,0.45662,0.0
2030-03-16 21:00:00,6132.68477,0.5999,0.63617,0.44893,0.0
2030-03-16 22:00:00,5875.41843,0.57825,0.63617,0.43405,0.0
2030-03-16 23:00:00,5618.15209,0.61985,0.63617,0.38448,0.0
2030-03-17 00:00:00,5475.421,0.57674,0.63479,0.39328,0.0
2030-03-17 01:00:00,5318.43278,0.49362,0.63479,0.42255,0.0
2030-03-17 02:00:00,5213.77396,0.4345,0.63479,0.4441,0.0
2030-03-17 03:00:00,5161.44456,0.44442,0.63479,0.43322,0.0
2030-03-17 04:00:00,5161.44456,0.48808,0.63479,0.40927,0.0
2030-03-17 05:00:00,5266.10337,0.48364,0.63479,0.42259,0.0
2030-03-17 06:00:00,5580.07981,0.45822,0.63479,0.46918,0.0
2030-03-17 07:00:00,6051.04446,0.44943,0.63479,0.52299,0.015
2030-03-17 08:00:00,6417.35031,0.39503,0.63479,0.59092,0.08031
2030-03-17 09:00:00,6522.00912,0.33478,0.63479,0.63486,0.13141
2030-03-17 10:00:00,6522.00912,0.32284,0.63479,0.64142,0.16448
2030-03-17 11:00:00,6469.67971,0.40408,0.63479,0.5914,0.17099
2030-03-17 12:00:00,6417.35031,0.49336,0.63479,0.53698,0.12914
2030-03-17 13:00:00,6365.0209,0.48446,0.63479,0.53642,0.10877
2030-03-17 14:00:00,6312.69149,0.5022,0.63479,0.52125,0.10299
2030-03-17 15:00:00,6365.0209,0.46391,0.63479,0.5477,0.08732
2030-03-17 16:00:00,6626.66793,0.56167,0.63479,0.52128,0.07928
2030-03-17 17:00:00,6940.64437,0.64228,0.79349,0.50971,0.04269
2030-03-17 18:00:00,6940.64437,0.68237,0.79349,0.48771,0.02526
2030-03-17 19:00:00,6731.32674,0.55455,0.79349,0.53607,0.0
2030-03-17 20:00:00,6469.67971,0.47001,0.79349,0.55524,0.0
2030-03-17 21:00:00,6208.03268,0.42441,0.63479,0.55304,0.0
2030-03-17 22:00:00,5946.38565,0.49344,0.63479,0.48796,0.0
2030-03-17 23:00:00,5684.73862,0.5409,0.63479,0.43471,0.0
2030-03-18 00:00:00,6014.22366,0.54988,0.63341,0.46405,0.0
2030-03-18 01:00:00,5834.78533,0.48718,0.63341,0.47978,0.0
2030-03-18 02:00:00,5715.15977,0.50588,0.63341,0.45709,0.0
2030-03-18 03:00:00,5655.347,0.59371,0.63341,0.40268,0.0
2030-03-18 04:00:00,5655.347,0.67454,0.63341,0.35834,0.0
2030-03-18 05:00:00,5774.97255,0.73113,0.63341,0.33974,0.0
2030-03-18 06:00:00,6133.84921,0.55174,0.63341,0.47547,0.0
2030-03-18 07:00:00,6672.1642,0.63309,0.63341,0.48683,0.01391
2030-03-18 08:00:00,7090.85363,0.55816,0.63341,0.57148,0.09335
2030-03-18 09:00:00,7210.47919,0.46298,0.63341,0.63614,0.13114
2030-03-18 10:00:00,7210.47919,0.5824,0.63341,0.57062,0.17216
2030-03-18 11:00:00,7150.66641,0.67382,0.63341,0.51424,0.21307
2030-03-18 12:00:00,7090.85363,0.6806,0.63341,0.50431,0.24562
2030-03-18 13:00:00,7031.04086,0.66964,0.63341,0.5041,0.14696
2030-03-18 14:00:00,6971.22808,0.64506,0.63341,0.51136,0.15599
2030-03-18 15:00:00,7031.04086,0.64575,0.63341,0.51721,0.15682
2030-03-18 16:00:00,7330.10474,0.66296,0.63341,0.53887,0.11636
2030-03-18 17:00:00,7688.9814,0.42763,0.79176,0.70529,0.06088
2030-03-18 18:00:00,7688.9814,0.4927,0.79176,0.66959,0.0232
2030-03-18 19:00:00,7449.73029,0.58086,0.79176,0.59635,0.0
2030-03-18 20:00:00,7150.66641,0.50497,0.79176,0.60688,0.0
2030-03-18 21:00:00,6851.60253,0.71416,0.63341,0.46101,0.0
2030-03-18 22:00:00,6552.53865,0.5666,0.63341,0.51086,0.0
2030-03-18 23:00:00,6253.47476,0.66177,0.63341,0.42755,0.0
2030-03-19 00:00:00,6051.54825,0.63468,0.63201,0.42141,0.0
2030-03-19 01:00:00,5870.55473,0.64039,0.63201,0.39946,0.0
2030-03-19 02:00:00,5749.89238,0.66262,0.63201,0.37471,0.0
2030-03-19 03:00:00,5689.56121,0.67872,0.63201,0.3596,0.0
2030-03-19 04:00:00,5689.56121,0.65109,0.63201,0.37476,0.0
2030-03-19 05:00:00,5810.22355,0.57122,0.63201,0.43113,0.0
2030-03-19 06:00:00,6172.21059,0.47365,0.63201,0.5223,0.0
2030-03-19 07:00:00,6715.19116,0.50045,0.63201,0.56407,0.01781
2030-03-19 08:00:00,7137.50937,0.42067,0.63201,0.65175,0.05918
2030-03-19 09:00:00,7258.17172,0.32128,0.63201,0.71883,0.17595
2030-03-19 10:00:00,7258.17172,0.38581,0.63201,0.68343,0.19834
2030-03-19 11:00:00,7197.84055,0.48878,0.63201,0.62067,0.27902
2030-03-19 12:00:00,7137.50937,0.39986,0.63201,0.66317,0.30552
2030-03-19 13:00:00,7077.1782,0.36628,0.63201,0.67532,0.28943
2030-03-19 14:00:00,7016.84703,0.41516,0.63201,0.64223,0.26079
2030-03-19 15:00:00,7077.1782,0.51244,0.63201,0.59513,0.25446
2030-03-19 16:00:00,7378.83407,0.72716,0.63201,0.50872,0.1816
2030-03-19 17:00:00,7740.82111,0.75533,0.79001,0.53091,0.094
2030-03-19 18:00:00,7740.82111,0.69392,0.79001,0.5646,0.0403
2030-03-19 19:00:00,7499.49641,0.54314,0.79001,0.62221,0.0
2030-03-19 20:00:00,7197.84055,0.46566,0.79001,0.63335,0.0
2030-03-19 21:00:00,6896.18468,0.54166,0.63201,0.56028,0.0
2030-03-19 22:00:00,6594.52881,0.52717,0.63201,0.53686,0.0
2030-03-19 23:00:00,6292.87294,0.49473,0.63201,0.52329,0.0
2030-03-20 00:00:00,6049.99266,0.61789,0.6306,0.43046,0.0
2030-03-20 01:00:00,5869.06396,0.56151,0.6306,0.44257,0.0
2030-03-20 02:00:00,5748.44482,0.47783,0.6306,0.47594,0.0
2030-03-20 03:00:00,5688.13525,0.51076,0.6306,0.4516,0.0
2030-03-20 04:00:00,5688.13525,0.41056,0.6306,0.50657,0.0
2030-03-20 05:00:00,5808.75439,0.27026,0.6306,0.59608,0.0
2030-03-20 06:00:00,6170.6118,0.29852,0.6306,0.61821,0.0
2030-03-20 07:00:00,6713.39791,0.29586,0.6306,0.67612,0.01433
2030-03-20 08:00:00,7135.56489,0.2284,0.6306,0.75704,0.06661
2030-03-20 09:00:00,7256.18403,0.21592,0.6306,0.77643,0.08258
2030-03-20 10:00:00,7256.18403,0.21661,0.6306,0.77605,0.19153
2030-03-20 11:00:00,7195.87446,0.21317,0.6306,0.77166,0.39215
2030-03-20 12:00:00,7135.56489,0.14448,0.6306,0.80307,0.26534
2030-03-20 13:00:00,7075.25532,0.17289,0.6306,0.78122,0.31757
2030-03-20 14:00:00,7014.94576,0.15516,0.6306,0.78467,0.3109
2030-03-20 15:00:00,7075.25532,0.09896,0.6306,0.82177,0.28393
2030-03-20 16:00:00,7376.80316,0.04209,0.6306,0.88433,0.15266
2030-03-20 17:00:00,7738.66057,0.04727,0.78825,0.91912,0.11116
2030-03-20 18:00:00,7738.66057,0.07208,0.78825,0.90551,0.03692
2030-03-20 19:00:00,7497.4223,0.15599,0.78825,0.83439,0.0
2030-03-20 20:00:00,7195.87446,0.13478,0.78825,0.81467,0.0
2030-03-20 21:00:00,6894.32662,0.24171,0.6306,0.72465,0.0
2030-03-20 22:00:00,6592.77878,0.24321,0.6306,0.69246,0.0
2030-03-20 23:00:00,6291.23094,0.16157,0.6306,0.70589,0.0
2030-03-21 00:00:00,5958.82927,0.14338,0.62917,0.6813,0.0
2030-03-21 01:00:00,5781.69904,0.15728,0.62917,0.65525,0.0
2030-03-21 02:00:00,5663.61222,0.11973,0.62917,0.66357,0.0
2030-03-21 03:00:00,5604.56881,0.09584,0.62917,0.67053,0.0
2030-03-21 04:00:00,5604.56881,0.09036,0.62917,0.67354,0.0
2030-03-21 05:00:00,5722.65563,0.07882,0.62917,0.69215,0.0
2030-03-21 06:00:00,6076.91609,0.06214,0.62917,0.73815,0.0
2030-03-21 07:00:00,6608.30678,0.06808,0.62917,0.79015,0.00736
2030-03-21 08:00:00,7021.61065,0.04058,0.62917,0.84822,0.03376
2030-03-21 09:00:00,7139.69747,0.04793,0.62917,0.85647,0.06673
2030-03-21 10:00:00,7139.69747,0.06302,0.62917,0.84819,0.11842
2030-03-21 11:00:00,7080.65406,0.06529,0.62917,0.84081,0.12566
2030-03-21 12:00:00,7021.61065,0.05765,0.62917,0.83886,0.13323
2030-03-21 13:00:00,6962.56724,0.05716,0.62917,0.83298,0.20398
2030-03-21 14:00:00,6903.52383,0.08288,0.62917,0.81273,0.23348
2030-03-21 15:00:00,6962.56724,0.11495,0.62917,0.80128,0.31974
2030-03-21 16:00:00,7257.78429,0.27899,0.62917,0.74199,0.21246
2030-03-21 17:00:00,7612.04475,0.32155,0.78647,0.75548,0.16121
2030-03-21 18:00:00,7612.04475,0.32363,0.78647,0.75434,0.05598
2030-03-21 19:00:00,7375.87111,0.21763,0.78647,0.78793,0.0
2030-03-21 20:00:00,7080.65406,0.20188,0.78647,0.76587,0.0
2030-03-21 21:00:00,6785.43701,0.24477,0.62917,0.71164,0.0
2030-03-21 22:00:00,6490.21996,0.17689,0.62917,0.71818,0.0
2030-03-21 23:00:00,6195.00291,0.20649,0.62917,0.67123,0.0
2030-03-22 00:00:00,5909.1827,0.22581,0.62774,0.63091,0.0
2030-03-22 01:00:00,5734.12108,0.40348,0.62774,0.51523,0.0
2030-03-22 02:00:00,5617.41333,0.38319,0.62774,0.51423,0.0
2030-03-22 03:00:00,5559.05946,0.36677,0.62774,0.51717,0.0
2030-03-22 04:00:00,5559.05946,0.39973,0.62774,0.49908,0.0
2030-03-22 05:00:00,5675.76721,0.5346,0.62774,0.43723,0.0
2030-03-22 06:00:00,6025.89045,0.45806,0.62774,0.51564,0.0
2030-03-22 07:00:00,6551.07532,0.53602,0.62774,0.52748,0.01406
2030-03-22 08:00:00,6959.55244,0.42119,0.62774,0.63296,0.05676
2030-03-22 09:00:00,7076.26019,0.3034,0.62774,0.70972,0.11978
2030-03-22 10:00:00,7076.26019,0.27115,0.62774,0.72741,0.15877
2030-03-22 11:00:00,7017.90632,0.23159,0.62774,0.74305,0.25884
2030-03-22 12:00:00,6959.55244,0.2189,0.62774,0.74394,0.24124
2030-03-22 13:00:00,6901.19857,0.25023,0.62774,0.72068,0.30748
2030-03-22 14:00:00,6842.84469,0.27735,0.62774,0.69974,0.25527
2030-03-22 15:00:00,6901.19857,0.3126,0.62774,0.68647,0.19555
2030-03-22 16:00:00,7192.96794,0.22057,0.62774,0.7673,0.16729
2030-03-22 17:00:00,7543.09119,0.17153,0.78467,0.83061,0.11492
2030-03-22 18:00:00,7543.09119,0.1824,0.78467,0.82465,0.03809
2030-03-22 19:00:00,7309.67569,0.08571,0.78467,0.85342,0.0
2030-03-22 20:00:00,7017.90632,0.06892,0.78467,0.83229,0.0
2030-03-22 21:00:00,6726.13694,0.09089,0.62774,0.78989,0.0
2030-03-22 22:00:00,6434.36757,0.07829,0.62774,0.76646,0.0
2030-03-22 23:00:00,6142.5982,0.11062,0.62774,0.71838,0.0
2030-03-23 00:00:00,5332.62205,0.09649,0.62629,0.6419,0.0
2030-03-23 01:00:00,5181.58379,0.09158,0.62629,0.62888,0.0
2030-03-23 02:00:00,5080.89161,0.06755,0.62629,0.63159,0.0
2030-03-23 03:00:00,5030.54552,0.05979,0.62629,0.63061,0.0
2030-03-23 04:00:00,5030.54552,0.05068,0.62629,0.63561,0.0
2030-03-23 05:00:00,5131.2377,0.09668,0.62629,0.62085,0.0
2030-03-23 06:00:00,5433.31422,0.06329,0.62629,0.67058,0.0
2030-03-23 07:00:00,5886.42901,0.09556,0.62629,0.7,0.02467
2030-03-23 08:00:00,6238.85163,0.16761,0.62629,0.69713,0.06071
2030-03-23 09:00:00,6339.5438,0.21203,0.62629,0.68323,0.10386
2030-03-23 10:00:00,6339.5438,0.18205,0.62629,0.69968,0.17542
2030-03-23 11:00:00,6289.19771,0.1626,0.62629,0.70511,0.18539
2030-03-23 12:00:00,6238.85163,0.22926,0.62629,0.66331,0.26274
2030-03-23 13:00:00,6188.50554,0.29097,0.62629,0.62421,0.26609
2030-03-23 14:00:00,6138.15945,0.24336,0.62629,0.6451,0.30369
2030-03-23 15:00:00,6188.50554,0.22039,0.62629,0.66294,0.24936
2030-03-23 16:00:00,6440.23598,0.17516,0.62629,0.71393,0.21241
2030-03-23 17:00:00,6742.3125,0.10063,0.78286,0.78623,0.13651
2030-03-23 18:00:00,6742.3125,0.11899,0.78286,0.77616,0.06057
2030-03-23 19:00:00,6540.92815,0.08626,0.78286,0.77317,0.0
2030-03-23 20:00:00,6289.19771,0.0996,0.78286,0.73967,0.0
2030-03-23 21:00:00,6037.46728,0.17206,0.62629,0.67374,0.0
2030-03-23 22:00:00,5785.73684,0.13564,0.62629,0.66754,0.0
2030-03-23 23:00:00,5534.0064,0.13651,0.62629,0.64088,0.0
2030-03-24 00:00:00,5287.30799,0.18634,0.62483,0.58789,0.0
2030-03-24 01:00:00,5138.15781,0.18707,0.62483,0.57198,0.0
2030-03-24 02:00:00,5038.72436,0.14152,0.62483,0.58663,0.0
2030-03-24 03:00:00,4989.00763,0.29127,0.62483,0.49931,0.0
2030-03-24 04:00:00,4989.00763,0.33696,0.62483,0.47424,0.0
2030-03-24 05:00:00,5088.44108,0.50318,0.62483,0.39339,0.0
2030-03-24 06:00:00,5386.74144,0.52172,0.62483,0.41424,0.0
2030-03-24 07:00:00,5834.19197,0.51956,0.62483,0.46196,0.03146
2030-03-24 08:00:00,6182.20905,0.48386,0.62483,0.51774,0.11615
2030-03-24 09:00:00,6281.6425,0.70324,0.62483,0.40773,0.16796
2030-03-24 10:00:00,6281.6425,0.70467,0.62483,0.40694,0.172
2030-03-24 11:00:00,6231.92577,0.68157,0.62483,0.41445,0.21107
2030-03-24 12:00:00,6182.20905,0.7404,0.62483,0.377,0.297
2030-03-24 13:00:00,6132.49232,0.77962,0.62483,0.35031,0.22383
2030-03-24 14:00:00,6082.7756,0.80362,0.62483,0.33198,0.26782
2030-03-24 15:00:00,6132.49232,0.84346,0.62483,0.31529,0.23388
2030-03-24 16:00:00,6381.07595,0.87095,0.62483,0.32606,0.15186
2030-03-24 17:00:00,6679.3763,0.8019,0.78104,0.39497,0.11241
2030-03-24 18:00:00,6679.3763,0.85779,0.78104,0.36431,0.05527
2030-03-24 19:00:00,6480.5094,0.8551,0.78104,0.3451,0.0
2030-03-24 20:00:00,6231.92577,0.82393,0.78104,0.33635,0.0
2030-03-24 21:00:00,5983.34214,0.85678,0.62483,0.29247,0.0
2030-03-24 22:00:00,5734.75852,0.85183,0.62483,0.26934,0.0
2030-03-24 23:00:00,5486.17489,0.81208,0.62483,0.26529,0.0
2030-03-25 00:00:00,5771.71634,0.81504,0.62336,0.29336,0.0
2030-03-25 01:00:00,5602.38249,0.76928,0.62336,0.30085,0.0
2030-03-25 02:00:00,5489.49325,0.68214,0.62336,0.33692,0.0
2030-03-25 03:00:00,5433.04863,0.65845,0.62336,0.34405,0.0
2030-03-25 04:00:00,5433.04863,0.61874,0.62336,0.36583,0.0
2030-03-25 05:00:00,5545.93787,0.53404,0.62336,0.42404,0.0
2030-03-25 06:00:00,5884.60558,0.66895,0.62336,0.38525,0.0
2030-03-25 07:00:00,6392.60716,0.63414,0.62336,0.45718,0.02433
2030-03-25 08:00:00,6787.71949,0.64454,0.62336,0.49256,0.0864
2030-03-25 09:00:00,6900.60873,0.63523,0.62336,0.50941,0.13208
2030-03-25 10:00:00,6900.60873,0.60317,0.62336,0.527,0.10599
2030-03-25 11:00:00,6844.16411,0.64757,0.62336,0.49677,0.14718
2030-03-25 12:00:00,6787.71949,0.65479,0.62336,0.48694,0.15663
2030-03-25 13:00:00,6731.27487,0.68762,0.62336,0.46306,0.19505
2030-03-25 14:00:00,6674.83025,0.73336,0.62336,0.43209,0.1495
2030-03-25 15:00:00,6731.27487,0.72686,0.62336,0.44153,0.13995
2030-03-25 16:00:00,7013.49797,0.80635,0.62336,0.42728,0.13962
2030-03-25 17:00:00,7352.16569,0.80847,0.7792,0.46133,0.12574
2030-03-25 18:00:00,7352.16569,0.65332,0.7792,0.54645,0.04991
2030-03-25 19:00:00,7126.38721,0.6399,0.7792,0.53033,0.0
2030-03-25 20:00:00,6844.16411,0.66194,0.7792,0.48889,0.0
2030-03-25 21:00:00,6561.94102,0.6257,0.62336,0.47942,0.0
2030-03-25 22:00:00,6279.71792,0.64753,0.62336,0.43809,0.0
2030-03-25 23:00:00,5997.49482,0.65017,0.62336,0.40729,0.0
2030-03-26 00:00:00,5630.10133,0.64496,0.62188,0.37194,0.0
2030-03-26 01:00:00,5466.6681,0.67319,0.62188,0.33946,0.0
2030-03-26 02:00:00,5357.71261,0.55805,0.62188,0.39129,0.0
2030-03-26 03:00:00,5303.23486,0.40713,0.62188,0.46842,0.0
2030-03-26 04:00:00,5303.23486,0.36849,0.62188,0.48962,0.0
2030-03-26 05:00:00,5412.19035,0.30505,0.62188,0.53576,0.0
2030-03-26 06:00:00,5739.05682,0.24237,0.62188,0.60414,0.0
2030-03-26 07:00:00,6229.35651,0.24316,0.62188,0.65469,0.0583
2030-03-26 08:00:00,6610.70072,0.23664,0.62188,0.69793,0.19408
2030-03-26 09:00:00,6719.65621,0.18431,0.62188,0.73797,0.34771
2030-03-26 10:00:00,6719.65621,0.18496,0.62188,0.73761,0.42443
2030-03-26 11:00:00,6665.17847,0.18516,0.62188,0.73183,0.43311
2030-03-26 12:00:00,6610.70072,0.22254,0.62188,0.70566,0.29866
2030-03-26 13:00:00,6556.22298,0.17412,0.62188,0.72656,0.30171
2030-03-26 14:00:00,6501.74524,0.19201,0.62188,0.71108,0.38026
2030-03-26 15:00:00,6556.22298,0.18176,0.62188,0.72237,0.2829
2030-03-26 16:00:00,6828.6117,0.18776,0.62188,0.74741,0.26544
2030-03-26 17:00:00,7155.47817,0.15841,0.77735,0.7975,0.16146
2030-03-26 18:00:00,7155.47817,0.21483,0.77735,0.76655,0.05221
2030-03-26 19:00:00,6937.56719,0.18285,0.77735,0.76143,0.0
2030-03-26 20:00:00,6665.17847,0.26065,0.77735,0.69042,0.0
2030-03-26 21:00:00,6392.78975,0.20506,0.62188,0.69259,0.0
2030-03-26 22:00:00,6120.40103,0.33181,0.62188,0.59473,0.0
2030-03-26 23:00:00,5848.01231,0.44775,0.62188,0.5028,0.0
2030-03-27 00:00:00,5611.9999,0.44161,0.62039,0.48162,0.0
2030-03-27 01:00:00,5449.32089,0.35972,0.62039,0.50962,0.0
2030-03-27 02:00:00,5340.86822,0.32488,0.62039,0.51746,0.0
2030-03-27 03:00:00,5286.64189,0.46832,0.62039,0.43313,0.0
2030-03-27 04:00:00,5286.64189,0.45779,0.62039,0.4389,0.0
2030-03-27 05:00:00,5395.09456,0.48421,0.62039,0.43569,0.0
2030-03-27 06:00:00,5720.45257,0.55835,0.62039,0.42885,0.0
2030-03-27 07:00:00,6208.48959,0.53662,0.62039,0.49153,0.03788
2030-03-27 08:00:00,6588.07394,0.66941,0.62039,0.45816,0.08469
2030-03-27 09:00:00,6696.52661,0.67521,0.62039,0.46625,0.16323
2030-03-27 10:00:00,6696.52661,0.65604,0.62039,0.47677,0.19777
2030-03-27 11:00:00,6642.30027,0.6399,0.62039,0.47998,0.25148
2030-03-27 12:00:00,6588.07394,0.627,0.62039,0.48142,0.23432
2030-03-27 13:00:00,6533.8476,0.54818,0.62039,0.51902,0.17954
2030-03-27 14:00:00,6479.62127,0.54312,0.62039,0.51616,0.25184
2030-03-27 15:00:00,6533.8476,0.56923,0.62039,0.50748,0.1517
2030-03-27 16:00:00,6804.97928,0.56605,0.62039,0.53742,0.15844
2030-03-27 17:00:00,7130.33729,0.5841,0.77549,0.56135,0.09657
2030-03-27 18:00:00,7130.33729,0.52803,0.77549,0.59211,0.04304
2030-03-27 19:00:00,6913.43195,0.6149,0.77549,0.5219,0.0
2030-03-27 20:00:00,6642.30027,0.58526,0.77549,0.50996,0.0
2030-03-27 21:00:00,6371.1686,0.59361,0.62039,0.47718,0.0
2030-03-27 22:00:00,6100.03692,0.65951,0.62039,0.41283,0.0
2030-03-27 23:00:00,5828.90524,0.72018,0.62039,0.35135,0.0
2030-03-28 00:00:00,5864.099,0.7396,0.61889,0.34436,0.0
2030-03-28 01:00:00,5690.91586,0.69486,0.61889,0.35089,0.0
2030-03-28 02:00:00,5575.46044,0.64277,0.61889,0.36746,0.0
2030-03-28 03:00:00,5517.73273,0.53259,0.61889,0.4219,0.0
2030-03-28 04:00:00,5517.73273,0.5544,0.61889,0.40994,0.0
2030-03-28 05:00:00,5633.18815,0.54951,0.61889,0.42463,0.0
2030-03-28 06:00:00,5979.55442,0.51551,0.61889,0.4793,0.0
2030-03-28 07:00:00,6499.10383,0.47445,0.61889,0.55586,0.06209
2030-03-28 08:00:00,6903.19781,0.57257,0.61889,0.54406,0.13367
2030-03-28 09:00:00,7018.65323,0.5979,0.61889,0.54217,0.21402
2030-03-28 10:00:00,7018.65323,0.56708,0.61889,0.55907,0.31237
2030-03-28 11:00:00,6960.92552,0.52809,0.61889,0.57446,0.28727
2030-03-28 12:00:00,6903.19781,0.47746,0.61889,0.59623,0.34013
2030-03-28 13:00:00,6845.4701,0.4915,0.61889,0.58253,0.23774
2030-03-28 14:00:00,6787.74239,0.45407,0.61889,0.59706,0.19808
2030-03-28 15:00:00,6845.4701,0.46738,0.61889,0.59576,0.18614
2030-03-28 16:00:00,7134.10866,0.39734,0.61889,0.6642,0.12015
2030-03-28 17:00:00,7480.47493,0.44419,0.77361,0.67452,0.06166
2030-03-28 18:00:00,7480.47493,0.54563,0.77361,0.61887,0.03836
2030-03-28 19:00:00,7249.56408,0.579,0.77361,0.57655,0.0
2030-03-28 20:00:00,6960.92552,0.51487,0.77361,0.58171,0.0
2030-03-28 21:00:00,6672.28696,0.52838,0.61889,0.54429,0.0
2030-03-28 22:00:00,6383.6484,0.56383,0.61889,0.49482,0.0
2030-03-28 23:00:00,6095.00985,0.63361,0.61889,0.42652,0.0
2030-03-29 00:00:00,5757.92279,0.61073,0.61738,0.40402,0.0
2030-03-29 01:00:00,5589.16367,0.65507,0.61738,0.36214,0.0
2030-03-29 02:00:00,5476.65758,0.51501,0.61738,0.42727,0.0
2030-03-29 03:00:00,5420.40454,0.32076,0.61738,0.52799,0.0
2030-03-29 04:00:00,5420.40454,0.24641,0.61738,0.56878,0.0
2030-03-29 05:00:00,5532.91062,0.27851,0.61738,0.56287,0.0
2030-03-29 06:00:00,5870.42888,0.19036,0.61738,0.64633,0.0
2030-03-29 07:00:00,6376.70626,0.27077,0.61738,0.65487,0.05657
2030-03-29 08:00:00,6770.47756,0.26173,0.61738,0.70078,0.14284
2030-03-29 09:00:00,6882.98364,0.28611,0.61738,0.6991,0.17753
2030-03-29 10:00:00,6882.98364,0.22203,0.61738,0.73426,0.25049
2030-03-29 11:00:00,6826.7306,0.20072,0.61738,0.7401,0.22643
2030-03-29 12:00:00,6770.47756,0.3399,0.61738,0.65789,0.20259
2030-03-29 13:00:00,6714.22451,0.34271,0.61738,0.6505,0.20054
2030-03-29 14:00:00,6657.97147,0.37527,0.61738,0.62679,0.24915
2030-03-29 15:00:00,6714.22451,0.26001,0.61738,0.69587,0.23371
2030-03-29 16:00:00,6995.48973,0.3155,0.61738,0.69468,0.18187
2030-03-29 17:00:00,7333.00798,0.29878,0.77173,0.73896,0.10625
2030-03-29 18:00:00,7333.00798,0.27066,0.77173,0.75438,0.0412
2030-03-29 19:00:00,7107.99581,0.25695,0.77173,0.7385,0.0
2030-03-29 20:00:00,6826.7306,0.37573,0.77173,0.64409,0.0
2030-03-29 21:00:00,6545.46539,0.5315,0.61738,0.52938,0.0
2030-03-29 22:00:00,6264.20018,0.43596,0.61738,0.55254,0.0
2030-03-29 23:00:00,5982.93496,0.40597,0.61738,0.53974,0.0
2030-03-30 00:00:00,5234.53605,0.45229,0.61586,0.4365,0.0
2030-03-30 01:00:00,5087.58471,0.51364,0.61586,0.38756,0.0
2030-03-30 02:00:00,4989.61714,0.46267,0.61586,0.40534,0.0
2030-03-30 03:00:00,4940.63336,0.54445,0.61586,0.35538,0.0
2030-03-30 04:00:00,4940.63336,0.59641,0.61586,0.32687,0.0
2030-03-30 05:00:00,5038.60093,0.60084,0.61586,0.33463,0.0
2030-03-30 06:00:00,5332.50362,0.42276,0.61586,0.46289,0.0
2030-03-30 07:00:00,5773.35766,0.36466,0.61586,0.54061,0.02722
2030-03-30 08:00:00,6116.24413,0.25433,0.61586,0.6368,0.05332
2030-03-30 09:00:00,6214.21169,0.23697,0.61586,0.65651,0.09294
2030-03-30 10:00:00,6214.21169,0.18974,0.61586,0.68242,0.12606
2030-03-30 11:00:00,6165.22791,0.23296,0.61586,0.65362,0.13231
2030-03-30 12:00:00,6116.24413,0.24976,0.61586,0.63931,0.21978
2030-03-30 13:00:00,6067.26035,0.30234,0.61586,0.60537,0.30593
2030-03-30 14:00:00,6018.27657,0.37415,0.61586,0.56088,0.20352
2030-03-30 15:00:00,6067.26035,0.18218,0.61586,0.67129,0.16917
2030-03-30 16:00:00,6312.17926,0.18815,0.61586,0.69349,0.18179
2030-03-30 17:00:00,6606.08195,0.16478,0.76983,0.73687,0.11931
2030-03-30 18:00:00,6606.08195,0.10648,0.76983,0.76885,0.04416
2030-03-30 19:00:00,6410.14682,0.11574,0.76983,0.74339,5e-05
2030-03-30 20:00:00,6165.22791,0.1489,0.76983,0.69973,0.0
2030-03-30 21:00:00,5920.309,0.13707,0.61586,0.68075,0.0
2030-03-30 22:00:00,5675.39009,0.11483,0.61586,0.66748,0.0
2030-03-30 23:00:00,5430.47118,0.10202,0.61586,0.64904,0.0
2030-03-31 00:00:00,5295.48921,0.16255,0.61434,0.60179,0.0
2030-03-31 01:00:00,5145.99815,0.21088,0.61434,0.55973,0.0
2030-03-31 02:00:00,5046.33745,0.14752,0.61434,0.58413,0.0
2030-03-31 03:00:00,4996.50709,0.20432,0.61434,0.54778,0.0
2030-03-31 04:00:00,4996.50709,0.19775,0.61434,0.55139,0.0
2030-03-31 05:00:00,5096.1678,0.18506,0.61434,0.56871,0.0
2030-03-31 06:00:00,5395.14992,0.2815,0.61434,0.5469,0.0
2030-03-31 07:00:00,5843.6231,0.2645,0.61434,0.60287,0.05064
2030-03-31 08:00:00,6192.43558,0.28823,0.61434,0.62613,0.06697
2030-03-31 09:00:00,6292.09629,0.30723,0.61434,0.62607,0.10338
2030-03-31 10:00:00,6292.09629,0.33805,0.61434,0.60916,0.13197
2030-03-31 11:00:00,6242.26593,0.31488,0.61434,0.61669,0.13281
2030-03-31 12:00:00,6192.43558,0.22285,0.61434,0.662,0.13831
2030-03-31 13:00:00,6142.60523,0.29762,0.61434,0.61579,0.20289
2030-03-31 14:00:00,6092.77487,0.21424,0.61434,0.65635,0.13684
2030-03-31 15:00:00,6142.60523,0.23867,0.61434,0.64813,0.17749
2030-03-31 16:00:00,6391.757,0.25962,0.61434,0.66255,0.13961
2030-03-31 17:00:00,6690.73912,0.23034,0.76792,0.70971,0.14784
2030-03-31 18:00:00,6690.73912,0.23437,0.76792,0.7075,0.04768
2030-03-31 19:00:00,6491.4177,0.2005,0.76792,0.70535,0.00014
2030-03-31 20:00:00,6242.26593,0.12026,0.76792,0.72346,0.0
2030-03-31 21:00:00,5993.11417,0.15063,0.61434,0.68089,0.0
2030-03-31 22:00:00,5743.9624,0.07806,0.61434,0.69478,0.0
2030-03-31 23:00:00,5494.81063,0.11533,0.61434,0.64843,0.0
2030-04-01 00:00:00,5769.16641,0.14962,0.61281,0.65815,0.0
2030-04-01 01:00:00,5599.9388,0.16773,0.61281,0.63062,0.0
2030-04-01 02:00:00,5487.12039,0.2647,0.61281,0.56568,0.0
2030-04-01 03:00:00,5430.71118,0.22505,0.61281,0.58157,0.0
2030-04-01 04:00:00,5430.71118,0.24276,0.61281,0.57185,0.0
2030-04-01 05:00:00,5543.52959,0.30615,0.61281,0.54881,0.0
2030-04-01 06:00:00,5881.98481,0.24445,0.61281,0.61786,0.0
2030-04-01 07:00:00,6389.66765,0.18122,0.61281,0.70534,0.03402
2030-04-01 08:00:00,6784.53207,0.15167,0.61281,0.76262,0.08011
2030-04-01 09:00:00,6897.35048,0.18124,0.61281,0.75813,0.16165
2030-04-01 10:00:00,6897.35048,0.25296,0.61281,0.71878,0.21122
2030-04-01 11:00:00,6840.94127,0.19924,0.61281,0.74239,0.30154
2030-04-01 12:00:00,6784.53207,0.14801,0.61281,0.76463,0.29993
2030-04-01 13:00:00,6728.12287,0.10948,0.61281,0.7799,0.31944
2030-04-01 14:00:00,6671.71366,0.09911,0.61281,0.77972,0.35836
2030-04-01 15:00:00,6728.12287,0.18561,0.61281,0.73814,0.35311
2030-04-01 16:00:00,7010.16889,0.24008,0.61281,0.73759,0.27828
2030-04-01 17:00:00,7348.62411,0.30478,0.76601,0.73729,0.1562
2030-04-01 18:00:00,7348.62411,0.32504,0.76601,0.72618,0.0822
2030-04-01 19:00:00,7122.98729,0.32567,0.76601,0.70236,0.00045
2030-04-01 20:00:00,6840.94127,0.38788,0.76601,0.6389,0.0
2030-04-01 21:00:00,6558.89526,0.43473,0.61281,0.58387,0.0
2030-04-01 22:00:00,6276.84924,0.49945,0.61281,0.51903,0.0
2030-04-01 23:00:00,5994.80322,0.36896,0.61281,0.56128,0.0
2030-04-02 00:00:00,5762.41281,0.32886,0.61127,0.55911,0.0
2030-04-02 01:00:00,5593.4666,0.32331,0.61127,0.54459,0.0
2030-04-02 02:00:00,5480.8358,0.24678,0.61127,0.57486,0.0
2030-04-02 03:00:00,5424.52039,0.27976,0.61127,0.55091,0.0
2030-04-02 04:00:00,5424.52039,0.21704,0.61127,0.58532,0.0
2030-04-02 05:00:00,5537.1512,0.1459,0.61127,0.63606,0.0
2030-04-02 06:00:00,5875.04362,0.15571,0.61127,0.66582,0.0
2030-04-02 07:00:00,6381.88226,0.26506,0.61127,0.65854,0.06784
2030-04-02 08:00:00,6776.09008,0.20688,0.61127,0.73145,0.11691
2030-04-02 09:00:00,6888.72089,0.27366,0.61127,0.70653,0.12742
2030-04-02 10:00:00,6888.72089,0.27219,0.61127,0.70734,0.17138
2030-04-02 11:00:00,6832.40548,0.3145,0.61127,0.67827,0.18229
2030-04-02 12:00:00,6776.09008,0.32336,0.61127,0.66755,0.21746
2030-04-02 13:00:00,6719.77468,0.17259,0.61127,0.74441,0.23524
2030-04-02 14:00:00,6663.45927,0.19199,0.61127,0.72791,0.18588
2030-04-02 15:00:00,6719.77468,0.27755,0.61127,0.68683,0.21031
2030-04-02 16:00:00,7001.3517,0.31277,0.61127,0.69679,0.20619
2030-04-02 17:00:00,7339.24412,0.24776,0.76408,0.76759,0.11624
2030-04-02 18:00:00,7339.24412,0.33319,0.76408,0.72073,0.03971
2030-04-02 19:00:00,7113.9825,0.20672,0.76408,0.76668,0.00028
2030-04-02 20:00:00,6832.40548,0.15695,0.76408,0.7647,0.0
2030-04-02 21:00:00,6550.82847,0.19431,0.61127,0.71493,0.0
2030-04-02 22:00:00,6269.25145,0.20469,0.61127,0.67995,0.0
2030-04-02 23:00:00,5987.67443,0.31052,0.61127,0.5926,0.0
2030-04-03 00:00:00,5871.92811,0.36767,0.60972,0.54921,0.0
2030-04-03 01:00:00,5698.41877,0.37578,0.60972,0.52672,0.0
2030-04-03 02:00:00,5582.74587,0.30743,0.60972,0.55219,0.0
2030-04-03 03:00:00,5524.90942,0.46909,0.60972,0.45748,0.0
2030-04-03 04:00:00,5524.90942,0.43557,0.60972,0.47587,0.0
2030-04-03 05:00:00,5640.58232,0.41049,0.60972,0.50166,0.0
2030-04-03 06:00:00,5987.60101,0.47567,0.60972,0.502,0.0
2030-04-03 07:00:00,6508.12906,0.31095,0.60972,0.64649,0.04614
2030-04-03 08:00:00,6912.98421,0.48673,0.60972,0.59216,0.08291
2030-04-03 09:00:00,7028.65711,0.47455,0.60972,0.61088,0.22079
2030-04-03 10:00:00,7028.65711,0.56606,0.60972,0.56068,0.3176
2030-04-03 11:00:00,6970.82066,0.52123,0.60972,0.57925,0.39753
2030-04-03 12:00:00,6912.98421,0.6758,0.60972,0.48844,0.36821
2030-04-03 13:00:00,6855.14776,0.59354,0.60972,0.52755,0.37834
2030-04-03 14:00:00,6797.31131,0.40424,0.60972,0.62539,0.36672
2030-04-03 15:00:00,6855.14776,0.49012,0.60972,0.58429,0.33753
2030-04-03 16:00:00,7144.33001,0.51271,0.60972,0.60197,0.31744
2030-04-03 17:00:00,7491.3487,0.45969,0.76215,0.66715,0.22039
2030-04-03 18:00:00,7491.3487,0.39502,0.76215,0.70262,0.09267
2030-04-03 19:00:00,7260.0029,0.45758,0.76215,0.64425,0.00112
2030-04-03 20:00:00,6970.82066,0.28463,0.76215,0.70905,0.0
2030-04-03 21:00:00,6681.63841,0.21122,0.60972,0.71925,0.0
2030-04-03 22:00:00,6392.45616,0.19798,0.60972,0.69644,0.0
2030-04-03 23:00:00,6103.27391,0.22286,0.60972,0.65271,0.0
2030-04-04 00:00:00,5863.78938,0.22171,0.60817,0.62844,0.0
2030-04-04 01:00:00,5690.61915,0.15354,0.60817,0.64783,0.0
2030-04-04 02:00:00,5575.17232,0.28896,0.60817,0.56153,0.0
2030-04-04 03:00:00,5517.44891,0.29332,0.60817,0.55313,0.0
2030-04-04 04:00:00,5517.44891,0.25647,0.60817,0.57335,0.0
2030-04-04 05:00:00,5632.89573,0.20838,0.60817,0.61174,0.0
2030-04-04 06:00:00,5979.2362,0.35705,0.60817,0.5662,0.00021
2030-04-04 07:00:00,6498.74691,0.38333,0.60817,0.60581,0.11898
2030-04-04 08:00:00,6902.81079,0.44828,0.60817,0.6122,0.23597
2030-04-04 09:00:00,7018.25761,0.46343,0.60817,0.6159,0.32685
2030-04-04 10:00:00,7018.25761,0.3932,0.60817,0.65442,0.41539
2030-04-04 11:00:00,6960.5342,0.53873,0.60817,0.56858,0.47361
2030-04-04 12:00:00,6902.81079,0.54202,0.60817,0.56077,0.45024
2030-04-04 13:00:00,6845.08738,0.54546,0.60817,0.55288,0.54071
2030-04-04 14:00:00,6787.36397,0.53941,0.60817,0.5502,0.39177
2030-04-04 15:00:00,6845.08738,0.59259,0.60817,0.52703,0.39229
2030-04-04 16:00:00,7133.70444,0.58464,0.60817,0.56141,0.298
2030-04-04 17:00:00,7480.04491,0.61062,0.76021,0.58317,0.22515
2030-04-04 18:00:00,7480.04491,0.5699,0.76021,0.60551,0.08509
2030-04-04 19:00:00,7249.15126,0.68069,0.76021,0.52072,0.00173
2030-04-04 20:00:00,6960.5342,0.68989,0.76021,0.48566,0.0
2030-04-04 21:00:00,6671.91714,0.68065,0.60817,0.46071,0.0
2030-04-04 22:00:00,6383.30009,0.6099,0.60817,0.4695,0.0
2030-04-04 23:00:00,6094.68303,0.58449,0.60817,0.45343,0.0
2030-04-05 00:00:00,5768.18408,0.57107,0.60661,0.42684,0.0
2030-04-05 01:00:00,5598.9974,0.60561,0.60661,0.39029,0.0
2030-04-05 02:00:00,5486.20628,0.68457,0.60661,0.33525,0.0
2030-04-05 03:00:00,5429.81072,0.65039,0.60661,0.34813,0.0
2030-04-05 04:00:00,5429.81072,0.59848,0.60661,0.37661,0.0
2030-04-05 05:00:00,5542.60184,0.69437,0.60661,0.33574,0.0
2030-04-05 06:00:00,5880.9752,0.7363,0.60661,0.34792,0.0008
2030-04-05 07:00:00,6388.53525,0.68272,0.60661,0.4301,0.05871
2030-04-05 08:00:00,6783.30417,0.59723,0.60661,0.51806,0.10741
2030-04-05 09:00:00,6896.09529,0.57734,0.60661,0.5407,0.14359
2030-04-05 10:00:00,6896.09529,0.53608,0.60661,0.56334,0.18405
2030-04-05 11:00:00,6839.69973,0.56434,0.60661,0.54196,0.19884
2030-04-05 12:00:00,6783.30417,0.63622,0.60661,0.49667,0.29601
2030-04-05 13:00:00,6726.90861,0.64843,0.60661,0.4841,0.30741
2030-04-05 14:00:00,6670.51305,0.64101,0.60661,0.48231,0.45482
2030-04-05 15:00:00,6726.90861,0.63138,0.60661,0.49346,0.39127
2030-04-05 16:00:00,7008.88641,0.62239,0.60661,0.52772,0.28012
2030-04-05 17:00:00,7347.25977,0.65288,0.75826,0.54618,0.22185
2030-04-05 18:00:00,7347.25977,0.60837,0.75826,0.5706,0.07814
2030-04-05 19:00:00,7121.67753,0.57564,0.75826,0.56509,0.00294
2030-04-05 20:00:00,6839.69973,0.62112,0.75826,0.51082,0.0
2030-04-05 21:00:00,6557.72193,0.58515,0.60661,0.50122,0.0
2030-04-05 22:00:00,6275.74413,0.65024,0.60661,0.43619,0.0
2030-04-05 23:00:00,5993.76632,0.56552,0.60661,0.45334,0.0
2030-04-06 00:00:00,5324.92492,0.50243,0.60505,0.41839,0.0
2030-04-06 01:00:00,5174.20737,0.43723,0.60505,0.43849,0.0
2030-04-06 02:00:00,5073.729,0.54543,0.60505,0.36868,0.0
2030-04-06 03:00:00,5023.48982,0.45542,0.60505,0.41284,0.0
2030-04-06 04:00:00,5023.48982,0.41643,0.60505,0.43423,0.0
2030-04-06 05:00:00,5123.96819,0.47406,0.60505,0.41306,0.0
2030-04-06 06:00:00,5425.40328,0.45595,0.60505,0.45434,0.00265
2030-04-06 07:00:00,5877.55593,0.3888,0.60505,0.53821,0.09003
2030-04-06 08:00:00,6229.23021,0.32764,0.60505,0.60833,0.15195
2030-04-06 09:00:00,6329.70858,0.20523,0.60505,0.68594,0.18937
2030-04-06 10:00:00,6329.70858,0.17698,0.60505,0.70143,0.23782
2030-04-06 11:00:00,6279.46939,0.21297,0.60505,0.67646,0.22823
2030-04-06 12:00:00,6229.23021,0.28381,0.60505,0.63238,0.2878
2030-04-06 13:00:00,6178.99103,0.2775,0.60505,0.63061,0.42631
2030-04-06 14:00:00,6128.75185,0.42965,0.60505,0.54192,0.2677
2030-04-06 15:00:00,6178.99103,0.44941,0.60505,0.53631,0.24726
2030-04-06 16:00:00,6430.18694,0.51312,0.60505,0.52748,0.16291
2030-04-06 17:00:00,6731.62204,0.62557,0.75631,0.49714,0.07909
2030-04-06 18:00:00,6731.62204,0.62289,0.75631,0.49861,0.07922
2030-04-06 19:00:00,6530.66531,0.63545,0.75631,0.47082,0.00501
2030-04-06 20:00:00,6279.46939,0.64914,0.75631,0.43718,0.0
2030-04-06 21:00:00,6028.27348,0.68576,0.60505,0.39097,0.0
2030-04-06 22:00:00,5777.07756,0.67927,0.60505,0.3684,0.0
2030-04-06 23:00:00,5525.88165,0.67381,0.60505,0.34527,0.0
2030-04-07 00:00:00,5118.73259,0.74668,0.60348,0.26296,0.0
2030-04-07 01:00:00,4976.60639,0.75784,0.60348,0.24205,0.0
2030-04-07 02:00:00,4881.85558,0.68198,0.60348,0.27381,0.0
2030-04-07 03:00:00,4834.48018,0.68418,0.60348,0.26768,0.0
2030-04-07 04:00:00,4834.48018,0.81693,0.60348,0.19486,0.0
2030-04-07 05:00:00,4929.23098,0.83327,0.60348,0.19574,0.0
2030-04-07 06:00:00,5213.48339,0.85654,0.60348,0.21254,0.00409
2030-04-07 07:00:00,5639.86199,0.86094,0.60348,0.25447,0.06096
2030-04-07 08:00:00,5971.4898,0.87209,0.60348,0.28284,0.11964
2030-04-07 09:00:00,6066.2406,0.85081,0.60348,0.30437,0.14275
2030-04-07 10:00:00,6066.2406,0.87426,0.60348,0.29151,0.19232
2030-04-07 11:00:00,6018.8652,0.84123,0.60348,0.3047,0.18086
2030-04-07 12:00:00,5971.4898,0.79672,0.60348,0.32419,0.21956
2030-04-07 13:00:00,5924.1144,0.67944,0.60348,0.3836,0.15876
2030-04-07 14:00:00,5876.739,0.57201,0.60348,0.43761,0.15848
2030-04-07 15:00:00,5924.1144,0.5097,0.60348,0.47672,0.19946
2030-04-07 16:00:00,6160.9914,0.50855,0.60348,0.50199,0.10729
2030-04-07 17:00:00,6445.2438,0.56934,0.75435,0.4982,0.11069
2030-04-07 18:00:00,6445.2438,0.56439,0.75435,0.50092,0.06986
2030-04-07 19:00:00,6255.7422,0.68164,0.75435,0.41688,0.00496
2030-04-07 20:00:00,6018.8652,0.7432,0.75435,0.35848,0.0
2030-04-07 21:00:00,5781.98819,0.69716,0.60348,0.3591,0.0
2030-04-07 22:00:00,5545.11119,0.65035,0.60348,0.36014,0.0
2030-04-07 23:00:00,5308.23419,0.67191,0.60348,0.32368,0.0
2030-04-08 00:00:00,5483.22654,0.50741,0.60191,0.43212,0.0
2030-04-08 01:00:00,5325.91309,0.61728,0.60191,0.35549,0.0
2030-04-08 02:00:00,5221.03745,0.61882,0.60191,0.34374,0.0
2030-04-08 03:00:00,5168.59964,0.70845,0.60191,0.28911,0.0
2030-04-08 04:00:00,5168.59964,0.66133,0.60191,0.31496,0.0
2030-04-08 05:00:00,5273.47527,0.63911,0.60191,0.33806,0.0
2030-04-08 06:00:00,5588.10217,0.61568,0.60191,0.38364,0.00553
2030-04-08 07:00:00,6060.04252,0.65581,0.60191,0.4107,0.08319
2030-04-08 08:00:00,6427.10723,0.60524,0.60191,0.47662,0.2233
2030-04-08 09:00:00,6531.98287,0.48166,0.60191,0.55532,0.25253
2030-04-08 10:00:00,6531.98287,0.51098,0.60191,0.53924,0.41984
2030-04-08 11:00:00,6479.54505,0.51849,0.60191,0.52967,0.45482
2030-04-08 12:00:00,6427.10723,0.497,0.60191,0.536,0.40368
2030-04-08 13:00:00,6374.66942,0.43204,0.60191,0.56619,0.39394
2030-04-08 14:00:00,6322.2316,0.45965,0.60191,0.54558,0.3566
2030-04-08 15:00:00,6374.66942,0.45377,0.60191,0.55426,0.26872
2030-04-08 16:00:00,6636.8585,0.45479,0.60191,0.58097,0.19545
2030-04-08 17:00:00,6951.4854,0.4636,0.75238,0.60886,0.11875
2030-04-08 18:00:00,6951.4854,0.46786,0.75238,0.60652,0.067
2030-04-08 19:00:00,6741.73413,0.47376,0.75238,0.58147,0.00699
2030-04-08 20:00:00,6479.54505,0.31292,0.75238,0.64244,0.0
2030-04-08 21:00:00,6217.35597,0.19005,0.60191,0.68258,0.0
2030-04-08 22:00:00,5955.16688,0.14141,0.60191,0.68199,0.0
2030-04-08 23:00:00,5692.9778,0.16193,0.60191,0.64347,0.0
2030-04-09 00:00:00,5433.35727,0.11123,0.60033,0.64428,0.0
2030-04-09 01:00:00,5278.12171,0.14888,0.60033,0.60748,0.0
2030-04-09 02:00:00,5174.63133,0.09758,0.60033,0.62487,0.0
2030-04-09 03:00:00,5122.88615,0.08393,0.60033,0.62697,0.0
2030-04-09 04:00:00,5122.88615,0.13231,0.60033,0.60043,0.0
2030-04-09 05:00:00,5226.37652,0.08914,0.60033,0.63488,0.0
2030-04-09 06:00:00,5536.84765,0.1704,0.60033,0.62259,0.00779
2030-04-09 07:00:00,6002.55434,0.20862,0.60033,0.65005,0.06121
2030-04-09 08:00:00,6364.77065,0.2481,0.60033,0.66606,0.13295
2030-04-09 09:00:00,6468.26103,0.29998,0.60033,0.64836,0.24878
2030-04-09 10:00:00,6468.26103,0.37023,0.60033,0.60983,0.31517
2030-04-09 11:00:00,6416.51584,0.27287,0.60033,0.65786,0.38094
2030-04-09 12:00:00,6364.77065,0.25918,0.60033,0.65999,0.36527
2030-04-09 13:00:00,6313.02547,0.35148,0.60033,0.60397,0.41732
2030-04-09 14:00:00,6261.28028,0.31235,0.60033,0.62005,0.34077
2030-04-09 15:00:00,6313.02547,0.26895,0.60033,0.64924,0.29514
2030-04-09 16:00:00,6571.7514,0.2131,0.60033,0.70679,0.26579
2030-04-09 17:00:00,6882.22253,0.1815,0.75041,0.75642,0.14563
2030-04-09 18:00:00,6882.22253,0.27398,0.75041,0.70568,0.08133
2030-04-09 19:00:00,6675.24178,0.27525,0.75041,0.68346,0.00931
2030-04-09 20:00:00,6416.51584,0.34909,0.75041,0.61604,0.0
2030-04-09 21:00:00,6157.7899,0.4036,0.60033,0.55923,0.0
2030-04-09 22:00:00,5899.06396,0.23116,0.60033,0.62692,0.0
2030-04-09 23:00:00,5640.33802,0.2106,0.60033,0.6113,0.0
2030-04-10 00:00:00,5390.35674,0.25443,0.59875,0.56126,0.0
2030-04-10 01:00:00,5236.91286,0.24051,0.59875,0.55293,0.0
2030-04-10 02:00:00,5134.61695,0.29436,0.59875,0.51275,0.0
2030-04-10 03:00:00,5083.46899,0.30904,0.59875,0.49938,0.0
2030-04-10 04:00:00,5083.46899,0.24245,0.59875,0.53591,0.0
2030-04-10 05:00:00,5185.7649,0.28499,0.59875,0.52321,0.0
2030-04-10 06:00:00,5492.65265,0.31813,0.59875,0.53694,0.00988
2030-04-10 07:00:00,5952.98428,0.34759,0.59875,0.56866,0.10202
2030-04-10 08:00:00,6311.01998,0.31612,0.59875,0.62316,0.17575
2030-04-10 09:00:00,6413.3159,0.33507,0.59875,0.6234,0.29049
2030-04-10 10:00:00,6413.3159,0.36054,0.59875,0.60943,0.40913
2030-04-10 11:00:00,6362.16794,0.36822,0.59875,0.5999,0.49722
2030-04-10 12:00:00,6311.01998,0.3826,0.59875,0.58669,0.41988
2030-04-10 13:00:00,6259.87203,0.4104,0.59875,0.56612,0.37461
2030-04-10 14:00:00,6208.72407,0.32892,0.59875,0.6055,0.28285
2030-04-10 15:00:00,6259.87203,0.36452,0.59875,0.59129,0.19
2030-04-10 16:00:00,6515.61182,0.31072,0.59875,0.6474,0.11889
2030-04-10 17:00:00,6822.49957,0.23766,0.74844,0.7194,0.16145
2030-04-10 18:00:00,6822.49957,0.19846,0.74844,0.7409,0.06894
2030-04-10 19:00:00,6617.90773,0.13691,0.74844,0.75339,0.00975
2030-04-10 20:00:00,6362.16794,0.14956,0.74844,0.71985,0.0
2030-04-10 21:00:00,6106.42815,0.17281,0.59875,0.6805,0.0
2030-04-10 22:00:00,5850.68836,0.247,0.59875,0.6132,0.0
2030-04-10 23:00:00,5594.94857,0.11406,0.59875,0.65954,0.0
2030-04-11 00:00:00,5400.95251,0.11743,0.59717,0.63751,0.0
2030-04-11 01:00:00,5247.06715,0.07785,0.59717,0.64322,0.0
2030-04-11 02:00:00,5144.4769,0.11079,0.59717,0.61448,0.0
2030-04-11 03:00:00,5093.18178,0.13579,0.59717,0.59543,0.0
2030-04-11 04:00:00,5093.18178,0.0948,0.59717,0.61792,0.0
2030-04-11 05:00:00,5195.77202,0.08034,0.59717,0.63653,0.0
2030-04-11 06:00:00,5503.54275,0.0857,0.59717,0.66559,0.00951
2030-04-11 07:00:00,5965.19885,0.11022,0.59717,0.70015,0.061
2030-04-11 08:00:00,6324.2647,0.15434,0.59717,0.71329,0.14634
2030-04-11 09:00:00,6426.85495,0.12766,0.59717,0.7386,0.2172
2030-04-11 10:00:00,6426.85495,0.12776,0.59717,0.73854,0.30645
2030-04-11 11:00:00,6375.55982,0.1145,0.59717,0.74048,0.37074
2030-04-11 12:00:00,6324.2647,0.06101,0.59717,0.76449,0.41537
2030-04-11 13:00:00,6272.96958,0.06889,0.59717,0.75483,0.45346
2030-04-11 14:00:00,6221.67446,0.07073,0.59717,0.74849,0.39888
2030-04-11 15:00:00,6272.96958,0.04134,0.59717,0.76995,0.38197
2030-04-11 16:00:00,6529.44519,0.03821,0.59717,0.79834,0.27652
2030-04-11 17:00:00,6837.21592,0.0247,0.74646,0.83776,0.25023
2030-04-11 18:00:00,6837.21592,0.03758,0.74646,0.83069,0.11292
2030-04-11 19:00:00,6632.03543,0.03301,0.74646,0.81186,0.01096
2030-04-11 20:00:00,6375.55982,0.03396,0.74646,0.78467,0.0
2030-04-11 21:00:00,6119.08422,0.08566,0.59717,0.72963,0.0
2030-04-11 22:00:00,5862.60861,0.12026,0.59717,0.68397,0.0
2030-04-11 23:00:00,5606.133,0.16122,0.59717,0.63483,0.0
2030-04-12 00:00:00,5470.03609,0.16567,0.59558,0.61824,0.0
2030-04-12 01:00:00,5313.27224,0.14782,0.59558,0.61173,0.0
2030-04-12 02:00:00,5208.76301,0.19805,0.59558,0.5733,0.0
2030-04-12 03:00:00,5156.5084,0.19053,0.59558,0.57199,0.0
2030-04-12 04:00:00,5156.5084,0.23437,0.59558,0.54794,0.0
2030-04-12 05:00:00,5261.01763,0.17974,0.59558,0.58878,0.0
2030-04-12 06:00:00,5574.54532,0.1652,0.59558,0.62936,0.00901
2030-04-12 07:00:00,6044.83687,0.10343,0.59558,0.71216,0.05281
2030-04-12 08:00:00,6410.61918,0.12248,0.59558,0.73975,0.10786
2030-04-12 09:00:00,6515.12841,0.16402,0.59558,0.72783,0.15538
2030-04-12 10:00:00,6515.12841,0.13554,0.59558,0.74345,0.20691
2030-04-12 11:00:00,6462.87379,0.1624,0.59558,0.72328,0.25308
2030-04-12 12:00:00,6410.61918,0.1326,0.59558,0.7342,0.32553
2030-04-12 13:00:00,6358.36456,0.12323,0.59558,0.7339,0.3224
2030-04-12 14:00:00,6306.10995,0.10498,0.59558,0.73848,0.32444
2030-04-12 15:00:00,6358.36456,0.08035,0.59558,0.75742,0.4168
2030-04-12 16:00:00,6619.63764,0.07615,0.59558,0.7869,0.25412
2030-04-12 17:00:00,6933.16534,0.05977,0.74448,0.8285,0.21943
2030-04-12 18:00:00,6933.16534,0.05378,0.74448,0.83178,0.09755
2030-04-12 19:00:00,6724.14687,0.08995,0.74448,0.7902,0.01409
2030-04-12 20:00:00,6462.87379,0.08564,0.74448,0.76539,0.0
2030-04-12 21:00:00,6201.60071,0.10709,0.59558,0.72645,0.0
2030-04-12 22:00:00,5940.32764,0.08011,0.59558,0.71408,0.0
2030-04-12 23:00:00,5679.05456,0.0672,0.59558,0.69399,0.0
2030-04-13 00:00:00,5017.29951,0.12461,0.59399,0.59367,0.0
2030-04-13 01:00:00,4879.39969,0.134,0.59399,0.57419,0.0
2030-04-13 02:00:00,4787.46647,0.18937,0.59399,0.53424,0.0
2030-04-13 03:00:00,4741.49986,0.17739,0.59399,0.53604,0.0
2030-04-13 04:00:00,4741.49986,0.19861,0.59399,0.5244,0.0
2030-04-13 05:00:00,4833.43308,0.26156,0.59399,0.49942,0.0
2030-04-13 06:00:00,5109.23273,0.28853,0.59399,0.51331,0.01152
2030-04-13 07:00:00,5522.9322,0.33152,0.59399,0.53275,0.07545
2030-04-13 08:00:00,5844.69845,0.34557,0.59399,0.5585,0.1556
2030-04-13 09:00:00,5936.63167,0.38562,0.59399,0.5461,0.16901
2030-04-13 10:00:00,5936.63167,0.37302,0.59399,0.55301,0.25122
2030-04-13 11:00:00,5890.66506,0.36842,0.59399,0.55075,0.25168
2030-04-13 12:00:00,5844.69845,0.31773,0.59399,0.57378,0.25595
2030-04-13 13:00:00,5798.73184,0.37515,0.59399,0.5375,0.30237
2030-04-13 14:00:00,5752.76523,0.40817,0.59399,0.5146,0.3531
2030-04-13 15:00:00,5798.73184,0.41665,0.59399,0.51473,0.3963
2030-04-13 16:00:00,6028.56488,0.37721,0.59399,0.56027,0.337
2030-04-13 17:00:00,6304.36453,0.25528,0.74249,0.65584,0.25036
2030-04-13 18:00:00,6304.36453,0.21562,0.74249,0.6776,0.12295
2030-04-13 19:00:00,6120.4981,0.15692,0.74249,0.69068,0.01342
2030-04-13 20:00:00,5890.66506,0.15153,0.74249,0.66974,0.0
2030-04-13 21:00:00,5660.83202,0.13057,0.59399,0.65733,0.0
2030-04-13 22:00:00,5430.99898,0.11235,0.59399,0.64343,0.0
2030-04-13 23:00:00,5201.16594,0.09594,0.59399,0.62853,0.0
2030-04-14 00:00:00,5135.76555,0.08021,0.5924,0.63035,0.0
2030-04-14 01:00:00,4992.92964,0.09278,0.5924,0.60861,0.0
2030-04-14 02:00:00,4897.7057,0.05382,0.5924,0.62007,0.0
2030-04-14 03:00:00,4850.09373,0.05652,0.5924,0.61364,0.0
2030-04-14 04:00:00,4850.09373,0.05038,0.5924,0.61701,0.0
2030-04-14 05:00:00,4945.31767,0.06134,0.5924,0.6209,0.0
2030-04-14 06:00:00,5230.98949,0.06566,0.5924,0.64824,0.01637
2030-04-14 07:00:00,5659.49721,0.03668,0.5924,0.7087,0.08439
2030-04-14 08:00:00,5992.781,0.0516,0.5924,0.73518,0.1395
2030-04-14 09:00:00,6088.00494,0.05356,0.5924,0.74401,0.23057
2030-04-14 10:00:00,6088.00494,0.02908,0.5924,0.75744,0.26384
2030-04-14 11:00:00,6040.39297,0.03938,0.5924,0.74683,0.26769
2030-04-14 12:00:00,5992.781,0.05447,0.5924,0.73361,0.20465
2030-04-14 13:00:00,5945.16903,0.04897,0.5924,0.73167,0.14345
2030-04-14 14:00:00,5897.55706,0.05509,0.5924,0.72336,0.1634
2030-04-14 15:00:00,5945.16903,0.08432,0.5924,0.71228,0.12747
2030-04-14 16:00:00,6183.22888,0.0644,0.5924,0.74796,0.14406
2030-04-14 17:00:00,6468.90069,0.05418,0.74051,0.78328,0.11204
2030-04-14 18:00:00,6468.90069,0.04817,0.74051,0.78658,0.07046
2030-04-14 19:00:00,6278.45281,0.05392,0.74051,0.76362,0.01522
2030-04-14 20:00:00,6040.39297,0.09319,0.74051,0.71731,0.0
2030-04-14 21:00:00,5802.33312,0.06999,0.5924,0.70529,0.0
2030-04-14 22:00:00,5564.27327,0.09222,0.5924,0.66833,0.0
2030-04-14 23:00:00,5326.21343,0.10432,0.5924,0.63693,0.0
2030-04-15 00:00:00,5557.40076,0.0948,0.59081,0.6662,0.0
2030-04-15 01:00:00,5396.99671,0.13007,0.59081,0.63017,0.0
2030-04-15 02:00:00,5290.06069,0.12257,0.59081,0.62316,0.0
2030-04-15 03:00:00,5236.59267,0.17765,0.59081,0.58738,0.0
2030-04-15 04:00:00,5236.59267,0.10903,0.59081,0.62503,0.0
2030-04-15 05:00:00,5343.5287,0.19928,0.59081,0.58664,0.0
2030-04-15 06:00:00,5664.33678,0.28143,0.59081,0.57493,0.01519
2030-04-15 07:00:00,6145.54891,0.2851,0.59081,0.62297,0.14096
2030-04-15 08:00:00,6519.82501,0.32866,0.59081,0.63799,0.24525
2030-04-15 09:00:00,6626.76104,0.48743,0.59081,0.56202,0.3432
2030-04-15 10:00:00,6626.76104,0.58213,0.59081,0.51006,0.35367
2030-04-15 11:00:00,6573.29302,0.68692,0.59081,0.44702,0.35977
2030-04-15 12:00:00,6519.82501,0.68418,0.59081,0.44295,0.23597
2030-04-15 13:00:00,6466.35699,0.59608,0.59081,0.48573,0.23475
2030-04-15 14:00:00,6412.88898,0.55878,0.59081,0.50063,0.33132
2030-04-15 15:00:00,6466.35699,0.65344,0.59081,0.45426,0.25197
2030-04-15 16:00:00,6733.69706,0.75449,0.59081,0.42662,0.13258
2030-04-15 17:00:00,7054.50515,0.72541,0.73852,0.47594,0.12316
2030-04-15 18:00:00,7054.50515,0.56335,0.73852,0.56485,0.06579
2030-04-15 19:00:00,6840.63309,0.66491,0.73852,0.48689,0.01661
2030-04-15 20:00:00,6573.29302,0.71118,0.73852,0.4337,0.0
2030-04-15 21:00:00,6305.95295,0.7442,0.59081,0.38778,0.0
2030-04-15 22:00:00,6038.61288,0.77383,0.59081,0.34373,0.0
2030-04-15 23:00:00,5771.27281,0.85813,0.59081,0.26968,0.0
2030-04-16 00:00:00,5669.49736,0.82672,0.58922,0.27632,0.0
2030-04-16 01:00:00,5504.42263,0.81639,0.58922,0.26482,0.0
2030-04-16 02:00:00,5394.37281,0.81415,0.58922,0.25461,0.0
2030-04-16 03:00:00,5339.3479,0.76557,0.58922,0.27554,0.0
2030-04-16 04:00:00,5339.3479,0.75447,0.58922,0.28163,0.0
2030-04-16 05:00:00,5449.39772,0.84074,0.58922,0.24574,0.0
2030-04-16 06:00:00,5779.54719,0.79413,0.58922,0.30565,0.02073
2030-04-16 07:00:00,6274.77139,0.81212,0.58922,0.34728,0.10345
2030-04-16 08:00:00,6659.94577,0.82147,0.58922,0.38221,0.13416
2030-04-16 09:00:00,6769.99559,0.81637,0.58922,0.39645,0.197
2030-04-16 10:00:00,6769.99559,0.78878,0.58922,0.41159,0.2873
2030-04-16 11:00:00,6714.97068,0.7223,0.58922,0.44234,0.38904
2030-04-16 12:00:00,6659.94577,0.75084,0.58922,0.42096,0.40486
2030-04-16 13:00:00,6604.92086,0.78549,0.58922,0.39623,0.4115
2030-04-16 14:00:00,6549.89595,0.68956,0.58922,0.44313,0.42183
2030-04-16 15:00:00,6604.92086,0.69858,0.58922,0.4439,0.45217
2030-04-16 16:00:00,6880.04541,0.68895,0.58922,0.4778,0.37666
2030-04-16 17:00:00,7210.19488,0.73823,0.73653,0.4851,0.20779
2030-04-16 18:00:00,7210.19488,0.74729,0.73653,0.48013,0.11127
2030-04-16 19:00:00,6990.09524,0.76832,0.73653,0.4457,0.01871
2030-04-16 20:00:00,6714.97068,0.70981,0.73653,0.44919,0.0
2030-04-16 21:00:00,6439.84612,0.65719,0.58922,0.44944,0.0
2030-04-16 22:00:00,6164.72157,0.66779,0.58922,0.41502,0.0
2030-04-16 23:00:00,5889.59701,0.74561,0.58922,0.34371,0.0
2030-04-17 00:00:00,5497.42277,0.61212,0.58763,0.37616,0.0
2030-04-17 01:00:00,5339.51781,0.46322,0.58763,0.44143,0.0
2030-04-17 02:00:00,5234.24784,0.28752,0.58763,0.52686,0.0
2030-04-17 03:00:00,5181.61285,0.53903,0.58763,0.38341,0.0
2030-04-17 04:00:00,5181.61285,0.65088,0.58763,0.32205,0.0
2030-04-17 05:00:00,5286.88283,0.64008,0.58763,0.33892,0.0
2030-04-17 06:00:00,5602.69275,0.61052,0.58763,0.38798,0.02107
2030-04-17 07:00:00,6076.40762,0.63391,0.58763,0.42442,0.08747
2030-04-17 08:00:00,6444.85253,0.78138,0.58763,0.38183,0.15442
2030-04-17 09:00:00,6550.1225,0.71687,0.58763,0.42817,0.23914
2030-04-17 10:00:00,6550.1225,0.65739,0.58763,0.46081,0.20187
2030-04-17 11:00:00,6497.48752,0.75913,0.58763,0.39951,0.33273
2030-04-17 12:00:00,6444.85253,0.79565,0.58763,0.37401,0.37742
2030-04-17 13:00:00,6392.21754,0.80514,0.58763,0.36333,0.46729
2030-04-17 14:00:00,6339.58256,0.59651,0.58763,0.47231,0.39325
2030-04-17 15:00:00,6392.21754,0.55155,0.58763,0.50244,0.35125
2030-04-17 16:00:00,6655.39248,0.52902,0.58763,0.54218,0.32366
2030-04-17 17:00:00,6971.20239,0.66024,0.73454,0.50303,0.22523
2030-04-17 18:00:00,6971.20239,0.6224,0.73454,0.52379,0.09794
2030-04-17 19:00:00,6760.66245,0.64853,0.73454,0.48756,0.01993
2030-04-17 20:00:00,6497.48752,0.67256,0.73454,0.44701,0.0
2030-04-17 21:00:00,6234.31258,0.6174,0.58763,0.4499,0.0
2030-04-17 22:00:00,5971.13765,0.68783,0.58763,0.38389,0.0
2030-04-17 23:00:00,5707.96272,0.60116,0.58763,0.40407,0.0
2030-04-18 00:00:00,5359.97358,0.58839,0.58604,0.37488,0.0
2030-04-18 01:00:00,5207.79567,0.60397,0.58604,0.35051,0.0
2030-04-18 02:00:00,5106.34373,0.65661,0.58604,0.31108,0.0
2030-04-18 03:00:00,5055.61776,0.62458,0.58604,0.32338,0.0
2030-04-18 04:00:00,5055.61776,0.61076,0.58604,0.33096,0.0
2030-04-18 05:00:00,5157.0697,0.50265,0.58604,0.40082,0.0
2030-04-18 06:00:00,5461.42552,0.35725,0.58604,0.51224,0.02626
2030-04-18 07:00:00,5917.95925,0.27275,0.58604,0.60607,0.06627
2030-04-18 08:00:00,6273.04103,0.33248,0.58604,0.61023,0.09583
2030-04-18 09:00:00,6374.49297,0.43613,0.58604,0.56392,0.1208
2030-04-18 10:00:00,6374.49297,0.52654,0.58604,0.51432,0.26464
2030-04-18 11:00:00,6323.767,0.51101,0.58604,0.51757,0.25212
2030-04-18 12:00:00,6273.04103,0.40391,0.58604,0.57105,0.2728
2030-04-18 13:00:00,6222.31507,0.43751,0.58604,0.54734,0.31872
2030-04-18 14:00:00,6171.5891,0.44982,0.58604,0.53531,0.30663
2030-04-18 15:00:00,6222.31507,0.53358,0.58604,0.49464,0.22501
2030-04-18 16:00:00,6475.94491,0.55073,0.58604,0.5116,0.1541
2030-04-18 17:00:00,6780.30073,0.48123,0.73255,0.58138,0.13451
2030-04-18 18:00:00,6780.30073,0.37213,0.73255,0.64124,0.05786
2030-04-18 19:00:00,6577.39685,0.3676,0.73255,0.62262,0.01683
2030-04-18 20:00:00,6323.767,0.47766,0.73255,0.53586,0.0
2030-04-18 21:00:00,6070.13716,0.53201,0.58604,0.47967,0.0
2030-04-18 22:00:00,5816.50731,0.52715,0.58604,0.45596,0.0
2030-04-18 23:00:00,5562.87746,0.48914,0.58604,0.45044,0.0
2030-04-19 00:00:00,5454.32887,0.58856,0.58445,0.3846,0.0
2030-04-19 01:00:00,5298.21949,0.57889,0.58445,0.37367,0.0
2030-04-19 02:00:00,5194.14657,0.66022,0.58445,0.31823,0.0
2030-04-19 03:00:00,5142.11011,0.52095,0.58445,0.38922,0.0
2030-04-19 04:00:00,5142.11011,0.67845,0.58445,0.30282,0.0
2030-04-19 05:00:00,5246.18303,0.72981,0.58445,0.28546,0.0
2030-04-19 06:00:00,5558.40179,0.70626,0.58445,0.33085,0.01504
2030-04-19 07:00:00,6026.72993,0.78661,0.58445,0.33548,0.06684
2030-04-19 08:00:00,6390.98515,0.81779,0.58445,0.35626,0.17437
2030-04-19 09:00:00,6495.05807,0.78321,0.58445,0.38605,0.25796
2030-04-19 10:00:00,6495.05807,0.77798,0.58445,0.38892,0.28244
2030-04-19 11:00:00,6443.02161,0.80449,0.58445,0.36896,0.3624
2030-04-19 12:00:00,6390.98515,0.75535,0.58445,0.39051,0.26828
2030-04-19 13:00:00,6338.94869,0.68562,0.58445,0.42335,0.27803
2030-04-19 14:00:00,6286.91223,0.62788,0.58445,0.44962,0.13718
2030-04-19 15:00:00,6338.94869,0.64492,0.58445,0.44568,0.18049
2030-04-19 16:00:00,6599.13099,0.77488,0.58445,0.40144,0.10493
2030-04-19 17:00:00,6911.34975,0.78996,0.73057,0.42565,0.06085
2030-04-19 18:00:00,6911.34975,0.80315,0.73057,0.41841,0.02406
2030-04-19 19:00:00,6703.20391,0.75468,0.73057,0.42335,0.00729
2030-04-19 20:00:00,6443.02161,0.77815,0.73057,0.38342,0.0
2030-04-19 21:00:00,6182.83931,0.82427,0.58445,0.33106,0.0
2030-04-19 22:00:00,5922.65701,0.77676,0.58445,0.33006,0.0
2030-04-19 23:00:00,5662.47471,0.74349,0.58445,0.32126,0.0
2030-04-20 00:00:00,5079.48712,0.7891,0.58286,0.2356,0.0
2030-04-20 01:00:00,4938.99615,0.86105,0.58286,0.18152,0.0
2030-04-20 02:00:00,4845.3355,0.84885,0.58286,0.17847,0.0
2030-04-20 03:00:00,4798.50517,0.86774,0.58286,0.16324,0.0
2030-04-20 04:00:00,4798.50517,0.86832,0.58286,0.16292,0.0
2030-04-20 05:00:00,4892.16582,0.82914,0.58286,0.19416,0.0
2030-04-20 06:00:00,5173.14777,0.83838,0.58286,0.21831,0.0267
2030-04-20 07:00:00,5594.62069,0.87653,0.58286,0.24121,0.06635
2030-04-20 08:00:00,5922.43297,0.86389,0.58286,0.28224,0.11397
2030-04-20 09:00:00,6016.09362,0.87816,0.58286,0.28415,0.09878
2030-04-20 10:00:00,6016.09362,0.8728,0.58286,0.28709,0.11631
2030-04-20 11:00:00,5969.26329,0.87401,0.58286,0.28156,0.15131
2030-04-20 12:00:00,5922.43297,0.83366,0.58286,0.29882,0.16406
2030-04-20 13:00:00,5875.60264,0.81491,0.58286,0.30424,0.17354
2030-04-20 14:00:00,5828.77232,0.78484,0.58286,0.31586,0.1416
2030-04-20 15:00:00,5875.60264,0.66886,0.58286,0.38436,0.10714
2030-04-20 16:00:00,6109.75426,0.6951,0.58286,0.39432,0.11951
2030-04-20 17:00:00,6390.73621,0.68907,0.72858,0.42685,0.07936
2030-04-20 18:00:00,6390.73621,0.70043,0.72858,0.42061,0.05445
2030-04-20 19:00:00,6203.41491,0.51501,0.72858,0.50285,0.02066
2030-04-20 20:00:00,5969.26329,0.45563,0.72858,0.51108,0.0
2030-04-20 21:00:00,5735.11167,0.36053,0.58286,0.5389,0.0
2030-04-20 22:00:00,5500.96004,0.34607,0.58286,0.52248,0.0
2030-04-20 23:00:00,5266.80842,0.29302,0.58286,0.52723,0.0
2030-04-21 00:00:00,4966.76217,0.26578,0.58128,0.51098,0.0
2030-04-21 01:00:00,4830.96807,0.1704,0.58128,0.54917,0.0
2030-04-21 02:00:00,4740.43867,0.10368,0.58128,0.57636,0.0
2030-04-21 03:00:00,4695.17397,0.10032,0.58128,0.5735,0.0
2030-04-21 04:00:00,4695.17397,0.07652,0.58128,0.58656,0.0
2030-04-21 05:00:00,4785.70337,0.14639,0.58128,0.55764,0.0
2030-04-21 06:00:00,5057.29157,0.10578,0.58128,0.60817,0.02847
2030-04-21 07:00:00,5464.67387,0.15434,0.58128,0.62389,0.07027
2030-04-21 08:00:00,5781.52678,0.12075,0.58128,0.67527,0.1405
2030-04-21 09:00:00,5872.05618,0.07402,0.58128,0.71032,0.16643
2030-04-21 10:00:00,5872.05618,0.10474,0.58128,0.69347,0.28143
2030-04-21 11:00:00,5826.79148,0.08912,0.58128,0.69733,0.24604
2030-04-21 12:00:00,5781.52678,0.05081,0.58128,0.71364,0.30292
2030-04-21 13:00:00,5736.26208,0.05844,0.58128,0.70475,0.31456
2030-04-21 14:00:00,5690.99738,0.08027,0.58128,0.68806,0.37557
2030-04-21 15:00:00,5736.26208,0.0693,0.58128,0.69879,0.29469
2030-04-21 16:00:00,5962.58558,0.07186,0.58128,0.72092,0.1617
2030-04-21 17:00:00,6234.17378,0.08875,0.7266,0.7399,0.17515
2030-04-21 18:00:00,6234.17378,0.06289,0.7266,0.75409,0.10177
2030-04-21 19:00:00,6053.11498,0.0598,0.7266,0.73695,0.02657
2030-04-21 20:00:00,5826.79148,0.04951,0.7266,0.71906,0.0
2030-04-21 21:00:00,5600.46798,0.02137,0.58128,0.71096,0.0
2030-04-21 22:00:00,5374.14447,0.00675,0.58128,0.69544,0.0
2030-04-21 23:00:00,5147.82097,0.02465,0.58128,0.66209,0.0
2030-04-22 00:00:00,5423.64837,0.02307,0.57969,0.69164,0.0
2030-04-22 01:00:00,5268.81734,0.03026,0.57969,0.6716,0.0
2030-04-22 02:00:00,5165.59666,0.04675,0.57969,0.65181,0.0
2030-04-22 03:00:00,5113.98631,0.04211,0.57969,0.64899,0.0
2030-04-22 04:00:00,5113.98631,0.06657,0.57969,0.63557,0.0
2030-04-22 05:00:00,5217.207,0.04898,0.57969,0.65596,0.0
2030-04-22 06:00:00,5526.86905,0.04376,0.57969,0.69102,0.02361
2030-04-22 07:00:00,5991.36213,0.03529,0.57969,0.74398,0.06854
2030-04-22 08:00:00,6352.63452,0.04073,0.57969,0.77857,0.1321
2030-04-22 09:00:00,6455.8552,0.07778,0.57969,0.76897,0.21336
2030-04-22 10:00:00,6455.8552,0.15964,0.57969,0.72406,0.15042
2030-04-22 11:00:00,6404.24486,0.19552,0.57969,0.69901,0.10132
2030-04-22 12:00:00,6352.63452,0.26382,0.57969,0.65618,0.09645
2030-04-22 13:00:00,6301.02418,0.24681,0.57969,0.66014,0.12824
2030-04-22 14:00:00,6249.41384,0.36233,0.57969,0.5914,0.18207
2030-04-22 15:00:00,6301.02418,0.27567,0.57969,0.64431,0.12405
2030-04-22 16:00:00,6559.07589,0.28865,0.57969,0.66402,0.14653
2030-04-22 17:00:00,6868.73794,0.29085,0.72462,0.69502,0.11246
2030-04-22 18:00:00,6868.73794,0.29235,0.72462,0.6942,0.07433
2030-04-22 19:00:00,6662.29657,0.32715,0.72462,0.65364,0.01975
2030-04-22 20:00:00,6404.24486,0.34416,0.72462,0.61747,0.0
2030-04-22 21:00:00,6146.19315,0.34532,0.57969,0.59,0.0
2030-04-22 22:00:00,5888.14144,0.45932,0.57969,0.50062,0.0
2030-04-22 23:00:00,5630.08973,0.3556,0.57969,0.53068,0.0
2030-04-23 00:00:00,5374.0024,0.44478,0.57811,0.45513,0.0
2030-04-23 01:00:00,5221.23996,0.46783,0.57811,0.42659,0.0
2030-04-23 02:00:00,5119.39833,0.45913,0.57811,0.42077,0.0
2030-04-23 03:00:00,5068.47752,0.51517,0.57811,0.38474,0.0
2030-04-23 04:00:00,5068.47752,0.37877,0.57811,0.45956,0.0
2030-04-23 05:00:00,5170.31915,0.40112,0.57811,0.45789,0.0
2030-04-23 06:00:00,5475.84403,0.42069,0.57811,0.47894,0.03062
2030-04-23 07:00:00,5934.13137,0.36743,0.57811,0.55581,0.15098
2030-04-23 08:00:00,6290.57707,0.41671,0.57811,0.56585,0.29644
2030-04-23 09:00:00,6392.4187,0.37554,0.57811,0.59903,0.43397
2030-04-23 10:00:00,6392.4187,0.56169,0.57811,0.49691,0.49199
2030-04-23 11:00:00,6341.49788,0.59962,0.57811,0.4708,0.56141
2030-04-23 12:00:00,6290.57707,0.54019,0.57811,0.49811,0.63329
2030-04-23 13:00:00,6239.65625,0.49829,0.57811,0.5158,0.49979
2030-04-23 14:00:00,6188.73544,0.64815,0.57811,0.42829,0.40728
2030-04-23 15:00:00,6239.65625,0.64777,0.57811,0.43379,0.34302
2030-04-23 16:00:00,6494.26033,0.39385,0.57811,0.59957,0.25192
2030-04-23 17:00:00,6799.78522,0.49753,0.72264,0.57447,0.16996
2030-04-23 18:00:00,6799.78522,0.60591,0.72264,0.51501,0.12148
2030-04-23 19:00:00,6596.10196,0.67231,0.72264,0.4574,0.031
2030-04-23 20:00:00,6341.49788,0.63781,0.72264,0.44985,0.0
2030-04-23 21:00:00,6086.89381,0.60413,0.57811,0.44185,0.0
2030-04-23 22:00:00,5832.28974,0.58161,0.57811,0.42772,0.0
2030-04-23 23:00:00,5577.68566,0.5424,0.57811,0.42276,0.0
2030-04-24 00:00:00,5486.03428,0.53274,0.57653,0.41852,0.0
2030-04-24 01:00:00,5328.60384,0.46806,0.57653,0.43763,0.0
2030-04-24 02:00:00,5223.65022,0.53371,0.57653,0.3907,0.0
2030-04-24 03:00:00,5171.1734,0.51688,0.57653,0.39448,0.0
2030-04-24 04:00:00,5171.1734,0.45137,0.57653,0.43042,0.0
2030-04-24 05:00:00,5276.12703,0.41489,0.57653,0.46135,0.0
2030-04-24 06:00:00,5590.98791,0.46124,0.57653,0.46866,0.03254
2030-04-24 07:00:00,6063.27922,0.60192,0.57653,0.44061,0.11017
2030-04-24 08:00:00,6430.61692,0.40674,0.57653,0.58588,0.16238
2030-04-24 09:00:00,6535.57054,0.3795,0.57653,0.61174,0.21817
2030-04-24 10:00:00,6535.57054,0.42136,0.57653,0.58878,0.32332
2030-04-24 11:00:00,6483.09373,0.39178,0.57653,0.59955,0.37118
2030-04-24 12:00:00,6430.61692,0.36537,0.57653,0.60858,0.33562
2030-04-24 13:00:00,6378.1401,0.33298,0.57653,0.62089,0.18408
2030-04-24 14:00:00,6325.66329,0.35055,0.57653,0.60579,0.16455
2030-04-24 15:00:00,6378.1401,0.29422,0.57653,0.64215,0.11725
2030-04-24 16:00:00,6640.52417,0.368,0.57653,0.62896,0.08025
2030-04-24 17:00:00,6955.38505,0.44564,0.72066,0.61912,0.09275
2030-04-24 18:00:00,6955.38505,0.47482,0.72066,0.60311,0.06666
2030-04-24 19:00:00,6745.47779,0.36657,0.72066,0.64067,0.02809
2030-04-24 20:00:00,6483.09373,0.24168,0.72066,0.68189,0.0
2030-04-24 21:00:00,6220.70966,0.21356,0.57653,0.67003,0.0
2030-04-24 22:00:00,5958.3256,0.30609,0.57653,0.59198,0.0
2030-04-24 23:00:00,5695.94153,0.1982,0.57653,0.62388,0.0
2030-04-25 00:00:00,5529.01968,0.21479,0.57496,0.59742,0.0
2030-04-25 01:00:00,5369.79818,0.16264,0.57496,0.60947,0.0
2030-04-25 02:00:00,5263.65051,0.18021,0.57496,0.5888,0.0
2030-04-25 03:00:00,5210.57668,0.1096,0.57496,0.62201,0.0
2030-04-25 04:00:00,5210.57668,0.11303,0.57496,0.62013,0.0
2030-04-25 05:00:00,5316.72435,0.07974,0.57496,0.64943,0.0
2030-04-25 06:00:00,5635.16734,0.11241,0.57496,0.66462,0.03586
2030-04-25 07:00:00,6112.83183,0.22872,0.57496,0.6505,0.09337
2030-04-25 08:00:00,6484.34866,0.20515,0.57496,0.70206,0.14847
2030-04-25 09:00:00,6590.49632,0.25464,0.57496,0.68595,0.26215
2030-04-25 10:00:00,6590.49632,0.15539,0.57496,0.7404,0.32081
2030-04-25 11:00:00,6537.42249,0.22833,0.57496,0.69487,0.34213
2030-04-25 12:00:00,6484.34866,0.29891,0.57496,0.65063,0.35795
2030-04-25 13:00:00,6431.27483,0.21726,0.57496,0.6899,0.28293
2030-04-25 14:00:00,6378.20099,0.16409,0.57496,0.71355,0.24493
2030-04-25 15:00:00,6431.27483,0.15109,0.57496,0.7262,0.16305
2030-04-25 16:00:00,6696.64399,0.14753,0.57496,0.75575,0.15399
2030-04-25 17:00:00,7015.08698,0.10768,0.7187,0.81073,0.10735
2030-04-25 18:00:00,7015.08698,0.131,0.7187,0.79794,0.07435
2030-04-25 19:00:00,6802.79165,0.212,0.7187,0.73142,0.01697
2030-04-25 20:00:00,6537.42249,0.20638,0.7187,0.7069,0.0
2030-04-25 21:00:00,6272.05333,0.15207,0.57496,0.70911,0.0
2030-04-25 22:00:00,6006.68417,0.13962,0.57496,0.68834,0.0
2030-04-25 23:00:00,5741.31501,0.13671,0.57496,0.66233,0.0
2030-04-26 00:00:00,5566.58759,0.16541,0.57339,0.62842,0.0
2030-04-26 01:00:00,5405.80077,0.24947,0.57339,0.56558,0.0
2030-04-26 02:00:00,5298.60955,0.23064,0.57339,0.56476,0.0
2030-04-26 03:00:00,5245.01394,0.32429,0.57339,0.50781,0.0
2030-04-26 04:00:00,5245.01394,0.17021,0.57339,0.59234,0.0
2030-04-26 05:00:00,5352.20516,0.0815,0.57339,0.65216,0.0
2030-04-26 06:00:00,5673.77881,0.09978,0.57339,0.67557,0.03321
2030-04-26 07:00:00,6156.13929,0.06527,0.57339,0.74467,0.08178
2030-04-26 08:00:00,6531.30856,0.06075,0.57339,0.78616,0.09801
2030-04-26 09:00:00,6638.49977,0.06601,0.57339,0.79443,0.13287
2030-04-26 10:00:00,6638.49977,0.05361,0.57339,0.80123,0.2425
2030-04-26 11:00:00,6584.90417,0.0814,0.57339,0.78041,0.28934
2030-04-26 12:00:00,6531.30856,0.12691,0.57339,0.74987,0.35369
2030-04-26 13:00:00,6477.71295,0.06372,0.57339,0.77896,0.36479
2030-04-26 14:00:00,6424.11734,0.06025,0.57339,0.77529,0.32171
2030-04-26 15:00:00,6477.71295,0.02595,0.57339,0.79968,0.23515
2030-04-26 16:00:00,6745.69099,0.02911,0.57339,0.82582,0.19286
2030-04-26 17:00:00,7067.26465,0.04342,0.71673,0.85141,0.135
2030-04-26 18:00:00,7067.26465,0.03624,0.71673,0.85535,0.10952
2030-04-26 19:00:00,6852.88221,0.02313,0.71673,0.84024,0.0333
2030-04-26 20:00:00,6584.90417,0.01188,0.71673,0.81855,0.0
2030-04-26 21:00:00,6316.92612,0.00751,0.57339,0.79308,0.0
2030-04-26 22:00:00,6048.94808,0.01207,0.57339,0.7627,0.0
2030-04-26 23:00:00,5780.97003,0.00905,0.57339,0.73649,0.0
2030-04-27 00:00:00,5053.2577,0.01475,0.57182,0.65769,0.0
2030-04-27 01:00:00,4913.85962,0.0159,0.57182,0.64256,0.0
2030-04-27 02:00:00,4820.92757,0.02696,0.57182,0.62682,0.0
2030-04-27 03:00:00,4774.46154,0.04897,0.57182,0.60992,0.0
2030-04-27 04:00:00,4774.46154,0.05501,0.57182,0.6066,0.0
2030-04-27 05:00:00,4867.39359,0.04652,0.57182,0.62093,0.0
2030-04-27 06:00:00,5146.18976,0.04084,0.57182,0.65304,0.03471
2030-04-27 07:00:00,5564.384,0.04222,0.57182,0.69577,0.07767
2030-04-27 08:00:00,5889.64619,0.03264,0.57182,0.73485,0.16349
2030-04-27 09:00:00,5982.57825,0.01711,0.57182,0.75304,0.15356
2030-04-27 10:00:00,5982.57825,0.01906,0.57182,0.75197,0.15359
2030-04-27 11:00:00,5936.11222,0.03491,0.57182,0.73844,0.24049
2030-04-27 12:00:00,5889.64619,0.02204,0.57182,0.74067,0.16228
2030-04-27 13:00:00,5843.18016,0.02645,0.57182,0.73342,0.23507
2030-04-27 14:00:00,5796.71414,0.03066,0.57182,0.72628,0.22571
2030-04-27 15:00:00,5843.18016,0.04788,0.57182,0.72166,0.21199
2030-04-27 16:00:00,6075.5103,0.05514,0.57182,0.74184,0.27399
2030-04-27 17:00:00,6354.30646,0.05545,0.71477,0.77066,0.18514
2030-04-27 18:00:00,6354.30646,0.05563,0.71477,0.77057,0.09692
2030-04-27 19:00:00,6168.44235,0.06584,0.71477,0.74563,0.03389
2030-04-27 20:00:00,5936.11222,0.06488,0.71477,0.722,0.0
2030-04-27 21:00:00,5703.78208,0.08234,0.57182,0.68826,0.0
2030-04-27 22:00:00,5471.45195,0.0798,0.57182,0.66549,0.0
2030-04-27 23:00:00,5239.12181,0.089,0.57182,0.63628,0.0
2030-04-28 00:00:00,4992.1802,0.05038,0.57026,0.63179,0.0
2030-04-28 01:00:00,4855.32701,0.0291,0.57026,0.62923,0.0
2030-04-28 02:00:00,4764.09156,0.02097,0.57026,0.6242,0.0
2030-04-28 03:00:00,4718.47383,0.01199,0.57026,0.62438,0.0
2030-04-28 04:00:00,4718.47383,0.01941,0.57026,0.62031,0.0
2030-04-28 05:00:00,4809.70929,0.02989,0.57026,0.62405,0.0
2030-04-28 06:00:00,5083.41566,0.03739,0.57026,0.6484,0.03929
2030-04-28 07:00:00,5493.97521,0.02858,0.57026,0.69593,0.11655
2030-04-28 08:00:00,5813.29931,0.02534,0.57026,0.73092,0.21893
2030-04-28 09:00:00,5904.53477,0.03931,0.57026,0.73274,0.25583
2030-04-28 10:00:00,5904.53477,0.02698,0.57026,0.7395,0.32922
2030-04-28 11:00:00,5858.91704,0.03655,0.57026,0.72951,0.47909
2030-04-28 12:00:00,5813.29931,0.06292,0.57026,0.7103,0.3579
2030-04-28 13:00:00,5767.68158,0.0415,0.57026,0.71731,0.21215
2030-04-28 14:00:00,5722.06386,0.06257,0.57026,0.70101,0.15854
2030-04-28 15:00:00,5767.68158,0.06926,0.57026,0.70208,0.22932
2030-04-28 16:00:00,5995.77023,0.11743,0.57026,0.69937,0.30795
2030-04-28 17:00:00,6269.4766,0.08576,0.71282,0.74521,0.20899
2030-04-28 18:00:00,6269.4766,0.11878,0.71282,0.7271,0.09746
2030-04-28 19:00:00,6087.00568,0.08359,0.71282,0.72743,0.02364
2030-04-28 20:00:00,5858.91704,0.08831,0.71282,0.70112,0.0
2030-04-28 21:00:00,5630.8284,0.11254,0.57026,0.66411,0.0
2030-04-28 22:00:00,5402.73976,0.12591,0.57026,0.63305,0.0
2030-04-28 23:00:00,5174.65111,0.06679,0.57026,0.64176,0.0
2030-04-29 00:00:00,5468.56846,0.1212,0.5687,0.64248,0.0
2030-04-29 01:00:00,5311.86576,0.08282,0.5687,0.64723,0.0
2030-04-29 02:00:00,5207.3973,0.12254,0.5687,0.61458,0.0
2030-04-29 03:00:00,5155.16306,0.10149,0.5687,0.6207,0.0
2030-04-29 04:00:00,5155.16306,0.14039,0.5687,0.59936,0.0
2030-04-29 05:00:00,5259.63153,0.12126,0.5687,0.62072,7e-05
2030-04-29 06:00:00,5573.03692,0.09268,0.5687,0.66899,0.02904
2030-04-29 07:00:00,6043.14501,0.10638,0.5687,0.71036,0.05555
2030-04-29 08:00:00,6408.78463,0.08373,0.5687,0.76082,0.09971
2030-04-29 09:00:00,6513.2531,0.11844,0.5687,0.75264,0.15369
2030-04-29 10:00:00,6513.2531,0.16398,0.5687,0.72766,0.21386
2030-04-29 11:00:00,6461.01887,0.22641,0.5687,0.68797,0.16062
2030-04-29 12:00:00,6408.78463,0.25709,0.5687,0.66571,0.22382
2030-04-29 13:00:00,6356.5504,0.17421,0.5687,0.70574,0.34299
2030-04-29 14:00:00,6304.31617,0.20035,0.5687,0.68597,0.34445
2030-04-29 15:00:00,6356.5504,0.19615,0.5687,0.69371,0.20634
2030-04-29 16:00:00,6617.72156,0.21282,0.5687,0.71172,0.16296
2030-04-29 17:00:00,6931.12695,0.26237,0.71088,0.71714,0.07855
2030-04-29 18:00:00,6931.12695,0.19075,0.71088,0.75643,0.05342
2030-04-29 19:00:00,6722.19003,0.10676,0.71088,0.78077,0.03172
2030-04-29 20:00:00,6461.01887,0.10245,0.71088,0.75598,0.0
2030-04-29 21:00:00,6199.84771,0.13387,0.5687,0.71158,0.0
2030-04-29 22:00:00,5938.67655,0.1079,0.5687,0.69866,0.0
2030-04-29 23:00:00,5677.50539,0.12695,0.5687,0.66105,0.0
2030-04-30 00:00:00,5414.22177,0.15165,0.56715,0.62012,0.0
2030-04-30 01:00:00,5259.78352,0.1636,0.56715,0.5975,0.0
2030-04-30 02:00:00,5156.82468,0.20814,0.56715,0.56236,0.0
2030-04-30 03:00:00,5105.34527,0.24237,0.56715,0.53823,0.0
2030-04-30 04:00:00,5105.34527,0.1982,0.56715,0.56246,0.0
2030-04-30 05:00:00,5208.3041,0.1798,0.56715,0.58326,8e-05
2030-04-30 06:00:00,5517.1806,0.18907,0.56715,0.6103,0.04529
2030-04-30 07:00:00,5980.49535,0.19809,0.56715,0.65354,0.10002
2030-04-30 08:00:00,6340.85127,0.18169,0.56715,0.70001,0.14325
2030-04-30 09:00:00,6443.81011,0.14526,0.56715,0.7307,0.16834
2030-04-30 10:00:00,6443.81011,0.15668,0.56715,0.72444,0.16117
2030-04-30 11:00:00,6392.33069,0.14548,0.56715,0.72523,0.15479
2030-04-30 12:00:00,6340.85127,0.15411,0.56715,0.71514,0.18281
2030-04-30 13:00:00,6289.37186,0.13655,0.56715,0.71942,0.20841
2030-04-30 14:00:00,6237.89244,0.08211,0.56715,0.74393,0.20237
2030-04-30 15:00:00,6289.37186,0.11978,0.56715,0.72862,0.29372
2030-04-30 16:00:00,6546.76894,0.076,0.56715,0.7794,0.20495
2030-04-30 17:00:00,6855.64544,0.10124,0.70894,0.79768,0.11851
2030-04-30 18:00:00,6855.64544,0.09432,0.70894,0.80148,0.07171
2030-04-30 19:00:00,6649.72778,0.12065,0.70894,0.76562,0.02987
2030-04-30 20:00:00,6392.33069,0.17587,0.70894,0.70855,0.0
2030-04-30 21:00:00,6134.93361,0.12093,0.56715,0.71193,0.0
2030-04-30 22:00:00,5877.53652,0.10631,0.56715,0.69318,0.0
2030-04-30 23:00:00,5620.13944,0.08327,0.56715,0.67905,0.0
2030-05-01 00:00:00,5431.60142,0.0599,0.56561,0.67226,0.0
2030-05-01 01:00:00,5276.43902,0.06267,0.56561,0.65461,0.0
2030-05-01 02:00:00,5172.99742,0.10117,0.56561,0.62273,0.0
2030-05-01 03:00:00,5121.27662,0.08946,0.56561,0.62377,0.0
2030-05-01 04:00:00,5121.27662,0.0579,0.56561,0.64109,0.0
2030-05-01 05:00:00,5224.71822,0.04287,0.56561,0.66009,0.00059
2030-05-01 06:00:00,5535.04302,0.04635,0.56561,0.69045,0.04136
2030-05-01 07:00:00,6000.53023,0.05311,0.56561,0.73515,0.07997
2030-05-01 08:00:00,6362.57584,0.07046,0.56561,0.76329,0.2333
2030-05-01 09:00:00,6466.01744,0.09369,0.56561,0.76131,0.35494
2030-05-01 10:00:00,6466.01744,0.07124,0.56561,0.77362,0.31611
2030-05-01 11:00:00,6414.29664,0.12744,0.56561,0.73741,0.26487
2030-05-01 12:00:00,6362.57584,0.08348,0.56561,0.75615,0.25252
2030-05-01 13:00:00,6310.85504,0.10506,0.56561,0.73893,0.25771
2030-05-01 14:00:00,6259.13424,0.12318,0.56561,0.72361,0.31129
2030-05-01 15:00:00,6310.85504,0.24734,0.56561,0.66088,0.21096
2030-05-01 16:00:00,6569.45904,0.24556,0.56561,0.68875,0.22037
2030-05-01 17:00:00,6879.78385,0.30373,0.70701,0.68911,0.13262
2030-05-01 18:00:00,6879.78385,0.24604,0.70701,0.72075,0.08007
2030-05-01 19:00:00,6672.90065,0.33939,0.70701,0.64803,0.03484
2030-05-01 20:00:00,6414.29664,0.47867,0.70701,0.54473,0.0
2030-05-01 21:00:00,6155.69264,0.3712,0.56561,0.57679,0.0
2030-05-01 22:00:00,5897.08863,0.36596,0.56561,0.55277,0.0
2030-05-01 23:00:00,5638.48463,0.38802,0.56561,0.51377,0.0
2030-05-02 00:00:00,5454.59762,0.38293,0.56407,0.49744,0.0
2030-05-02 01:00:00,5298.47704,0.31848,0.56407,0.51656,0.0
2030-05-02 02:00:00,5194.39666,0.30442,0.56407,0.51345,0.0
2030-05-02 03:00:00,5142.35646,0.25294,0.56407,0.53628,0.0
2030-05-02 04:00:00,5142.35646,0.26398,0.56407,0.53022,0.0
2030-05-02 05:00:00,5246.43685,0.28816,0.56407,0.52778,0.00174
2030-05-02 06:00:00,5558.678,0.35341,0.56407,0.52446,0.03851
2030-05-02 07:00:00,6027.03974,0.29459,0.56407,0.60544,0.1156
2030-05-02 08:00:00,6391.32109,0.3511,0.56407,0.61232,0.15475
2030-05-02 09:00:00,6495.40147,0.31201,0.56407,0.64459,0.3075
2030-05-02 10:00:00,6495.40147,0.33003,0.56407,0.6347,0.28813
2030-05-02 11:00:00,6443.36128,0.35936,0.56407,0.6132,0.28081
2030-05-02 12:00:00,6391.32109,0.25532,0.56407,0.66486,0.35757
2030-05-02 13:00:00,6339.28089,0.26438,0.56407,0.65448,0.47681
2030-05-02 14:00:00,6287.2407,0.20989,0.56407,0.67897,0.41267
2030-05-02 15:00:00,6339.28089,0.1984,0.56407,0.69068,0.4374
2030-05-02 16:00:00,6599.48186,0.20244,0.56407,0.71552,0.20337
2030-05-02 17:00:00,6911.72301,0.21748,0.70509,0.73974,0.16132
2030-05-02 18:00:00,6911.72301,0.18363,0.70509,0.75832,0.07198
2030-05-02 19:00:00,6703.56224,0.21976,0.70509,0.71685,0.01606
2030-05-02 20:00:00,6443.36128,0.14099,0.70509,0.733,0.0
2030-05-02 21:00:00,6183.16032,0.17232,0.56407,0.68875,0.0
2030-05-02 22:00:00,5922.95935,0.1589,0.56407,0.66905,0.0
2030-05-02 23:00:00,5662.75839,0.19404,0.56407,0.62271,0.0
2030-05-03 00:00:00,5444.55042,0.19494,0.56254,0.59953,0.0
2030-05-03 01:00:00,5288.84848,0.17996,0.56254,0.59155,0.0
2030-05-03 02:00:00,5185.04718,0.31499,0.56254,0.50668,0.0
2030-05-03 03:00:00,5133.14653,0.24441,0.56254,0.54,0.0
2030-05-03 04:00:00,5133.14653,0.31217,0.56254,0.50283,0.0
2030-05-03 05:00:00,5236.94783,0.3022,0.56254,0.51909,0.00186
2030-05-03 06:00:00,5548.35172,0.26717,0.56254,0.57069,0.03818
2030-05-03 07:00:00,6015.45756,0.23954,0.56254,0.63443,0.09321
2030-05-03 08:00:00,6378.76209,0.32646,0.56254,0.62453,0.11129
2030-05-03 09:00:00,6482.56339,0.26564,0.56254,0.66869,0.1489
2030-05-03 10:00:00,6482.56339,0.22372,0.56254,0.69169,0.21362
2030-05-03 11:00:00,6430.66274,0.22631,0.56254,0.68487,0.28756
2030-05-03 12:00:00,6378.76209,0.28019,0.56254,0.64991,0.28423
2030-05-03 13:00:00,6326.86145,0.1969,0.56254,0.69021,0.24476
2030-05-03 14:00:00,6274.9608,0.12365,0.56254,0.725,0.2066
2030-05-03 15:00:00,6326.86145,0.19627,0.56254,0.69056,0.1284
2030-05-03 16:00:00,6586.36469,0.2149,0.56254,0.70732,0.11803
2030-05-03 17:00:00,6897.76858,0.23281,0.70318,0.72989,0.08035
2030-05-03 18:00:00,6897.76858,0.30598,0.70318,0.68974,0.0812
2030-05-03 19:00:00,6690.16598,0.36145,0.70318,0.63772,0.03386
2030-05-03 20:00:00,6430.66274,0.4373,0.70318,0.56912,1e-05
2030-05-03 21:00:00,6171.1595,0.27278,0.56254,0.63239,0.0
2030-05-03 22:00:00,5911.65626,0.22208,0.56254,0.63321,0.0
2030-05-03 23:00:00,5652.15302,0.23969,0.56254,0.59657,0.0
2030-05-04 00:00:00,4886.71817,0.26623,0.56102,0.5024,0.0
2030-05-04 01:00:00,4754.25924,0.2463,0.56102,0.49956,0.0
2030-05-04 02:00:00,4665.95328,0.30111,0.56102,0.46031,0.0
2030-05-04 03:00:00,4621.8003,0.2932,0.56102,0.46005,0.0
2030-05-04 04:00:00,4621.8003,0.41594,0.56102,0.39272,0.0
2030-05-04 05:00:00,4710.10626,0.36946,0.56102,0.4274,0.00194
2030-05-04 06:00:00,4975.02413,0.42415,0.56102,0.42495,0.04437
2030-05-04 07:00:00,5372.40093,0.56785,0.56102,0.38744,0.14649
2030-05-04 08:00:00,5681.47178,0.44702,0.56102,0.48588,0.15437
2030-05-04 09:00:00,5769.77773,0.44738,0.56102,0.49486,0.15832
2030-05-04 10:00:00,5769.77773,0.40593,0.56102,0.5176,0.16777
2030-05-04 11:00:00,5725.62476,0.34968,0.56102,0.54387,0.22077
2030-05-04 12:00:00,5681.47178,0.33989,0.56102,0.54465,0.26792
2030-05-04 13:00:00,5637.3188,0.36929,0.56102,0.52392,0.26059
2030-05-04 14:00:00,5593.16582,0.50802,0.56102,0.44323,0.28031
2030-05-04 15:00:00,5637.3188,0.51363,0.56102,0.44474,0.31419
2030-05-04 16:00:00,5858.08369,0.50218,0.56102,0.47398,0.28143
2030-05-04 17:00:00,6123.00156,0.61767,0.70127,0.43817,0.19744
2030-05-04 18:00:00,6123.00156,0.61674,0.70127,0.43869,0.10025
2030-05-04 19:00:00,5946.38965,0.5996,0.70127,0.42972,0.03851
2030-05-04 20:00:00,5725.62476,0.56914,0.70127,0.42347,7e-05
2030-05-04 21:00:00,5504.85986,0.46034,0.56102,0.4602,0.0
2030-05-04 22:00:00,5284.09497,0.4166,0.56102,0.46124,0.0
2030-05-04 23:00:00,5063.33008,0.46002,0.56102,0.41445,0.0
2030-05-05 00:00:00,4813.12117,0.54378,0.55951,0.34248,0.0
2030-05-05 01:00:00,4683.72877,0.53146,0.55951,0.33579,0.0
2030-05-05 02:00:00,4597.46718,0.39691,0.55951,0.40063,0.0
2030-05-05 03:00:00,4554.33638,0.37206,0.55951,0.40978,0.0
2030-05-05 04:00:00,4554.33638,0.35045,0.55951,0.42163,0.0
2030-05-05 05:00:00,4640.59798,0.27802,0.55951,0.47034,0.00433
2030-05-05 06:00:00,4899.38276,0.34745,0.55951,0.45916,0.0526
2030-05-05 07:00:00,5287.55994,0.26529,0.55951,0.5446,0.13881
2030-05-05 08:00:00,5589.47552,0.30387,0.55951,0.55484,0.19841
2030-05-05 09:00:00,5675.73712,0.32192,0.55951,0.55391,0.28313
2030-05-05 10:00:00,5675.73712,0.35384,0.55951,0.5364,0.35888
2030-05-05 11:00:00,5632.60632,0.39097,0.55951,0.51154,0.34203
2030-05-05 12:00:00,5589.47552,0.35594,0.55951,0.52627,0.33199
2030-05-05 13:00:00,5546.34472,0.42974,0.55951,0.4813,0.29332
2030-05-05 14:00:00,5503.21393,0.49773,0.55951,0.43952,0.26582
2030-05-05 15:00:00,5546.34472,0.47019,0.55951,0.45911,0.21364
2030-05-05 16:00:00,5761.99871,0.46659,0.55951,0.48351,0.15187
2030-05-05 17:00:00,6020.7835,0.37457,0.69938,0.56091,0.10683
2030-05-05 18:00:00,6020.7835,0.42819,0.69938,0.53149,0.07835
2030-05-05 19:00:00,5848.26031,0.3417,0.69938,0.561,0.04503
2030-05-05 20:00:00,5632.60632,0.43449,0.69938,0.48767,0.00027
2030-05-05 21:00:00,5416.95233,0.48298,0.55951,0.43864,0.0
2030-05-05 22:00:00,5201.29834,0.45051,0.55951,0.43402,0.0
2030-05-05 23:00:00,4985.64436,0.52112,0.55951,0.37286,0.0
2030-05-06 00:00:00,5311.2714,0.60868,0.558,0.35868,0.0
2030-05-06 01:00:00,5161.12275,0.73555,0.558,0.27347,0.0
2030-05-06 02:00:00,5061.02365,0.67572,0.558,0.29588,0.0
2030-05-06 03:00:00,5010.9741,0.67834,0.558,0.28924,0.0
2030-05-06 04:00:00,5010.9741,0.57613,0.558,0.34531,0.0
2030-05-06 05:00:00,5111.0732,0.67087,0.558,0.30375,0.00405
2030-05-06 06:00:00,5411.3705,0.72318,0.558,0.30628,0.05139
2030-05-06 07:00:00,5861.81646,0.76416,0.558,0.33064,0.11008
2030-05-06 08:00:00,6212.16332,0.56313,0.558,0.47737,0.21725
2030-05-06 09:00:00,6312.26242,0.52351,0.558,0.50952,0.33295
2030-05-06 10:00:00,6312.26242,0.6735,0.558,0.42723,0.36105
2030-05-06 11:00:00,6262.21287,0.55651,0.558,0.48621,0.30137
2030-05-06 12:00:00,6212.16332,0.74417,0.558,0.37805,0.18934
2030-05-06 13:00:00,6162.11377,0.73885,0.558,0.37576,0.17359
2030-05-06 14:00:00,6112.06422,0.72841,0.558,0.37628,0.20875
2030-05-06 15:00:00,6162.11377,0.52361,0.558,0.49385,0.15591
2030-05-06 16:00:00,6412.36152,0.38559,0.558,0.59558,0.16257
2030-05-06 17:00:00,6712.65882,0.42846,0.6975,0.6033,0.07509
2030-05-06 18:00:00,6712.65882,0.32963,0.6975,0.65752,0.0393
2030-05-06 19:00:00,6512.46062,0.33448,0.6975,0.63403,0.02137
2030-05-06 20:00:00,6262.21287,0.41251,0.6975,0.5652,0.00018
2030-05-06 21:00:00,6011.96511,0.35425,0.558,0.57114,0.0
2030-05-06 22:00:00,5761.71736,0.30916,0.558,0.56985,0.0
2030-05-06 23:00:00,5511.46961,0.36799,0.558,0.51155,0.0
2030-05-07 00:00:00,5371.54,0.40126,0.5565,0.47874,0.0
2030-05-07 01:00:00,5218.88016,0.33032,0.5565,0.50179,0.0
2030-05-07 02:00:00,5117.10693,0.39227,0.5565,0.45722,0.0
2030-05-07 03:00:00,5066.22032,0.45867,0.5565,0.4155,0.0
2030-05-07 04:00:00,5066.22032,0.38104,0.5565,0.45808,0.0
2030-05-07 05:00:00,5167.99355,0.41935,0.5565,0.44765,0.00369
2030-05-07 06:00:00,5473.31323,0.40347,0.5565,0.48812,0.03457
2030-05-07 07:00:00,5931.29277,0.34885,0.5565,0.56571,0.05694
2030-05-07 08:00:00,6287.49907,0.32001,0.5565,0.61858,0.09099
2030-05-07 09:00:00,6389.2723,0.31149,0.5565,0.63384,0.16328
2030-05-07 10:00:00,6389.2723,0.28156,0.5565,0.65026,0.22848
2030-05-07 11:00:00,6338.38568,0.36148,0.5565,0.60112,0.28693
2030-05-07 12:00:00,6287.49907,0.34794,0.5565,0.60325,0.35772
2030-05-07 13:00:00,6236.61245,0.4216,0.5565,0.55755,0.27728
2030-05-07 14:00:00,6185.72584,0.33291,0.5565,0.60092,0.27656
2030-05-07 15:00:00,6236.61245,0.28075,0.5565,0.63482,0.25681
2030-05-07 16:00:00,6491.04553,0.35244,0.5565,0.62196,0.2077
2030-05-07 17:00:00,6796.36522,0.34695,0.69563,0.65672,0.21232
2030-05-07 18:00:00,6796.36522,0.41357,0.69563,0.62017,0.11514
2030-05-07 19:00:00,6592.81876,0.34006,0.69563,0.63933,0.04177
2030-05-07 20:00:00,6338.38568,0.46235,0.69563,0.54578,0.00062
2030-05-07 21:00:00,6083.95261,0.46747,0.5565,0.51651,0.0
2030-05-07 22:00:00,5829.51954,0.46847,0.5565,0.4895,0.0
2030-05-07 23:00:00,5575.08646,0.56238,0.5565,0.41152,0.0
2030-05-08 00:00:00,5248.14974,0.40896,0.55502,0.46169,0.0
2030-05-08 01:00:00,5100.63116,0.40453,0.55502,0.44878,0.0
2030-05-08 02:00:00,5002.28544,0.36742,0.55502,0.45891,0.0
2030-05-08 03:00:00,4953.11258,0.27935,0.55502,0.50211,0.0
2030-05-08 04:00:00,4953.11258,0.17333,0.55502,0.56027,0.0
2030-05-08 05:00:00,5051.4583,0.20662,0.55502,0.55224,0.00612
2030-05-08 06:00:00,5346.49546,0.14762,0.55502,0.61529,0.05636
2030-05-08 07:00:00,5789.05121,0.08331,0.55502,0.6966,0.1055
2030-05-08 08:00:00,6133.26124,0.0631,0.55502,0.74348,0.17855
2030-05-08 09:00:00,6231.60696,0.08554,0.55502,0.7414,0.28083
2030-05-08 10:00:00,6231.60696,0.09807,0.55502,0.73452,0.31399
2030-05-08 11:00:00,6182.4341,0.07618,0.55502,0.74141,0.25722
2030-05-08 12:00:00,6133.26124,0.11385,0.55502,0.71563,0.29124
2030-05-08 13:00:00,6084.08838,0.09688,0.55502,0.71983,0.22165
2030-05-08 14:00:00,6034.91552,0.11055,0.55502,0.70722,0.1841
2030-05-08 15:00:00,6084.08838,0.05925,0.55502,0.74048,0.14386
2030-05-08 16:00:00,6329.95268,0.0807,0.55502,0.75428,0.16395
2030-05-08 17:00:00,6624.98985,0.04808,0.69377,0.80286,0.15763
2030-05-08 18:00:00,6624.98985,0.05966,0.69377,0.79651,0.10723
2030-05-08 19:00:00,6428.29841,0.05255,0.69377,0.77995,0.04681
2030-05-08 20:00:00,6182.4341,0.0774,0.69377,0.74075,0.00124
2030-05-08 21:00:00,5936.5698,0.10058,0.55502,0.70246,0.0
2030-05-08 22:00:00,5690.70549,0.07751,0.55502,0.68955,0.0
2030-05-08 23:00:00,5444.84119,0.09907,0.55502,0.65215,0.0
2030-05-09 00:00:00,5260.80893,0.08851,0.55354,0.63881,0.0
2030-05-09 01:00:00,5112.76288,0.09273,0.55354,0.62109,0.0
2030-05-09 02:00:00,5014.06552,0.12361,0.55354,0.59389,0.0
2030-05-09 03:00:00,4964.71683,0.14232,0.55354,0.57849,0.0
2030-05-09 04:00:00,4964.71683,0.11034,0.55354,0.59604,0.0
2030-05-09 05:00:00,5063.4142,0.13884,0.55354,0.59066,0.00972
2030-05-09 06:00:00,5359.5063,0.13338,0.55354,0.62446,0.05696
2030-05-09 07:00:00,5803.64445,0.17741,0.55354,0.64649,0.16592
2030-05-09 08:00:00,6149.08523,0.1642,0.55354,0.68966,0.26535
2030-05-09 09:00:00,6247.78259,0.17251,0.55354,0.69537,0.34441
2030-05-09 10:00:00,6247.78259,0.17449,0.55354,0.69428,0.38269
2030-05-09 11:00:00,6198.43391,0.19546,0.55354,0.67764,0.43183
2030-05-09 12:00:00,6149.08523,0.24848,0.55354,0.64343,0.29648
2030-05-09 13:00:00,6099.73654,0.26285,0.55354,0.63041,0.27094
2030-05-09 14:00:00,6050.38786,0.29962,0.55354,0.6051,0.42678
2030-05-09 15:00:00,6099.73654,0.34702,0.55354,0.58423,0.26089
2030-05-09 16:00:00,6346.47996,0.37533,0.55354,0.59436,0.24955
2030-05-09 17:00:00,6642.57206,0.40429,0.69193,0.60927,0.15708
2030-05-09 18:00:00,6642.57206,0.50052,0.69193,0.55648,0.08221
2030-05-09 19:00:00,6445.17733,0.56733,0.69193,0.4993,0.03061
2030-05-09 20:00:00,6198.43391,0.56901,0.69193,0.47271,0.00174
2030-05-09 21:00:00,5951.6905,0.51196,0.55354,0.47835,0.0
2030-05-09 22:00:00,5704.94708,0.47794,0.55354,0.47135,0.0
2030-05-09 23:00:00,5458.20366,0.29656,0.55354,0.54519,0.0
2030-05-10 00:00:00,5206.9155,0.30814,0.55208,0.51271,0.0
2030-05-10 01:00:00,5061.11501,0.31016,0.55208,0.49644,0.0
2030-05-10 02:00:00,4963.91469,0.19382,0.55208,0.55016,0.0
2030-05-10 03:00:00,4915.31452,0.16697,0.55208,0.55983,0.0
2030-05-10 04:00:00,4915.31452,0.09892,0.55208,0.59716,0.0
2030-05-10 05:00:00,5012.51485,0.08048,0.55208,0.61739,0.00997
2030-05-10 06:00:00,5304.11583,0.0849,0.55208,0.64529,0.05676
2030-05-10 07:00:00,5741.5173,0.14259,0.55208,0.65913,0.12744
2030-05-10 08:00:00,6081.71844,0.1493,0.55208,0.69083,0.18837
2030-05-10 09:00:00,6178.91877,0.25812,0.55208,0.64124,0.23951
2030-05-10 10:00:00,6178.91877,0.25399,0.55208,0.64351,0.30631
2030-05-10 11:00:00,6130.3186,0.19733,0.55208,0.66953,0.3297
2030-05-10 12:00:00,6081.71844,0.24588,0.55208,0.63784,0.263
2030-05-10 13:00:00,6033.11828,0.17421,0.55208,0.67211,0.32227
2030-05-10 14:00:00,5984.51811,0.23248,0.55208,0.63509,0.29572
2030-05-10 15:00:00,6033.11828,0.21577,0.55208,0.64931,0.3032
2030-05-10 16:00:00,6276.11909,0.2769,0.55208,0.64105,0.19658
2030-05-10 17:00:00,6567.72007,0.20555,0.69009,0.71051,0.08142
2030-05-10 18:00:00,6567.72007,0.14776,0.69009,0.74222,0.05911
2030-05-10 19:00:00,6373.31942,0.24446,0.69009,0.66895,0.03083
2030-05-10 20:00:00,6130.3186,0.31834,0.69009,0.60315,0.00213
2030-05-10 21:00:00,5887.31779,0.27381,0.55208,0.60231,0.0
2030-05-10 22:00:00,5644.31697,0.32788,0.55208,0.54737,0.0
2030-05-10 23:00:00,5401.31615,0.1741,0.55208,0.60646,0.0
2030-05-11 00:00:00,4853.90588,0.11973,0.55062,0.57936,0.0
2030-05-11 01:00:00,4722.81412,0.06759,0.55062,0.59433,0.0
2030-05-11 02:00:00,4635.41962,0.06964,0.55062,0.58412,0.0
2030-05-11 03:00:00,4591.72237,0.06553,0.55062,0.58183,0.0
2030-05-11 04:00:00,4591.72237,0.04288,0.55062,0.59425,0.0
2030-05-11 05:00:00,4679.11687,0.05682,0.55062,0.59569,0.00521
2030-05-11 06:00:00,4941.30038,0.04473,0.55062,0.62959,0.0234
2030-05-11 07:00:00,5334.57565,0.03221,0.55062,0.67736,0.04289
2030-05-11 08:00:00,5640.45641,0.06373,0.55062,0.69188,0.05992
2030-05-11 09:00:00,5727.85092,0.05904,0.55062,0.70354,0.10672
2030-05-11 10:00:00,5727.85092,0.05284,0.55062,0.70695,0.11068
2030-05-11 11:00:00,5684.15366,0.06745,0.55062,0.69439,0.14749
2030-05-11 12:00:00,5640.45641,0.05699,0.55062,0.69558,0.23813
2030-05-11 13:00:00,5596.75916,0.06866,0.55062,0.68463,0.27087
2030-05-11 14:00:00,5553.06191,0.06994,0.55062,0.67939,0.27913
2030-05-11 15:00:00,5596.75916,0.08184,0.55062,0.6774,0.18045
2030-05-11 16:00:00,5815.24542,0.09042,0.55062,0.69542,0.11154
2030-05-11 17:00:00,6077.42893,0.05102,0.68828,0.7443,0.13578
2030-05-11 18:00:00,6077.42893,0.05769,0.68828,0.74064,0.12124
2030-05-11 19:00:00,5902.63992,0.04523,0.68828,0.7293,0.05317
2030-05-11 20:00:00,5684.15366,0.09796,0.68828,0.67765,0.00413
2030-05-11 21:00:00,5465.66741,0.07839,0.55062,0.66566,0.0
2030-05-11 22:00:00,5247.18115,0.11232,0.55062,0.62433,0.0
2030-05-11 23:00:00,5028.69489,0.08253,0.55062,0.61795,0.0
2030-05-12 00:00:00,4935.46588,0.09529,0.54918,0.60125,0.0
2030-05-12 01:00:00,4800.97579,0.0718,0.54918,0.60015,0.0
2030-05-12 02:00:00,4711.31573,0.05311,0.54918,0.60108,0.0
2030-05-12 03:00:00,4666.4857,0.05718,0.54918,0.59418,0.0
2030-05-12 04:00:00,4666.4857,0.12218,0.54918,0.55852,0.0
2030-05-12 05:00:00,4756.14576,0.16239,0.54918,0.54579,0.01019
2030-05-12 06:00:00,5025.12594,0.15059,0.54918,0.58024,0.04851
2030-05-12 07:00:00,5428.59621,0.14025,0.54918,0.62787,0.17871
2030-05-12 08:00:00,5742.40641,0.12193,0.54918,0.67055,0.26894
2030-05-12 09:00:00,5832.06647,0.22182,0.54918,0.62508,0.34143
2030-05-12 10:00:00,5832.06647,0.1971,0.54918,0.63864,0.44236
2030-05-12 11:00:00,5787.23644,0.30511,0.54918,0.57472,0.4562
2030-05-12 12:00:00,5742.40641,0.28686,0.54918,0.58008,0.56204
2030-05-12 13:00:00,5697.57638,0.34805,0.54918,0.54184,0.56907
2030-05-12 14:00:00,5652.74635,0.31395,0.54918,0.55589,0.45786
2030-05-12 15:00:00,5697.57638,0.22192,0.54918,0.61104,0.39738
2030-05-12 16:00:00,5921.72653,0.15703,0.54918,0.66995,0.38569
2030-05-12 17:00:00,6190.70671,0.16066,0.68647,0.69593,0.29146
2030-05-12 18:00:00,6190.70671,0.21671,0.68647,0.66518,0.16902
2030-05-12 19:00:00,6011.38659,0.19037,0.68647,0.66098,0.04933
2030-05-12 20:00:00,5787.23644,0.24651,0.68647,0.60688,0.00542
2030-05-12 21:00:00,5563.0863,0.24427,0.54918,0.58479,0.0
2030-05-12 22:00:00,5338.93615,0.17625,0.54918,0.59879,0.0
2030-05-12 23:00:00,5114.786,0.1638,0.54918,0.58231,0.0
2030-05-13 00:00:00,5283.77594,0.1206,0.54774,0.62359,0.0
2030-05-13 01:00:00,5134.77293,0.06066,0.54774,0.64097,0.0
2030-05-13 02:00:00,5035.43759,0.05022,0.54774,0.63637,0.0
2030-05-13 03:00:00,4985.76992,0.04866,0.54774,0.63206,0.0
2030-05-13 04:00:00,4985.76992,0.07049,0.54774,0.62009,0.0
2030-05-13 05:00:00,5085.10526,0.04997,0.54774,0.64167,0.01468
2030-05-13 06:00:00,5383.11127,0.04751,0.54774,0.67402,0.06319
2030-05-13 07:00:00,5830.1203,0.0231,0.54774,0.7339,0.1355
2030-05-13 08:00:00,6177.79398,0.0172,0.54774,0.77329,0.19441
2030-05-13 09:00:00,6277.12932,0.02883,0.54774,0.77724,0.18768
2030-05-13 10:00:00,6277.12932,0.03904,0.54774,0.77164,0.30476
2030-05-13 11:00:00,6227.46165,0.0349,0.54774,0.76874,0.32275
2030-05-13 12:00:00,6177.79398,0.03746,0.54774,0.76218,0.30971
2030-05-13 13:00:00,6128.12631,0.03952,0.54774,0.75588,0.35905
2030-05-13 14:00:00,6078.45864,0.03637,0.54774,0.75245,0.35094
2030-05-13 15:00:00,6128.12631,0.02919,0.54774,0.76155,0.40795
2030-05-13 16:00:00,6376.46466,0.01869,0.54774,0.79313,0.35878
2030-05-13 17:00:00,6674.47068,0.02929,0.68468,0.81831,0.20775
2030-05-13 18:00:00,6674.47068,0.03944,0.68468,0.81274,0.12622
2030-05-13 19:00:00,6475.8,0.04709,0.68468,0.78788,0.05484
2030-05-13 20:00:00,6227.46165,0.05992,0.68468,0.75502,0.00662
2030-05-13 21:00:00,5979.12331,0.03627,0.54774,0.74217,0.0
2030-05-13 22:00:00,5730.78496,0.02442,0.54774,0.72284,0.0
2030-05-13 23:00:00,5482.44661,0.00851,0.54774,0.70574,0.0
2030-05-14 00:00:00,5338.23455,0.01194,0.54632,0.68886,0.0
2030-05-14 01:00:00,5186.96243,0.01223,0.54632,0.67297,0.0
2030-05-14 02:00:00,5086.11435,0.01617,0.54632,0.66032,0.0
2030-05-14 03:00:00,5035.69031,0.00729,0.54632,0.65995,0.0
2030-05-14 04:00:00,5035.69031,0.00843,0.54632,0.65933,0.0
2030-05-14 05:00:00,5136.53839,0.00375,0.54632,0.67238,0.01047
2030-05-14 06:00:00,5439.08263,0.0037,0.54632,0.70387,0.04825
2030-05-14 07:00:00,5892.89898,0.00355,0.54632,0.75115,0.12787
2030-05-14 08:00:00,6245.86725,0.00898,0.54632,0.78488,0.18429
2030-05-14 09:00:00,6346.71533,0.00818,0.54632,0.79581,0.20087
2030-05-14 10:00:00,6346.71533,0.00434,0.54632,0.79791,0.19865
2030-05-14 11:00:00,6296.29129,0.00323,0.54632,0.79328,0.38573
2030-05-14 12:00:00,6245.86725,0.003,0.54632,0.78816,0.28564
2030-05-14 13:00:00,6195.44321,0.00513,0.54632,0.78175,0.25072
2030-05-14 14:00:00,6145.01917,0.00717,0.54632,0.77539,0.1931
2030-05-14 15:00:00,6195.44321,0.00499,0.54632,0.78183,0.16667
2030-05-14 16:00:00,6447.5634,0.00541,0.54632,0.80781,0.15062
2030-05-14 17:00:00,6750.10764,0.00704,0.68291,0.83839,0.15234
2030-05-14 18:00:00,6750.10764,0.01178,0.68291,0.83579,0.11093
2030-05-14 19:00:00,6548.41148,0.00994,0.68291,0.81582,0.04709
2030-05-14 20:00:00,6296.29129,0.00477,0.68291,0.79243,0.00682
2030-05-14 21:00:00,6044.17109,0.0039,0.54632,0.76669,0.0
2030-05-14 22:00:00,5792.0509,0.00475,0.54632,0.74,0.0
2030-05-14 23:00:00,5539.9307,0.00476,0.54632,0.71378,0.0
2030-05-15 00:00:00,5279.03999,0.00726,0.54492,0.68528,0.0
2030-05-15 01:00:00,5130.23431,0.00839,0.54492,0.66918,0.0
2030-05-15 02:00:00,5031.03052,0.01306,0.54492,0.6563,0.0
2030-05-15 03:00:00,4981.42863,0.0186,0.54492,0.6481,0.0
2030-05-15 04:00:00,4981.42863,0.03061,0.54492,0.64152,0.0
2030-05-15 05:00:00,5080.63242,0.06609,0.54492,0.63237,0.0129
2030-05-15 06:00:00,5378.24377,0.0783,0.54492,0.65662,0.05095
2030-05-15 07:00:00,5824.6608,0.11861,0.54492,0.68093,0.08211
2030-05-15 08:00:00,6171.87405,0.12957,0.54492,0.71103,0.09907
2030-05-15 09:00:00,6271.07783,0.16967,0.54492,0.69935,0.15196
2030-05-15 10:00:00,6271.07783,0.2451,0.54492,0.65797,0.22359
2030-05-15 11:00:00,6221.47594,0.37907,0.54492,0.57931,0.21931
2030-05-15 12:00:00,6171.87405,0.33782,0.54492,0.59678,0.14904
2030-05-15 13:00:00,6122.27215,0.30981,0.54492,0.60699,0.14865
2030-05-15 14:00:00,6072.67026,0.27527,0.54492,0.62078,0.13777
2030-05-15 15:00:00,6122.27215,0.28844,0.54492,0.61871,0.09062
2030-05-15 16:00:00,6370.28161,0.30626,0.54492,0.63473,0.11113
2030-05-15 17:00:00,6667.89297,0.39784,0.68115,0.61544,0.11187
2030-05-15 18:00:00,6667.89297,0.3653,0.68115,0.63329,0.09021
2030-05-15 19:00:00,6469.4854,0.45577,0.68115,0.56302,0.04004
2030-05-15 20:00:00,6221.47594,0.38757,0.68115,0.57465,0.00787
2030-05-15 21:00:00,5973.46648,0.42163,0.54492,0.53017,0.0
2030-05-15 22:00:00,5725.45702,0.47086,0.54492,0.47737,0.0
2030-05-15 23:00:00,5477.44755,0.37144,0.54492,0.50612,0.0
2030-05-16 00:00:00,5257.3358,0.28875,0.54352,0.52859,0.0
2030-05-16 01:00:00,5109.43446,0.24958,0.54352,0.5347,0.0
2030-05-16 02:00:00,5010.83357,0.20166,0.54352,0.55073,0.0
2030-05-16 03:00:00,4961.53313,0.18765,0.54352,0.55329,0.0
2030-05-16 04:00:00,4961.53313,0.26478,0.54352,0.51098,0.0
2030-05-16 05:00:00,5060.13402,0.34049,0.54352,0.4797,0.01391
2030-05-16 06:00:00,5355.93669,0.36405,0.54352,0.49753,0.05643
2030-05-16 07:00:00,5799.6407,0.24579,0.54352,0.60856,0.08207
2030-05-16 08:00:00,6144.74381,0.14499,0.54352,0.69975,0.11487
2030-05-16 09:00:00,6243.3447,0.17921,0.54352,0.69123,0.13313
2030-05-16 10:00:00,6243.3447,0.17486,0.54352,0.69362,0.15676
2030-05-16 11:00:00,6194.04426,0.1456,0.54352,0.70454,0.13209
2030-05-16 12:00:00,6144.74381,0.16575,0.54352,0.68836,0.14394
2030-05-16 13:00:00,6095.44337,0.14159,0.54352,0.69649,0.13831
2030-05-16 14:00:00,6046.14292,0.1545,0.54352,0.68428,0.17551
2030-05-16 15:00:00,6095.44337,0.15697,0.54352,0.68805,0.16858
2030-05-16 16:00:00,6341.94559,0.12813,0.54352,0.72951,0.146
2030-05-16 17:00:00,6637.74826,0.17824,0.6794,0.73278,0.0845
2030-05-16 18:00:00,6637.74826,0.14063,0.6794,0.75341,0.05894
2030-05-16 19:00:00,6440.54648,0.20897,0.6794,0.69541,0.0367
2030-05-16 20:00:00,6194.04426,0.23529,0.6794,0.65534,0.00963
2030-05-16 21:00:00,5947.54203,0.20915,0.54352,0.64404,0.0
2030-05-16 22:00:00,5701.0398,0.2733,0.54352,0.58321,0.0
2030-05-16 23:00:00,5454.53758,0.2816,0.54352,0.55302,0.0
2030-05-17 00:00:00,5202.34625,0.2597,0.54214,0.53881,0.0
2030-05-17 01:00:00,5056.73615,0.20873,0.54214,0.55163,0.0
2030-05-17 02:00:00,4959.66275,0.1774,0.54214,0.55872,0.0
2030-05-17 03:00:00,4911.12605,0.17949,0.54214,0.55253,0.0
2030-05-17 04:00:00,4911.12605,0.18287,0.54214,0.55067,0.0
2030-05-17 05:00:00,5008.19945,0.12551,0.54214,0.59224,0.0184
2030-05-17 06:00:00,5299.41966,0.12236,0.54214,0.62425,0.0696
2030-05-17 07:00:00,5736.24997,0.13065,0.54214,0.66513,0.1776
2030-05-17 08:00:00,6076.00688,0.1645,0.54214,0.6819,0.28433
2030-05-17 09:00:00,6173.08028,0.20493,0.54214,0.66981,0.40254
2030-05-17 10:00:00,6173.08028,0.19843,0.54214,0.67338,0.53955
2030-05-17 11:00:00,6124.54358,0.2259,0.54214,0.65326,0.58863
2030-05-17 12:00:00,6076.00688,0.21587,0.54214,0.65371,0.58001
2030-05-17 13:00:00,6027.47018,0.34086,0.54214,0.5801,0.52872
2030-05-17 14:00:00,5978.93348,0.38589,0.54214,0.55035,0.52211
2030-05-17 15:00:00,6027.47018,0.23048,0.54214,0.64065,0.42712
2030-05-17 16:00:00,6270.15369,0.26238,0.54214,0.64839,0.33499
2030-05-17 17:00:00,6561.3739,0.25701,0.67768,0.68162,0.28567
2030-05-17 18:00:00,6561.3739,0.24768,0.67768,0.68674,0.1666
2030-05-17 19:00:00,6367.22709,0.19032,0.67768,0.69802,0.05656
2030-05-17 20:00:00,6124.54358,0.21358,0.67768,0.66002,0.0082
2030-05-17 21:00:00,5881.86008,0.21752,0.54214,0.63262,0.0
2030-05-17 22:00:00,5639.17657,0.21959,0.54214,0.60624,0.0
2030-05-17 23:00:00,5396.49306,0.22878,0.54214,0.57596,0.0
2030-05-18 00:00:00,4734.85064,0.20266,0.54077,0.52148,0.0
2030-05-18 01:00:00,4608.71952,0.17785,0.54077,0.52197,0.0
2030-05-18 02:00:00,4524.63211,0.12089,0.54077,0.54448,0.0
2030-05-18 03:00:00,4482.5884,0.10364,0.54077,0.54957,0.0
2030-05-18 04:00:00,4482.5884,0.14499,0.54077,0.52689,0.0
2030-05-18 05:00:00,4566.67582,0.1448,0.54077,0.53573,0.01862
2030-05-18 06:00:00,4818.93806,0.107,0.54077,0.58271,0.06662
2030-05-18 07:00:00,5197.33142,0.08965,0.54077,0.63158,0.19002
2030-05-18 08:00:00,5491.63737,0.12318,0.54077,0.64379,0.22473
2030-05-18 09:00:00,5575.72478,0.17957,0.54077,0.6216,0.32038
2030-05-18 10:00:00,5575.72478,0.18157,0.54077,0.6205,0.2736
2030-05-18 11:00:00,5533.68107,0.14052,0.54077,0.63865,0.23508
2030-05-18 12:00:00,5491.63737,0.12815,0.54077,0.64107,0.20816
2030-05-18 13:00:00,5449.59366,0.18407,0.54077,0.60601,0.29509
2030-05-18 14:00:00,5407.54995,0.16209,0.54077,0.6137,0.30535
2030-05-18 15:00:00,5449.59366,0.22615,0.54077,0.58293,0.27758
2030-05-18 16:00:00,5659.81219,0.34248,0.54077,0.54097,0.22634
2030-05-18 17:00:00,5912.07444,0.48815,0.67597,0.48729,0.14405
2030-05-18 18:00:00,5912.07444,0.37565,0.67597,0.54901,0.1058
2030-05-18 19:00:00,5743.89961,0.33438,0.67597,0.55416,0.05696
2030-05-18 20:00:00,5533.68107,0.3245,0.67597,0.53772,0.01197
2030-05-18 21:00:00,5323.46254,0.28843,0.54077,0.53564,0.0
2030-05-18 22:00:00,5113.24401,0.31642,0.54077,0.49842,0.0
2030-05-18 23:00:00,4903.02547,0.27057,0.54077,0.50172,0.0
2030-05-19 00:00:00,4736.29513,0.31179,0.53942,0.46176,0.0
2030-05-19 01:00:00,4610.10382,0.28931,0.53942,0.46097,0.0
2030-05-19 02:00:00,4525.97628,0.19203,0.53942,0.50559,0.0
2030-05-19 03:00:00,4483.91251,0.1807,0.53942,0.50743,0.0
2030-05-19 04:00:00,4483.91251,0.14114,0.53942,0.52914,0.0
2030-05-19 05:00:00,4568.04005,0.06504,0.53942,0.57963,0.02044
2030-05-19 06:00:00,4820.42266,0.0651,0.53942,0.60585,0.06567
2030-05-19 07:00:00,5198.99659,0.05356,0.53942,0.65155,0.13777
2030-05-19 08:00:00,5493.44297,0.05563,0.53942,0.68104,0.27507
2030-05-19 09:00:00,5577.57051,0.10396,0.53942,0.66327,0.30153
2030-05-19 10:00:00,5577.57051,0.07434,0.53942,0.67952,0.25293
2030-05-19 11:00:00,5535.50674,0.06097,0.53942,0.68248,0.28734
2030-05-19 12:00:00,5493.44297,0.13229,0.53942,0.63898,0.2954
2030-05-19 13:00:00,5451.3792,0.12152,0.53942,0.64052,0.27079
2030-05-19 14:00:00,5409.31543,0.10571,0.53942,0.64481,0.25584
2030-05-19 15:00:00,5451.3792,0.07386,0.53942,0.66666,0.21004
2030-05-19 16:00:00,5661.69805,0.04936,0.53942,0.70197,0.13193
2030-05-19 17:00:00,5914.08066,0.06126,0.67428,0.72169,0.09472
2030-05-19 18:00:00,5914.08066,0.07143,0.67428,0.71611,0.04989
2030-05-19 19:00:00,5745.82559,0.09097,0.67428,0.6879,0.03232
2030-05-19 20:00:00,5535.50674,0.08116,0.67428,0.6714,0.00817
2030-05-19 21:00:00,5325.18789,0.10192,0.53942,0.63814,0.0
2030-05-19 22:00:00,5114.86905,0.09156,0.53942,0.62195,0.0
2030-05-19 23:00:00,4904.5502,0.07246,0.53942,0.61056,0.0
2030-05-20 00:00:00,5139.00535,0.05157,0.53808,0.6464,0.0
2030-05-20 01:00:00,4996.03445,0.06451,0.53808,0.62443,0.0
2030-05-20 02:00:00,4900.72052,0.04632,0.53808,0.6245,0.0
2030-05-20 03:00:00,4853.06355,0.03878,0.53808,0.62368,0.0
2030-05-20 04:00:00,4853.06355,0.03935,0.53808,0.62337,0.0
2030-05-20 05:00:00,4948.37749,0.02719,0.53808,0.63995,0.01658
2030-05-20 06:00:00,5234.31929,0.0305,0.53808,0.66787,0.06157
2030-05-20 07:00:00,5663.23199,0.05669,0.53808,0.69812,0.11258
2030-05-20 08:00:00,5996.83075,0.08424,0.53808,0.71769,0.1937
2030-05-20 09:00:00,6092.14469,0.08859,0.53808,0.72522,0.27167
2030-05-20 10:00:00,6092.14469,0.08444,0.53808,0.7275,0.4008
2030-05-20 11:00:00,6044.48772,0.05647,0.53808,0.73788,0.47206
2030-05-20 12:00:00,5996.83075,0.04757,0.53808,0.73781,0.35309
2030-05-20 13:00:00,5949.17379,0.05921,0.53808,0.72647,0.39384
2030-05-20 14:00:00,5901.51682,0.05001,0.53808,0.72656,0.34842
2030-05-20 15:00:00,5949.17379,0.05256,0.53808,0.73011,0.26775
2030-05-20 16:00:00,6187.45862,0.07111,0.53808,0.74472,0.1816
2030-05-20 17:00:00,6473.40042,0.05243,0.6726,0.7847,0.16895
2030-05-20 18:00:00,6473.40042,0.03585,0.6726,0.7938,0.11644
2030-05-20 19:00:00,6282.77256,0.04313,0.6726,0.76998,0.05685
2030-05-20 20:00:00,6044.48772,0.03892,0.6726,0.74751,0.01272
2030-05-20 21:00:00,5806.20289,0.05454,0.53808,0.71416,0.0
2030-05-20 22:00:00,5567.91805,0.06138,0.53808,0.68563,0.0
2030-05-20 23:00:00,5329.63322,0.05356,0.53808,0.66513,0.0
2030-05-21 00:00:00,5045.57024,0.02773,0.53676,0.64977,0.0
2030-05-21 01:00:00,4906.49247,0.02823,0.53676,0.63503,0.0
2030-05-21 02:00:00,4813.77396,0.03641,0.53676,0.62089,0.0
2030-05-21 03:00:00,4767.4147,0.07279,0.53676,0.59612,0.0
2030-05-21 04:00:00,4767.4147,0.10723,0.53676,0.57722,0.0
2030-05-21 05:00:00,4860.13322,0.13279,0.53676,0.57284,0.01968
2030-05-21 06:00:00,5138.28876,0.18185,0.53676,0.57486,0.06906
2030-05-21 07:00:00,5555.52207,0.12875,0.53676,0.64738,0.19045
2030-05-21 08:00:00,5880.03687,0.15565,0.53676,0.66637,0.30893
2030-05-21 09:00:00,5972.75538,0.17629,0.53676,0.66469,0.34147
2030-05-21 10:00:00,5972.75538,0.17887,0.53676,0.66328,0.35388
2030-05-21 11:00:00,5926.39612,0.15057,0.53676,0.67398,0.36967
2030-05-21 12:00:00,5880.03687,0.15097,0.53676,0.66894,0.4359
2030-05-21 13:00:00,5833.67761,0.28556,0.53676,0.59028,0.54661
2030-05-21 14:00:00,5787.31835,0.31069,0.53676,0.57167,0.49486
2030-05-21 15:00:00,5833.67761,0.34465,0.53676,0.55786,0.38255
2030-05-21 16:00:00,6065.47389,0.374,0.53676,0.56587,0.19809
2030-05-21 17:00:00,6343.62944,0.52567,0.67095,0.51159,0.13128
2030-05-21 18:00:00,6343.62944,0.56325,0.67095,0.49097,0.07127
2030-05-21 19:00:00,6158.19241,0.51446,0.67095,0.49846,0.03241
2030-05-21 20:00:00,5926.39612,0.56973,0.67095,0.44403,0.00805
2030-05-21 21:00:00,5694.59984,0.60777,0.53676,0.39905,0.0
2030-05-21 22:00:00,5462.80355,0.39454,0.53676,0.49192,0.0
2030-05-21 23:00:00,5231.00727,0.22271,0.53676,0.56208,0.0
2030-05-22 00:00:00,5042.57109,0.19382,0.53545,0.55834,0.0
2030-05-22 01:00:00,4903.61828,0.20441,0.53545,0.53807,0.0
2030-05-22 02:00:00,4810.98308,0.14723,0.53545,0.55981,0.0
2030-05-22 03:00:00,4764.66547,0.162,0.53545,0.54689,0.0
2030-05-22 04:00:00,4764.66547,0.18954,0.53545,0.53178,0.0
2030-05-22 05:00:00,4857.30068,0.26641,0.53545,0.49924,0.02141
2030-05-22 06:00:00,5135.20629,0.249,0.53545,0.53769,0.06862
2030-05-22 07:00:00,5552.06471,0.28664,0.53545,0.5604,0.13325
2030-05-22 08:00:00,5876.28792,0.36264,0.53545,0.55243,0.2407
2030-05-22 09:00:00,5968.92312,0.33372,0.53545,0.57793,0.31049
2030-05-22 10:00:00,5968.92312,0.25361,0.53545,0.62187,0.33338
2030-05-22 11:00:00,5922.60552,0.34605,0.53545,0.56634,0.41012
2030-05-22 12:00:00,5876.28792,0.45094,0.53545,0.50398,0.39309
2030-05-22 13:00:00,5829.97032,0.5026,0.53545,0.47083,0.39932
2030-05-22 14:00:00,5783.65272,0.40281,0.53545,0.52076,0.30482
2030-05-22 15:00:00,5829.97032,0.29704,0.53545,0.5836,0.27424
2030-05-22 16:00:00,6061.55833,0.13705,0.53545,0.69545,0.23709
2030-05-22 17:00:00,6339.46394,0.10826,0.66931,0.74015,0.16792
2030-05-22 18:00:00,6339.46394,0.1119,0.66931,0.73815,0.08326
2030-05-22 19:00:00,6154.19353,0.09524,0.66931,0.72803,0.05265
2030-05-22 20:00:00,5922.60552,0.0669,0.66931,0.71948,0.01584
2030-05-22 21:00:00,5691.01751,0.09275,0.53545,0.68122,0.0
2030-05-22 22:00:00,5459.4295,0.05257,0.53545,0.67918,0.0
2030-05-22 23:00:00,5227.84149,0.04868,0.53545,0.65722,0.0
2030-05-23 00:00:00,5076.44107,0.04022,0.53416,0.64612,0.0
2030-05-23 01:00:00,4936.07702,0.02768,0.53416,0.63841,0.0
2030-05-23 02:00:00,4842.50098,0.03356,0.53416,0.62544,0.0
2030-05-23 03:00:00,4795.71296,0.03514,0.53416,0.61972,0.0
2030-05-23 04:00:00,4795.71296,0.03723,0.53416,0.61857,0.0
2030-05-23 05:00:00,4889.289,0.03409,0.53416,0.63002,0.02141
2030-05-23 06:00:00,5170.01711,0.04369,0.53416,0.65395,0.05122
2030-05-23 07:00:00,5591.10928,0.02809,0.53416,0.7063,0.11998
2030-05-23 08:00:00,5918.62541,0.02009,0.53416,0.74475,0.18185
2030-05-23 09:00:00,6012.20144,0.04351,0.53416,0.74163,0.2309
2030-05-23 10:00:00,6012.20144,0.06452,0.53416,0.73011,0.2277
2030-05-23 11:00:00,5965.41342,0.07827,0.53416,0.7177,0.25988
2030-05-23 12:00:00,5918.62541,0.08004,0.53416,0.71187,0.24878
2030-05-23 13:00:00,5871.83739,0.08156,0.53416,0.70616,0.39244
2030-05-23 14:00:00,5825.04937,0.09949,0.53416,0.69146,0.37189
2030-05-23 15:00:00,5871.83739,0.13978,0.53416,0.67423,0.33823
2030-05-23 16:00:00,6105.77748,0.13771,0.53416,0.69969,0.26147
2030-05-23 17:00:00,6386.50559,0.10191,0.6677,0.74853,0.20226
2030-05-23 18:00:00,6386.50559,0.1399,0.6677,0.72768,0.11345
2030-05-23 19:00:00,6199.35352,0.09833,0.6677,0.73102,0.06574
2030-05-23 20:00:00,5965.41342,0.11099,0.6677,0.69975,0.01595
2030-05-23 21:00:00,5731.47333,0.07367,0.53416,0.6959,0.0
2030-05-23 22:00:00,5497.53324,0.10972,0.53416,0.65179,0.0
2030-05-23 23:00:00,5263.59315,0.15415,0.53416,0.60309,0.0
2030-05-24 00:00:00,5178.71039,0.1978,0.53288,0.57031,0.0
2030-05-24 01:00:00,5034.08511,0.18439,0.53288,0.56263,0.0
2030-05-24 02:00:00,4937.66826,0.23702,0.53288,0.52373,0.0
2030-05-24 03:00:00,4889.45983,0.15692,0.53288,0.56265,0.0
2030-05-24 04:00:00,4889.45983,0.22594,0.53288,0.52479,0.0
2030-05-24 05:00:00,4985.87668,0.09402,0.53288,0.60719,0.02076
2030-05-24 06:00:00,5275.12724,0.05681,0.53288,0.65769,0.05982
2030-05-24 07:00:00,5709.00307,0.04935,0.53288,0.7069,0.10849
2030-05-24 08:00:00,6046.46204,0.05981,0.53288,0.73626,0.1766
2030-05-24 09:00:00,6142.8789,0.08185,0.53288,0.73419,0.24292
2030-05-24 10:00:00,6142.8789,0.0715,0.53288,0.73987,0.35018
2030-05-24 11:00:00,6094.67047,0.04723,0.53288,0.74817,0.23451
2030-05-24 12:00:00,6046.46204,0.0421,0.53288,0.74597,0.25737
2030-05-24 13:00:00,5998.25362,0.03391,0.53288,0.74545,0.31439
2030-05-24 14:00:00,5950.04519,0.03794,0.53288,0.73823,0.2246
2030-05-24 15:00:00,5998.25362,0.03373,0.53288,0.74555,0.24135
2030-05-24 16:00:00,6239.29575,0.02657,0.53288,0.77454,0.20151
2030-05-24 17:00:00,6528.5463,0.01953,0.6661,0.80849,0.15147
2030-05-24 18:00:00,6528.5463,0.02198,0.6661,0.80715,0.11765
2030-05-24 19:00:00,6335.7126,0.04421,0.6661,0.7749,0.06097
2030-05-24 20:00:00,6094.67047,0.05819,0.6661,0.74216,0.0186
2030-05-24 21:00:00,5853.62834,0.05482,0.53288,0.71894,0.0
2030-05-24 22:00:00,5612.58621,0.04568,0.53288,0.69888,0.0
2030-05-24 23:00:00,5371.54409,0.03736,0.53288,0.67838,0.0
2030-05-25 00:00:00,4696.85219,0.03622,0.53162,0.60884,0.0
2030-05-25 01:00:00,4572.30434,0.08186,0.53162,0.57085,0.0
2030-05-25 02:00:00,4489.27244,0.08506,0.53162,0.56046,0.0
2030-05-25 03:00:00,4447.75649,0.07741,0.53162,0.56034,0.0
2030-05-25 04:00:00,4447.75649,0.05129,0.53162,0.57467,0.0
2030-05-25 05:00:00,4530.78839,0.04539,0.53162,0.58654,0.02453
2030-05-25 06:00:00,4779.88409,0.03133,0.53162,0.62016,0.06528
2030-05-25 07:00:00,5153.52765,0.04674,0.53162,0.65056,0.1187
2030-05-25 08:00:00,5444.1393,0.04814,0.53162,0.68002,0.15887
2030-05-25 09:00:00,5527.1712,0.04075,0.53162,0.69271,0.24671
2030-05-25 10:00:00,5527.1712,0.0587,0.53162,0.68286,0.38415
2030-05-25 11:00:00,5485.65525,0.05565,0.53162,0.68021,0.44666
2030-05-25 12:00:00,5444.1393,0.09426,0.53162,0.65472,0.36951
2030-05-25 13:00:00,5402.62335,0.15618,0.53162,0.61643,0.45809
2030-05-25 14:00:00,5361.1074,0.18829,0.53162,0.5945,0.39999
2030-05-25 15:00:00,5402.62335,0.17,0.53162,0.60885,0.27754
2030-05-25 16:00:00,5610.2031,0.22871,0.53162,0.59823,0.27116
2030-05-25 17:00:00,5859.29881,0.1852,0.66453,0.648,0.22871
2030-05-25 18:00:00,5859.29881,0.18358,0.66453,0.64889,0.13636
2030-05-25 19:00:00,5693.235,0.20911,0.66453,0.61762,0.06469
2030-05-25 20:00:00,5485.65525,0.19932,0.66453,0.6014,0.01959
2030-05-25 21:00:00,5278.0755,0.12097,0.53162,0.62279,0.0
2030-05-25 22:00:00,5070.49574,0.18299,0.53162,0.56718,0.0
2030-05-25 23:00:00,4862.91599,0.1442,0.53162,0.56687,0.0
2030-05-26 00:00:00,4660.89871,0.14848,0.53038,0.54352,0.0
2030-05-26 01:00:00,4537.84892,0.11239,0.53038,0.55052,0.0
2030-05-26 02:00:00,4455.81572,0.09617,0.53038,0.55089,0.0
2030-05-26 03:00:00,4414.79913,0.13231,0.53038,0.52679,0.0
2030-05-26 04:00:00,4414.79913,0.1275,0.53038,0.52943,0.0
2030-05-26 05:00:00,4496.83232,0.14421,0.53038,0.52879,0.02728
2030-05-26 06:00:00,4742.9319,0.15766,0.53038,0.54701,0.07504
2030-05-26 07:00:00,5112.08127,0.1681,0.53038,0.57967,0.16875
2030-05-26 08:00:00,5399.19745,0.1783,0.53038,0.60394,0.28242
2030-05-26 09:00:00,5481.23064,0.12493,0.53038,0.64175,0.37668
2030-05-26 10:00:00,5481.23064,0.11131,0.53038,0.64922,0.35082
2030-05-26 11:00:00,5440.21404,0.0936,0.53038,0.65467,0.25701
2030-05-26 12:00:00,5399.19745,0.06976,0.53038,0.66348,0.27265
2030-05-26 13:00:00,5358.18085,0.06351,0.53038,0.66264,0.2538
2030-05-26 14:00:00,5317.16425,0.0541,0.53038,0.66354,0.24113
2030-05-26 15:00:00,5358.18085,0.05753,0.53038,0.66593,0.22203
2030-05-26 16:00:00,5563.26383,0.05096,0.53038,0.69086,0.23975
2030-05-26 17:00:00,5809.36341,0.04223,0.66297,0.72124,0.12032
2030-05-26 18:00:00,5809.36341,0.0487,0.66297,0.7177,0.10836
2030-05-26 19:00:00,5645.29703,0.07624,0.66297,0.68552,0.05627
2030-05-26 20:00:00,5440.21404,0.10777,0.66297,0.64689,0.01751
2030-05-26 21:00:00,5235.13106,0.05471,0.53038,0.65468,0.0
2030-05-26 22:00:00,5030.04808,0.05491,0.53038,0.63324,0.0
2030-05-26 23:00:00,4824.96509,0.05856,0.53038,0.60991,0.0
2030-05-27 00:00:00,5086.74302,0.07662,0.52915,0.62723,0.0
2030-05-27 01:00:00,4945.94972,0.12236,0.52915,0.58749,0.0
2030-05-27 02:00:00,4852.08751,0.12905,0.52915,0.57406,0.0
2030-05-27 03:00:00,4805.15641,0.10033,0.52915,0.58493,0.0
2030-05-27 04:00:00,4805.15641,0.09526,0.52915,0.58771,0.0
2030-05-27 05:00:00,4899.01862,0.10023,0.52915,0.59475,0.02217
2030-05-27 06:00:00,5180.60522,0.06817,0.52915,0.64162,0.05655
2030-05-27 07:00:00,5602.98513,0.13114,0.52915,0.651,0.12311
2030-05-27 08:00:00,5931.50284,0.12673,0.52915,0.68759,0.215
2030-05-27 09:00:00,6025.36504,0.12439,0.52915,0.69863,0.24493
2030-05-27 10:00:00,6025.36504,0.12079,0.52915,0.70061,0.2938
2030-05-27 11:00:00,5978.43394,0.14901,0.52915,0.68025,0.31034
2030-05-27 12:00:00,5931.50284,0.1248,0.52915,0.68864,0.39155
2030-05-27 13:00:00,5884.57174,0.13581,0.52915,0.67772,0.38483
2030-05-27 14:00:00,5837.64064,0.09878,0.52915,0.69316,0.33585
2030-05-27 15:00:00,5884.57174,0.18659,0.52915,0.64987,0.27343
2030-05-27 16:00:00,6119.22724,0.17175,0.52915,0.68241,0.20849
2030-05-27 17:00:00,6400.81385,0.151,0.66144,0.72308,0.15289
2030-05-27 18:00:00,6400.81385,0.13216,0.66144,0.73342,0.10903
2030-05-27 19:00:00,6213.08944,0.08917,0.66144,0.73748,0.05326
2030-05-27 20:00:00,5978.43394,0.1025,0.66144,0.70576,0.01455
2030-05-27 21:00:00,5743.77843,0.09498,0.52915,0.68548,0.0
2030-05-27 22:00:00,5509.12293,0.082,0.52915,0.6682,0.0
2030-05-27 23:00:00,5274.46742,0.0578,0.52915,0.65707,0.0
2030-05-28 00:00:00,4885.02705,0.07966,0.52795,0.60458,0.0
2030-05-28 01:00:00,4752.63858,0.10107,0.52795,0.57907,0.0
2030-05-28 02:00:00,4664.3796,0.07718,0.52795,0.58299,0.0
2030-05-28 03:00:00,4620.25011,0.10362,0.52795,0.5639,0.0
2030-05-28 04:00:00,4620.25011,0.06653,0.52795,0.58424,0.0
2030-05-28 05:00:00,4708.50909,0.07188,0.52795,0.59049,0.02614
2030-05-28 06:00:00,4973.28603,0.05661,0.52795,0.6264,0.07201
2030-05-28 07:00:00,5370.45144,0.05962,0.52795,0.66606,0.09689
2030-05-28 08:00:00,5679.35788,0.04365,0.52795,0.70694,0.12057
2030-05-28 09:00:00,5767.61686,0.04874,0.52795,0.71333,0.12638
2030-05-28 10:00:00,5767.61686,0.03474,0.52795,0.72101,0.19992
2030-05-28 11:00:00,5723.48737,0.04389,0.52795,0.7114,0.18403
2030-05-28 12:00:00,5679.35788,0.07719,0.52795,0.68854,0.25607
2030-05-28 13:00:00,5635.22839,0.10709,0.52795,0.66755,0.31684
2030-05-28 14:00:00,5591.0989,0.12066,0.52795,0.65552,0.32774
2030-05-28 15:00:00,5635.22839,0.21838,0.52795,0.6065,0.32418
2030-05-28 16:00:00,5855.87584,0.14683,0.52795,0.6687,0.25592
2030-05-28 17:00:00,6120.65278,0.12454,0.65993,0.70846,0.21432
2030-05-28 18:00:00,6120.65278,0.28728,0.65993,0.61918,0.13431
2030-05-28 19:00:00,5944.13482,0.34495,0.65993,0.56919,0.06753
2030-05-28 20:00:00,5723.48737,0.38836,0.65993,0.52243,0.02166
2030-05-28 21:00:00,5502.83992,0.34009,0.52795,0.52596,0.0
2030-05-28 22:00:00,5282.19246,0.42326,0.52795,0.45738,0.0
2030-05-28 23:00:00,5061.54501,0.48549,0.52795,0.4003,0.0
2030-05-29 00:00:00,4951.31993,0.50617,0.52676,0.37749,0.0
2030-05-29 01:00:00,4816.16926,0.43307,0.52676,0.40354,0.0
2030-05-29 02:00:00,4726.06881,0.44259,0.52676,0.38894,0.0
2030-05-29 03:00:00,4681.01859,0.36661,0.52676,0.42594,0.0
2030-05-29 04:00:00,4681.01859,0.5172,0.52676,0.34333,0.0
2030-05-29 05:00:00,4771.11904,0.39163,0.52676,0.42159,0.02728
2030-05-29 06:00:00,5041.42038,0.38007,0.52676,0.45604,0.07769
2030-05-29 07:00:00,5446.87241,0.399,0.52676,0.48782,0.20067
2030-05-29 08:00:00,5762.22398,0.36009,0.52676,0.54196,0.31313
2030-05-29 09:00:00,5852.32443,0.32187,0.52676,0.5723,0.35848
2030-05-29 10:00:00,5852.32443,0.26345,0.52676,0.60435,0.44298
2030-05-29 11:00:00,5807.27421,0.31279,0.52676,0.5726,0.49867
2030-05-29 12:00:00,5762.22398,0.35538,0.52676,0.54455,0.38792
2030-05-29 13:00:00,5717.17376,0.46281,0.52676,0.48092,0.3303
2030-05-29 14:00:00,5672.12353,0.50559,0.52676,0.45277,0.20803
2030-05-29 15:00:00,5717.17376,0.56398,0.52676,0.42542,0.23458
2030-05-29 16:00:00,5942.42488,0.40762,0.52676,0.53463,0.18286
2030-05-29 17:00:00,6212.72623,0.46571,0.65844,0.53087,0.15952
2030-05-29 18:00:00,6212.72623,0.57923,0.65844,0.46859,0.09859
2030-05-29 19:00:00,6032.52533,0.60932,0.65844,0.43335,0.04844
2030-05-29 20:00:00,5807.27421,0.51354,0.65844,0.46247,0.0141
2030-05-29 21:00:00,5582.02308,0.50772,0.52676,0.44223,0.0
2030-05-29 22:00:00,5356.77196,0.41506,0.52676,0.46964,0.0
2030-05-29 23:00:00,5131.52083,0.29665,0.52676,0.51117,0.0
2030-05-30 00:00:00,4969.58845,0.27335,0.52558,0.50711,0.0
2030-05-30 01:00:00,4833.67659,0.3431,0.52558,0.45472,0.0
2030-05-30 02:00:00,4743.06868,0.33992,0.52558,0.44704,0.0
2030-05-30 03:00:00,4697.76473,0.36933,0.52558,0.42619,0.0
2030-05-30 04:00:00,4697.76473,0.35189,0.52558,0.43576,0.0
2030-05-30 05:00:00,4788.37264,0.3648,0.52558,0.4381,0.02558
2030-05-30 06:00:00,5060.19636,0.29803,0.52558,0.503,0.06261
2030-05-30 07:00:00,5467.93195,0.35523,0.52558,0.51402,0.09443
2030-05-30 08:00:00,5785.05963,0.32333,0.52558,0.5645,0.18435
2030-05-30 09:00:00,5875.66754,0.30285,0.52558,0.58516,0.19773
2030-05-30 10:00:00,5875.66754,0.19983,0.52558,0.64168,0.18087
2030-05-30 11:00:00,5830.36358,0.17726,0.52558,0.64935,0.2501
2030-05-30 12:00:00,5785.05963,0.2067,0.52558,0.62849,0.28838
2030-05-30 13:00:00,5739.75568,0.34053,0.52558,0.55036,0.2761
2030-05-30 14:00:00,5694.45172,0.27144,0.52558,0.58355,0.20778
2030-05-30 15:00:00,5739.75568,0.32317,0.52558,0.55988,0.17728
2030-05-30 16:00:00,5966.27545,0.38155,0.52558,0.55141,0.17421
2030-05-30 17:00:00,6238.09917,0.37403,0.65698,0.5838,0.14863
2030-05-30 18:00:00,6238.09917,0.38328,0.65698,0.57873,0.13442
2030-05-30 19:00:00,6056.88336,0.29773,0.65698,0.60682,0.0577
2030-05-30 20:00:00,5830.36358,0.38831,0.65698,0.53357,0.01949
2030-05-30 21:00:00,5603.84381,0.42075,0.52558,0.49222,0.0
2030-05-30 22:00:00,5377.32404,0.44351,0.52558,0.45617,0.0
2030-05-30 23:00:00,5150.80427,0.37944,0.52558,0.46776,0.0
2030-05-31 00:00:00,5006.81532,0.48635,0.52443,0.39413,0.0
2030-05-31 01:00:00,4869.35234,0.44882,0.52443,0.40043,0.0
2030-05-31 02:00:00,4777.71035,0.44161,0.52443,0.39485,0.0
2030-05-31 03:00:00,4731.88936,0.46047,0.52443,0.37974,0.0
2030-05-31 04:00:00,4731.88936,0.41476,0.52443,0.40482,0.0
2030-05-31 05:00:00,4823.53135,0.48895,0.52443,0.37365,0.02317
2030-05-31 06:00:00,5098.45731,0.54267,0.52443,0.37277,0.04191
2030-05-31 07:00:00,5510.84626,0.46787,0.52443,0.45669,0.08444
2030-05-31 08:00:00,5831.59322,0.46828,0.52443,0.48983,0.14052
2030-05-31 09:00:00,5923.23521,0.38024,0.52443,0.54765,0.1614
2030-05-31 10:00:00,5923.23521,0.37466,0.52443,0.55071,0.18259
2030-05-31 11:00:00,5877.41421,0.40755,0.52443,0.5279,0.22369
2030-05-31 12:00:00,5831.59322,0.41332,0.52443,0.51998,0.21879
2030-05-31 13:00:00,5785.77222,0.45,0.52443,0.49509,0.18263
2030-05-31 14:00:00,5739.95123,0.51993,0.52443,0.45196,0.1703
2030-05-31 15:00:00,5785.77222,0.39312,0.52443,0.52629,0.1845
2030-05-31 16:00:00,6014.87719,0.24797,0.52443,0.62975,0.17996
2030-05-31 17:00:00,6289.80316,0.31142,0.65554,0.62353,0.14509
2030-05-31 18:00:00,6289.80316,0.28144,0.65554,0.63998,0.10103
2030-05-31 19:00:00,6106.51918,0.1883,0.65554,0.67201,0.06848
2030-05-31 20:00:00,5877.41421,0.1432,0.65554,0.67293,0.02442
2030-05-31 21:00:00,5648.30924,0.12578,0.52443,0.65866,0.0
2030-05-31 22:00:00,5419.20427,0.07003,0.52443,0.66542,0.0
2030-05-31 23:00:00,5190.0993,0.0945,0.52443,0.62816,0.0
2030-06-01 00:00:00,4558.61183,0.13444,0.5233,0.54058,0.0
2030-06-01 01:00:00,4439.82399,0.15275,0.5233,0.51818,0.0
2030-06-01 02:00:00,4360.6321,0.24181,0.5233,0.46109,0.0
2030-06-01 03:00:00,4321.03615,0.23879,0.5233,0.45863,0.0
2030-06-01 04:00:00,4321.03615,0.25045,0.5233,0.45223,0.0
2030-06-01 05:00:00,4400.22804,0.18056,0.5233,0.49881,0.02719
2030-06-01 06:00:00,4637.80372,0.1639,0.5233,0.53265,0.07915
2030-06-01 07:00:00,4994.16723,0.22257,0.5233,0.53753,0.18533
2030-06-01 08:00:00,5271.33885,0.24284,0.5233,0.55523,0.28144
2030-06-01 09:00:00,5350.53074,0.25792,0.5233,0.5552,0.28659
2030-06-01 10:00:00,5350.53074,0.17295,0.5233,0.60181,0.39056
2030-06-01 11:00:00,5310.93479,0.14249,0.5233,0.6144,0.43444
2030-06-01 12:00:00,5271.33885,0.12475,0.5233,0.62002,0.27527
2030-06-01 13:00:00,5231.7429,0.14496,0.5233,0.60482,0.22647
2030-06-01 14:00:00,5192.14695,0.16533,0.5233,0.58952,0.12677
2030-06-01 15:00:00,5231.7429,0.13332,0.5233,0.6112,0.10145
2030-06-01 16:00:00,5429.72263,0.14654,0.5233,0.62454,0.11831
2030-06-01 17:00:00,5667.2983,0.09787,0.65412,0.67594,0.12245
2030-06-01 18:00:00,5667.2983,0.16209,0.65412,0.64071,0.10585
2030-06-01 19:00:00,5508.91452,0.20887,0.65412,0.59858,0.05513
2030-06-01 20:00:00,5310.93479,0.23503,0.65412,0.56364,0.01593
2030-06-01 21:00:00,5112.95506,0.20228,0.5233,0.56101,0.0
2030-06-01 22:00:00,4914.97534,0.19916,0.5233,0.54214,0.0
2030-06-01 23:00:00,4716.99561,0.14128,0.5233,0.5533,0.0
2030-06-02 00:00:00,4481.49554,0.19036,0.52218,0.50188,0.0
2030-06-02 01:00:00,4365.92088,0.13668,0.52218,0.51931,0.0
2030-06-02 02:00:00,4288.87111,0.20281,0.52218,0.47502,0.0
2030-06-02 03:00:00,4250.34622,0.1601,0.52218,0.49444,0.0
2030-06-02 04:00:00,4250.34622,0.1536,0.52218,0.49801,0.0
2030-06-02 05:00:00,4327.396,0.18399,0.52218,0.48935,0.03226
2030-06-02 06:00:00,4558.54531,0.31677,0.52218,0.44054,0.08083
2030-06-02 07:00:00,4905.26929,0.30234,0.52218,0.48452,0.17323
2030-06-02 08:00:00,5174.94349,0.27631,0.52218,0.52685,0.23341
2030-06-02 09:00:00,5251.99326,0.20825,0.52218,0.5722,0.30012
2030-06-02 10:00:00,5251.99326,0.23833,0.52218,0.55569,0.24186
2030-06-02 11:00:00,5213.46837,0.2828,0.52218,0.52729,0.33135
2030-06-02 12:00:00,5174.94349,0.24441,0.52218,0.54435,0.32222
2030-06-02 13:00:00,5136.4186,0.3316,0.52218,0.49251,0.36872
2030-06-02 14:00:00,5097.89372,0.4,0.52218,0.45098,0.48157
2030-06-02 15:00:00,5136.4186,0.37145,0.52218,0.47065,0.52201
2030-06-02 16:00:00,5329.04303,0.30586,0.52218,0.52666,0.45505
2030-06-02 17:00:00,5560.19235,0.20477,0.65273,0.60616,0.31851
2030-06-02 18:00:00,5560.19235,0.16175,0.65273,0.62976,0.19307
2030-06-02 19:00:00,5406.0928,0.1576,0.65273,0.61601,0.0705
2030-06-02 20:00:00,5213.46837,0.19375,0.65273,0.57614,0.02444
2030-06-02 21:00:00,5020.84394,0.19852,0.52218,0.5535,0.0
2030-06-02 22:00:00,4828.21951,0.22158,0.52218,0.52081,0.0
2030-06-02 23:00:00,4635.59508,0.23495,0.52218,0.49345,0.0
2030-06-03 00:00:00,4919.68836,0.2587,0.52109,0.50996,0.0
2030-06-03 01:00:00,4785.85567,0.26218,0.52109,0.49414,0.0
2030-06-03 02:00:00,4696.63387,0.31657,0.52109,0.45502,0.0
2030-06-03 03:00:00,4652.02298,0.2674,0.52109,0.47735,0.0
2030-06-03 04:00:00,4652.02298,0.26889,0.52109,0.47653,0.0
2030-06-03 05:00:00,4741.24477,0.32592,0.52109,0.45453,0.03149
2030-06-03 06:00:00,5008.91016,0.35728,0.52109,0.46516,0.08672
2030-06-03 07:00:00,5410.40823,0.3531,0.52109,0.50921,0.20505
2030-06-03 08:00:00,5722.68452,0.3388,0.52109,0.54953,0.27426
2030-06-03 09:00:00,5811.90631,0.42473,0.52109,0.51167,0.35325
2030-06-03 10:00:00,5811.90631,0.49934,0.52109,0.47073,0.40848
2030-06-03 11:00:00,5767.29541,0.43859,0.52109,0.49943,0.43904
2030-06-03 12:00:00,5722.68452,0.45406,0.52109,0.4863,0.46573
2030-06-03 13:00:00,5678.07362,0.31837,0.52109,0.5561,0.39152
2030-06-03 14:00:00,5633.46272,0.22194,0.52109,0.60436,0.36206
2030-06-03 15:00:00,5678.07362,0.19033,0.52109,0.62634,0.3474
2030-06-03 16:00:00,5901.1281,0.12579,0.52109,0.68495,0.35942
2030-06-03 17:00:00,6168.79349,0.22932,0.65136,0.65599,0.23539
2030-06-03 18:00:00,6168.79349,0.20764,0.65136,0.66788,0.15372
2030-06-03 19:00:00,5990.3499,0.18664,0.65136,0.66084,0.06697
2030-06-03 20:00:00,5767.29541,0.13724,0.65136,0.66475,0.02221
2030-06-03 21:00:00,5544.24093,0.23208,0.52109,0.58952,0.0
2030-06-03 22:00:00,5321.18644,0.13901,0.52109,0.61738,0.0
2030-06-03 23:00:00,5098.13195,0.19396,0.52109,0.56404,0.0
2030-06-04 00:00:00,4884.63331,0.1458,0.52001,0.56825,0.0
2030-06-04 01:00:00,4752.26125,0.12471,0.52001,0.56606,0.0
2030-06-04 02:00:00,4664.0132,0.10774,0.52001,0.56619,0.0
2030-06-04 03:00:00,4619.88918,0.11341,0.52001,0.55849,0.0
2030-06-04 04:00:00,4619.88918,0.11348,0.52001,0.55845,0.0
2030-06-04 05:00:00,4708.13723,0.06952,0.52001,0.59174,0.02857
2030-06-04 06:00:00,4972.88136,0.07546,0.52001,0.61602,0.07417
2030-06-04 07:00:00,5369.99755,0.05105,0.52001,0.67071,0.16242
2030-06-04 08:00:00,5678.8657,0.03698,0.52001,0.71055,0.25182
2030-06-04 09:00:00,5767.11375,0.05945,0.52001,0.7074,0.36932
2030-06-04 10:00:00,5767.11375,0.05195,0.52001,0.71152,0.40263
2030-06-04 11:00:00,5722.98973,0.03724,0.52001,0.715,0.40327
2030-06-04 12:00:00,5678.8657,0.03198,0.52001,0.71329,0.56753
2030-06-04 13:00:00,5634.74168,0.0376,0.52001,0.70562,0.52776
2030-06-04 14:00:00,5590.61766,0.0563,0.52001,0.69077,0.52028
2030-06-04 15:00:00,5634.74168,0.0602,0.52001,0.69322,0.40952
2030-06-04 16:00:00,5855.36179,0.06262,0.52001,0.71484,0.25511
2030-06-04 17:00:00,6120.10592,0.06196,0.65002,0.74274,0.21087
2030-06-04 18:00:00,6120.10592,0.057,0.65002,0.74546,0.16671
2030-06-04 19:00:00,5943.60983,0.09072,0.65002,0.7086,0.07285
2030-06-04 20:00:00,5722.98973,0.10549,0.65002,0.67756,0.02337
2030-06-04 21:00:00,5502.36962,0.06481,0.52001,0.67693,0.0
2030-06-04 22:00:00,5281.74951,0.08046,0.52001,0.6454,0.0
2030-06-04 23:00:00,5061.1294,0.06652,0.52001,0.6301,0.0
2030-06-05 00:00:00,5038.38767,0.09033,0.51896,0.61468,0.0
2030-06-05 01:00:00,4899.60917,0.10143,0.51896,0.59415,0.0
2030-06-05 02:00:00,4807.09017,0.11981,0.51896,0.57445,0.0
2030-06-05 03:00:00,4760.83067,0.13184,0.51896,0.56304,0.0
2030-06-05 04:00:00,4760.83067,0.13949,0.51896,0.55884,1e-05
2030-06-05 05:00:00,4853.34967,0.11961,0.51896,0.57937,0.02966
2030-06-05 06:00:00,5130.90666,0.08172,0.51896,0.62902,0.07468
2030-06-05 07:00:00,5547.24215,0.08073,0.51896,0.67286,0.14264
2030-06-05 08:00:00,5871.05865,0.11762,0.51896,0.6863,0.17224
2030-06-05 09:00:00,5963.57764,0.1223,0.51896,0.69336,0.25817
2030-06-05 10:00:00,5963.57764,0.11446,0.51896,0.69766,0.34618
2030-06-05 11:00:00,5917.31815,0.19355,0.51896,0.64946,0.28
2030-06-05 12:00:00,5871.05865,0.29838,0.51896,0.58714,0.22702
2030-06-05 13:00:00,5824.79915,0.23441,0.51896,0.61742,0.15388
2030-06-05 14:00:00,5778.53965,0.25295,0.51896,0.60244,0.1549
2030-06-05 15:00:00,5824.79915,0.2522,0.51896,0.60766,0.13213
2030-06-05 16:00:00,6056.09664,0.29423,0.51896,0.60866,0.10132
2030-06-05 17:00:00,6333.65364,0.45961,0.6487,0.5468,0.06582
2030-06-05 18:00:00,6333.65364,0.47026,0.6487,0.54095,0.04848
2030-06-05 19:00:00,6148.61564,0.53313,0.6487,0.48722,0.0262
2030-06-05 20:00:00,5917.31815,0.57718,0.6487,0.43899,0.00984
2030-06-05 21:00:00,5686.02065,0.6632,0.51896,0.36775,0.0
2030-06-05 22:00:00,5454.72316,0.65103,0.51896,0.35037,0.0
2030-06-05 23:00:00,5223.42566,0.68083,0.51896,0.30997,0.0
2030-06-06 00:00:00,4974.40117,0.64525,0.51792,0.30359,0.0
2030-06-06 01:00:00,4838.28877,0.60849,0.51792,0.3096,0.0
2030-06-06 02:00:00,4747.54718,0.64724,0.51792,0.27891,0.0
2030-06-06 03:00:00,4702.17638,0.55704,0.51792,0.32367,0.0
2030-06-06 04:00:00,4702.17638,0.64253,0.51792,0.27677,2e-05
2030-06-06 05:00:00,4792.91798,0.63672,0.51792,0.28939,0.02982
2030-06-06 06:00:00,5065.14276,0.60302,0.51792,0.3362,0.08141
2030-06-06 07:00:00,5473.47994,0.46233,0.51792,0.45584,0.15393
2030-06-06 08:00:00,5791.07552,0.37146,0.51792,0.53873,0.17483
2030-06-06 09:00:00,5881.81712,0.35414,0.51792,0.55767,0.20347
2030-06-06 10:00:00,5881.81712,0.3737,0.51792,0.54693,0.32935
2030-06-06 11:00:00,5836.44632,0.3647,0.51792,0.54715,0.29803
2030-06-06 12:00:00,5791.07552,0.30728,0.51792,0.57393,0.3469
2030-06-06 13:00:00,5745.70472,0.37239,0.51792,0.5335,0.35414
2030-06-06 14:00:00,5700.33393,0.41104,0.51792,0.50757,0.44403
2030-06-06 15:00:00,5745.70472,0.29206,0.51792,0.57756,0.38695
2030-06-06 16:00:00,5972.55871,0.22567,0.51792,0.63758,0.32351
2030-06-06 17:00:00,6244.7835,0.35761,0.6474,0.59351,0.24101
2030-06-06 18:00:00,6244.7835,0.24198,0.6474,0.65694,0.12769
2030-06-06 19:00:00,6063.30031,0.17729,0.6474,0.67356,0.07263
2030-06-06 20:00:00,5836.44632,0.15696,0.6474,0.66112,0.02612
2030-06-06 21:00:00,5609.59233,0.17515,0.51792,0.62755,0.0
2030-06-06 22:00:00,5382.73834,0.19711,0.51792,0.59191,0.0
2030-06-06 23:00:00,5155.88436,0.22371,0.51792,0.55372,0.0
2030-06-07 00:00:00,5110.90403,0.13532,0.51691,0.59754,0.0
2030-06-07 01:00:00,4969.10402,0.14557,0.51691,0.57716,0.0
2030-06-07 02:00:00,4874.57068,0.1411,0.51691,0.56978,0.0
2030-06-07 03:00:00,4827.30401,0.1667,0.51691,0.55082,0.0
2030-06-07 04:00:00,4827.30401,0.18367,0.51691,0.54152,9e-05
2030-06-07 05:00:00,4921.83735,0.16873,0.51691,0.55954,0.02594
2030-06-07 06:00:00,5205.43737,0.12847,0.51691,0.61112,0.05452
2030-06-07 07:00:00,5630.83741,0.11307,0.51691,0.66382,0.07321
2030-06-07 08:00:00,5961.7041,0.12359,0.51691,0.69245,0.14552
2030-06-07 09:00:00,6056.23744,0.15076,0.51691,0.68738,0.26531
2030-06-07 10:00:00,6056.23744,0.13372,0.51691,0.69673,0.34175
2030-06-07 11:00:00,6008.97077,0.15623,0.51691,0.67946,0.25032
2030-06-07 12:00:00,5961.7041,0.12279,0.51691,0.69289,0.28916
2030-06-07 13:00:00,5914.43743,0.12337,0.51691,0.68766,0.24273
2030-06-07 14:00:00,5867.17076,0.12879,0.51691,0.67977,0.29287
2030-06-07 15:00:00,5914.43743,0.08094,0.51691,0.71093,0.27361
2030-06-07 16:00:00,6150.77078,0.05471,0.51691,0.7499,0.31969
2030-06-07 17:00:00,6434.37081,0.07144,0.64614,0.77022,0.18868
2030-06-07 18:00:00,6434.37081,0.07339,0.64614,0.76915,0.13807
2030-06-07 19:00:00,6245.30412,0.07455,0.64614,0.74885,0.07774
2030-06-07 20:00:00,6008.97077,0.06559,0.64614,0.72918,0.02264
2030-06-07 21:00:00,5772.63742,0.05059,0.51691,0.71284,0.0
2030-06-07 22:00:00,5536.30406,0.03494,0.51691,0.69685,0.0
2030-06-07 23:00:00,5299.97071,0.03564,0.51691,0.67188,0.0
2030-06-08 00:00:00,4685.09163,0.06673,0.51592,0.59088,0.0
2030-06-08 01:00:00,4561.0338,0.09502,0.51592,0.56246,0.0
2030-06-08 02:00:00,4478.32858,0.09665,0.51592,0.55296,0.0
2030-06-08 03:00:00,4436.97597,0.07917,0.51592,0.55825,0.0
2030-06-08 04:00:00,4436.97597,0.0926,0.51592,0.55088,3e-05
2030-06-08 05:00:00,4519.68119,0.125,0.51592,0.54171,0.03104
2030-06-08 06:00:00,4767.79685,0.12078,0.51592,0.56983,0.08044
2030-06-08 07:00:00,5139.97034,0.11665,0.51592,0.6108,0.17155
2030-06-08 08:00:00,5429.4386,0.1601,0.51592,0.61707,0.2208
2030-06-08 09:00:00,5512.14382,0.16647,0.51592,0.62217,0.21758
2030-06-08 10:00:00,5512.14382,0.12175,0.51592,0.64671,0.23183
2030-06-08 11:00:00,5470.79121,0.08945,0.51592,0.66013,0.25302
2030-06-08 12:00:00,5429.4386,0.11883,0.51592,0.63971,0.25222
2030-06-08 13:00:00,5388.08599,0.14005,0.51592,0.62377,0.27886
2030-06-08 14:00:00,5346.73338,0.13545,0.51592,0.62199,0.24183
2030-06-08 15:00:00,5388.08599,0.15991,0.51592,0.61287,0.22536
2030-06-08 16:00:00,5594.84904,0.20032,0.51592,0.61221,0.11028
2030-06-08 17:00:00,5842.9647,0.21402,0.6449,0.63049,0.07383
2030-06-08 18:00:00,5842.9647,0.2293,0.6449,0.62211,0.10063
2030-06-08 19:00:00,5677.55426,0.12446,0.6449,0.66242,0.0716
2030-06-08 20:00:00,5470.79121,0.09855,0.6449,0.65514,0.02992
2030-06-08 21:00:00,5264.02816,0.10864,0.51592,0.6281,0.0
2030-06-08 22:00:00,5057.26512,0.06972,0.51592,0.62794,0.0
2030-06-08 23:00:00,4850.50207,0.06106,0.51592,0.61119,0.0
2030-06-09 00:00:00,4596.99099,0.05861,0.51495,0.58617,0.0
2030-06-09 01:00:00,4476.60402,0.03151,0.51495,0.58852,0.0
2030-06-09 02:00:00,4396.34604,0.03251,0.51495,0.57962,0.0
2030-06-09 03:00:00,4356.21705,0.04479,0.51495,0.56871,0.0
2030-06-09 04:00:00,4356.21705,0.03865,0.51495,0.57208,0.0001
2030-06-09 05:00:00,4436.47503,0.03332,0.51495,0.58335,0.03542
2030-06-09 06:00:00,4677.24896,0.03258,0.51495,0.6088,0.08384
2030-06-09 07:00:00,5038.40987,0.03526,0.51495,0.64489,0.18664
2030-06-09 08:00:00,5319.31279,0.03306,0.51495,0.67531,0.28356
2030-06-09 09:00:00,5399.57077,0.04464,0.51495,0.6773,0.39466
2030-06-09 10:00:00,5399.57077,0.08656,0.51495,0.6543,0.46182
2030-06-09 11:00:00,5359.44178,0.06443,0.51495,0.66227,0.48241
2030-06-09 12:00:00,5319.31279,0.07205,0.51495,0.65392,0.56494
2030-06-09 13:00:00,5279.18381,0.04251,0.51495,0.66595,0.58298
2030-06-09 14:00:00,5239.05482,0.05211,0.51495,0.65651,0.45055
2030-06-09 15:00:00,5279.18381,0.05498,0.51495,0.65911,0.33975
2030-06-09 16:00:00,5479.82875,0.05243,0.51495,0.68138,0.34489
2030-06-09 17:00:00,5720.60269,0.09004,0.64369,0.68579,0.21208
2030-06-09 18:00:00,5720.60269,0.09537,0.64369,0.68286,0.15154
2030-06-09 19:00:00,5560.08673,0.0964,0.64369,0.6656,0.07679
2030-06-09 20:00:00,5359.44178,0.09451,0.64369,0.64577,0.03103
2030-06-09 21:00:00,5158.79684,0.07241,0.51495,0.63703,0.0
2030-06-09 22:00:00,4958.15189,0.08591,0.51495,0.60876,0.0
2030-06-09 23:00:00,4757.50694,0.09652,0.51495,0.58207,0.0
2030-06-10 00:00:00,4993.72273,0.11332,0.514,0.59742,0.0
2030-06-10 01:00:00,4856.80527,0.11066,0.514,0.58463,0.0
2030-06-10 02:00:00,4765.52696,0.09232,0.514,0.5852,0.0
2030-06-10 03:00:00,4719.88781,0.11037,0.514,0.57056,0.0
2030-06-10 04:00:00,4719.88781,0.12312,0.514,0.56356,8e-05
2030-06-10 05:00:00,4811.16612,0.10181,0.514,0.58475,0.02403
2030-06-10 06:00:00,5085.00103,0.08159,0.514,0.62432,0.05904
2030-06-10 07:00:00,5495.7534,0.08764,0.514,0.66372,0.09349
2030-06-10 08:00:00,5815.22747,0.09472,0.514,0.69306,0.17963
2030-06-10 09:00:00,5906.50578,0.07735,0.514,0.71208,0.26268
2030-06-10 10:00:00,5906.50578,0.05406,0.514,0.72486,0.36166
2030-06-10 11:00:00,5860.86662,0.04858,0.514,0.72311,0.43373
2030-06-10 12:00:00,5815.22747,0.0572,0.514,0.71364,0.47386
2030-06-10 13:00:00,5769.58832,0.0529,0.514,0.71126,0.39068
2030-06-10 14:00:00,5723.94917,0.0611,0.514,0.70201,0.3925
2030-06-10 15:00:00,5769.58832,0.06587,0.514,0.70414,0.36564
2030-06-10 16:00:00,5997.78408,0.03389,0.514,0.74541,0.33827
2030-06-10 17:00:00,6271.61899,0.03452,0.6425,0.77355,0.26597
2030-06-10 18:00:00,6271.61899,0.05553,0.6425,0.76202,0.18297
2030-06-10 19:00:00,6089.06238,0.02727,0.6425,0.75854,0.07635
2030-06-10 20:00:00,5860.86662,0.01687,0.6425,0.74051,0.02917
2030-06-10 21:00:00,5632.67086,0.03258,0.514,0.70816,0.0
2030-06-10 22:00:00,5404.4751,0.0278,0.514,0.68705,0.0
2030-06-10 23:00:00,5176.27934,0.04301,0.514,0.65498,0.0
2030-06-11 00:00:00,4947.72976,0.09083,0.51307,0.60497,0.0
2030-06-11 01:00:00,4812.72868,0.09463,0.51307,0.58885,0.0
2030-06-11 02:00:00,4722.72795,0.08755,0.51307,0.58337,0.0
2030-06-11 03:00:00,4677.72759,0.14158,0.51307,0.54905,0.0
2030-06-11 04:00:00,4677.72759,0.19596,0.51307,0.51922,0.00017
2030-06-11 05:00:00,4767.72831,0.2456,0.51307,0.50135,0.02156
2030-06-11 06:00:00,5037.73048,0.17461,0.51307,0.56837,0.04139
2030-06-11 07:00:00,5442.73373,0.23318,0.51307,0.57836,0.07493
2030-06-11 08:00:00,5757.73626,0.2296,0.51307,0.61309,0.10008
2030-06-11 09:00:00,5847.73699,0.20877,0.51307,0.63387,0.11367
2030-06-11 10:00:00,5847.73699,0.2145,0.51307,0.63072,0.14914
2030-06-11 11:00:00,5802.73662,0.21969,0.51307,0.6232,0.21269
2030-06-11 12:00:00,5757.73626,0.185,0.51307,0.63755,0.39695
2030-06-11 13:00:00,5712.7359,0.10645,0.51307,0.67596,0.40531
2030-06-11 14:00:00,5667.73554,0.18326,0.51307,0.62915,0.53008
2030-06-11 15:00:00,5712.7359,0.1625,0.51307,0.64521,0.53075
2030-06-11 16:00:00,5937.73771,0.12031,0.51307,0.69176,0.37626
2030-06-11 17:00:00,6207.73988,0.14545,0.64134,0.70605,0.23499
2030-06-11 18:00:00,6207.73988,0.16052,0.64134,0.69778,0.11984
2030-06-11 19:00:00,6027.73843,0.18382,0.64134,0.66628,0.06185
2030-06-11 20:00:00,5802.73662,0.10744,0.64134,0.68478,0.03046
2030-06-11 21:00:00,5577.73482,0.10645,0.51307,0.66192,0.0
2030-06-11 22:00:00,5352.73301,0.15345,0.51307,0.61274,0.0
2030-06-11 23:00:00,5127.73121,0.23445,0.51307,0.5449,0.0
2030-06-12 00:00:00,5117.48066,0.21821,0.51217,0.55275,0.0
2030-06-12 01:00:00,4975.40662,0.29122,0.51217,0.49792,0.0
2030-06-12 02:00:00,4880.6906,0.25958,0.51217,0.50543,0.0
2030-06-12 03:00:00,4833.33259,0.18732,0.51217,0.54014,0.0
2030-06-12 04:00:00,4833.33259,0.17744,0.51217,0.54556,0.00018
2030-06-12 05:00:00,4928.04861,0.11963,0.51217,0.58713,0.02847
2030-06-12 06:00:00,5212.19669,0.10896,0.51217,0.62253,0.07953
2030-06-12 07:00:00,5638.4188,0.09961,0.51217,0.67198,0.16544
2030-06-12 08:00:00,5969.92489,0.13248,0.51217,0.68843,0.28031
2030-06-12 09:00:00,6064.64092,0.1515,0.51217,0.68785,0.32947
2030-06-12 10:00:00,6064.64092,0.20936,0.51217,0.65611,0.43863
2030-06-12 11:00:00,6017.2829,0.26681,0.51217,0.61966,0.45475
2030-06-12 12:00:00,5969.92489,0.38586,0.51217,0.54942,0.47677
2030-06-12 13:00:00,5922.56688,0.25548,0.51217,0.61603,0.47873
2030-06-12 14:00:00,5875.20887,0.20727,0.51217,0.63755,0.33823
2030-06-12 15:00:00,5922.56688,0.18762,0.51217,0.65325,0.28788
2030-06-12 16:00:00,6159.35694,0.20256,0.51217,0.66968,0.32005
2030-06-12 17:00:00,6443.50502,0.19246,0.64021,0.70478,0.28665
2030-06-12 18:00:00,6443.50502,0.26118,0.64021,0.66708,0.17969
2030-06-12 19:00:00,6254.07297,0.26747,0.64021,0.64392,0.08082
2030-06-12 20:00:00,6017.2829,0.2893,0.64021,0.60732,0.02562
2030-06-12 21:00:00,5780.49284,0.20831,0.51217,0.62713,0.0
2030-06-12 22:00:00,5543.70278,0.3027,0.51217,0.55072,0.0
2030-06-12 23:00:00,5306.91271,0.38295,0.51217,0.48207,0.0
2030-06-13 00:00:00,5016.2033,0.35696,0.51129,0.46609,0.0
2030-06-13 01:00:00,4878.34915,0.41361,0.51129,0.42068,0.0
2030-06-13 02:00:00,4786.44639,0.28568,0.51129,0.4813,0.0
2030-06-13 03:00:00,4740.495,0.30871,0.51129,0.46389,0.0
2030-06-13 04:00:00,4740.495,0.31582,0.51129,0.45999,0.00035
2030-06-13 05:00:00,4832.39777,0.26127,0.51129,0.49948,0.0294
2030-06-13 06:00:00,5108.10607,0.21457,0.51129,0.55377,0.06648
2030-06-13 07:00:00,5521.66851,0.14031,0.51129,0.63752,0.08074
2030-06-13 08:00:00,5843.32819,0.134,0.51129,0.67443,0.12443
2030-06-13 09:00:00,5935.23095,0.07677,0.51129,0.71539,0.17576
2030-06-13 10:00:00,5935.23095,0.1609,0.51129,0.66923,0.29082
2030-06-13 11:00:00,5889.27957,0.16268,0.51129,0.66347,0.33118
2030-06-13 12:00:00,5843.32819,0.17119,0.51129,0.65403,0.35341
2030-06-13 13:00:00,5797.37681,0.11271,0.51129,0.68133,0.26891
2030-06-13 14:00:00,5751.42542,0.11438,0.51129,0.67563,0.17732
2030-06-13 15:00:00,5797.37681,0.13484,0.51129,0.66919,0.17688
2030-06-13 16:00:00,6027.13372,0.13188,0.51129,0.69471,0.14975
2030-06-13 17:00:00,6302.84202,0.15296,0.63911,0.71182,0.15448
2030-06-13 18:00:00,6302.84202,0.11156,0.63911,0.73453,0.07859
2030-06-13 19:00:00,6119.03649,0.0967,0.63911,0.72357,0.03677
2030-06-13 20:00:00,5889.27957,0.1129,0.63911,0.69078,0.0129
2030-06-13 21:00:00,5659.52266,0.12084,0.51129,0.66253,0.0
2030-06-13 22:00:00,5429.76575,0.11419,0.51129,0.64229,0.0
2030-06-13 23:00:00,5200.00883,0.11743,0.51129,0.61661,0.0
2030-06-14 00:00:00,4952.52345,0.15364,0.51043,0.57101,0.0
2030-06-14 01:00:00,4817.32263,0.16133,0.51043,0.55273,0.0
2030-06-14 02:00:00,4727.18875,0.21228,0.51043,0.51541,0.0
2030-06-14 03:00:00,4682.12181,0.20612,0.51043,0.5141,0.0
2030-06-14 04:00:00,4682.12181,0.27982,0.51043,0.47367,0.0001
2030-06-14 05:00:00,4772.25569,0.2827,0.51043,0.48146,0.01803
2030-06-14 06:00:00,5042.65733,0.20339,0.51043,0.55309,0.0333
2030-06-14 07:00:00,5448.25979,0.19575,0.51043,0.59947,0.06288
2030-06-14 08:00:00,5763.72837,0.19955,0.51043,0.63019,0.10913
2030-06-14 09:00:00,5853.86225,0.14791,0.51043,0.6679,0.10997
2030-06-14 10:00:00,5853.86225,0.16039,0.51043,0.66105,0.25629
2030-06-14 11:00:00,5808.79531,0.16074,0.51043,0.65617,0.3068
2030-06-14 12:00:00,5763.72837,0.17572,0.51043,0.64326,0.4307
2030-06-14 13:00:00,5718.66143,0.21258,0.51043,0.61836,0.4364
2030-06-14 14:00:00,5673.59449,0.22261,0.51043,0.60817,0.52645
2030-06-14 15:00:00,5718.66143,0.16637,0.51043,0.6437,0.34408
2030-06-14 16:00:00,5943.99613,0.18367,0.51043,0.65765,0.34538
2030-06-14 17:00:00,6214.39777,0.23674,0.63804,0.65666,0.2403
2030-06-14 18:00:00,6214.39777,0.23351,0.63804,0.65843,0.19002
2030-06-14 19:00:00,6034.13001,0.16821,0.63804,0.67551,0.07308
2030-06-14 20:00:00,5808.79531,0.1519,0.63804,0.66102,0.0324
2030-06-14 21:00:00,5583.46061,0.08197,0.51043,0.67595,0.0
2030-06-14 22:00:00,5358.12591,0.12593,0.51043,0.6284,0.0
2030-06-14 23:00:00,5132.79121,0.12703,0.51043,0.60436,0.0
2030-06-15 00:00:00,4543.39579,0.07869,0.5096,0.56958,0.0
2030-06-15 01:00:00,4425.24196,0.04923,0.5096,0.57346,0.0
2030-06-15 02:00:00,4346.47273,0.02779,0.5096,0.57702,0.0
2030-06-15 03:00:00,4307.08812,0.0291,0.5096,0.57221,0.0
2030-06-15 04:00:00,4307.08812,0.03134,0.5096,0.57098,0.00021
2030-06-15 05:00:00,4385.85734,0.06262,0.5096,0.56201,0.03395
2030-06-15 06:00:00,4622.16502,0.05908,0.5096,0.58853,0.07185
2030-06-15 07:00:00,4976.62652,0.04707,0.5096,0.63198,0.12109
2030-06-15 08:00:00,5252.3188,0.06972,0.5096,0.64823,0.17676
2030-06-15 09:00:00,5331.08803,0.07655,0.5096,0.65268,0.24545
2030-06-15 10:00:00,5331.08803,0.06484,0.5096,0.6591,0.25089
2030-06-15 11:00:00,5291.70341,0.04901,0.5096,0.66369,0.31373
2030-06-15 12:00:00,5252.3188,0.05631,0.5096,0.65559,0.27363
2030-06-15 13:00:00,5212.93419,0.0517,0.5096,0.65402,0.27783
2030-06-15 14:00:00,5173.54958,0.07588,0.5096,0.63666,0.23176
2030-06-15 15:00:00,5212.93419,0.048,0.5096,0.65605,0.28149
2030-06-15 16:00:00,5409.85725,0.07392,0.5096,0.66231,0.19272
2030-06-15 17:00:00,5646.16492,0.0788,0.63699,0.68421,0.26329
2030-06-15 18:00:00,5646.16492,0.05844,0.63699,0.69538,0.18426
2030-06-15 19:00:00,5488.62647,0.10568,0.63699,0.65308,0.07203
2030-06-15 20:00:00,5291.70341,0.10943,0.63699,0.63054,0.03005
2030-06-15 21:00:00,5094.78036,0.07198,0.5096,0.63061,0.0
2030-06-15 22:00:00,4897.8573,0.078,0.5096,0.60682,0.0
2030-06-15 23:00:00,4700.93424,0.07783,0.5096,0.58644,0.0
2030-06-16 00:00:00,4393.59301,0.08803,0.50878,0.54888,0.0
2030-06-16 01:00:00,4281.68095,0.10101,0.50878,0.53012,0.0
2030-06-16 02:00:00,4207.07292,0.10053,0.50878,0.52262,0.0
2030-06-16 03:00:00,4169.7689,0.09053,0.50878,0.52423,0.0
2030-06-16 04:00:00,4169.7689,0.08225,0.50878,0.52877,0.00022
2030-06-16 05:00:00,4244.37694,0.07496,0.50878,0.54053,0.02968
2030-06-16 06:00:00,4468.20104,0.07847,0.50878,0.56188,0.07846
2030-06-16 07:00:00,4803.9372,0.06718,0.50878,0.60299,0.10968
2030-06-16 08:00:00,5065.06532,0.06933,0.50878,0.62897,0.18267
2030-06-16 09:00:00,5139.67336,0.07591,0.50878,0.63312,0.16771
2030-06-16 10:00:00,5139.67336,0.0831,0.50878,0.62917,0.2157
2030-06-16 11:00:00,5102.36934,0.1127,0.50878,0.60906,0.32216
2030-06-16 12:00:00,5065.06532,0.10131,0.50878,0.61143,0.26639
2030-06-16 13:00:00,5027.7613,0.08081,0.50878,0.61879,0.24744
2030-06-16 14:00:00,4990.45729,0.13989,0.50878,0.5825,0.20439
2030-06-16 15:00:00,5027.7613,0.20421,0.50878,0.55109,0.18965
2030-06-16 16:00:00,5214.28139,0.19292,0.50878,0.57669,0.18807
2030-06-16 17:00:00,5438.1055,0.17485,0.63598,0.60987,0.11923
2030-06-16 18:00:00,5438.1055,0.13838,0.63598,0.62988,0.07923
2030-06-16 19:00:00,5288.88943,0.2064,0.63598,0.57705,0.05695
2030-06-16 20:00:00,5102.36934,0.18322,0.63598,0.57037,0.02298
2030-06-16 21:00:00,4915.84925,0.11537,0.50878,0.5882,0.0
2030-06-16 22:00:00,4729.32916,0.07546,0.50878,0.59069,0.0
2030-06-16 23:00:00,4542.80908,0.04959,0.50878,0.58549,0.0
2030-06-17 00:00:00,4865.91025,0.0404,0.508,0.62413,0.0
2030-06-17 01:00:00,4734.31831,0.05111,0.508,0.60457,0.0
2030-06-17 02:00:00,4646.59035,0.05783,0.508,0.59176,0.0
2030-06-17 03:00:00,4602.72638,0.04738,0.508,0.59293,0.0
2030-06-17 04:00:00,4602.72638,0.0666,0.508,0.58239,0.00015
2030-06-17 05:00:00,4690.45433,0.0452,0.508,0.60325,0.01869
2030-06-17 06:00:00,4953.63821,0.06015,0.508,0.62242,0.0443
2030-06-17 07:00:00,5348.41402,0.08868,0.508,0.64782,0.0921
2030-06-17 08:00:00,5655.46188,0.11744,0.508,0.66398,0.15986
2030-06-17 09:00:00,5743.18983,0.10294,0.508,0.68105,0.14462
2030-06-17 10:00:00,5743.18983,0.13819,0.508,0.66172,0.18541
2030-06-17 11:00:00,5699.32586,0.16384,0.508,0.64309,0.2198
2030-06-17 12:00:00,5655.46188,0.14863,0.508,0.64687,0.20213
2030-06-17 13:00:00,5611.5979,0.15653,0.508,0.63797,0.23417
2030-06-17 14:00:00,5567.73392,0.1136,0.508,0.65696,0.24457
2030-06-17 15:00:00,5611.5979,0.08272,0.508,0.67846,0.22721
2030-06-17 16:00:00,5830.91779,0.04476,0.508,0.7221,0.10664
2030-06-17 17:00:00,6094.10167,0.05168,0.635,0.74567,0.04843
2030-06-17 18:00:00,6094.10167,0.06044,0.635,0.74087,0.05946
2030-06-17 19:00:00,5918.64575,0.04874,0.635,0.72904,0.04381
2030-06-17 20:00:00,5699.32586,0.03731,0.635,0.7125,0.0222
2030-06-17 21:00:00,5480.00596,0.04833,0.508,0.68364,0.0
2030-06-17 22:00:00,5260.68606,0.03378,0.508,0.66882,0.0
2030-06-17 23:00:00,5041.36617,0.01887,0.508,0.65419,0.0
2030-06-18 00:00:00,4812.5615,0.02861,0.50723,0.62505,0.0
2030-06-18 01:00:00,4683.19243,0.03054,0.50723,0.61054,0.0
2030-06-18 02:00:00,4596.94638,0.01141,0.50723,0.61206,0.0
2030-06-18 03:00:00,4553.82336,0.00949,0.50723,0.60863,0.0
2030-06-18 04:00:00,4553.82336,0.00957,0.50723,0.60859,0.00037
2030-06-18 05:00:00,4640.06941,0.00802,0.50723,0.6184,0.02933
2030-06-18 06:00:00,4898.80755,0.01148,0.50723,0.64342,0.07013
2030-06-18 07:00:00,5286.91477,0.00877,0.50723,0.68526,0.13463
2030-06-18 08:00:00,5588.77594,0.01213,0.50723,0.71482,0.17261
2030-06-18 09:00:00,5675.02199,0.01015,0.50723,0.72487,0.16595
2030-06-18 10:00:00,5675.02199,0.01306,0.50723,0.72327,0.31902
2030-06-18 11:00:00,5631.89897,0.00768,0.50723,0.72174,0.32461
2030-06-18 12:00:00,5588.77594,0.01054,0.50723,0.71569,0.25888
2030-06-18 13:00:00,5545.65292,0.01215,0.50723,0.71032,0.44062
2030-06-18 14:00:00,5502.52989,0.01722,0.50723,0.70305,0.43075
2030-06-18 15:00:00,5545.65292,0.00871,0.50723,0.71221,0.31842
2030-06-18 16:00:00,5761.26804,0.01537,0.50723,0.73098,0.35944
2030-06-18 17:00:00,6020.00619,0.01057,0.63404,0.76052,0.29554
2030-06-18 18:00:00,6020.00619,0.01928,0.63404,0.75574,0.17763
2030-06-18 19:00:00,5847.51409,0.032,0.63404,0.73082,0.08451
2030-06-18 20:00:00,5631.89897,0.04929,0.63404,0.69891,0.03445
2030-06-18 21:00:00,5416.28384,0.03975,0.50723,0.68172,0.0
2030-06-18 22:00:00,5200.66872,0.03838,0.50723,0.66005,0.0
2030-06-18 23:00:00,4985.0536,0.03342,0.50723,0.64035,0.0
2030-06-19 00:00:00,4872.69916,0.04487,0.50649,0.62238,0.0
2030-06-19 01:00:00,4740.82435,0.05138,0.50649,0.6051,0.0
2030-06-19 02:00:00,4652.90781,0.05732,0.50649,0.59269,0.0
2030-06-19 03:00:00,4608.94954,0.06476,0.50649,0.58404,0.0
2030-06-19 04:00:00,4608.94954,0.05814,0.50649,0.58767,0.00021
2030-06-19 05:00:00,4696.86608,0.05143,0.50649,0.6005,0.02161
2030-06-19 06:00:00,4960.6157,0.03712,0.50649,0.63578,0.04831
2030-06-19 07:00:00,5356.24013,0.01598,0.50649,0.68852,0.08766
2030-06-19 08:00:00,5663.94802,0.01645,0.50649,0.72026,0.12391
2030-06-19 09:00:00,5751.86455,0.0174,0.50649,0.72888,0.18358
2030-06-19 10:00:00,5751.86455,0.02828,0.50649,0.72292,0.28671
2030-06-19 11:00:00,5707.90628,0.03819,0.50649,0.71291,0.3652
2030-06-19 12:00:00,5663.94802,0.04077,0.50649,0.70692,0.41249
2030-06-19 13:00:00,5619.98975,0.03662,0.50649,0.70462,0.38458
2030-06-19 14:00:00,5576.03148,0.05596,0.50649,0.68944,0.38595
2030-06-19 15:00:00,5619.98975,0.05183,0.50649,0.69628,0.27695
2030-06-19 16:00:00,5839.78109,0.04789,0.50649,0.7213,0.33168
2030-06-19 17:00:00,6103.53071,0.08769,0.63311,0.7269,0.2337
2030-06-19 18:00:00,6103.53071,0.11644,0.63311,0.71113,0.1677
2030-06-19 19:00:00,5927.69763,0.12625,0.63311,0.68746,0.08366
2030-06-19 20:00:00,5707.90628,0.1682,0.63311,0.64158,0.03672
2030-06-19 21:00:00,5488.11494,0.09797,0.50649,0.65725,0.0
2030-06-19 22:00:00,5268.32359,0.10963,0.50649,0.628,0.0
2030-06-19 23:00:00,5048.53224,0.06821,0.50649,0.62787,0.0
2030-06-20 00:00:00,4853.23036,0.06031,0.50578,0.61189,0.0
2030-06-20 01:00:00,4722.16675,0.04351,0.50578,0.60747,0.0
2030-06-20 02:00:00,4634.79101,0.04605,0.50578,0.59699,0.0
2030-06-20 03:00:00,4591.10314,0.03562,0.50578,0.59817,0.0
2030-06-20 04:00:00,4591.10314,0.02987,0.50578,0.60133,0.00029
2030-06-20 05:00:00,4678.47888,0.01918,0.50578,0.61628,0.03643
2030-06-20 06:00:00,4940.6061,0.01932,0.50578,0.64346,0.08491
2030-06-20 07:00:00,5333.79693,0.02859,0.50578,0.67927,0.14639
2030-06-20 08:00:00,5639.61201,0.03907,0.50578,0.70532,0.20791
2030-06-20 09:00:00,5726.98775,0.06206,0.50578,0.7018,0.21861
2030-06-20 10:00:00,5726.98775,0.05597,0.50578,0.70514,0.24781
2030-06-20 11:00:00,5683.29988,0.05905,0.50578,0.6989,0.25311
2030-06-20 12:00:00,5639.61201,0.08162,0.50578,0.68198,0.2525
2030-06-20 13:00:00,5595.92414,0.07721,0.50578,0.67985,0.42483
2030-06-20 14:00:00,5552.23627,0.06707,0.50578,0.68087,0.36625
2030-06-20 15:00:00,5595.92414,0.10765,0.50578,0.66315,0.26659
2030-06-20 16:00:00,5814.36349,0.08716,0.50578,0.69711,0.16524
2030-06-20 17:00:00,6076.49071,0.09097,0.63222,0.72229,0.11058
2030-06-20 18:00:00,6076.49071,0.0963,0.63222,0.71936,0.06819
2030-06-20 19:00:00,5901.73923,0.0645,0.63222,0.71863,0.05357
2030-06-20 20:00:00,5683.29988,0.03717,0.63222,0.71091,0.03175
2030-06-20 21:00:00,5464.86054,0.03362,0.50578,0.69014,0.0
2030-06-20 22:00:00,5246.42119,0.05395,0.50578,0.65627,0.0
2030-06-20 23:00:00,5027.98184,0.03667,0.50578,0.64303,0.0
2030-06-21 00:00:00,4788.6098,0.07359,0.50509,0.59788,0.0
2030-06-21 01:00:00,4660.23871,0.05874,0.50509,0.59268,0.0
2030-06-21 02:00:00,4574.65799,0.08066,0.50509,0.57175,0.0
2030-06-21 03:00:00,4531.86763,0.07903,0.50509,0.5682,0.0
2030-06-21 04:00:00,4531.86763,0.05613,0.50509,0.58076,7e-05
2030-06-21 05:00:00,4617.44835,0.0526,0.50509,0.5916,0.02415
2030-06-21 06:00:00,4874.19052,0.08154,0.50509,0.60242,0.08099
2030-06-21 07:00:00,5259.30378,0.13797,0.50509,0.61152,0.11997
2030-06-21 08:00:00,5558.83631,0.12684,0.50509,0.64877,0.1527
2030-06-21 09:00:00,5644.41703,0.09835,0.50509,0.6733,0.20633
2030-06-21 10:00:00,5644.41703,0.17775,0.50509,0.62974,0.33247
2030-06-21 11:00:00,5601.62667,0.15601,0.50509,0.63722,0.40061
2030-06-21 12:00:00,5558.83631,0.15788,0.50509,0.63174,0.49635
2030-06-21 13:00:00,5516.04595,0.14144,0.50509,0.63631,0.51359
2030-06-21 14:00:00,5473.25559,0.16102,0.50509,0.62112,0.53427
2030-06-21 15:00:00,5516.04595,0.18894,0.50509,0.61025,0.44117
2030-06-21 16:00:00,5729.99776,0.13105,0.50509,0.66426,0.38967
2030-06-21 17:00:00,5986.73993,0.15211,0.63136,0.67941,0.24546
2030-06-21 18:00:00,5986.73993,0.16456,0.63136,0.67258,0.1574
2030-06-21 19:00:00,5815.57848,0.19402,0.63136,0.63862,0.07915
2030-06-21 20:00:00,5601.62667,0.17556,0.63136,0.62649,0.03143
2030-06-21 21:00:00,5387.67486,0.1819,0.50509,0.60077,1e-05
2030-06-21 22:00:00,5173.72305,0.13925,0.50509,0.60191,0.0
2030-06-21 23:00:00,4959.77125,0.13204,0.50509,0.58362,0.0
2030-06-22 00:00:00,4383.13186,0.13584,0.50442,0.52156,0.0
2030-06-22 01:00:00,4271.65569,0.13877,0.50442,0.50836,0.0
2030-06-22 02:00:00,4197.33824,0.13314,0.50442,0.50372,0.0
2030-06-22 03:00:00,4160.17952,0.11616,0.50442,0.50917,0.0
2030-06-22 04:00:00,4160.17952,0.08027,0.50442,0.52886,0.00021
2030-06-22 05:00:00,4234.49696,0.05008,0.50442,0.55315,0.03401
2030-06-22 06:00:00,4457.44931,0.06305,0.50442,0.56922,0.0731
2030-06-22 07:00:00,4791.87782,0.07331,0.50442,0.59838,0.1027
2030-06-22 08:00:00,5051.98889,0.03724,0.50442,0.64521,0.13203
2030-06-22 09:00:00,5126.30633,0.03326,0.50442,0.65513,0.2296
2030-06-22 10:00:00,5126.30633,0.04529,0.50442,0.64852,0.34456
2030-06-22 11:00:00,5089.14761,0.04425,0.50442,0.64523,0.35388
2030-06-22 12:00:00,5051.98889,0.06311,0.50442,0.63102,0.3507
2030-06-22 13:00:00,5014.83016,0.06023,0.50442,0.62874,0.3831
2030-06-22 14:00:00,4977.67144,0.08488,0.50442,0.61135,0.35876
2030-06-22 15:00:00,5014.83016,0.07118,0.50442,0.62273,0.29079
2030-06-22 16:00:00,5200.62378,0.05864,0.50442,0.64893,0.27081
2030-06-22 17:00:00,5423.57612,0.03963,0.63052,0.68255,0.27927
2030-06-22 18:00:00,5423.57612,0.03694,0.63052,0.68403,0.1654
2030-06-22 19:00:00,5274.94123,0.02879,0.63052,0.67304,0.08087
2030-06-22 20:00:00,5089.14761,0.01698,0.63052,0.6602,0.03493
2030-06-22 21:00:00,4903.35399,0.02587,0.50442,0.636,1e-05
2030-06-22 22:00:00,4717.56037,0.02039,0.50442,0.61968,0.0
2030-06-22 23:00:00,4531.76675,0.0414,0.50442,0.58883,0.0
2030-06-23 00:00:00,4388.80634,0.04854,0.50378,0.57005,0.0
2030-06-23 01:00:00,4277.09373,0.05849,0.50378,0.55297,0.0
2030-06-23 02:00:00,4202.61866,0.08724,0.50378,0.52945,0.0
2030-06-23 03:00:00,4165.38112,0.08618,0.50378,0.52616,0.0
2030-06-23 04:00:00,4165.38112,0.07869,0.50378,0.53027,0.0002
2030-06-23 05:00:00,4239.85619,0.09096,0.50378,0.53128,0.03294
2030-06-23 06:00:00,4463.28141,0.06448,0.50378,0.56904,0.07903
2030-06-23 07:00:00,4798.41923,0.06877,0.50378,0.60154,0.11707
2030-06-23 08:00:00,5059.08198,0.08979,0.50378,0.61712,0.17394
2030-06-23 09:00:00,5133.55706,0.10874,0.50378,0.61447,0.28701
2030-06-23 10:00:00,5133.55706,0.10388,0.50378,0.61714,0.3418
2030-06-23 11:00:00,5096.31952,0.08303,0.50378,0.62471,0.41815
2030-06-23 12:00:00,5059.08198,0.07504,0.50378,0.62522,0.42522
2030-06-23 13:00:00,5021.84445,0.17645,0.50378,0.56571,0.40382
2030-06-23 14:00:00,4984.60691,0.12674,0.50378,0.58911,0.26887
2030-06-23 15:00:00,5021.84445,0.14583,0.50378,0.58251,0.23323
2030-06-23 16:00:00,5208.03213,0.13535,0.50378,0.60762,0.13089
2030-06-23 17:00:00,5431.45734,0.0659,0.62972,0.66896,0.09468
2030-06-23 18:00:00,5431.45734,0.07277,0.62972,0.66519,0.08454
2030-06-23 19:00:00,5282.5072,0.06861,0.62972,0.65198,0.05847
2030-06-23 20:00:00,5096.31952,0.06496,0.62972,0.63462,0.02712
2030-06-23 21:00:00,4910.13184,0.07535,0.50378,0.60955,2e-05
2030-06-23 22:00:00,4723.94416,0.05581,0.50378,0.60091,0.0
2030-06-23 23:00:00,4537.75648,0.05837,0.50378,0.58015,0.0
2030-06-24 00:00:00,4834.08671,0.05853,0.50316,0.61087,0.0
2030-06-24 01:00:00,4703.82075,0.0468,0.50316,0.60376,0.0
2030-06-24 02:00:00,4616.97678,0.08433,0.50316,0.57414,0.0
2030-06-24 03:00:00,4573.5548,0.11658,0.50316,0.55193,0.0
2030-06-24 04:00:00,4573.5548,0.15859,0.50316,0.52889,0.00017
2030-06-24 05:00:00,4660.39877,0.12073,0.50316,0.55869,0.03441
2030-06-24 06:00:00,4920.93068,0.144,0.50316,0.57302,0.0755
2030-06-24 07:00:00,5311.72855,0.14681,0.50316,0.61212,0.13203
2030-06-24 08:00:00,5615.68245,0.09375,0.50316,0.67283,0.12723
2030-06-24 09:00:00,5702.52642,0.08674,0.50316,0.68571,0.1964
2030-06-24 10:00:00,5702.52642,0.06679,0.50316,0.69666,0.19509
2030-06-24 11:00:00,5659.10444,0.08451,0.50316,0.68242,0.20237
2030-06-24 12:00:00,5615.68245,0.1405,0.50316,0.64719,0.27157
2030-06-24 13:00:00,5572.26046,0.13415,0.50316,0.64616,0.28168
2030-06-24 14:00:00,5528.83848,0.13362,0.50316,0.64193,0.31852
2030-06-24 15:00:00,5572.26046,0.11614,0.50316,0.65604,0.25239
2030-06-24 16:00:00,5789.37039,0.14473,0.50316,0.66293,0.1612
2030-06-24 17:00:00,6049.90231,0.06474,0.62895,0.73391,0.11071
2030-06-24 18:00:00,6049.90231,0.03575,0.62895,0.74981,0.06487
2030-06-24 19:00:00,5876.21436,0.04798,0.62895,0.72504,0.05283
2030-06-24 20:00:00,5659.10444,0.07036,0.62895,0.69019,0.02093
2030-06-24 21:00:00,5441.99451,0.06809,0.50316,0.66885,1e-05
2030-06-24 22:00:00,5224.88458,0.06892,0.50316,0.64582,0.0
2030-06-24 23:00:00,5007.77465,0.11096,0.50316,0.60017,0.0
2030-06-25 00:00:00,4835.09572,0.11537,0.50257,0.57979,0.0
2030-06-25 01:00:00,4704.78772,0.14928,0.50257,0.54764,0.0
2030-06-25 02:00:00,4617.91573,0.16124,0.50257,0.53204,0.0
2030-06-25 03:00:00,4574.47973,0.12203,0.50257,0.54904,0.0
2030-06-25 04:00:00,4574.47973,0.10563,0.50257,0.55803,4e-05
2030-06-25 05:00:00,4661.35172,0.10001,0.50257,0.57016,0.01471
2030-06-25 06:00:00,4921.96772,0.12561,0.50257,0.58321,0.0279
2030-06-25 07:00:00,5312.89172,0.09483,0.50257,0.64075,0.05353
2030-06-25 08:00:00,5616.94372,0.06842,0.50257,0.68687,0.04821
2030-06-25 09:00:00,5703.81572,0.07718,0.50257,0.69109,0.06501
2030-06-25 10:00:00,5703.81572,0.10839,0.50257,0.67397,0.10494
2030-06-25 11:00:00,5660.37972,0.11801,0.50257,0.66417,0.17599
2030-06-25 12:00:00,5616.94372,0.06241,0.50257,0.69016,0.18057
2030-06-25 13:00:00,5573.50772,0.11192,0.50257,0.65848,0.14775
2030-06-25 14:00:00,5530.07172,0.09302,0.50257,0.66433,0.14801
2030-06-25 15:00:00,5573.50772,0.09058,0.50257,0.67019,0.11731
2030-06-25 16:00:00,5790.68772,0.05854,0.50257,0.71035,0.18324
2030-06-25 17:00:00,6051.30371,0.05623,0.62821,0.73872,0.14932
2030-06-25 18:00:00,6051.30371,0.044,0.62821,0.74543,0.0913
2030-06-25 19:00:00,5877.55972,0.03242,0.62821,0.73372,0.054
2030-06-25 20:00:00,5660.37972,0.03857,0.62821,0.70776,0.02017
2030-06-25 21:00:00,5443.19972,0.02247,0.50257,0.69401,1e-05
2030-06-25 22:00:00,5226.01972,0.00859,0.50257,0.67903,0.0
2030-06-25 23:00:00,5008.83972,0.01191,0.50257,0.65462,0.0
2030-06-26 00:00:00,4867.53765,0.00876,0.502,0.64166,0.0
2030-06-26 01:00:00,4735.87791,0.00634,0.502,0.62929,0.0
2030-06-26 02:00:00,4648.10474,0.01059,0.502,0.61783,0.0
2030-06-26 03:00:00,4604.21816,0.01389,0.502,0.61146,0.0
2030-06-26 04:00:00,4604.21816,0.01019,0.502,0.61349,0.00012
2030-06-26 05:00:00,4691.99133,0.02114,0.502,0.61661,0.02857
2030-06-26 06:00:00,4955.31082,0.02196,0.502,0.64354,0.0696
2030-06-26 07:00:00,5350.29006,0.02081,0.502,0.68525,0.16958
2030-06-26 08:00:00,5657.49613,0.02037,0.502,0.71744,0.22652
2030-06-26 09:00:00,5745.2693,0.04564,0.502,0.7127,0.31414
2030-06-26 10:00:00,5745.2693,0.03033,0.502,0.72111,0.296
2030-06-26 11:00:00,5701.38271,0.05522,0.502,0.70289,0.37233
2030-06-26 12:00:00,5657.49613,0.06479,0.502,0.69307,0.29221
2030-06-26 13:00:00,5613.60955,0.04719,0.502,0.69816,0.18074
2030-06-26 14:00:00,5569.72297,0.03301,0.502,0.70138,0.19083
2030-06-26 15:00:00,5613.60955,0.03106,0.502,0.70701,0.17369
2030-06-26 16:00:00,5833.04246,0.02953,0.502,0.73067,0.13544
2030-06-26 17:00:00,6096.36195,0.03794,0.62751,0.75344,0.09084
2030-06-26 18:00:00,6096.36195,0.06486,0.62751,0.73867,0.06879
2030-06-26 19:00:00,5920.81562,0.07106,0.62751,0.71702,0.05328
2030-06-26 20:00:00,5701.38271,0.06472,0.62751,0.69768,0.02373
2030-06-26 21:00:00,5481.9498,0.08194,0.502,0.66541,2e-05
2030-06-26 22:00:00,5262.51689,0.08186,0.502,0.64263,0.0
2030-06-26 23:00:00,5043.08398,0.06419,0.502,0.6295,0.0
2030-06-27 00:00:00,4766.77666,0.06868,0.50146,0.5983,0.0
2030-06-27 01:00:00,4639.31529,0.11362,0.50146,0.56039,0.0
2030-06-27 02:00:00,4554.34104,0.10368,0.50146,0.55701,0.0
2030-06-27 03:00:00,4511.85392,0.13962,0.50146,0.53288,0.0
2030-06-27 04:00:00,4511.85392,0.15606,0.50146,0.52386,0.00022
2030-06-27 05:00:00,4596.82817,0.1499,0.50146,0.53607,0.03202
2030-06-27 06:00:00,4851.75091,0.05445,0.50146,0.61495,0.08217
2030-06-27 07:00:00,5234.13503,0.11488,0.50146,0.62157,0.13911
2030-06-27 08:00:00,5531.54489,0.09693,0.50146,0.66234,0.16975
2030-06-27 09:00:00,5616.51914,0.14215,0.50146,0.64637,0.17706
2030-06-27 10:00:00,5616.51914,0.11987,0.50146,0.65859,0.25362
2030-06-27 11:00:00,5574.03202,0.1202,0.50146,0.654,0.27111
2030-06-27 12:00:00,5531.54489,0.09128,0.50146,0.66544,0.23225
2030-06-27 13:00:00,5489.05777,0.05671,0.50146,0.67999,0.2792
2030-06-27 14:00:00,5446.57065,0.03913,0.50146,0.68521,0.26777
2030-06-27 15:00:00,5489.05777,0.03085,0.50146,0.69417,0.20456
2030-06-27 16:00:00,5701.49339,0.02408,0.50146,0.71998,0.17827
2030-06-27 17:00:00,5956.41613,0.02827,0.62683,0.7442,0.15514
2030-06-27 18:00:00,5956.41613,0.03321,0.62683,0.74148,0.10043
2030-06-27 19:00:00,5786.46764,0.0514,0.62683,0.71383,0.06123
2030-06-27 20:00:00,5574.03202,0.04745,0.62683,0.6939,0.02517
2030-06-27 21:00:00,5361.5964,0.04528,0.50146,0.673,1e-05
2030-06-27 22:00:00,5149.16078,0.05128,0.50146,0.64762,0.0
2030-06-27 23:00:00,4936.72516,0.07232,0.50146,0.61398,0.0
2030-06-28 00:00:00,4730.46858,0.06949,0.50095,0.59408,0.0
2030-06-28 01:00:00,4604.52005,0.09309,0.50095,0.56804,0.0
2030-06-28 02:00:00,4520.55436,0.08146,0.50095,0.56569,0.0
2030-06-28 03:00:00,4478.57151,0.08148,0.50095,0.56131,0.0
2030-06-28 04:00:00,4478.57151,0.09387,0.50095,0.55451,0.00011
2030-06-28 05:00:00,4562.5372,0.06693,0.50095,0.57802,0.02248
2030-06-28 06:00:00,4814.43427,0.06012,0.50095,0.60796,0.06422
2030-06-28 07:00:00,5192.27988,0.06045,0.50095,0.64707,0.12284
2030-06-28 08:00:00,5486.15979,0.06704,0.50095,0.67402,0.12515
2030-06-28 09:00:00,5570.12548,0.08742,0.50095,0.67157,0.1505
2030-06-28 10:00:00,5570.12548,0.05859,0.50095,0.68739,0.21325
2030-06-28 11:00:00,5528.14264,0.0848,0.50095,0.66864,0.26601
2030-06-28 12:00:00,5486.15979,0.05901,0.50095,0.67843,0.24658
2030-06-28 13:00:00,5444.17695,0.07158,0.50095,0.66716,0.22859
2030-06-28 14:00:00,5402.1941,0.07449,0.50095,0.6612,0.316
2030-06-28 15:00:00,5444.17695,0.06083,0.50095,0.67306,0.23643
2030-06-28 16:00:00,5654.09117,0.08619,0.50095,0.68098,0.22368
2030-06-28 17:00:00,5905.98824,0.06622,0.62619,0.71813,0.16793
2030-06-28 18:00:00,5905.98824,0.06386,0.62619,0.71942,0.12264
2030-06-28 19:00:00,5738.05686,0.04077,0.62619,0.71463,0.06078
2030-06-28 20:00:00,5528.14264,0.01922,0.62619,0.70462,0.0317
2030-06-28 21:00:00,5318.22841,0.01482,0.50095,0.6852,1e-05
2030-06-28 22:00:00,5108.31419,0.01584,0.50095,0.66281,0.0
2030-06-28 23:00:00,4898.39996,0.02112,0.50095,0.63809,0.0
2030-06-29 00:00:00,4580.81613,0.01781,0.50046,0.60687,0.0
2030-06-29 01:00:00,4461.10312,0.02094,0.50046,0.5927,0.0
2030-06-29 02:00:00,4381.29444,0.01593,0.50046,0.58716,0.0
2030-06-29 03:00:00,4341.3901,0.0273,0.50046,0.57677,0.0
2030-06-29 04:00:00,4341.3901,0.03525,0.50046,0.5724,3e-05
2030-06-29 05:00:00,4421.19878,0.04047,0.50046,0.57784,0.0252
2030-06-29 06:00:00,4660.62481,0.03008,0.50046,0.60844,0.05593
2030-06-29 07:00:00,5019.76386,0.02483,0.50046,0.64867,0.09228
2030-06-29 08:00:00,5299.09423,0.02568,0.50046,0.67725,0.16366
2030-06-29 09:00:00,5378.90291,0.04588,0.50046,0.67448,0.23042
2030-06-29 10:00:00,5378.90291,0.03835,0.50046,0.6786,0.22364
2030-06-29 11:00:00,5338.99857,0.04603,0.50046,0.67024,0.24564
2030-06-29 12:00:00,5299.09423,0.06251,0.50046,0.65705,0.18879
2030-06-29 13:00:00,5259.18989,0.07271,0.50046,0.64731,0.18151
2030-06-29 14:00:00,5219.28555,0.04937,0.50046,0.65596,0.25017
2030-06-29 15:00:00,5259.18989,0.06629,0.50046,0.65083,0.23981
2030-06-29 16:00:00,5458.71158,0.06607,0.50046,0.67169,0.19927
2030-06-29 17:00:00,5698.13761,0.02858,0.62558,0.71716,0.19353
2030-06-29 18:00:00,5698.13761,0.05012,0.62558,0.70535,0.15597
2030-06-29 19:00:00,5538.52026,0.05453,0.62558,0.68633,0.07732
2030-06-29 20:00:00,5338.99857,0.06889,0.62558,0.6577,0.03304
2030-06-29 21:00:00,5139.47687,0.14191,0.50046,0.59689,1e-05
2030-06-29 22:00:00,4939.95518,0.13345,0.50046,0.58078,0.0
2030-06-29 23:00:00,4740.43349,0.13013,0.50046,0.56185,0.0
2030-06-30 00:00:00,4540.13113,0.12714,0.5,0.54266,0.0
2030-06-30 01:00:00,4422.11332,0.10411,0.5,0.54302,0.0
2030-06-30 02:00:00,4343.43479,0.13926,0.5,0.51556,0.0
2030-06-30 03:00:00,4304.09552,0.16172,0.5,0.49914,0.0
2030-06-30 04:00:00,4304.09552,0.14681,0.5,0.50732,6e-05
2030-06-30 05:00:00,4382.77406,0.16608,0.5,0.50494,0.03162
2030-06-30 06:00:00,4618.80967,0.16563,0.5,0.52973,0.06898
2030-06-30 07:00:00,4972.86309,0.20723,0.5,0.54373,0.13235
2030-06-30 08:00:00,5248.23798,0.16138,0.5,0.59752,0.15279
2030-06-30 09:00:00,5326.91652,0.16915,0.5,0.60144,0.18491
2030-06-30 10:00:00,5326.91652,0.2003,0.5,0.58435,0.28303
2030-06-30 11:00:00,5287.57725,0.16071,0.5,0.60198,0.36661
2030-06-30 12:00:00,5248.23798,0.20745,0.5,0.57225,0.43149
2030-06-30 13:00:00,5208.89871,0.15606,0.5,0.59635,0.27208
2030-06-30 14:00:00,5169.55944,0.17265,0.5,0.58316,0.26351
2030-06-30 15:00:00,5208.89871,0.1707,0.5,0.58832,0.14061
2030-06-30 16:00:00,5405.59506,0.10369,0.5,0.64553,0.18405
2030-06-30 17:00:00,5641.63067,0.10543,0.625,0.66913,0.17541
2030-06-30 18:00:00,5641.63067,0.07682,0.625,0.68482,0.12846
2030-06-30 19:00:00,5484.27359,0.04761,0.625,0.68448,0.08737
2030-06-30 20:00:00,5287.57725,0.04727,0.625,0.66421,0.0347
2030-06-30 21:00:00,5090.8809,0.04788,0.5,0.64342,1e-05
2030-06-30 22:00:00,4894.18456,0.04287,0.5,0.62571,0.0
2030-06-30 23:00:00,4697.48821,0.04015,0.5,0.60675,0.0
2030-07-01 00:00:00,5011.71618,0.03128,0.49957,0.64429,0.0
2030-07-01 01:00:00,4874.049,0.03523,0.49957,0.62781,0.0
2030-07-01 02:00:00,4782.27087,0.05838,0.49957,0.60556,0.0
2030-07-01 03:00:00,4736.38181,0.05843,0.49957,0.60076,0.0
2030-07-01 04:00:00,4736.38181,0.05569,0.49957,0.60227,2e-05
2030-07-01 05:00:00,4828.15993,0.05418,0.49957,0.61264,0.02777
2030-07-01 06:00:00,5103.4943,0.05061,0.49957,0.64324,0.06552
2030-07-01 07:00:00,5516.49586,0.0533,0.49957,0.68471,0.10991
2030-07-01 08:00:00,5837.71929,0.06709,0.49957,0.71055,0.11307
2030-07-01 09:00:00,5929.49741,0.08242,0.49957,0.71169,0.11364
2030-07-01 10:00:00,5929.49741,0.14955,0.49957,0.67486,0.137
2030-07-01 11:00:00,5883.60835,0.18966,0.49957,0.64809,0.19567
2030-07-01 12:00:00,5837.71929,0.09428,0.49957,0.69564,0.17185
2030-07-01 13:00:00,5791.83023,0.10841,0.49957,0.68312,0.16982
2030-07-01 14:00:00,5745.94117,0.15034,0.49957,0.65534,0.18449
2030-07-01 15:00:00,5791.83023,0.21436,0.49957,0.62499,0.13415
2030-07-01 16:00:00,6021.27554,0.34011,0.49957,0.57986,0.13502
2030-07-01 17:00:00,6296.60991,0.33444,0.62446,0.61161,0.16874
2030-07-01 18:00:00,6296.60991,0.40145,0.62446,0.57485,0.13519
2030-07-01 19:00:00,6113.05366,0.46938,0.62446,0.51849,0.07096
2030-07-01 20:00:00,5883.60835,0.55046,0.62446,0.45015,0.02484
2030-07-01 21:00:00,5654.16304,0.56287,0.49957,0.41948,0.0
2030-07-01 22:00:00,5424.71774,0.52957,0.49957,0.41389,0.0
2030-07-01 23:00:00,5195.27243,0.54887,0.49957,0.37944,0.0
2030-07-02 00:00:00,5014.64092,0.62304,0.49916,0.31996,0.0
2030-07-02 01:00:00,4876.85187,0.54877,0.49916,0.34638,0.0
2030-07-02 02:00:00,4784.99251,0.47889,0.49916,0.37516,0.0
2030-07-02 03:00:00,4739.06283,0.53485,0.49916,0.33968,0.0
2030-07-02 04:00:00,4739.06283,0.4831,0.49916,0.36807,1e-05
2030-07-02 05:00:00,4830.92219,0.48435,0.49916,0.37694,0.0292
2030-07-02 06:00:00,5106.50029,0.54672,0.49916,0.37138,0.07133
2030-07-02 07:00:00,5519.86744,0.55279,0.49916,0.41104,0.12248
2030-07-02 08:00:00,5841.37522,0.59768,0.49916,0.41985,0.18144
2030-07-02 09:00:00,5933.23458,0.67991,0.49916,0.38429,0.30025
2030-07-02 10:00:00,5933.23458,0.6689,0.49916,0.39033,0.34993
2030-07-02 11:00:00,5887.3049,0.61287,0.49916,0.41629,0.45738
2030-07-02 12:00:00,5841.37522,0.54405,0.49916,0.44927,0.55404
2030-07-02 13:00:00,5795.44554,0.44316,0.49916,0.49984,0.41209
2030-07-02 14:00:00,5749.51585,0.48623,0.49916,0.47144,0.32047
2030-07-02 15:00:00,5795.44554,0.44151,0.49916,0.50075,0.25527
2030-07-02 16:00:00,6025.09395,0.38336,0.49916,0.55654,0.31233
2030-07-02 17:00:00,6300.67205,0.40852,0.62394,0.57139,0.22576
2030-07-02 18:00:00,6300.67205,0.37003,0.62394,0.59251,0.14272
2030-07-02 19:00:00,6116.95332,0.42457,0.62394,0.54348,0.06765
2030-07-02 20:00:00,5887.3049,0.33975,0.62394,0.56613,0.03012
2030-07-02 21:00:00,5657.65649,0.263,0.49916,0.58435,0.0
2030-07-02 22:00:00,5428.00807,0.24845,0.49916,0.56845,0.0
2030-07-02 23:00:00,5198.35966,0.21091,0.49916,0.56516,0.0
2030-07-03 00:00:00,4933.89655,0.21552,0.49877,0.53513,0.0
2030-07-03 01:00:00,4799.47185,0.2726,0.49877,0.48984,0.0
2030-07-03 02:00:00,4709.85538,0.27191,0.49877,0.48089,0.0
2030-07-03 03:00:00,4665.04715,0.27694,0.49877,0.47347,0.0
2030-07-03 04:00:00,4665.04715,0.19411,0.49877,0.51892,0.0
2030-07-03 05:00:00,4754.66362,0.24763,0.49877,0.49887,0.02717
2030-07-03 06:00:00,5023.51302,0.18538,0.49877,0.56098,0.07229
2030-07-03 07:00:00,5426.78712,0.19255,0.49877,0.59899,0.12828
2030-07-03 08:00:00,5740.44475,0.2459,0.49877,0.60234,0.15326
2030-07-03 09:00:00,5830.06122,0.18345,0.49877,0.64592,0.27933
2030-07-03 10:00:00,5830.06122,0.16542,0.49877,0.65581,0.32936
2030-07-03 11:00:00,5785.25298,0.24093,0.49877,0.60973,0.35103
2030-07-03 12:00:00,5740.44475,0.20074,0.49877,0.62712,0.40059
2030-07-03 13:00:00,5695.63652,0.18634,0.49877,0.63036,0.49474
2030-07-03 14:00:00,5650.82828,0.1833,0.49877,0.62737,0.42504
2030-07-03 15:00:00,5695.63652,0.22481,0.49877,0.60925,0.33023
2030-07-03 16:00:00,5919.67768,0.20838,0.49877,0.64156,0.26959
2030-07-03 17:00:00,6188.52708,0.25595,0.62347,0.64343,0.25289
2030-07-03 18:00:00,6188.52708,0.16038,0.62347,0.69586,0.18777
2030-07-03 19:00:00,6009.29415,0.08571,0.62347,0.71818,0.06883
2030-07-03 20:00:00,5785.25298,0.09379,0.62347,0.69045,0.02774
2030-07-03 21:00:00,5561.21182,0.09365,0.49877,0.66722,0.0
2030-07-03 22:00:00,5337.17065,0.1252,0.49877,0.62662,0.0
2030-07-03 23:00:00,5113.12948,0.14689,0.49877,0.59142,0.0
2030-07-04 00:00:00,4856.55094,0.1701,0.49842,0.552,0.0
2030-07-04 01:00:00,4725.34897,0.17877,0.49842,0.5336,0.0
2030-07-04 02:00:00,4637.88099,0.2346,0.49842,0.49387,0.0
2030-07-04 03:00:00,4594.147,0.13796,0.49842,0.54234,0.0
2030-07-04 04:00:00,4594.147,0.1478,0.49842,0.53695,0.0
2030-07-04 05:00:00,4681.61498,0.23942,0.49842,0.49578,0.03049
2030-07-04 06:00:00,4944.01891,0.27249,0.49842,0.50493,0.07012
2030-07-04 07:00:00,5337.62481,0.28591,0.49842,0.5385,0.13487
2030-07-04 08:00:00,5643.76273,0.36399,0.49842,0.5275,0.17991
2030-07-04 09:00:00,5731.23071,0.43523,0.49842,0.49751,0.31547
2030-07-04 10:00:00,5731.23071,0.41446,0.49842,0.50891,0.36636
2030-07-04 11:00:00,5687.49672,0.36708,0.49842,0.53036,0.37924
2030-07-04 12:00:00,5643.76273,0.36069,0.49842,0.52931,0.32415
2030-07-04 13:00:00,5600.02874,0.33862,0.49842,0.53687,0.19787
2030-07-04 14:00:00,5556.29476,0.35257,0.49842,0.52467,0.17904
2030-07-04 15:00:00,5600.02874,0.29614,0.49842,0.56018,0.23105
2030-07-04 16:00:00,5818.69869,0.24035,0.49842,0.61352,0.21192
2030-07-04 17:00:00,6081.10262,0.28822,0.62302,0.61455,0.17775
2030-07-04 18:00:00,6081.10262,0.31761,0.62302,0.59843,0.14257
2030-07-04 19:00:00,5906.16667,0.31726,0.62302,0.58043,0.08199
2030-07-04 20:00:00,5687.49672,0.39884,0.62302,0.51293,0.03529
2030-07-04 21:00:00,5468.82678,0.45065,0.49842,0.46177,0.0
2030-07-04 22:00:00,5250.15683,0.48697,0.49842,0.4191,0.0
2030-07-04 23:00:00,5031.48689,0.4463,0.49842,0.41867,0.0
2030-07-05 00:00:00,4833.5012,0.43986,0.49809,0.40161,0.0
2030-07-05 01:00:00,4703.25964,0.4801,0.49809,0.36599,0.0
2030-07-05 02:00:00,4616.43193,0.51459,0.49809,0.33804,0.0
2030-07-05 03:00:00,4573.01808,0.42693,0.49809,0.38162,0.0
2030-07-05 04:00:00,4573.01808,0.51914,0.49809,0.33103,0.0
2030-07-05 05:00:00,4659.84579,0.45488,0.49809,0.37531,0.02858
2030-07-05 06:00:00,4920.32891,0.46331,0.49809,0.39778,0.06659
2030-07-05 07:00:00,5311.05359,0.41259,0.49809,0.46624,0.11814
2030-07-05 08:00:00,5614.95056,0.38069,0.49809,0.51534,0.22251
2030-07-05 09:00:00,5701.77827,0.44391,0.49809,0.48969,0.26467
2030-07-05 10:00:00,5701.77827,0.51721,0.49809,0.44948,0.21234
2030-07-05 11:00:00,5658.36442,0.59307,0.49809,0.40335,0.25782
2030-07-05 12:00:00,5614.95056,0.57143,0.49809,0.41071,0.25292
2030-07-05 13:00:00,5571.53671,0.54989,0.49809,0.418,0.25643
2030-07-05 14:00:00,5528.12286,0.52403,0.49809,0.42768,0.24149
2030-07-05 15:00:00,5571.53671,0.41291,0.49809,0.49315,0.2198
2030-07-05 16:00:00,5788.60598,0.43301,0.49809,0.5047,0.18142
2030-07-05 17:00:00,6049.0891,0.45699,0.62261,0.51863,0.1307
2030-07-05 18:00:00,6049.0891,0.4466,0.62261,0.52433,0.11593
2030-07-05 19:00:00,5875.43368,0.46986,0.62261,0.49352,0.07728
2030-07-05 20:00:00,5658.36442,0.48386,0.62261,0.46326,0.03482
2030-07-05 21:00:00,5441.29515,0.58109,0.49809,0.38734,0.0
2030-07-05 22:00:00,5224.22588,0.58226,0.49809,0.36413,0.0
2030-07-05 23:00:00,5007.15661,0.48821,0.49809,0.39315,0.0
2030-07-06 00:00:00,4469.00709,0.43631,0.49778,0.36565,0.0
2030-07-06 01:00:00,4353.95278,0.41762,0.49778,0.36394,0.0
2030-07-06 02:00:00,4277.24991,0.36363,0.49778,0.38558,0.0
2030-07-06 03:00:00,4238.89848,0.26448,0.49778,0.43599,0.0
2030-07-06 04:00:00,4238.89848,0.15269,0.49778,0.49732,0.0
2030-07-06 05:00:00,4315.60135,0.1794,0.49778,0.49064,0.02779
2030-07-06 06:00:00,4545.70996,0.30488,0.49778,0.44573,0.06095
2030-07-06 07:00:00,4890.87288,0.4061,0.49778,0.4261,0.07061
2030-07-06 08:00:00,5159.33292,0.40697,0.49778,0.45354,0.13014
2030-07-06 09:00:00,5236.03579,0.33597,0.49778,0.50047,0.17665
2030-07-06 10:00:00,5236.03579,0.41929,0.49778,0.45476,0.17851
2030-07-06 11:00:00,5197.68436,0.35949,0.49778,0.48358,0.23688
2030-07-06 12:00:00,5159.33292,0.39461,0.49778,0.46033,0.37339
2030-07-06 13:00:00,5120.98149,0.47241,0.49778,0.41365,0.38519
2030-07-06 14:00:00,5082.63005,0.36623,0.49778,0.46791,0.49289
2030-07-06 15:00:00,5120.98149,0.39724,0.49778,0.45489,0.39582
2030-07-06 16:00:00,5312.73866,0.38893,0.49778,0.47939,0.31139
2030-07-06 17:00:00,5542.84728,0.41559,0.62223,0.4887,0.19159
2030-07-06 18:00:00,5542.84728,0.27048,0.62223,0.56831,0.14842
2030-07-06 19:00:00,5389.44154,0.35735,0.62223,0.5047,0.08233
2030-07-06 20:00:00,5197.68436,0.41727,0.62223,0.45188,0.03136
2030-07-06 21:00:00,5005.92718,0.39764,0.49778,0.44271,0.0
2030-07-06 22:00:00,4814.17001,0.42222,0.49778,0.40928,0.0
2030-07-06 23:00:00,4622.41283,0.43648,0.49778,0.38152,0.0
2030-07-07 00:00:00,4446.66346,0.412,0.49751,0.37667,0.0
2030-07-07 01:00:00,4332.54014,0.41941,0.49751,0.36073,0.0
2030-07-07 02:00:00,4256.45793,0.4382,0.49751,0.34251,0.0
2030-07-07 03:00:00,4218.41682,0.49521,0.49751,0.30728,0.0
2030-07-07 04:00:00,4218.41682,0.48654,0.49751,0.31204,0.0
2030-07-07 05:00:00,4294.49903,0.46662,0.49751,0.33088,0.02835
2030-07-07 06:00:00,4522.74568,0.46114,0.49751,0.35762,0.07112
2030-07-07 07:00:00,4865.11564,0.43389,0.49751,0.40818,0.14904
2030-07-07 08:00:00,5131.40339,0.46412,0.49751,0.41929,0.15933
2030-07-07 09:00:00,5207.48561,0.44577,0.49751,0.43727,0.25089
2030-07-07 10:00:00,5207.48561,0.46982,0.49751,0.42407,0.21923
2030-07-07 11:00:00,5169.4445,0.40089,0.49751,0.45793,0.20633
2030-07-07 12:00:00,5131.40339,0.35852,0.49751,0.47722,0.17731
2030-07-07 13:00:00,5093.36228,0.40671,0.49751,0.44683,0.19325
2030-07-07 14:00:00,5055.32118,0.44937,0.49751,0.41947,0.27706
2030-07-07 15:00:00,5093.36228,0.50309,0.49751,0.39395,0.25876
2030-07-07 16:00:00,5283.56782,0.50666,0.49751,0.41178,0.29661
2030-07-07 17:00:00,5511.81446,0.44232,0.62189,0.47081,0.24307
2030-07-07 18:00:00,5511.81446,0.4613,0.62189,0.46039,0.17606
2030-07-07 19:00:00,5359.65003,0.47608,0.62189,0.43646,0.07856
2030-07-07 20:00:00,5169.4445,0.53249,0.62189,0.38574,0.03116
2030-07-07 21:00:00,4979.23896,0.52771,0.49751,0.36857,0.0
2030-07-07 22:00:00,4789.03343,0.47574,0.49751,0.3773,0.0
2030-07-07 23:00:00,4598.82789,0.45596,0.49751,0.36837,0.0
2030-07-08 00:00:00,4838.95785,0.4765,0.49726,0.38208,0.0
2030-07-08 01:00:00,4708.48892,0.44684,0.49726,0.38479,0.0
2030-07-08 02:00:00,4621.50964,0.38529,0.49726,0.40951,0.0
2030-07-08 03:00:00,4578.02,0.42892,0.49726,0.38105,0.0
2030-07-08 04:00:00,4578.02,0.44709,0.49726,0.37108,0.0
2030-07-08 05:00:00,4664.99928,0.46562,0.49726,0.36996,0.02598
2030-07-08 06:00:00,4925.93713,0.38937,0.49726,0.43893,0.06418
2030-07-08 07:00:00,5317.34389,0.36408,0.49726,0.4935,0.09283
2030-07-08 08:00:00,5621.77137,0.35371,0.49726,0.53086,0.13289
2030-07-08 09:00:00,5708.75065,0.37957,0.49726,0.52571,0.22037
2030-07-08 10:00:00,5708.75065,0.37148,0.49726,0.53015,0.17282
2030-07-08 11:00:00,5665.26101,0.31756,0.49726,0.55521,0.26465
2030-07-08 12:00:00,5610.29635,0.37445,0.49726,0.51828,0.17655
2030-07-08 13:00:00,5534.04169,0.50505,0.49726,0.43871,0.13974
2030-07-08 14:00:00,5439.42481,0.42912,0.49726,0.47052,0.13292
2030-07-08 15:00:00,5406.65758,0.31465,0.49726,0.52991,0.14763
2030-07-08 16:00:00,5494.84995,0.26524,0.49726,0.56619,0.17092
2030-07-08 17:00:00,5570.28333,0.2944,0.62158,0.55804,0.2073
2030-07-08 18:00:00,5416.60544,0.38213,0.62158,0.49393,0.15467
2030-07-08 19:00:00,5150.73536,0.4059,0.62158,0.45324,0.07418
2030-07-08 20:00:00,4888.19551,0.50659,0.62158,0.37069,0.02743
2030-07-08 21:00:00,4663.41514,0.42188,0.49726,0.39379,0.0
2030-07-08 22:00:00,4479.34691,0.4475,0.49726,0.36059,0.0
2030-07-08 23:00:00,4336.5766,0.42065,0.49726,0.36047,0.0
2030-07-09 00:00:00,4233.09908,0.5888,0.49704,0.25747,0.0
2030-07-09 01:00:00,4175.97046,0.53928,0.49704,0.27869,0.0
2030-07-09 02:00:00,4142.51798,0.529,0.49704,0.28085,0.0
2030-07-09 03:00:00,4123.96644,0.44508,0.49704,0.32496,0.0
2030-07-09 04:00:00,4114.36367,0.36769,0.49704,0.36642,0.0
2030-07-09 05:00:00,4111.13,0.37901,0.49704,0.35987,0.02499
2030-07-09 06:00:00,4116.96857,0.33353,0.49704,0.38543,0.07102
2030-07-09 07:00:00,4145.93987,0.48392,0.49704,0.30593,0.15707
2030-07-09 08:00:00,4208.56128,0.38147,0.49704,0.36865,0.23532
2030-07-09 09:00:00,4291.29977,0.30457,0.49704,0.41945,0.28222
2030-07-09 10:00:00,4386.22017,0.34553,0.49704,0.40684,0.23519
2030-07-09 11:00:00,4485.46488,0.31717,0.49704,0.43273,0.2104
2030-07-09 12:00:00,4589.63728,0.41524,0.49704,0.38976,0.26565
2030-07-09 13:00:00,4694.37258,0.40915,0.49704,0.40399,0.19375
2030-07-09 14:00:00,4795.50142,0.35066,0.49704,0.4466,0.17227
2030-07-09 15:00:00,4939.49581,0.43703,0.49704,0.41419,0.13909
2030-07-09 16:00:00,5202.14955,0.38531,0.49704,0.46988,0.18028
2030-07-09 17:00:00,5523.47715,0.48077,0.6213,0.45093,0.13309
2030-07-09 18:00:00,5657.92093,0.46233,0.6213,0.47502,0.13252
2030-07-09 19:00:00,5622.57026,0.35559,0.6213,0.5299,0.07112
2030-07-09 20:00:00,5508.16678,0.36424,0.6213,0.51326,0.02451
2030-07-09 21:00:00,5355.45418,0.31277,0.49704,0.52562,0.0
2030-07-09 22:00:00,5171.69608,0.34202,0.49704,0.49046,0.0
2030-07-09 23:00:00,4965.48614,0.35277,0.49704,0.46312,0.0
2030-07-10 00:00:00,4867.71865,0.423,0.49684,0.41442,0.0
2030-07-10 01:00:00,4736.05136,0.48411,0.49684,0.3672,0.0
2030-07-10 02:00:00,4648.27317,0.38102,0.49684,0.41463,0.0
2030-07-10 03:00:00,4604.38407,0.43806,0.49684,0.37877,0.0
2030-07-10 04:00:00,4604.38407,0.44617,0.49684,0.37433,0.0
2030-07-10 05:00:00,4692.16226,0.48989,0.49684,0.35947,0.02619
2030-07-10 06:00:00,4955.49684,0.48715,0.49684,0.38836,0.06858
2030-07-10 07:00:00,5350.4987,0.40002,0.49684,0.47724,0.11244
2030-07-10 08:00:00,5657.72237,0.38473,0.49684,0.51758,0.13053
2030-07-10 09:00:00,5745.50056,0.36262,0.49684,0.53883,0.18865
2030-07-10 10:00:00,5745.50056,0.32795,0.49684,0.55785,0.24623
2030-07-10 11:00:00,5701.61147,0.21756,0.49684,0.61385,0.36415
2030-07-10 12:00:00,5657.72237,0.14757,0.49684,0.64768,0.37424
2030-07-10 13:00:00,5613.83328,0.11348,0.49684,0.66182,0.32584
2030-07-10 14:00:00,5569.94418,0.16986,0.49684,0.62633,0.26368
2030-07-10 15:00:00,5613.83328,0.14027,0.49684,0.64712,0.18453
2030-07-10 16:00:00,5833.27875,0.13259,0.49684,0.67416,0.14497
2030-07-10 17:00:00,6096.61333,0.11532,0.62106,0.71102,0.13761
2030-07-10 18:00:00,6096.61333,0.14421,0.62106,0.69517,0.12278
2030-07-10 19:00:00,5921.05695,0.11286,0.62106,0.69411,0.07681
2030-07-10 20:00:00,5701.61147,0.16467,0.62106,0.64287,0.03307
2030-07-10 21:00:00,5482.16599,0.16917,0.49684,0.61758,0.0
2030-07-10 22:00:00,5262.72051,0.18379,0.49684,0.58674,0.0
2030-07-10 23:00:00,5043.27503,0.19962,0.49684,0.55523,0.0
2030-07-11 00:00:00,4846.60768,0.16182,0.49668,0.55551,0.0
2030-07-11 01:00:00,4715.82002,0.1237,0.49668,0.56282,0.0
2030-07-11 02:00:00,4628.62824,0.1313,0.49668,0.54958,0.0
2030-07-11 03:00:00,4585.03235,0.11853,0.49668,0.55206,0.0
2030-07-11 04:00:00,4585.03235,0.13169,0.49668,0.54483,0.0
2030-07-11 05:00:00,4672.22413,0.15909,0.49668,0.53887,0.01854
2030-07-11 06:00:00,4933.79946,0.25675,0.49668,0.5125,0.04547
2030-07-11 07:00:00,5326.16245,0.24753,0.49668,0.55836,0.09453
2030-07-11 08:00:00,5631.33366,0.33345,0.49668,0.54296,0.13317
2030-07-11 09:00:00,5718.52544,0.29561,0.49668,0.57279,0.25965
2030-07-11 10:00:00,5718.52544,0.30696,0.49668,0.56656,0.31036
2030-07-11 11:00:00,5674.92955,0.31237,0.49668,0.55907,0.32293
2030-07-11 12:00:00,5631.33366,0.21553,0.49668,0.60765,0.30024
2030-07-11 13:00:00,5587.73778,0.20086,0.49668,0.61117,0.27885
2030-07-11 14:00:00,5544.14189,0.15139,0.49668,0.63378,0.36028
2030-07-11 15:00:00,5587.73778,0.13154,0.49668,0.6492,0.35384
2030-07-11 16:00:00,5805.71722,0.11419,0.49668,0.68139,0.24313
2030-07-11 17:00:00,6067.29254,0.11238,0.62085,0.70958,0.17868
2030-07-11 18:00:00,6067.29254,0.06262,0.62085,0.73688,0.11023
2030-07-11 19:00:00,5892.90899,0.08079,0.62085,0.70878,0.04608
2030-07-11 20:00:00,5674.92955,0.07498,0.62085,0.68929,0.02743
2030-07-11 21:00:00,5456.95011,0.05399,0.49668,0.67814,0.0
2030-07-11 22:00:00,5238.97067,0.08696,0.49668,0.63738,0.0
2030-07-11 23:00:00,5020.99123,0.07125,0.49668,0.62333,0.0
2030-07-12 00:00:00,4894.80142,0.07617,0.49654,0.60751,0.0
2030-07-12 01:00:00,4762.00568,0.04838,0.49654,0.60895,0.0
2030-07-12 02:00:00,4673.47519,0.04632,0.49654,0.60087,0.0
2030-07-12 03:00:00,4629.20995,0.03798,0.49654,0.60084,0.0
2030-07-12 04:00:00,4629.20995,0.03606,0.49654,0.60189,0.0
2030-07-12 05:00:00,4717.74044,0.04378,0.49654,0.60687,0.01417
2030-07-12 06:00:00,4983.33191,0.05636,0.49654,0.62759,0.01741
2030-07-12 07:00:00,5381.71912,0.03598,0.49654,0.6802,0.03644
2030-07-12 08:00:00,5691.57584,0.01887,0.49654,0.72181,0.06886
2030-07-12 09:00:00,5780.10633,0.01926,0.49654,0.7308,0.10333
2030-07-12 10:00:00,5780.10633,0.01981,0.49654,0.7305,0.12575
2030-07-12 11:00:00,5735.84108,0.01718,0.49654,0.72734,0.14276
2030-07-12 12:00:00,5691.57584,0.01464,0.49654,0.72413,0.23692
2030-07-12 13:00:00,5647.31059,0.01932,0.49654,0.71696,0.17911
2030-07-12 14:00:00,5603.04535,0.02644,0.49654,0.70845,0.16507
2030-07-12 15:00:00,5647.31059,0.02354,0.49654,0.71464,0.15421
2030-07-12 16:00:00,5868.63682,0.02339,0.49654,0.73774,0.16673
2030-07-12 17:00:00,6134.22829,0.02928,0.62067,0.76213,0.12543
2030-07-12 18:00:00,6134.22829,0.02566,0.62067,0.76412,0.10223
2030-07-12 19:00:00,5957.16731,0.03095,0.62067,0.7428,0.06407
2030-07-12 20:00:00,5735.84108,0.02358,0.62067,0.72383,0.0255
2030-07-12 21:00:00,5514.51485,0.03902,0.49654,0.69234,0.0
2030-07-12 22:00:00,5293.18863,0.0404,0.49654,0.66857,0.0
2030-07-12 23:00:00,5071.8624,0.04088,0.49654,0.64528,0.0
2030-07-13 00:00:00,4573.30788,0.03902,0.49642,0.59445,0.0
2030-07-13 01:00:00,4453.90771,0.03219,0.49642,0.58578,0.0
2030-07-13 02:00:00,4374.30759,0.03922,0.49642,0.57365,0.0
2030-07-13 03:00:00,4334.50753,0.03879,0.49642,0.56974,0.0
2030-07-13 04:00:00,4334.50753,0.04721,0.49642,0.56513,0.0
2030-07-13 05:00:00,4414.10765,0.05664,0.49642,0.56824,0.015
2030-07-13 06:00:00,4652.90799,0.06456,0.49642,0.58872,0.04572
2030-07-13 07:00:00,5011.10851,0.05671,0.49642,0.63028,0.05879
2030-07-13 08:00:00,5289.70891,0.08002,0.49642,0.64647,0.09059
2030-07-13 09:00:00,5369.30903,0.0905,0.49642,0.649,0.21387
2030-07-13 10:00:00,5369.30903,0.07807,0.49642,0.65582,0.34648
2030-07-13 11:00:00,5329.50897,0.05497,0.49642,0.66435,0.35826
2030-07-13 12:00:00,5289.70891,0.03636,0.49642,0.67042,0.31354
2030-07-13 13:00:00,5249.90885,0.02791,0.49642,0.67092,0.34973
2030-07-13 14:00:00,5210.1088,0.02018,0.49642,0.67102,0.35721
2030-07-13 15:00:00,5249.90885,0.01103,0.49642,0.68018,0.39168
2030-07-13 16:00:00,5448.90914,0.01084,0.49642,0.70098,0.35352
2030-07-13 17:00:00,5687.70949,0.01747,0.62053,0.72217,0.25404
2030-07-13 18:00:00,5687.70949,0.02787,0.62053,0.71647,0.14036
2030-07-13 19:00:00,5528.50926,0.03077,0.62053,0.69832,0.08225
2030-07-13 20:00:00,5329.50897,0.03215,0.62053,0.67687,0.02935
2030-07-13 21:00:00,5130.50868,0.02175,0.49642,0.66188,0.0
2030-07-13 22:00:00,4931.50839,0.0146,0.49642,0.64511,0.0
2030-07-13 23:00:00,4732.50811,0.01145,0.49642,0.62614,0.0
2030-07-14 00:00:00,4586.65877,0.00966,0.49634,0.61195,0.0
2030-07-14 01:00:00,4466.70231,0.01301,0.49634,0.59764,0.0
2030-07-14 02:00:00,4386.73134,0.01398,0.49634,0.58879,0.0
2030-07-14 03:00:00,4346.74585,0.01898,0.49634,0.58189,0.0
2030-07-14 04:00:00,4346.74585,0.02591,0.49634,0.57809,0.0
2030-07-14 05:00:00,4426.71683,0.0189,0.49634,0.59025,0.02231
2030-07-14 06:00:00,4666.62975,0.0168,0.49634,0.61635,0.06405
2030-07-14 07:00:00,5026.49912,0.01724,0.49634,0.65353,0.10596
2030-07-14 08:00:00,5306.39753,0.01948,0.49634,0.68141,0.13553
2030-07-14 09:00:00,5386.3685,0.0265,0.49634,0.68588,0.22528
2030-07-14 10:00:00,5386.3685,0.0164,0.49634,0.69142,0.23695
2030-07-14 11:00:00,5346.38302,0.01091,0.49634,0.69027,0.25805
2030-07-14 12:00:00,5306.39753,0.01147,0.49634,0.68581,0.19907
2030-07-14 13:00:00,5266.41204,0.0102,0.49634,0.68235,0.20985
2030-07-14 14:00:00,5226.42656,0.02031,0.49634,0.67264,0.18679
2030-07-14 15:00:00,5266.41204,0.00998,0.49634,0.68247,0.1583
2030-07-14 16:00:00,5466.33948,0.01013,0.49634,0.70318,0.21523
2030-07-14 17:00:00,5706.25239,0.01929,0.62042,0.7231,0.23022
2030-07-14 18:00:00,5706.25239,0.01741,0.62042,0.72414,0.15419
2030-07-14 19:00:00,5546.31045,0.01753,0.62042,0.70744,0.07767
2030-07-14 20:00:00,5346.38302,0.01412,0.62042,0.68851,0.03157
2030-07-14 21:00:00,5146.45558,0.0187,0.49634,0.66521,0.0
2030-07-14 22:00:00,4946.52815,0.01464,0.49634,0.64665,0.0
2030-07-14 23:00:00,4746.60072,0.01565,0.49634,0.6253,0.0
2030-07-15 00:00:00,4902.68192,0.01119,0.49628,0.64398,0.0
2030-07-15 01:00:00,4769.55783,0.0062,0.49628,0.63287,0.0
2030-07-15 02:00:00,4680.80844,0.0062,0.49628,0.62364,0.0
2030-07-15 03:00:00,4636.43374,0.00417,0.49628,0.62014,0.0
2030-07-15 04:00:00,4636.43374,0.00203,0.49628,0.62131,0.0
2030-07-15 05:00:00,4725.18313,0.0033,0.49628,0.62985,0.01972
2030-07-15 06:00:00,4991.43131,0.0016,0.49628,0.65847,0.04409
2030-07-15 07:00:00,5390.80359,0.00232,0.49628,0.69961,0.07524
2030-07-15 08:00:00,5701.42646,0.0044,0.49628,0.73077,0.10313
2030-07-15 09:00:00,5790.17586,0.00521,0.49628,0.73956,0.12778
2030-07-15 10:00:00,5790.17586,0.00321,0.49628,0.74065,0.14556
2030-07-15 11:00:00,5745.80116,0.00696,0.49628,0.73398,0.16238
2030-07-15 12:00:00,5701.42646,0.01038,0.49628,0.72749,0.12665
2030-07-15 13:00:00,5657.05177,0.01123,0.49628,0.72241,0.12765
2030-07-15 14:00:00,5612.67707,0.02112,0.49628,0.71237,0.1405
2030-07-15 15:00:00,5657.05177,0.02147,0.49628,0.71679,0.10539
2030-07-15 16:00:00,5878.92525,0.01151,0.49628,0.74533,0.14929
2030-07-15 17:00:00,6145.17343,0.00713,0.62035,0.77542,0.18725
2030-07-15 18:00:00,6145.17343,0.00357,0.62035,0.77738,0.12093
2030-07-15 19:00:00,5967.67465,0.00282,0.62035,0.75933,0.07771
2030-07-15 20:00:00,5745.80116,0.00456,0.62035,0.7353,0.03003
2030-07-15 21:00:00,5523.92768,0.00636,0.49628,0.71124,0.0
2030-07-15 22:00:00,5302.05419,0.00876,0.49628,0.68685,0.0
2030-07-15 23:00:00,5080.18071,0.00435,0.49628,0.66619,0.0
2030-07-16 00:00:00,4893.15474,0.00484,0.49625,0.64647,0.0
2030-07-16 01:00:00,4760.42762,0.00469,0.49625,0.63275,0.0
2030-07-16 02:00:00,4671.94287,0.00274,0.49625,0.62462,0.0
2030-07-16 03:00:00,4627.70049,0.00537,0.49625,0.61857,0.0
2030-07-16 04:00:00,4627.70049,0.00415,0.49625,0.61924,0.0
2030-07-16 05:00:00,4716.18524,0.00533,0.49625,0.62779,0.01778
2030-07-16 06:00:00,4981.63949,0.00503,0.49625,0.65557,0.05422
2030-07-16 07:00:00,5379.82086,0.00629,0.49625,0.69629,0.09586
2030-07-16 08:00:00,5689.51749,0.01542,0.49625,0.72349,0.15203
2030-07-16 09:00:00,5778.00224,0.02155,0.49625,0.72933,0.17081
2030-07-16 10:00:00,5778.00224,0.0355,0.49625,0.72167,0.21782
2030-07-16 11:00:00,5733.75986,0.03183,0.49625,0.71908,0.18853
2030-07-16 12:00:00,5689.51749,0.02383,0.49625,0.71887,0.21513
2030-07-16 13:00:00,5645.27511,0.03206,0.49625,0.70976,0.2578
2030-07-16 14:00:00,5601.03274,0.03609,0.49625,0.70295,0.23844
2030-07-16 15:00:00,5645.27511,0.03758,0.49625,0.70673,0.18737
2030-07-16 16:00:00,5866.48699,0.03177,0.49625,0.73292,0.21353
2030-07-16 17:00:00,6131.94124,0.05098,0.62031,0.74999,0.17194
2030-07-16 18:00:00,6131.94124,0.05496,0.62031,0.74781,0.12946
2030-07-16 19:00:00,5954.97174,0.06791,0.62031,0.7223,0.07472
2030-07-16 20:00:00,5733.75986,0.04548,0.62031,0.7116,0.02773
2030-07-16 21:00:00,5512.54799,0.03523,0.49625,0.69422,0.0
2030-07-16 22:00:00,5291.33611,0.06578,0.49625,0.65445,0.0
2030-07-16 23:00:00,5070.12424,0.06957,0.49625,0.62936,0.0
2030-07-17 00:00:00,4863.73769,0.07992,0.49625,0.60222,0.0
2030-07-17 01:00:00,4732.23627,0.05919,0.49625,0.59992,0.0
2030-07-17 02:00:00,4644.56866,0.06376,0.49625,0.58829,0.0
2030-07-17 03:00:00,4600.73486,0.06342,0.49625,0.58392,0.0
2030-07-17 04:00:00,4600.73486,0.04556,0.49625,0.59372,0.0
2030-07-17 05:00:00,4688.40247,0.05958,0.49625,0.59515,0.02197
2030-07-17 06:00:00,4951.4053,0.05714,0.49625,0.62384,0.0662
2030-07-17 07:00:00,5345.90954,0.04084,0.49625,0.67381,0.15086
2030-07-17 08:00:00,5652.74617,0.0572,0.49625,0.69674,0.145
2030-07-17 09:00:00,5740.41378,0.08699,0.49625,0.68952,0.17113
2030-07-17 10:00:00,5740.41378,0.10159,0.49625,0.68151,0.16468
2030-07-17 11:00:00,5696.57998,0.09759,0.49625,0.67914,0.33447
2030-07-17 12:00:00,5652.74617,0.07296,0.49625,0.6881,0.38079
2030-07-17 13:00:00,5608.91237,0.09358,0.49625,0.67223,0.30816
2030-07-17 14:00:00,5565.07856,0.07836,0.49625,0.67602,0.26367
2030-07-17 15:00:00,5608.91237,0.09026,0.49625,0.67405,0.22162
2030-07-17 16:00:00,5828.08139,0.13675,0.49625,0.67134,0.21176
2030-07-17 17:00:00,6091.08422,0.11647,0.62031,0.70981,0.21748
2030-07-17 18:00:00,6091.08422,0.08866,0.62031,0.72507,0.14135
2030-07-17 19:00:00,5915.749,0.08832,0.62031,0.70702,0.06085
2030-07-17 20:00:00,5696.57998,0.08151,0.62031,0.68796,0.02373
2030-07-17 21:00:00,5477.41095,0.07921,0.49625,0.66643,0.0
2030-07-17 22:00:00,5258.24193,0.06029,0.49625,0.65402,0.0
2030-07-17 23:00:00,5039.0729,0.03972,0.49625,0.64251,0.0
2030-07-18 00:00:00,4931.92406,0.02987,0.49627,0.63677,0.0
2030-07-18 01:00:00,4797.58154,0.04443,0.49627,0.61481,0.0
2030-07-18 02:00:00,4708.01987,0.03105,0.49627,0.61284,0.0
2030-07-18 03:00:00,4663.23903,0.03821,0.49627,0.60426,0.0
2030-07-18 04:00:00,4663.23903,0.07247,0.49627,0.58546,0.0
2030-07-18 05:00:00,4752.80071,0.06148,0.49627,0.6008,0.01245
2030-07-18 06:00:00,5021.48573,0.06793,0.49627,0.62521,0.05
2030-07-18 07:00:00,5424.51327,0.0426,0.49627,0.68101,0.11486
2030-07-18 08:00:00,5737.97913,0.05579,0.49627,0.70638,0.15374
2030-07-18 09:00:00,5827.54081,0.05513,0.49627,0.71606,0.16875
2030-07-18 10:00:00,5827.54081,0.07678,0.49627,0.70418,0.19417
2030-07-18 11:00:00,5782.75997,0.04504,0.49627,0.71694,0.15311
2030-07-18 12:00:00,5737.97913,0.0454,0.49627,0.71208,0.18437
2030-07-18 13:00:00,5693.1983,0.06026,0.49627,0.69927,0.29868
2030-07-18 14:00:00,5648.41746,0.10126,0.49627,0.67212,0.28919
2030-07-18 15:00:00,5693.1983,0.16466,0.49627,0.642,0.2591
2030-07-18 16:00:00,5917.10248,0.11919,0.49627,0.69023,0.16611
2030-07-18 17:00:00,6185.78751,0.10955,0.62034,0.72346,0.11347
2030-07-18 18:00:00,6185.78751,0.0427,0.62034,0.76013,0.0966
2030-07-18 19:00:00,6006.66416,0.04934,0.62034,0.73786,0.05232
2030-07-18 20:00:00,5782.75997,0.04765,0.62034,0.7155,0.01983
2030-07-18 21:00:00,5558.85578,0.06177,0.49627,0.68447,0.0
2030-07-18 22:00:00,5334.95159,0.08937,0.49627,0.64605,0.0
2030-07-18 23:00:00,5111.04741,0.17891,0.49627,0.57364,0.0
2030-07-19 00:00:00,4893.31853,0.09596,0.49632,0.5965,0.0
2030-07-19 01:00:00,4760.58458,0.14507,0.49632,0.55575,0.0
2030-07-19 02:00:00,4672.09528,0.15421,0.49632,0.54153,0.0
2030-07-19 03:00:00,4627.85063,0.18396,0.49632,0.52062,0.0
2030-07-19 04:00:00,4627.85063,0.14241,0.49632,0.54341,0.0
2030-07-19 05:00:00,4716.33993,0.1831,0.49632,0.53029,0.01794
2030-07-19 06:00:00,4981.80783,0.17508,0.49632,0.56229,0.04307
2030-07-19 07:00:00,5380.00968,0.21608,0.49632,0.58122,0.09376
2030-07-19 08:00:00,5689.72223,0.14572,0.49632,0.65202,0.13511
2030-07-19 09:00:00,5778.21153,0.12396,0.49632,0.67317,0.12057
2030-07-19 10:00:00,5778.21153,0.12686,0.49632,0.67157,0.12486
2030-07-19 11:00:00,5733.96688,0.13613,0.49632,0.66189,0.18936
2030-07-19 12:00:00,5689.72223,0.1491,0.49632,0.65017,0.28516
2030-07-19 13:00:00,5645.47758,0.13348,0.49632,0.65414,0.19068
2030-07-19 14:00:00,5601.23293,0.12351,0.49632,0.65501,0.2073
2030-07-19 15:00:00,5645.47758,0.1197,0.49632,0.6617,0.24194
2030-07-19 16:00:00,5866.70083,0.14151,0.49632,0.67274,0.2491
2030-07-19 17:00:00,6132.16873,0.08561,0.6204,0.73101,0.20954
2030-07-19 18:00:00,6132.16873,0.12004,0.6204,0.71213,0.10781
2030-07-19 19:00:00,5955.19013,0.18466,0.6204,0.65827,0.06305
2030-07-19 20:00:00,5733.96688,0.27956,0.6204,0.5832,0.02467
2030-07-19 21:00:00,5512.74363,0.20868,0.49632,0.59908,0.0
2030-07-19 22:00:00,5291.52038,0.31998,0.49632,0.51502,0.0
2030-07-19 23:00:00,5070.29713,0.25488,0.49632,0.52772,0.0
2030-07-20 00:00:00,4518.29076,0.26607,0.4964,0.46418,0.0
2030-07-20 01:00:00,4401.18297,0.34471,0.4964,0.40886,0.0
2030-07-20 02:00:00,4323.11111,0.29378,0.4964,0.42868,0.0
2030-07-20 03:00:00,4284.07518,0.32464,0.4964,0.40769,0.0
2030-07-20 04:00:00,4284.07518,0.34039,0.4964,0.39904,0.0
2030-07-20 05:00:00,4362.14704,0.36846,0.4964,0.39177,0.01965
2030-07-20 06:00:00,4596.36262,0.33897,0.4964,0.4323,0.06767
2030-07-20 07:00:00,4947.686,0.30711,0.4964,0.48632,0.10783
2030-07-20 08:00:00,5220.93752,0.17177,0.4964,0.58898,0.13858
2030-07-20 09:00:00,5299.00938,0.12869,0.4964,0.62073,0.17885
2030-07-20 10:00:00,5299.00938,0.16391,0.4964,0.60141,0.17652
2030-07-20 11:00:00,5259.97345,0.11355,0.4964,0.62498,0.21681
2030-07-20 12:00:00,5220.93752,0.14684,0.4964,0.60266,0.2244
2030-07-20 13:00:00,5181.90159,0.17833,0.4964,0.58132,0.20333
2030-07-20 14:00:00,5142.86566,0.22282,0.4964,0.55286,0.19735
2030-07-20 15:00:00,5181.90159,0.20281,0.4964,0.56789,0.17199
2030-07-20 16:00:00,5377.08124,0.17462,0.4964,0.60366,0.15588
2030-07-20 17:00:00,5611.29683,0.15235,0.6205,0.64024,0.14089
2030-07-20 18:00:00,5611.29683,0.19412,0.6205,0.61732,0.10355
2030-07-20 19:00:00,5455.1531,0.16584,0.6205,0.61659,0.06766
2030-07-20 20:00:00,5259.97345,0.17872,0.6205,0.58923,0.0206
2030-07-20 21:00:00,5064.79379,0.22256,0.4964,0.54488,0.0
2030-07-20 22:00:00,4869.61414,0.17975,0.4964,0.54807,0.0
2030-07-20 23:00:00,4674.43449,0.17278,0.4964,0.53159,0.0
2030-07-21 00:00:00,4477.7433,0.13226,0.49651,0.53337,0.0
2030-07-21 01:00:00,4362.32499,0.19932,0.49651,0.48457,0.0
2030-07-21 02:00:00,4285.37944,0.26302,0.49651,0.44162,0.0
2030-07-21 03:00:00,4246.90667,0.2288,0.49651,0.4564,0.0
2030-07-21 04:00:00,4246.90667,0.19705,0.49651,0.47381,0.0
2030-07-21 05:00:00,4323.85221,0.28244,0.49651,0.43497,0.01376
2030-07-21 06:00:00,4554.68884,0.22156,0.49651,0.49238,0.03678
2030-07-21 07:00:00,4900.94379,0.27142,0.49651,0.50103,0.04065
2030-07-21 08:00:00,5170.25319,0.24855,0.49651,0.54159,0.08138
2030-07-21 09:00:00,5247.19873,0.1689,0.49651,0.59329,0.06258
2030-07-21 10:00:00,5247.19873,0.18119,0.49651,0.58655,0.06047
2030-07-21 11:00:00,5208.72596,0.12423,0.49651,0.61379,0.11123
2030-07-21 12:00:00,5170.25319,0.16613,0.49651,0.5868,0.22306
2030-07-21 13:00:00,5131.78042,0.13405,0.49651,0.6004,0.34034
2030-07-21 14:00:00,5093.30765,0.1605,0.49651,0.58189,0.42801
2030-07-21 15:00:00,5131.78042,0.18155,0.49651,0.57434,0.37581
2030-07-21 16:00:00,5324.14427,0.15586,0.49651,0.60844,0.26157
2030-07-21 17:00:00,5554.9809,0.12954,0.62063,0.64689,0.20234
2030-07-21 18:00:00,5554.9809,0.18264,0.62063,0.61776,0.14439
2030-07-21 19:00:00,5401.08982,0.20056,0.62063,0.59192,0.07223
2030-07-21 20:00:00,5208.72596,0.25307,0.62063,0.54311,0.02519
2030-07-21 21:00:00,5016.3621,0.33607,0.49651,0.47757,0.0
2030-07-21 22:00:00,4823.99824,0.28619,0.49651,0.48493,0.0
2030-07-21 23:00:00,4631.63439,0.25683,0.49651,0.48103,0.0
2030-07-22 00:00:00,4912.48609,0.31068,0.49664,0.4807,0.0
2030-07-22 01:00:00,4778.95349,0.34131,0.49664,0.45001,0.0
2030-07-22 02:00:00,4689.93176,0.43301,0.49664,0.39044,0.0
2030-07-22 03:00:00,4645.42089,0.44423,0.49664,0.37966,0.0
2030-07-22 04:00:00,4645.42089,0.27653,0.49664,0.47166,0.0
2030-07-22 05:00:00,4734.44262,0.28853,0.49664,0.47433,0.01755
2030-07-22 06:00:00,5001.50782,0.33636,0.49664,0.47587,0.06599
2030-07-22 07:00:00,5402.10561,0.32775,0.49664,0.52225,0.1162
2030-07-22 08:00:00,5713.68167,0.22304,0.49664,0.6121,0.16155
2030-07-22 09:00:00,5802.7034,0.17122,0.49664,0.64978,0.22933
2030-07-22 10:00:00,5802.7034,0.23905,0.49664,0.61257,0.30034
2030-07-22 11:00:00,5758.19254,0.27635,0.49664,0.58748,0.23522
2030-07-22 12:00:00,5713.68167,0.22224,0.49664,0.61254,0.21477
2030-07-22 13:00:00,5669.17081,0.24504,0.49664,0.5954,0.18502
2030-07-22 14:00:00,5624.65994,0.1908,0.49664,0.62053,0.21374
2030-07-22 15:00:00,5669.17081,0.22373,0.49664,0.60709,0.16318
2030-07-22 16:00:00,5891.72513,0.21318,0.49664,0.63602,0.1351
2030-07-22 17:00:00,6158.79033,0.15145,0.6208,0.69766,0.13746
2030-07-22 18:00:00,6158.79033,0.08866,0.6208,0.73211,0.09463
2030-07-22 19:00:00,5980.74687,0.15733,0.6208,0.67592,0.05733
2030-07-22 20:00:00,5758.19254,0.13028,0.6208,0.66762,0.0232
2030-07-22 21:00:00,5535.63821,0.16272,0.49664,0.62667,0.0
2030-07-22 22:00:00,5313.08388,0.24869,0.49664,0.55637,0.0
2030-07-22 23:00:00,5090.52955,0.28157,0.49664,0.51519,0.0
2030-07-23 00:00:00,4877.1021,0.19697,0.4968,0.5394,0.0
2030-07-23 01:00:00,4745.04384,0.18757,0.4968,0.53082,0.0
2030-07-23 02:00:00,4657.00499,0.22596,0.4968,0.50061,0.0
2030-07-23 03:00:00,4612.98557,0.21206,0.4968,0.50365,0.0
2030-07-23 04:00:00,4612.98557,0.21029,0.4968,0.50462,0.0
2030-07-23 05:00:00,4701.02442,0.21187,0.4968,0.51291,0.01391
2030-07-23 06:00:00,4965.14094,0.178,0.4968,0.55896,0.04738
2030-07-23 07:00:00,5361.31574,0.2143,0.4968,0.58025,0.09628
2030-07-23 08:00:00,5669.45169,0.25181,0.4968,0.59172,0.17121
2030-07-23 09:00:00,5757.49053,0.29118,0.4968,0.57927,0.23457
2030-07-23 10:00:00,5757.49053,0.27177,0.4968,0.58992,0.26714
2030-07-23 11:00:00,5713.47111,0.3998,0.4968,0.51511,0.2902
2030-07-23 12:00:00,5669.45169,0.31131,0.4968,0.55908,0.3012
2030-07-23 13:00:00,5625.43227,0.2157,0.4968,0.60695,0.3211
2030-07-23 14:00:00,5581.41285,0.18667,0.4968,0.61829,0.30911
2030-07-23 15:00:00,5625.43227,0.16259,0.4968,0.63609,0.29713
2030-07-23 16:00:00,5845.52938,0.10762,0.4968,0.68913,0.22893
2030-07-23 17:00:00,6109.64591,0.06875,0.621,0.73792,0.18109
2030-07-23 18:00:00,6109.64591,0.07373,0.621,0.73519,0.12221
2030-07-23 19:00:00,5933.56822,0.07573,0.621,0.71578,0.05704
2030-07-23 20:00:00,5713.47111,0.04736,0.621,0.70846,0.02284
2030-07-23 21:00:00,5493.374,0.08429,0.4968,0.66531,0.0
2030-07-23 22:00:00,5273.2769,0.083,0.4968,0.64312,0.0
2030-07-23 23:00:00,5053.17979,0.09196,0.4968,0.61532,0.0
2030-07-24 00:00:00,4873.31631,0.16148,0.49699,0.55848,0.0
2030-07-24 01:00:00,4741.41579,0.17528,0.49699,0.53719,0.0
2030-07-24 02:00:00,4653.48211,0.07571,0.49699,0.58266,0.0
2030-07-24 03:00:00,4609.51526,0.06453,0.49699,0.58423,0.0
2030-07-24 04:00:00,4609.51526,0.08479,0.49699,0.57311,0.0
2030-07-24 05:00:00,4697.44895,0.07147,0.49699,0.58956,0.01506
2030-07-24 06:00:00,4961.24999,0.04268,0.49699,0.63279,0.06351
2030-07-24 07:00:00,5356.95156,0.05199,0.49699,0.66884,0.1561
2030-07-24 08:00:00,5664.71945,0.06278,0.49699,0.69492,0.20487
2030-07-24 09:00:00,5752.65314,0.09838,0.49699,0.68454,0.24757
2030-07-24 10:00:00,5752.65314,0.08672,0.49699,0.69094,0.20612
2030-07-24 11:00:00,5708.68629,0.11424,0.49699,0.67127,0.30075
2030-07-24 12:00:00,5664.71945,0.08124,0.49699,0.6848,0.21188
2030-07-24 13:00:00,5620.75261,0.1303,0.49699,0.65331,0.17311
2030-07-24 14:00:00,5576.78577,0.14504,0.49699,0.64066,0.19148
2030-07-24 15:00:00,5620.75261,0.10275,0.49699,0.66843,0.18998
2030-07-24 16:00:00,5840.58682,0.10138,0.49699,0.69204,0.17867
2030-07-24 17:00:00,6104.38786,0.12917,0.62123,0.70423,0.14277
2030-07-24 18:00:00,6104.38786,0.11143,0.62123,0.71396,0.08098
2030-07-24 19:00:00,5928.5205,0.12554,0.62123,0.68793,0.04092
2030-07-24 20:00:00,5708.68629,0.09574,0.62123,0.68142,0.01936
2030-07-24 21:00:00,5488.85209,0.07947,0.49699,0.66748,0.0
2030-07-24 22:00:00,5269.01788,0.08954,0.49699,0.63909,0.0
2030-07-24 23:00:00,5049.18368,0.09412,0.49699,0.61372,0.0
2030-07-25 00:00:00,4887.26848,0.0811,0.4972,0.60402,0.0
2030-07-25 01:00:00,4754.78661,0.04793,0.4972,0.60844,0.0
2030-07-25 02:00:00,4666.46537,0.04417,0.4972,0.60132,0.0
2030-07-25 03:00:00,4622.30475,0.05215,0.4972,0.59235,0.0
2030-07-25 04:00:00,4622.30475,0.05444,0.4972,0.59109,0.0
2030-07-25 05:00:00,4710.62599,0.08251,0.4972,0.58488,0.01249
2030-07-25 06:00:00,4975.58972,0.05996,0.4972,0.62481,0.05772
2030-07-25 07:00:00,5373.03531,0.04205,0.4972,0.67597,0.12651
2030-07-25 08:00:00,5682.15966,0.0715,0.4972,0.69195,0.16711
2030-07-25 09:00:00,5770.4809,0.04871,0.4972,0.71365,0.19727
2030-07-25 10:00:00,5770.4809,0.04463,0.4972,0.71588,0.22048
2030-07-25 11:00:00,5726.32028,0.03521,0.4972,0.71646,0.19994
2030-07-25 12:00:00,5682.15966,0.05904,0.4972,0.69879,0.21582
2030-07-25 13:00:00,5637.99904,0.05634,0.4972,0.69568,0.29772
2030-07-25 14:00:00,5593.83842,0.07377,0.4972,0.68153,0.33381
2030-07-25 15:00:00,5637.99904,0.06543,0.4972,0.69069,0.21557
2030-07-25 16:00:00,5858.80214,0.04865,0.4972,0.72286,0.24549
2030-07-25 17:00:00,6123.76587,0.03903,0.6215,0.75569,0.21483
2030-07-25 18:00:00,6123.76587,0.04071,0.6215,0.75478,0.15977
2030-07-25 19:00:00,5947.12339,0.03791,0.6215,0.73794,0.06816
2030-07-25 20:00:00,5726.32028,0.07013,0.6215,0.6973,0.02001
2030-07-25 21:00:00,5505.51717,0.0709,0.4972,0.67391,0.0
2030-07-25 22:00:00,5284.71407,0.04156,0.4972,0.66705,0.0
2030-07-25 23:00:00,5063.91096,0.02257,0.4972,0.6545,0.0
2030-07-26 00:00:00,4915.42101,0.03332,0.49744,0.63316,0.0
2030-07-26 01:00:00,4781.76613,0.04951,0.49744,0.61038,0.0
2030-07-26 02:00:00,4692.66287,0.06512,0.49744,0.59255,0.0
2030-07-26 03:00:00,4648.11124,0.0871,0.49744,0.57586,0.0
2030-07-26 04:00:00,4648.11124,0.13049,0.49744,0.55205,0.0
2030-07-26 05:00:00,4737.2145,0.20297,0.49744,0.52156,0.01171
2030-07-26 06:00:00,5004.52427,0.20265,0.49744,0.54953,0.04889
2030-07-26 07:00:00,5405.48893,0.11271,0.49744,0.64058,0.12027
2030-07-26 08:00:00,5717.35033,0.17467,0.49744,0.63902,0.20214
2030-07-26 09:00:00,5806.45359,0.15433,0.49744,0.65944,0.244
2030-07-26 10:00:00,5806.45359,0.20804,0.49744,0.62997,0.28274
2030-07-26 11:00:00,5761.90196,0.21855,0.49744,0.61958,0.4032
2030-07-26 12:00:00,5717.35033,0.2223,0.49744,0.61289,0.35014
2030-07-26 13:00:00,5672.7987,0.21429,0.49744,0.61265,0.2905
2030-07-26 14:00:00,5628.24707,0.16212,0.49744,0.63664,0.27125
2030-07-26 15:00:00,5672.7987,0.20014,0.49744,0.62041,0.36297
2030-07-26 16:00:00,5895.55684,0.15758,0.49744,0.66693,0.18296
2030-07-26 17:00:00,6162.86662,0.13765,0.62181,0.70566,0.18078
2030-07-26 18:00:00,6162.86662,0.09524,0.62181,0.72893,0.13707
2030-07-26 19:00:00,5984.6601,0.14645,0.62181,0.6823,0.06653
2030-07-26 20:00:00,5761.90196,0.14481,0.62181,0.66003,0.01681
2030-07-26 21:00:00,5539.14382,0.12307,0.49744,0.64879,0.0
2030-07-26 22:00:00,5316.38567,0.05696,0.49744,0.66189,0.0
2030-07-26 23:00:00,5093.62753,0.05289,0.49744,0.64096,0.0
2030-07-27 00:00:00,4643.00942,0.0912,0.49771,0.57308,0.0
2030-07-27 01:00:00,4520.70502,0.08244,0.49771,0.56516,0.0
2030-07-27 02:00:00,4439.16875,0.07675,0.49771,0.55981,0.0
2030-07-27 03:00:00,4398.40062,0.05114,0.49771,0.56961,0.0
2030-07-27 04:00:00,4398.40062,0.07758,0.49771,0.55511,0.0
2030-07-27 05:00:00,4479.93689,0.08199,0.49771,0.56117,0.00707
2030-07-27 06:00:00,4724.54569,0.07183,0.49771,0.59218,0.03412
2030-07-27 07:00:00,5091.4589,0.04416,0.49771,0.64552,0.09583
2030-07-27 08:00:00,5376.83584,0.05074,0.49771,0.67159,0.12657
2030-07-27 09:00:00,5458.37211,0.04634,0.49771,0.68248,0.18782
2030-07-27 10:00:00,5458.37211,0.04366,0.49771,0.68395,0.25147
2030-07-27 11:00:00,5417.60398,0.04339,0.49771,0.67987,0.28187
2030-07-27 12:00:00,5376.83584,0.0772,0.49771,0.65708,0.30074
2030-07-27 13:00:00,5336.06771,0.06652,0.49771,0.65869,0.26535
2030-07-27 14:00:00,5295.29957,0.07207,0.49771,0.65141,0.33702
2030-07-27 15:00:00,5336.06771,0.09238,0.49771,0.64451,0.32366
2030-07-27 16:00:00,5539.90838,0.0941,0.49771,0.66476,0.30967
2030-07-27 17:00:00,5784.51719,0.07647,0.62214,0.69987,0.15065
2030-07-27 18:00:00,5784.51719,0.07993,0.62214,0.69798,0.06027
2030-07-27 19:00:00,5621.44465,0.04217,0.62214,0.70173,0.03526
2030-07-27 20:00:00,5417.60398,0.04095,0.62214,0.6812,0.01098
2030-07-27 21:00:00,5213.76331,0.03982,0.49771,0.66062,0.0
2030-07-27 22:00:00,5009.92263,0.04446,0.49771,0.63688,0.0
2030-07-27 23:00:00,4806.08196,0.04805,0.49771,0.61371,0.0
2030-07-28 00:00:00,4586.6639,0.07445,0.49801,0.57641,0.0
2030-07-28 01:00:00,4466.70722,0.05831,0.49801,0.57279,0.0
2030-07-28 02:00:00,4386.73611,0.03864,0.49801,0.57526,0.0
2030-07-28 03:00:00,4346.75055,0.03265,0.49801,0.57439,0.0
2030-07-28 04:00:00,4346.75055,0.04241,0.49801,0.56903,0.0
2030-07-28 05:00:00,4426.72166,0.03425,0.49801,0.58183,0.01065
2030-07-28 06:00:00,4666.63501,0.04663,0.49801,0.59999,0.05775
2030-07-28 07:00:00,5026.50503,0.07998,0.49801,0.61912,0.15098
2030-07-28 08:00:00,5306.40393,0.07035,0.49801,0.65351,0.22191
2030-07-28 09:00:00,5386.37505,0.0514,0.49801,0.67222,0.28658
2030-07-28 10:00:00,5386.37505,0.06526,0.49801,0.66462,0.39232
2030-07-28 11:00:00,5346.38949,0.05766,0.49801,0.66463,0.3717
2030-07-28 12:00:00,5306.40393,0.08329,0.49801,0.64641,0.42676
2030-07-28 13:00:00,5266.41837,0.09912,0.49801,0.63357,0.40576
2030-07-28 14:00:00,5226.43282,0.15961,0.49801,0.59622,0.39139
2030-07-28 15:00:00,5266.41837,0.16754,0.49801,0.59603,0.3504
2030-07-28 16:00:00,5466.34616,0.09561,0.49801,0.65629,0.25713
2030-07-28 17:00:00,5706.25951,0.10442,0.62251,0.6764,0.22713
2030-07-28 18:00:00,5706.25951,0.17732,0.62251,0.63641,0.14132
2030-07-28 19:00:00,5546.31728,0.1177,0.62251,0.65248,0.05641
2030-07-28 20:00:00,5346.38949,0.12464,0.62251,0.62788,0.01641
2030-07-28 21:00:00,5146.4617,0.12493,0.49801,0.60693,0.0
2030-07-28 22:00:00,4946.53391,0.12852,0.49801,0.58417,0.0
2030-07-28 23:00:00,4746.60613,0.16641,0.49801,0.54259,0.0
2030-07-29 00:00:00,4895.21886,0.16022,0.49833,0.56144,0.0
2030-07-29 01:00:00,4762.40573,0.10759,0.49833,0.5765,0.0
2030-07-29 02:00:00,4673.86364,0.08776,0.49833,0.57817,0.0
2030-07-29 03:00:00,4629.5926,0.07837,0.49833,0.57872,0.0
2030-07-29 04:00:00,4629.5926,0.10456,0.49833,0.56435,0.0
2030-07-29 05:00:00,4718.13469,0.11206,0.49833,0.56945,0.00893
2030-07-29 06:00:00,4983.76095,0.09567,0.49833,0.60607,0.05542
2030-07-29 07:00:00,5382.20033,0.09983,0.49833,0.64522,0.15568
2030-07-29 08:00:00,5692.09764,0.12177,0.49833,0.66541,0.23133
2030-07-29 09:00:00,5780.63972,0.11529,0.49833,0.67817,0.33127
2030-07-29 10:00:00,5780.63972,0.09176,0.49833,0.69108,0.4227
2030-07-29 11:00:00,5736.36868,0.1307,0.49833,0.66512,0.38202
2030-07-29 12:00:00,5692.09764,0.13194,0.49833,0.65983,0.49522
2030-07-29 13:00:00,5647.82659,0.14946,0.49833,0.64561,0.51644
2030-07-29 14:00:00,5603.55555,0.0954,0.49833,0.67067,0.50611
2030-07-29 15:00:00,5647.82659,0.0877,0.49833,0.6795,0.32164
2030-07-29 16:00:00,5869.18181,0.10278,0.49833,0.69425,0.22706
2030-07-29 17:00:00,6134.80807,0.10745,0.62291,0.71931,0.18353
2030-07-29 18:00:00,6134.80807,0.12129,0.62291,0.71172,0.14096
2030-07-29 19:00:00,5957.7239,0.11387,0.62291,0.69737,0.06894
2030-07-29 20:00:00,5736.36868,0.0888,0.62291,0.6881,0.01799
2030-07-29 21:00:00,5515.01346,0.09189,0.49833,0.66339,0.0
2030-07-29 22:00:00,5293.65825,0.07401,0.49833,0.65017,0.0
2030-07-29 23:00:00,5072.30303,0.06791,0.49833,0.6305,0.0
2030-07-30 00:00:00,5003.66971,0.08981,0.49868,0.61135,0.0
2030-07-30 01:00:00,4866.3378,0.09042,0.49868,0.59673,0.0
2030-07-30 02:00:00,4774.78319,0.10213,0.49868,0.58078,0.0
2030-07-30 03:00:00,4729.00588,0.08974,0.49868,0.58282,0.0
2030-07-30 04:00:00,4729.00588,0.06954,0.49868,0.5939,0.0
2030-07-30 05:00:00,4820.56049,0.08069,0.49868,0.59731,0.00953
2030-07-30 06:00:00,5095.22433,0.08564,0.49868,0.62316,0.04898
2030-07-30 07:00:00,5507.22007,0.09505,0.49868,0.66084,0.05623
2030-07-30 08:00:00,5827.66121,0.14477,0.49868,0.66689,0.11319
2030-07-30 09:00:00,5919.21582,0.16178,0.49868,0.66708,0.1323
2030-07-30 10:00:00,5919.21582,0.15136,0.49868,0.6728,0.20001
2030-07-30 11:00:00,5873.43851,0.14455,0.49868,0.67177,0.28128
2030-07-30 12:00:00,5827.66121,0.13723,0.49868,0.67103,0.31575
2030-07-30 13:00:00,5781.8839,0.08133,0.49868,0.69694,0.2696
2030-07-30 14:00:00,5736.1066,0.09374,0.49868,0.68537,0.31045
2030-07-30 15:00:00,5781.8839,0.12321,0.49868,0.67396,0.3056
2030-07-30 16:00:00,6010.77043,0.10073,0.49868,0.7101,0.3495
2030-07-30 17:00:00,6285.43426,0.09003,0.62335,0.74453,0.21984
2030-07-30 18:00:00,6285.43426,0.08711,0.62335,0.74613,0.13352
2030-07-30 19:00:00,6102.32504,0.05686,0.62335,0.74368,0.06264
2030-07-30 20:00:00,5873.43851,0.05895,0.62335,0.71873,0.01565
2030-07-30 21:00:00,5644.55199,0.07128,0.49868,0.68817,0.0
2030-07-30 22:00:00,5415.66546,0.05966,0.49868,0.67074,0.0
2030-07-30 23:00:00,5186.77894,0.05245,0.49868,0.65089,0.0
2030-07-31 00:00:00,5082.43489,0.08679,0.49906,0.6212,0.0
2030-07-31 01:00:00,4941.82109,0.08009,0.49906,0.61025,0.0
2030-07-31 02:00:00,4848.07856,0.08671,0.49906,0.59687,0.0
2030-07-31 03:00:00,4801.2073,0.12777,0.49906,0.56947,0.0
2030-07-31 04:00:00,4801.2073,0.11333,0.49906,0.57739,0.0
2030-07-31 05:00:00,4894.94983,0.14569,0.49906,0.56939,0.00511
2030-07-31 06:00:00,5176.17742,0.23613,0.49906,0.54902,0.03014
2030-07-31 07:00:00,5598.01882,0.1968,0.49906,0.61447,0.08516
2030-07-31 08:00:00,5926.11768,0.21773,0.49906,0.63711,0.15268
2030-07-31 09:00:00,6019.86021,0.2734,0.49906,0.61631,0.21605
2030-07-31 10:00:00,6019.86021,0.34151,0.49906,0.57895,0.29687
2030-07-31 11:00:00,5972.98894,0.32159,0.49906,0.585,0.21989
2030-07-31 12:00:00,5926.11768,0.31919,0.49906,0.58145,0.27643
2030-07-31 13:00:00,5879.24641,0.20769,0.49906,0.63774,0.27696
2030-07-31 14:00:00,5832.37515,0.26419,0.49906,0.60187,0.27249
2030-07-31 15:00:00,5879.24641,0.23822,0.49906,0.62099,0.21226
2030-07-31 16:00:00,6113.60274,0.25371,0.49906,0.63686,0.16579
2030-07-31 17:00:00,6394.83034,0.25446,0.62382,0.6657,0.09101
2030-07-31 18:00:00,6394.83034,0.22773,0.62382,0.68037,0.08075
2030-07-31 19:00:00,6207.34527,0.26898,0.62382,0.63824,0.04642
2030-07-31 20:00:00,5972.98894,0.26194,0.62382,0.61773,0.0129
2030-07-31 21:00:00,5738.63261,0.23067,0.49906,0.61051,0.0
2030-07-31 22:00:00,5504.27629,0.19012,0.49906,0.60838,0.0
2030-07-31 23:00:00,5269.91996,0.23482,0.49906,0.55949,0.0
2030-08-01 00:00:00,5073.57445,0.26511,0.49946,0.52245,0.0
2030-08-01 01:00:00,4933.32984,0.21502,0.49946,0.53534,0.0
2030-08-01 02:00:00,4839.83343,0.29586,0.49946,0.48127,0.0
2030-08-01 03:00:00,4793.08523,0.31523,0.49946,0.46579,0.0
2030-08-01 04:00:00,4793.08523,0.35671,0.49946,0.44303,0.0
2030-08-01 05:00:00,4886.58163,0.44118,0.49946,0.40641,0.00633
2030-08-01 06:00:00,5167.07086,0.39073,0.49946,0.46326,0.04929
2030-08-01 07:00:00,5587.8047,0.41209,0.49946,0.49529,0.16232
2030-08-01 08:00:00,5915.04213,0.39765,0.49946,0.53725,0.2365
2030-08-01 09:00:00,6008.53854,0.38377,0.49946,0.55459,0.3896
2030-08-01 10:00:00,6008.53854,0.4109,0.49946,0.5397,0.40429
2030-08-01 11:00:00,5961.79033,0.46979,0.49946,0.50254,0.27921
2030-08-01 12:00:00,5915.04213,0.55983,0.49946,0.44828,0.31137
2030-08-01 13:00:00,5868.29392,0.6019,0.49946,0.42033,0.30214
2030-08-01 14:00:00,5821.54572,0.61324,0.49946,0.40925,0.21695
2030-08-01 15:00:00,5868.29392,0.52126,0.49946,0.46457,0.14088
2030-08-01 16:00:00,6102.03494,0.46908,0.49946,0.51751,0.07177
2030-08-01 17:00:00,6382.52417,0.45466,0.62433,0.55459,0.05788
2030-08-01 18:00:00,6382.52417,0.41615,0.62433,0.57572,0.04558
2030-08-01 19:00:00,6195.53135,0.44864,0.62433,0.53845,0.03328
2030-08-01 20:00:00,5961.79033,0.43251,0.62433,0.52299,0.00978
2030-08-01 21:00:00,5728.04931,0.40864,0.49946,0.51177,0.0
2030-08-01 22:00:00,5494.30829,0.47741,0.49946,0.44974,0.0
2030-08-01 23:00:00,5260.56727,0.45234,0.49946,0.43918,0.0
2030-08-02 00:00:00,5121.47779,0.43488,0.49989,0.4343,0.0
2030-08-02 01:00:00,4979.23721,0.35382,0.49989,0.46397,0.0
2030-08-02 02:00:00,4884.41015,0.40942,0.49989,0.42361,0.0
2030-08-02 03:00:00,4836.99662,0.34591,0.49989,0.45352,0.0
2030-08-02 04:00:00,4836.99662,0.29221,0.49989,0.48298,0.0
2030-08-02 05:00:00,4931.82368,0.33227,0.49989,0.47087,0.00447
2030-08-02 06:00:00,5216.30485,0.2399,0.49989,0.55112,0.03616
2030-08-02 07:00:00,5643.0266,0.23542,0.49989,0.59796,0.0699
2030-08-02 08:00:00,5974.9213,0.27779,0.49989,0.60923,0.0689
2030-08-02 09:00:00,6069.74836,0.26497,0.49989,0.62612,0.05444
2030-08-02 10:00:00,6069.74836,0.2953,0.49989,0.60949,0.08667
2030-08-02 11:00:00,6022.33483,0.2518,0.49989,0.62842,0.09115
2030-08-02 12:00:00,5974.9213,0.3835,0.49989,0.55124,0.12751
2030-08-02 13:00:00,5927.50777,0.30123,0.49989,0.59144,0.14762
2030-08-02 14:00:00,5880.09425,0.19731,0.49989,0.64352,0.11986
2030-08-02 15:00:00,5927.50777,0.16324,0.49989,0.66715,0.13971
2030-08-02 16:00:00,6164.57542,0.17107,0.49989,0.6875,0.18929
2030-08-02 17:00:00,6449.05659,0.16205,0.62486,0.72204,0.20425
2030-08-02 18:00:00,6449.05659,0.20371,0.62486,0.69918,0.13128
2030-08-02 19:00:00,6259.40247,0.17381,0.62486,0.69586,0.05426
2030-08-02 20:00:00,6022.33483,0.1485,0.62486,0.68509,0.01239
2030-08-02 21:00:00,5785.26719,0.13395,0.49989,0.66842,0.0
2030-08-02 22:00:00,5548.19955,0.13642,0.49989,0.64241,0.0
2030-08-02 23:00:00,5311.1319,0.10603,0.49989,0.63443,0.0
2030-08-03 00:00:00,4784.06079,0.11106,0.50034,0.57686,0.0
2030-08-03 01:00:00,4655.87925,0.10553,0.50034,0.56656,0.0
2030-08-03 02:00:00,4570.42488,0.10553,0.50034,0.55767,0.0
2030-08-03 03:00:00,4527.6977,0.10108,0.50034,0.55567,0.0
2030-08-03 04:00:00,4527.6977,0.1091,0.50034,0.55127,0.0
2030-08-03 05:00:00,4613.15206,0.12681,0.50034,0.55044,0.00496
2030-08-03 06:00:00,4869.51515,0.21873,0.50034,0.52667,0.04948
2030-08-03 07:00:00,5254.05978,0.22762,0.50034,0.56179,0.13202
2030-08-03 08:00:00,5553.15005,0.26947,0.50034,0.56993,0.22089
2030-08-03 09:00:00,5638.60441,0.26807,0.50034,0.57959,0.32752
2030-08-03 10:00:00,5638.60441,0.18223,0.50034,0.62668,0.40508
2030-08-03 11:00:00,5595.87723,0.18402,0.50034,0.62126,0.48844
2030-08-03 12:00:00,5553.15005,0.13455,0.50034,0.64395,0.53492
2030-08-03 13:00:00,5510.42287,0.12114,0.50034,0.64686,0.58285
2030-08-03 14:00:00,5467.69569,0.13664,0.50034,0.63391,0.55736
2030-08-03 15:00:00,5510.42287,0.11279,0.50034,0.65145,0.36191
2030-08-03 16:00:00,5724.05877,0.12937,0.50034,0.66456,0.29359
2030-08-03 17:00:00,5980.42186,0.09355,0.62543,0.71088,0.2054
2030-08-03 18:00:00,5980.42186,0.10927,0.62543,0.70225,0.09008
2030-08-03 19:00:00,5809.51314,0.09866,0.62543,0.6903,0.06358
2030-08-03 20:00:00,5595.87723,0.13851,0.62543,0.64622,0.01152
2030-08-03 21:00:00,5382.24133,0.16968,0.50034,0.6069,0.0
2030-08-03 22:00:00,5168.60542,0.1744,0.50034,0.5821,0.0
2030-08-03 23:00:00,4954.96951,0.18077,0.50034,0.55638,0.0
2030-08-04 00:00:00,4785.38176,0.2276,0.50083,0.51306,0.0
2030-08-04 01:00:00,4657.14518,0.25453,0.50083,0.48494,0.0
2030-08-04 02:00:00,4571.65412,0.25112,0.50083,0.47793,0.0
2030-08-04 03:00:00,4528.9086,0.2172,0.50083,0.49209,0.0
2030-08-04 04:00:00,4528.9086,0.18736,0.50083,0.50846,0.0
2030-08-04 05:00:00,4614.39965,0.10378,0.50083,0.5632,0.0043
2030-08-04 06:00:00,4870.87282,0.13527,0.50083,0.5726,0.04972
2030-08-04 07:00:00,5255.58257,0.09958,0.50083,0.63219,0.13128
2030-08-04 08:00:00,5554.80127,0.08121,0.50083,0.67338,0.24029
2030-08-04 09:00:00,5640.29232,0.09735,0.50083,0.67342,0.33277
2030-08-04 10:00:00,5640.29232,0.08034,0.50083,0.68275,0.43926
2030-08-04 11:00:00,5597.5468,0.11978,0.50083,0.65667,0.48567
2030-08-04 12:00:00,5554.80127,0.07063,0.50083,0.67919,0.42117
2030-08-04 13:00:00,5512.05574,0.04727,0.50083,0.68756,0.47486
2030-08-04 14:00:00,5469.31021,0.0671,0.50083,0.67224,0.47011
2030-08-04 15:00:00,5512.05574,0.09884,0.50083,0.65926,0.44604
2030-08-04 16:00:00,5725.78338,0.10126,0.50083,0.68017,0.27867
2030-08-04 17:00:00,5982.25655,0.10654,0.62603,0.70394,0.19079
2030-08-04 18:00:00,5982.25655,0.07925,0.62603,0.71891,0.09962
2030-08-04 19:00:00,5811.27444,0.12544,0.62603,0.67579,0.04447
2030-08-04 20:00:00,5597.5468,0.11215,0.62603,0.66086,0.00723
2030-08-04 21:00:00,5383.81916,0.11181,0.50083,0.63881,0.0
2030-08-04 22:00:00,5170.09152,0.11939,0.50083,0.61243,0.0
2030-08-04 23:00:00,4956.36388,0.18114,0.50083,0.55632,0.0
2030-08-05 00:00:00,5146.44358,0.26505,0.50133,0.53006,0.0
2030-08-05 01:00:00,5003.16275,0.24618,0.50133,0.52551,0.0
2030-08-05 02:00:00,4907.6422,0.28052,0.50133,0.49674,0.0
2030-08-05 03:00:00,4859.88192,0.34587,0.50133,0.45592,0.0
2030-08-05 04:00:00,4859.88192,0.40339,0.50133,0.42436,0.0
2030-08-05 05:00:00,4955.40247,0.25916,0.50133,0.51342,0.00363
2030-08-05 06:00:00,5241.96413,0.22745,0.50133,0.56062,0.05061
2030-08-05 07:00:00,5671.80661,0.23073,0.50133,0.60353,0.11142
2030-08-05 08:00:00,6006.12853,0.17773,0.50133,0.66737,0.17146
2030-08-05 09:00:00,6101.64908,0.15635,0.50133,0.68904,0.29157
2030-08-05 10:00:00,6101.64908,0.18821,0.50133,0.67155,0.35259
2030-08-05 11:00:00,6053.88881,0.12601,0.50133,0.70071,0.36647
2030-08-05 12:00:00,6006.12853,0.04314,0.50133,0.74121,0.36368
2030-08-05 13:00:00,5958.36826,0.03111,0.50133,0.74284,0.39387
2030-08-05 14:00:00,5910.60798,0.03426,0.50133,0.73615,0.36905
2030-08-05 15:00:00,5958.36826,0.04344,0.50133,0.73608,0.33855
2030-08-05 16:00:00,6197.16963,0.04867,0.50133,0.75804,0.22071
2030-08-05 17:00:00,6483.73129,0.05208,0.62667,0.78597,0.19773
2030-08-05 18:00:00,6483.73129,0.04268,0.62667,0.79113,0.16046
2030-08-05 19:00:00,6292.69019,0.05703,0.62667,0.76339,0.05885
2030-08-05 20:00:00,6053.88881,0.05813,0.62667,0.73795,0.00919
2030-08-05 21:00:00,5815.08743,0.07806,0.50133,0.70218,0.0
2030-08-05 22:00:00,5576.28605,0.08118,0.50133,0.67564,0.0
2030-08-05 23:00:00,5337.48468,0.05922,0.50133,0.66285,0.0
2030-08-06 00:00:00,5192.67889,0.08126,0.50187,0.6357,0.0
2030-08-06 01:00:00,5047.4716,0.06643,0.50187,0.62873,0.0
2030-08-06 02:00:00,4950.66673,0.06321,0.50187,0.62043,0.0
2030-08-06 03:00:00,4902.2643,0.09637,0.50187,0.59721,0.0
2030-08-06 04:00:00,4902.2643,0.11078,0.50187,0.5893,0.0
2030-08-06 05:00:00,4999.06916,0.12388,0.50187,0.59218,0.00281
2030-08-06 06:00:00,5289.48376,0.13162,0.50187,0.61814,0.0489
2030-08-06 07:00:00,5725.10565,0.09792,0.50187,0.68193,0.12669
2030-08-06 08:00:00,6063.92268,0.07503,0.50187,0.72972,0.19853
2030-08-06 09:00:00,6160.72755,0.04528,0.50187,0.75611,0.2637
2030-08-06 10:00:00,6160.72755,0.05014,0.50187,0.75344,0.32757
2030-08-06 11:00:00,6112.32511,0.04616,0.50187,0.7506,0.4197
2030-08-06 12:00:00,6063.92268,0.03118,0.50187,0.75378,0.34779
2030-08-06 13:00:00,6015.52025,0.0562,0.50187,0.73502,0.40632
2030-08-06 14:00:00,5967.11782,0.05117,0.50187,0.73274,0.30184
2030-08-06 15:00:00,6015.52025,0.04353,0.50187,0.74197,0.24389
2030-08-06 16:00:00,6257.53241,0.09229,0.50187,0.74039,0.20877
2030-08-06 17:00:00,6547.94701,0.13992,0.62733,0.74446,0.13326
2030-08-06 18:00:00,6547.94701,0.10379,0.62733,0.76428,0.09639
2030-08-06 19:00:00,6354.33728,0.14936,0.62733,0.71915,0.05386
2030-08-06 20:00:00,6112.32511,0.26787,0.62733,0.62897,0.00663
2030-08-06 21:00:00,5870.31295,0.28037,0.50187,0.59694,0.0
2030-08-06 22:00:00,5628.30079,0.39325,0.50187,0.50984,0.0
2030-08-06 23:00:00,5386.28862,0.38806,0.50187,0.48752,0.0
2030-08-07 00:00:00,5153.13046,0.37115,0.50243,0.47255,0.0
2030-08-07 01:00:00,5009.57102,0.32502,0.50243,0.48293,0.0
2030-08-07 02:00:00,4913.86472,0.35422,0.50243,0.45695,0.0
2030-08-07 03:00:00,4866.01157,0.40376,0.50243,0.4248,0.0
2030-08-07 04:00:00,4866.01157,0.30349,0.50243,0.47981,0.0
2030-08-07 05:00:00,4961.71787,0.26729,0.50243,0.50962,0.00153
2030-08-07 06:00:00,5248.83676,0.34356,0.50243,0.49764,0.04526
2030-08-07 07:00:00,5679.5151,0.24272,0.50243,0.59775,0.11364
2030-08-07 08:00:00,6014.48714,0.27517,0.50243,0.61478,0.13661
2030-08-07 09:00:00,6110.19344,0.31325,0.50243,0.60385,0.19625
2030-08-07 10:00:00,6110.19344,0.31269,0.50243,0.60415,0.2523
2030-08-07 11:00:00,6062.34029,0.2262,0.50243,0.64662,0.21382
2030-08-07 12:00:00,6014.48714,0.29752,0.50243,0.60252,0.14109
2030-08-07 13:00:00,5966.63399,0.20181,0.50243,0.65005,0.13729
2030-08-07 14:00:00,5918.78084,0.2214,0.50243,0.63433,0.25409
2030-08-07 15:00:00,5966.63399,0.1396,0.50243,0.68418,0.19371
2030-08-07 16:00:00,6205.89974,0.08524,0.50243,0.73889,0.11258
2030-08-07 17:00:00,6493.01863,0.06105,0.62803,0.78202,0.08828
2030-08-07 18:00:00,6493.01863,0.06486,0.62803,0.77993,0.05562
2030-08-07 19:00:00,6301.60604,0.0862,0.62803,0.74831,0.03487
2030-08-07 20:00:00,6062.34029,0.18363,0.62803,0.66998,0.00464
2030-08-07 21:00:00,5823.07455,0.1946,0.50243,0.63908,0.0
2030-08-07 22:00:00,5583.8088,0.2092,0.50243,0.60619,0.0
2030-08-07 23:00:00,5344.54306,0.27463,0.50243,0.54541,0.0
2030-08-08 00:00:00,5121.65098,0.27437,0.50301,0.52237,0.0
2030-08-08 01:00:00,4979.40318,0.23288,0.50301,0.53034,0.0
2030-08-08 02:00:00,4884.57131,0.3157,0.50301,0.47504,0.0
2030-08-08 03:00:00,4837.15537,0.21621,0.50301,0.52469,0.0
2030-08-08 04:00:00,4837.15537,0.23063,0.50301,0.51678,0.0
2030-08-08 05:00:00,4931.98724,0.15979,0.50301,0.56551,0.00063
2030-08-08 06:00:00,5216.48284,0.27926,0.50301,0.52955,0.04066
2030-08-08 07:00:00,5643.22625,0.42677,0.50301,0.493,0.08972
2030-08-08 08:00:00,5975.13779,0.38529,0.50301,0.55028,0.14511
2030-08-08 09:00:00,6069.96965,0.28988,0.50301,0.61248,0.20702
2030-08-08 10:00:00,6069.96965,0.21993,0.50301,0.65086,0.24555
2030-08-08 11:00:00,6022.55372,0.26346,0.50301,0.62205,0.30434
2030-08-08 12:00:00,5975.13779,0.24082,0.50301,0.62954,0.39159
2030-08-08 13:00:00,5927.72185,0.21867,0.50301,0.63676,0.36443
2030-08-08 14:00:00,5880.30592,0.17058,0.50301,0.65821,0.32052
2030-08-08 15:00:00,5927.72185,0.13058,0.50301,0.68508,0.27105
2030-08-08 16:00:00,6164.80152,0.09681,0.50301,0.72827,0.24771
2030-08-08 17:00:00,6449.29712,0.09836,0.62876,0.757,0.24714
2030-08-08 18:00:00,6449.29712,0.10877,0.62876,0.75129,0.13506
2030-08-08 19:00:00,6259.63339,0.14475,0.62876,0.71183,0.05397
2030-08-08 20:00:00,6022.55372,0.12204,0.62876,0.69963,0.00441
2030-08-08 21:00:00,5785.47405,0.13783,0.50301,0.66631,0.0
2030-08-08 22:00:00,5548.39438,0.14613,0.50301,0.6371,0.0
2030-08-08 23:00:00,5311.31471,0.18894,0.50301,0.58896,0.0
2030-08-09 00:00:00,5154.9564,0.20739,0.50362,0.56258,0.0
2030-08-09 01:00:00,5011.32087,0.16971,0.50362,0.56831,0.0
2030-08-09 02:00:00,4915.56385,0.17361,0.50362,0.55622,0.0
2030-08-09 03:00:00,4867.68534,0.20337,0.50362,0.53491,0.0
2030-08-09 04:00:00,4867.68534,0.22047,0.50362,0.52553,0.0
2030-08-09 05:00:00,4963.44236,0.17687,0.50362,0.5594,0.00045
2030-08-09 06:00:00,5250.71342,0.22296,0.50362,0.56399,0.04116
2030-08-09 07:00:00,5681.62,0.29846,0.50362,0.56739,0.14787
2030-08-09 08:00:00,6016.76956,0.31094,0.50362,0.5954,0.29072
2030-08-09 09:00:00,6112.52658,0.30331,0.50362,0.60954,0.43707
2030-08-09 10:00:00,6112.52658,0.49376,0.50362,0.50506,0.53989
2030-08-09 11:00:00,6064.64807,0.47759,0.50362,0.50895,0.61014
2030-08-09 12:00:00,6016.76956,0.56109,0.50362,0.45816,0.6058
2030-08-09 13:00:00,5968.89105,0.52076,0.50362,0.47531,0.53238
2030-08-09 14:00:00,5921.01254,0.36167,0.50362,0.55761,0.42924
2030-08-09 15:00:00,5968.89105,0.42118,0.50362,0.52994,0.45428
2030-08-09 16:00:00,6208.2836,0.36721,0.50362,0.58445,0.34743
2030-08-09 17:00:00,6495.55465,0.38024,0.62953,0.60717,0.23059
2030-08-09 18:00:00,6495.55465,0.46239,0.62953,0.56211,0.13473
2030-08-09 19:00:00,6304.04062,0.38307,0.62953,0.58571,0.05389
2030-08-09 20:00:00,6064.64807,0.33007,0.62953,0.58988,0.00285
2030-08-09 21:00:00,5825.25553,0.35534,0.50362,0.55112,0.0
2030-08-09 22:00:00,5585.86298,0.31767,0.50362,0.54689,0.0
2030-08-09 23:00:00,5346.47043,0.34666,0.50362,0.50609,0.0
2030-08-10 00:00:00,4792.47432,0.32247,0.50426,0.46175,0.0
2030-08-10 01:00:00,4663.94221,0.22107,0.50426,0.50401,0.0
2030-08-10 02:00:00,4578.25414,0.26733,0.50426,0.46972,0.0
2030-08-10 03:00:00,4535.4101,0.22271,0.50426,0.48974,0.0
2030-08-10 04:00:00,4535.4101,0.33541,0.50426,0.42791,0.0
2030-08-10 05:00:00,4621.09818,0.34913,0.50426,0.4293,0.00026
2030-08-10 06:00:00,4878.16239,0.31309,0.50426,0.4758,0.02645
2030-08-10 07:00:00,5263.75871,0.43315,0.50426,0.45004,0.05848
2030-08-10 08:00:00,5563.66696,0.26653,0.50426,0.57264,0.09223
2030-08-10 09:00:00,5649.35503,0.35236,0.50426,0.53446,0.13093
2030-08-10 10:00:00,5649.35503,0.23313,0.50426,0.59987,0.13198
2030-08-10 11:00:00,5606.511,0.14855,0.50426,0.64182,0.19066
2030-08-10 12:00:00,5563.66696,0.1651,0.50426,0.62829,0.19726
2030-08-10 13:00:00,5520.82293,0.11889,0.50426,0.64918,0.1917
2030-08-10 14:00:00,5477.97889,0.13796,0.50426,0.63426,0.16488
2030-08-10 15:00:00,5520.82293,0.12103,0.50426,0.648,0.17915
2030-08-10 16:00:00,5735.0431,0.1413,0.50426,0.65916,0.2179
2030-08-10 17:00:00,5992.10732,0.14546,0.63032,0.68362,0.14148
2030-08-10 18:00:00,5992.10732,0.18507,0.63032,0.66189,0.12873
2030-08-10 19:00:00,5820.73118,0.19848,0.63032,0.63671,0.05149
2030-08-10 20:00:00,5606.511,0.19856,0.63032,0.61438,0.00234
2030-08-10 21:00:00,5392.29082,0.16317,0.50426,0.61152,0.0
2030-08-10 22:00:00,5178.07064,0.18109,0.50426,0.57941,0.0
2030-08-10 23:00:00,4963.85046,0.16619,0.50426,0.5653,0.0
2030-08-11 00:00:00,4637.77859,0.19429,0.50492,0.51598,0.0
2030-08-11 01:00:00,4515.69213,0.132,0.50492,0.53746,0.0
2030-08-11 02:00:00,4434.30117,0.10297,0.50492,0.54491,0.0
2030-08-11 03:00:00,4393.60568,0.07206,0.50492,0.55764,0.0
2030-08-11 04:00:00,4393.60568,0.06266,0.50492,0.5628,0.0
2030-08-11 05:00:00,4474.99665,0.07165,0.50492,0.56633,0.00024
2030-08-11 06:00:00,4719.16955,0.05598,0.50492,0.60032,0.0407
2030-08-11 07:00:00,5085.42891,0.10137,0.50492,0.61351,0.11747
2030-08-11 08:00:00,5370.2973,0.08979,0.50492,0.64949,0.15951
2030-08-11 09:00:00,5451.68826,0.08569,0.50492,0.6602,0.28701
2030-08-11 10:00:00,5451.68826,0.08992,0.50492,0.65788,0.29562
2030-08-11 11:00:00,5410.99278,0.10049,0.50492,0.64785,0.27259
2030-08-11 12:00:00,5370.2973,0.10177,0.50492,0.64292,0.19729
2030-08-11 13:00:00,5329.60181,0.1252,0.50492,0.62583,0.18531
2030-08-11 14:00:00,5288.90633,0.12935,0.50492,0.61932,0.18457
2030-08-11 15:00:00,5329.60181,0.13581,0.50492,0.62001,0.17752
2030-08-11 16:00:00,5533.07923,0.12956,0.50492,0.6446,0.17404
2030-08-11 17:00:00,5777.25213,0.10216,0.63115,0.68503,0.11815
2030-08-11 18:00:00,5777.25213,0.09107,0.63115,0.69111,0.04931
2030-08-11 19:00:00,5614.4702,0.10914,0.63115,0.66427,0.02948
2030-08-11 20:00:00,5410.99278,0.13097,0.63115,0.63113,0.00066
2030-08-11 21:00:00,5207.51536,0.16775,0.50492,0.58979,0.0
2030-08-11 22:00:00,5004.03794,0.13238,0.50492,0.58803,0.0
2030-08-11 23:00:00,4800.56052,0.19685,0.50492,0.53151,0.0
2030-08-12 00:00:00,5019.41297,0.19928,0.5056,0.55293,0.0
2030-08-12 01:00:00,4881.42508,0.31408,0.5056,0.4756,0.0
2030-08-12 02:00:00,4789.43316,0.35192,0.5056,0.44527,0.0
2030-08-12 03:00:00,4743.4372,0.35172,0.5056,0.4406,0.0
2030-08-12 04:00:00,4743.4372,0.33972,0.5056,0.44719,0.0
2030-08-12 05:00:00,4835.42912,0.42505,0.5056,0.40994,1e-05
2030-08-12 06:00:00,5111.40489,0.3786,0.5056,0.46412,0.01695
2030-08-12 07:00:00,5525.36854,0.31636,0.5056,0.54132,0.04054
2030-08-12 08:00:00,5847.34027,0.26843,0.5056,0.6011,0.05848
2030-08-12 09:00:00,5939.33219,0.22751,0.5056,0.63311,0.09642
2030-08-12 10:00:00,5939.33219,0.27798,0.5056,0.60543,0.15311
2030-08-12 11:00:00,5893.33623,0.33479,0.5056,0.56947,0.1694
2030-08-12 12:00:00,5847.34027,0.31502,0.5056,0.57554,0.30817
2030-08-12 13:00:00,5801.34431,0.34318,0.5056,0.55531,0.29949
2030-08-12 14:00:00,5755.34835,0.39039,0.5056,0.52463,0.23489
2030-08-12 15:00:00,5801.34431,0.344,0.5056,0.55486,0.16159
2030-08-12 16:00:00,6031.32412,0.35438,0.5056,0.57308,0.13306
2030-08-12 17:00:00,6307.29989,0.38933,0.632,0.58261,0.09356
2030-08-12 18:00:00,6307.29989,0.33549,0.632,0.61215,0.07326
2030-08-12 19:00:00,6123.31604,0.24766,0.632,0.6412,0.03516
2030-08-12 20:00:00,5893.33623,0.22293,0.632,0.63084,0.00035
2030-08-12 21:00:00,5663.35643,0.22142,0.5056,0.60776,0.0
2030-08-12 22:00:00,5433.37662,0.20704,0.5056,0.59173,0.0
2030-08-12 23:00:00,5203.39681,0.19832,0.5056,0.57259,0.0
2030-08-13 00:00:00,5034.72569,0.20302,0.50631,0.55247,0.0
2030-08-13 01:00:00,4896.09978,0.18516,0.50631,0.54785,0.0
2030-08-13 02:00:00,4803.6825,0.14158,0.50631,0.56215,0.0
2030-08-13 03:00:00,4757.47386,0.06534,0.50631,0.59917,0.0
2030-08-13 04:00:00,4757.47386,0.06962,0.50631,0.59682,0.0
2030-08-13 05:00:00,4849.89114,0.05882,0.50631,0.61236,0.0
2030-08-13 06:00:00,5127.14297,0.0452,0.50631,0.64867,0.03933
2030-08-13 07:00:00,5543.02071,0.03233,0.50631,0.69897,0.10654
2030-08-13 08:00:00,5866.48117,0.02716,0.50631,0.73545,0.1783
2030-08-13 09:00:00,5958.89845,0.03303,0.50631,0.74184,0.28219
2030-08-13 10:00:00,5958.89845,0.04858,0.50631,0.73331,0.35717
2030-08-13 11:00:00,5912.68981,0.03555,0.50631,0.73565,0.33739
2030-08-13 12:00:00,5866.48117,0.07429,0.50631,0.70959,0.32686
2030-08-13 13:00:00,5820.27254,0.07609,0.50631,0.7038,0.3005
2030-08-13 14:00:00,5774.0639,0.07782,0.50631,0.69805,0.25309
2030-08-13 15:00:00,5820.27254,0.09221,0.50631,0.69496,0.17248
2030-08-13 16:00:00,6051.31573,0.06859,0.50631,0.73194,0.14062
2030-08-13 17:00:00,6328.56756,0.097,0.63289,0.74519,0.11284
2030-08-13 18:00:00,6328.56756,0.09762,0.63289,0.74485,0.07432
2030-08-13 19:00:00,6143.733,0.10602,0.63289,0.72102,0.03669
2030-08-13 20:00:00,5912.68981,0.14458,0.63289,0.67584,0.00015
2030-08-13 21:00:00,5681.64662,0.08105,0.50631,0.68667,0.0
2030-08-13 22:00:00,5450.60343,0.1228,0.50631,0.63973,0.0
2030-08-13 23:00:00,5219.56024,0.14279,0.50631,0.60474,0.0
2030-08-14 00:00:00,4995.35437,0.13118,0.50704,0.58779,0.0
2030-08-14 01:00:00,4858.36892,0.07513,0.50704,0.60429,0.0
2030-08-14 02:00:00,4767.0453,0.08696,0.50704,0.5883,0.0
2030-08-14 03:00:00,4721.38348,0.08034,0.50704,0.58719,0.0
2030-08-14 04:00:00,4721.38348,0.12715,0.50704,0.56151,0.0
2030-08-14 05:00:00,4812.70711,0.16543,0.50704,0.55,0.0
2030-08-14 06:00:00,5086.678,0.15682,0.50704,0.58322,0.03403
2030-08-14 07:00:00,5497.63432,0.19068,0.50704,0.60739,0.05465
2030-08-14 08:00:00,5817.26702,0.17203,0.50704,0.65086,0.07265
2030-08-14 09:00:00,5908.59065,0.12318,0.50704,0.68715,0.10462
2030-08-14 10:00:00,5908.59065,0.1071,0.50704,0.69597,0.12269
2030-08-14 11:00:00,5862.92884,0.13166,0.50704,0.67775,0.16748
2030-08-14 12:00:00,5817.26702,0.06539,0.50704,0.70936,0.24175
2030-08-14 13:00:00,5771.60521,0.05139,0.50704,0.71229,0.34364
2030-08-14 14:00:00,5725.94339,0.04092,0.50704,0.71329,0.29459
2030-08-14 15:00:00,5771.60521,0.06794,0.50704,0.70321,0.30223
2030-08-14 16:00:00,5999.91428,0.0268,0.50704,0.74952,0.26969
2030-08-14 17:00:00,6273.88516,0.04042,0.63381,0.77054,0.1561
2030-08-14 18:00:00,6273.88516,0.03014,0.63381,0.77619,0.10305
2030-08-14 19:00:00,6091.23791,0.02332,0.63381,0.76093,0.03655
2030-08-14 20:00:00,5862.92884,0.02505,0.63381,0.73624,0.0002
2030-08-14 21:00:00,5634.61977,0.01107,0.50704,0.72016,0.0
2030-08-14 22:00:00,5406.31069,0.01135,0.50704,0.69627,0.0
2030-08-14 23:00:00,5178.00162,0.00618,0.50704,0.67536,0.0
2030-08-15 00:00:00,5060.26353,0.00645,0.5078,0.66296,0.0
2030-08-15 01:00:00,4920.57353,0.01155,0.5078,0.64564,0.0
2030-08-15 02:00:00,4827.44687,0.01881,0.5078,0.63197,0.0
2030-08-15 03:00:00,4780.88354,0.01472,0.5078,0.62937,0.0
2030-08-15 04:00:00,4780.88354,0.01273,0.5078,0.63047,0.0
2030-08-15 05:00:00,4874.0102,0.01599,0.5078,0.63836,0.0
2030-08-15 06:00:00,5153.39019,0.02634,0.5078,0.66174,0.03735
2030-08-15 07:00:00,5572.46016,0.02076,0.5078,0.70838,0.09866
2030-08-15 08:00:00,5898.40347,0.02416,0.5078,0.74042,0.13897
2030-08-15 09:00:00,5991.53013,0.02651,0.5078,0.74881,0.18924
2030-08-15 10:00:00,5991.53013,0.02395,0.5078,0.75022,0.24343
2030-08-15 11:00:00,5944.9668,0.05053,0.5078,0.73079,0.29817
2030-08-15 12:00:00,5898.40347,0.04872,0.5078,0.72694,0.32535
2030-08-15 13:00:00,5851.84014,0.0411,0.5078,0.72628,0.2649
2030-08-15 14:00:00,5805.27681,0.02121,0.5078,0.73235,0.26173
2030-08-15 15:00:00,5851.84014,0.01834,0.5078,0.73877,0.14274
2030-08-15 16:00:00,6084.65679,0.01826,0.5078,0.76302,0.13052
2030-08-15 17:00:00,6364.03677,0.03009,0.63475,0.78559,0.12194
2030-08-15 18:00:00,6364.03677,0.0169,0.63475,0.79282,0.08495
2030-08-15 19:00:00,6177.78345,0.01622,0.63475,0.77383,0.02979
2030-08-15 20:00:00,5944.9668,0.02516,0.63475,0.74471,0.0
2030-08-15 21:00:00,5712.15015,0.03864,0.5078,0.7131,0.0
2030-08-15 22:00:00,5479.3335,0.02629,0.5078,0.69567,0.0
2030-08-15 23:00:00,5246.51685,0.03863,0.5078,0.66468,0.0
2030-08-16 00:00:00,5259.93267,0.04633,0.50858,0.66185,0.0
2030-08-16 01:00:00,5111.92313,0.06031,0.50858,0.63879,0.0
2030-08-16 02:00:00,5013.25011,0.10768,0.50858,0.60254,0.0
2030-08-16 03:00:00,4963.91359,0.13659,0.50858,0.58155,0.0
2030-08-16 04:00:00,4963.91359,0.10798,0.50858,0.59724,0.0
2030-08-16 05:00:00,5062.58662,0.13687,0.50858,0.59166,0.0
2030-08-16 06:00:00,5358.6057,0.12704,0.50858,0.62784,0.02607
2030-08-16 07:00:00,5802.63431,0.16008,0.50858,0.65589,0.05973
2030-08-16 08:00:00,6147.9899,0.17069,0.50858,0.68599,0.10369
2030-08-16 09:00:00,6246.66293,0.2739,0.50858,0.63963,0.14026
2030-08-16 10:00:00,6246.66293,0.23672,0.50858,0.66002,0.12798
2030-08-16 11:00:00,6197.32641,0.24235,0.50858,0.65181,0.11907
2030-08-16 12:00:00,6147.9899,0.36568,0.50858,0.57902,0.09914
2030-08-16 13:00:00,6098.65339,0.38899,0.50858,0.5611,0.12578
2030-08-16 14:00:00,6049.31687,0.4445,0.50858,0.52551,0.18858
2030-08-16 15:00:00,6098.65339,0.48708,0.50858,0.50728,0.24782
2030-08-16 16:00:00,6345.33595,0.50407,0.50858,0.52362,0.19523
2030-08-16 17:00:00,6641.35503,0.46272,0.63573,0.57709,0.10581
2030-08-16 18:00:00,6641.35503,0.38104,0.63573,0.6219,0.07237
2030-08-16 19:00:00,6444.00898,0.35781,0.63573,0.61412,0.02925
2030-08-16 20:00:00,6197.32641,0.51238,0.63573,0.50367,0.0
2030-08-16 21:00:00,5950.64385,0.42396,0.50858,0.52652,0.0
2030-08-16 22:00:00,5703.96129,0.44168,0.50858,0.49114,0.0
2030-08-16 23:00:00,5457.27872,0.47896,0.50858,0.44504,0.0
2030-08-17 00:00:00,4856.70545,0.59612,0.50939,0.3183,0.0
2030-08-17 01:00:00,4725.49705,0.43544,0.50939,0.39281,0.0
2030-08-17 02:00:00,4638.02478,0.37817,0.50939,0.41513,0.0
2030-08-17 03:00:00,4594.28864,0.47091,0.50939,0.3597,0.0
2030-08-17 04:00:00,4594.28864,0.58071,0.50939,0.29946,0.0
2030-08-17 05:00:00,4681.76091,0.69768,0.50939,0.24439,0.0
2030-08-17 06:00:00,4944.17772,0.75451,0.50939,0.24051,0.02846
2030-08-17 07:00:00,5337.80294,0.78036,0.50939,0.26726,0.07707
2030-08-17 08:00:00,5643.95588,0.75845,0.50939,0.31112,0.15385
2030-08-17 09:00:00,5731.42815,0.82565,0.50939,0.28335,0.30107
2030-08-17 10:00:00,5731.42815,0.67231,0.50939,0.36747,0.36983
2030-08-17 11:00:00,5687.69201,0.74134,0.50939,0.32506,0.31463
2030-08-17 12:00:00,5643.95588,0.75484,0.50939,0.3131,0.29066
2030-08-17 13:00:00,5600.21974,0.78639,0.50939,0.29124,0.2749
2030-08-17 14:00:00,5556.48361,0.83279,0.50939,0.26124,0.28196
2030-08-17 15:00:00,5600.21974,0.85792,0.50939,0.25201,0.32311
2030-08-17 16:00:00,5818.90042,0.87266,0.50939,0.26666,0.30542
2030-08-17 17:00:00,6081.31723,0.86802,0.63674,0.2965,0.1336
2030-08-17 18:00:00,6081.31723,0.83646,0.63674,0.31381,0.06321
2030-08-17 19:00:00,5906.37269,0.828,0.63674,0.30026,0.02463
2030-08-17 20:00:00,5687.69201,0.83693,0.63674,0.27262,0.0
2030-08-17 21:00:00,5469.01134,0.78051,0.50939,0.28082,0.0
2030-08-17 22:00:00,5250.33067,0.74573,0.50939,0.27716,0.0
2030-08-17 23:00:00,5031.64999,0.57926,0.50939,0.34575,0.0
2030-08-18 00:00:00,4891.20676,0.56106,0.51022,0.34113,0.0
2030-08-18 01:00:00,4758.5608,0.45865,0.51022,0.38351,0.0
2030-08-18 02:00:00,4670.13016,0.5634,0.51022,0.31685,0.0
2030-08-18 03:00:00,4625.91484,0.53391,0.51022,0.32843,0.0
2030-08-18 04:00:00,4625.91484,0.42263,0.51022,0.38948,0.0
2030-08-18 05:00:00,4714.34548,0.33718,0.51022,0.44555,0.0
2030-08-18 06:00:00,4979.6374,0.33887,0.51022,0.47222,0.03039
2030-08-18 07:00:00,5377.57527,0.2719,0.51022,0.55034,0.10434
2030-08-18 08:00:00,5687.08251,0.40719,0.51022,0.50831,0.17893
2030-08-18 09:00:00,5775.51315,0.46825,0.51022,0.48401,0.29485
2030-08-18 10:00:00,5775.51315,0.39074,0.51022,0.52653,0.36012
2030-08-18 11:00:00,5731.29783,0.42377,0.51022,0.50381,0.29216
2030-08-18 12:00:00,5687.08251,0.42794,0.51022,0.49693,0.30657
2030-08-18 13:00:00,5642.86719,0.61454,0.51022,0.38996,0.17488
2030-08-18 14:00:00,5598.65187,0.66532,0.51022,0.3575,0.31256
2030-08-18 15:00:00,5642.86719,0.68765,0.51022,0.34985,0.27237
2030-08-18 16:00:00,5863.94379,0.77865,0.51022,0.32292,0.22056
2030-08-18 17:00:00,6129.23571,0.77031,0.63777,0.35509,0.18831
2030-08-18 18:00:00,6129.23571,0.69603,0.63777,0.39583,0.12157
2030-08-18 19:00:00,5952.37443,0.67738,0.63777,0.38767,0.03519
2030-08-18 20:00:00,5731.29783,0.64664,0.63777,0.38155,0.0
2030-08-18 21:00:00,5510.22123,0.59657,0.51022,0.38602,0.0
2030-08-18 22:00:00,5289.14463,0.61172,0.51022,0.35472,0.0
2030-08-18 23:00:00,5068.06804,0.68698,0.51022,0.29044,0.0
2030-08-19 00:00:00,5371.7173,0.68686,0.51107,0.32208,0.0
2030-08-19 01:00:00,5219.05007,0.66874,0.51107,0.31615,0.0
2030-08-19 02:00:00,5117.27191,0.61351,0.51107,0.33586,0.0
2030-08-19 03:00:00,5066.38284,0.53474,0.51107,0.37378,0.0
2030-08-19 04:00:00,5066.38284,0.57314,0.51107,0.35272,0.0
2030-08-19 05:00:00,5168.16099,0.55848,0.51107,0.37134,0.0
2030-08-19 06:00:00,5473.49545,0.54609,0.51107,0.4099,0.03003
2030-08-19 07:00:00,5931.49715,0.49834,0.51107,0.48372,0.11582
2030-08-19 08:00:00,6287.72069,0.52966,0.51107,0.50359,0.21938
2030-08-19 09:00:00,6389.49884,0.48313,0.51107,0.5397,0.39864
2030-08-19 10:00:00,6389.49884,0.41463,0.51107,0.57728,0.53228
2030-08-19 11:00:00,6338.60977,0.37475,0.51107,0.59386,0.6499
2030-08-19 12:00:00,6287.72069,0.41889,0.51107,0.56435,0.66489
2030-08-19 13:00:00,6236.83161,0.36269,0.51107,0.58989,0.65591
2030-08-19 14:00:00,6185.94253,0.38797,0.51107,0.57074,0.62313
2030-08-19 15:00:00,6236.83161,0.44508,0.51107,0.5447,0.56003
2030-08-19 16:00:00,6491.277,0.4405,0.51107,0.57367,0.39178
2030-08-19 17:00:00,6796.61146,0.36629,0.63884,0.64614,0.23692
2030-08-19 18:00:00,6796.61146,0.48514,0.63884,0.58093,0.14326
2030-08-19 19:00:00,6593.05515,0.48534,0.63884,0.55966,0.03573
2030-08-19 20:00:00,6338.60977,0.40603,0.63884,0.5767,0.0
2030-08-19 21:00:00,6084.16438,0.49363,0.51107,0.50218,0.0
2030-08-19 22:00:00,5829.71899,0.43848,0.51107,0.50598,0.0
2030-08-19 23:00:00,5575.27361,0.39533,0.51107,0.50319,0.0
2030-08-20 00:00:00,5401.15517,0.31268,0.51195,0.53042,0.0
2030-08-20 01:00:00,5247.26136,0.33305,0.51195,0.50324,0.0
2030-08-20 02:00:00,5144.66549,0.36321,0.51195,0.47603,0.0
2030-08-20 03:00:00,5093.36755,0.34878,0.51195,0.47861,0.0
2030-08-20 04:00:00,5093.36755,0.33328,0.51195,0.48711,0.0
2030-08-20 05:00:00,5195.96342,0.2887,0.51195,0.52224,0.0
2030-08-20 06:00:00,5503.75104,0.26905,0.51195,0.56503,0.03174
2030-08-20 07:00:00,5965.43247,0.25025,0.51195,0.62335,0.13166
2030-08-20 08:00:00,6324.51802,0.19142,0.51195,0.69297,0.23231
2030-08-20 09:00:00,6427.11389,0.29046,0.51195,0.64931,0.37805
2030-08-20 10:00:00,6427.11389,0.33781,0.51195,0.62334,0.49235
2030-08-20 11:00:00,6375.81596,0.43951,0.51195,0.56221,0.61379
2030-08-20 12:00:00,6324.51802,0.4782,0.51195,0.53564,0.6029
2030-08-20 13:00:00,6273.22009,0.4426,0.51195,0.54984,0.5323
2030-08-20 14:00:00,6221.92215,0.37633,0.51195,0.58086,0.48594
2030-08-20 15:00:00,6273.22009,0.29203,0.51195,0.63244,0.42078
2030-08-20 16:00:00,6529.70977,0.23247,0.51195,0.69179,0.28562
2030-08-20 17:00:00,6837.49739,0.23056,0.63993,0.72485,0.1809
2030-08-20 18:00:00,6837.49739,0.11263,0.63993,0.78955,0.11718
2030-08-20 19:00:00,6632.30564,0.09125,0.63993,0.77993,0.02515
2030-08-20 20:00:00,6375.81596,0.09725,0.63993,0.74997,0.0
2030-08-20 21:00:00,6119.32628,0.10346,0.51195,0.71989,0.0
2030-08-20 22:00:00,5862.83659,0.08522,0.51195,0.70322,0.0
2030-08-20 23:00:00,5606.34691,0.06738,0.51195,0.68633,0.0
2030-08-21 00:00:00,5331.73966,0.04762,0.51285,0.66861,0.0
2030-08-21 01:00:00,5180.73816,0.0954,0.51285,0.6267,0.0
2030-08-21 02:00:00,5080.0705,0.11636,0.51285,0.60473,0.0
2030-08-21 03:00:00,5029.73667,0.122,0.51285,0.5964,0.0
2030-08-21 04:00:00,5029.73667,0.16654,0.51285,0.57197,0.0
2030-08-21 05:00:00,5130.40433,0.15985,0.51285,0.58611,0.0
2030-08-21 06:00:00,5432.40732,0.12186,0.51285,0.63835,0.02855
2030-08-21 07:00:00,5885.41181,0.11801,0.51285,0.68758,0.10794
2030-08-21 08:00:00,6237.74864,0.10806,0.51285,0.72968,0.17106
2030-08-21 09:00:00,6338.4163,0.10416,0.51285,0.74229,0.24567
2030-08-21 10:00:00,6338.4163,0.06552,0.51285,0.76349,0.24128
2030-08-21 11:00:00,6288.08247,0.09113,0.51285,0.7442,0.19767
2030-08-21 12:00:00,6237.74864,0.07127,0.51285,0.74986,0.211
2030-08-21 13:00:00,6187.4148,0.04168,0.51285,0.76086,0.12687
2030-08-21 14:00:00,6137.08097,0.04115,0.51285,0.75592,0.17058
2030-08-21 15:00:00,6187.4148,0.02816,0.51285,0.76828,0.20042
2030-08-21 16:00:00,6439.08396,0.02826,0.51285,0.7944,0.18339
2030-08-21 17:00:00,6741.08696,0.02511,0.64106,0.82753,0.10513
2030-08-21 18:00:00,6741.08696,0.02718,0.64106,0.8264,0.0494
2030-08-21 19:00:00,6539.75163,0.04077,0.64106,0.798,0.02732
2030-08-21 20:00:00,6288.08247,0.0213,0.64106,0.78251,0.0
2030-08-21 21:00:00,6036.41331,0.02921,0.51285,0.752,0.0
2030-08-21 22:00:00,5784.74415,0.03372,0.51285,0.72335,0.0
2030-08-21 23:00:00,5533.07499,0.04416,0.51285,0.69145,0.0
2030-08-22 00:00:00,5284.32527,0.04467,0.51377,0.6653,0.0
2030-08-22 01:00:00,5135.29937,0.02742,0.51377,0.65926,0.0
2030-08-22 02:00:00,5035.94877,0.03015,0.51377,0.64744,0.0
2030-08-22 03:00:00,4986.27348,0.04543,0.51377,0.63388,0.0
2030-08-22 04:00:00,4986.27348,0.11543,0.51377,0.59548,0.0
2030-08-22 05:00:00,5085.62407,0.08933,0.51377,0.62014,0.0
2030-08-22 06:00:00,5383.67587,0.0569,0.51377,0.66892,0.02889
2030-08-22 07:00:00,5830.75356,0.1069,0.51377,0.68799,0.11153
2030-08-22 08:00:00,6178.48065,0.08972,0.51377,0.73358,0.13681
2030-08-22 09:00:00,6277.83125,0.07117,0.51377,0.75409,0.19309
2030-08-22 10:00:00,6277.83125,0.06551,0.51377,0.75719,0.18688
2030-08-22 11:00:00,6228.15595,0.04076,0.51377,0.76561,0.22987
2030-08-22 12:00:00,6178.48065,0.07076,0.51377,0.74398,0.23784
2030-08-22 13:00:00,6128.80535,0.07138,0.51377,0.73847,0.29743
2030-08-22 14:00:00,6079.13005,0.06813,0.51377,0.73509,0.26213
2030-08-22 15:00:00,6128.80535,0.01952,0.51377,0.76692,0.15174
2030-08-22 16:00:00,6377.18184,0.01599,0.51377,0.79469,0.08776
2030-08-22 17:00:00,6675.23364,0.0179,0.64221,0.82464,0.05373
2030-08-22 18:00:00,6675.23364,0.01434,0.64221,0.82659,0.0428
2030-08-22 19:00:00,6476.53244,0.01129,0.64221,0.8076,0.02343
2030-08-22 20:00:00,6228.15595,0.01218,0.64221,0.78129,0.0
2030-08-22 21:00:00,5979.77945,0.01089,0.51377,0.75616,0.0
2030-08-22 22:00:00,5731.40296,0.00629,0.51377,0.73285,0.0
2030-08-22 23:00:00,5483.02646,0.01049,0.51377,0.70471,0.0
2030-08-23 00:00:00,5331.9776,0.0088,0.51471,0.68994,0.0
2030-08-23 01:00:00,5180.96618,0.00398,0.51471,0.67688,0.0
2030-08-23 02:00:00,5080.29191,0.00827,0.51471,0.66405,0.0
2030-08-23 03:00:00,5029.95477,0.01086,0.51471,0.65739,0.0
2030-08-23 04:00:00,5029.95477,0.00963,0.51471,0.65807,0.0
2030-08-23 05:00:00,5130.62905,0.00708,0.51471,0.66994,0.0
2030-08-23 06:00:00,5432.65187,0.00759,0.51471,0.70107,0.01942
2030-08-23 07:00:00,5885.6861,0.01278,0.51471,0.74534,0.0506
2030-08-23 08:00:00,6238.04606,0.01519,0.51471,0.78066,0.11024
2030-08-23 09:00:00,6338.72033,0.01711,0.51471,0.79007,0.16462
2030-08-23 10:00:00,6338.72033,0.01969,0.51471,0.78866,0.27858
2030-08-23 11:00:00,6288.38319,0.02677,0.51471,0.77954,0.33196
2030-08-23 12:00:00,6238.04606,0.02412,0.51471,0.77576,0.30804
2030-08-23 13:00:00,6187.70892,0.0188,0.51471,0.77344,0.22819
2030-08-23 14:00:00,6137.37178,0.0238,0.51471,0.76547,0.27495
2030-08-23 15:00:00,6187.70892,0.04152,0.51471,0.76098,0.29638
2030-08-23 16:00:00,6439.3946,0.03945,0.51471,0.78829,0.21791
2030-08-23 17:00:00,6741.41743,0.05344,0.64339,0.81203,0.17154
2030-08-23 18:00:00,6741.41743,0.06363,0.64339,0.80644,0.08128
2030-08-23 19:00:00,6540.06888,0.05379,0.64339,0.79089,0.02334
2030-08-23 20:00:00,6288.38319,0.06231,0.64339,0.76005,0.0
2030-08-23 21:00:00,6036.69751,0.06047,0.51471,0.73488,0.0
2030-08-23 22:00:00,5785.01183,0.04813,0.51471,0.71547,0.0
2030-08-23 23:00:00,5533.32614,0.0894,0.51471,0.66666,0.0
2030-08-24 00:00:00,4845.62014,0.08365,0.51567,0.59829,0.0
2030-08-24 01:00:00,4714.87362,0.05802,0.51567,0.59875,0.0
2030-08-24 02:00:00,4627.70928,0.059,0.51567,0.58916,0.0
2030-08-24 03:00:00,4584.12711,0.06028,0.51567,0.58392,0.0
2030-08-24 04:00:00,4584.12711,0.08328,0.51567,0.5713,0.0
2030-08-24 05:00:00,4671.29145,0.04838,0.51567,0.59951,0.0
2030-08-24 06:00:00,4932.78449,0.05672,0.51567,0.62213,0.02352
2030-08-24 07:00:00,5325.02403,0.08991,0.51567,0.64472,0.0925
2030-08-24 08:00:00,5630.09924,0.05801,0.51567,0.69394,0.15206
2030-08-24 09:00:00,5717.26358,0.04332,0.51567,0.71107,0.25575
2030-08-24 10:00:00,5717.26358,0.07165,0.51567,0.69553,0.2902
2030-08-24 11:00:00,5673.68141,0.08687,0.51567,0.68264,0.38637
2030-08-24 12:00:00,5630.09924,0.0483,0.51567,0.69927,0.42013
2030-08-24 13:00:00,5586.51707,0.04275,0.51567,0.69778,0.43839
2030-08-24 14:00:00,5542.93489,0.08917,0.51567,0.66778,0.45287
2030-08-24 15:00:00,5586.51707,0.09199,0.51567,0.67077,0.3952
2030-08-24 16:00:00,5804.42793,0.05612,0.51567,0.71311,0.30402
2030-08-24 17:00:00,6065.92096,0.05459,0.64459,0.74114,0.20873
2030-08-24 18:00:00,6065.92096,0.0473,0.64459,0.74514,0.10811
2030-08-24 19:00:00,5891.59227,0.03162,0.64459,0.73561,0.02509
2030-08-24 20:00:00,5673.68141,0.0447,0.64459,0.70578,0.0
2030-08-24 21:00:00,5455.77055,0.05708,0.51567,0.67632,0.0
2030-08-24 22:00:00,5237.85969,0.05943,0.51567,0.65237,0.0
2030-08-24 23:00:00,5019.94883,0.05097,0.51567,0.63435,0.0
2030-08-25 00:00:00,4881.19714,0.08284,0.51666,0.60243,0.0
2030-08-25 01:00:00,4748.96825,0.09075,0.51666,0.58434,0.0
2030-08-25 02:00:00,4660.81566,0.13941,0.51666,0.54848,0.0
2030-08-25 03:00:00,4616.73936,0.14368,0.51666,0.54156,0.0
2030-08-25 04:00:00,4616.73936,0.12729,0.51666,0.55055,0.0
2030-08-25 05:00:00,4704.89196,0.17206,0.51666,0.53516,0.0
2030-08-25 06:00:00,4969.34974,0.15724,0.51666,0.57079,0.02377
2030-08-25 07:00:00,5366.03641,0.11204,0.51666,0.63684,0.08774
2030-08-25 08:00:00,5674.57049,0.12149,0.51666,0.66374,0.19063
2030-08-25 09:00:00,5762.72309,0.24693,0.51666,0.60409,0.35942
2030-08-25 10:00:00,5762.72309,0.15306,0.51666,0.65559,0.51954
2030-08-25 11:00:00,5718.64679,0.20054,0.51666,0.62496,0.39275
2030-08-25 12:00:00,5674.57049,0.16259,0.51666,0.6412,0.21367
2030-08-25 13:00:00,5630.4942,0.1071,0.51666,0.66705,0.32331
2030-08-25 14:00:00,5586.4179,0.1194,0.51666,0.65572,0.30181
2030-08-25 15:00:00,5630.4942,0.13252,0.51666,0.65311,0.29518
2030-08-25 16:00:00,5850.87568,0.08075,0.51666,0.70443,0.2215
2030-08-25 17:00:00,6115.33347,0.0688,0.64583,0.73849,0.13521
2030-08-25 18:00:00,6115.33347,0.05988,0.64583,0.74338,0.06543
2030-08-25 19:00:00,5939.02828,0.0616,0.64583,0.7241,0.02074
2030-08-25 20:00:00,5718.64679,0.10005,0.64583,0.68009,0.0
2030-08-25 21:00:00,5498.26531,0.09237,0.51666,0.66138,0.0
2030-08-25 22:00:00,5277.88382,0.09809,0.51666,0.63532,0.0
2030-08-25 23:00:00,5057.50233,0.1201,0.51666,0.60033,0.0
2030-08-26 00:00:00,5316.59901,0.12598,0.51767,0.62405,0.0
2030-08-26 01:00:00,5166.22837,0.09498,0.51767,0.62542,0.0
2030-08-26 02:00:00,5065.98128,0.12698,0.51767,0.59744,0.0
2030-08-26 03:00:00,5015.85773,0.16394,0.51767,0.57195,0.0
2030-08-26 04:00:00,5015.85773,0.24641,0.51767,0.5267,0.0
2030-08-26 05:00:00,5116.10482,0.24642,0.51767,0.53712,0.0
2030-08-26 06:00:00,5416.8461,0.28829,0.51767,0.54543,0.02019
2030-08-26 07:00:00,5867.958,0.36209,0.51767,0.55186,0.07208
2030-08-26 08:00:00,6218.82282,0.34487,0.51767,0.5978,0.14611
2030-08-26 09:00:00,6319.06991,0.33932,0.51767,0.61127,0.2558
2030-08-26 10:00:00,6319.06991,0.28475,0.51767,0.6412,0.22075
2030-08-26 11:00:00,6268.94637,0.24601,0.51767,0.65724,0.31876
2030-08-26 12:00:00,6218.82282,0.2849,0.51767,0.63069,0.3122
2030-08-26 13:00:00,6168.69928,0.22848,0.51767,0.65643,0.29929
2030-08-26 14:00:00,6118.57573,0.21971,0.51767,0.65603,0.26676
2030-08-26 15:00:00,6168.69928,0.24244,0.51767,0.64878,0.17972
2030-08-26 16:00:00,6419.317,0.22744,0.51767,0.68307,0.12143
2030-08-26 17:00:00,6720.05827,0.16089,0.64709,0.75086,0.09871
2030-08-26 18:00:00,6720.05827,0.14088,0.64709,0.76183,0.08104
2030-08-26 19:00:00,6519.56409,0.14368,0.64709,0.73945,0.01843
2030-08-26 20:00:00,6268.94637,0.16953,0.64709,0.6992,0.0
2030-08-26 21:00:00,6018.32864,0.12768,0.51767,0.6961,0.0
2030-08-26 22:00:00,5767.71091,0.13199,0.51767,0.66767,0.0
2030-08-26 23:00:00,5517.09319,0.07546,0.51767,0.67262,0.0
2030-08-27 00:00:00,5220.97605,0.06829,0.5187,0.64575,0.0
2030-08-27 01:00:00,5074.58971,0.1262,0.5187,0.59876,0.0
2030-08-27 02:00:00,4976.99881,0.12564,0.5187,0.58892,0.0
2030-08-27 03:00:00,4928.20336,0.09558,0.5187,0.60034,0.0
2030-08-27 04:00:00,4928.20336,0.11319,0.5187,0.59067,0.0
2030-08-27 05:00:00,5025.79426,0.1585,0.5187,0.57597,0.0
2030-08-27 06:00:00,5318.56695,0.10207,0.5187,0.63737,0.02094
2030-08-27 07:00:00,5757.72599,0.12694,0.5187,0.6694,0.08602
2030-08-27 08:00:00,6099.29413,0.14968,0.5187,0.69245,0.15348
2030-08-27 09:00:00,6196.88503,0.1857,0.5187,0.68284,0.24445
2030-08-27 10:00:00,6196.88503,0.16619,0.5187,0.69354,0.23669
2030-08-27 11:00:00,6148.08958,0.17653,0.5187,0.68279,0.24304
2030-08-27 12:00:00,6099.29413,0.19207,0.5187,0.66919,0.25128
2030-08-27 13:00:00,6050.49868,0.24528,0.5187,0.63493,0.22659
2030-08-27 14:00:00,6001.70323,0.28967,0.5187,0.6055,0.21745
2030-08-27 15:00:00,6050.49868,0.30585,0.5187,0.6017,0.2521
2030-08-27 16:00:00,6294.47592,0.3975,0.5187,0.57679,0.19706
2030-08-27 17:00:00,6587.24862,0.32785,0.64837,0.64545,0.09897
2030-08-27 18:00:00,6587.24862,0.26755,0.64837,0.67853,0.06052
2030-08-27 19:00:00,6392.06682,0.37338,0.64837,0.60017,0.01923
2030-08-27 20:00:00,6148.08958,0.37632,0.64837,0.57319,0.0
2030-08-27 21:00:00,5904.11233,0.35657,0.5187,0.55865,0.0
2030-08-27 22:00:00,5660.13509,0.32816,0.5187,0.54886,0.0
2030-08-27 23:00:00,5416.15785,0.33522,0.5187,0.51962,0.0
2030-08-28 00:00:00,5267.36994,0.37026,0.51975,0.48492,0.0
2030-08-28 01:00:00,5119.05051,0.29221,0.51975,0.51231,0.0
2030-08-28 02:00:00,5020.1709,0.27054,0.51975,0.51392,0.0
2030-08-28 03:00:00,4970.73109,0.19868,0.51975,0.5482,0.0
2030-08-28 04:00:00,4970.73109,0.18348,0.51975,0.55654,0.0
2030-08-28 05:00:00,5069.61071,0.1644,0.51975,0.57729,0.0
2030-08-28 06:00:00,5366.24955,0.22011,0.51975,0.57758,0.01998
2030-08-28 07:00:00,5811.20783,0.28054,0.51975,0.5907,0.08703
2030-08-28 08:00:00,6157.28649,0.39696,0.51975,0.56282,0.15062
2030-08-28 09:00:00,6256.1661,0.50831,0.51975,0.51202,0.27958
2030-08-28 10:00:00,6256.1661,0.56443,0.51975,0.48123,0.39923
2030-08-28 11:00:00,6206.72629,0.47111,0.51975,0.52729,0.49455
2030-08-28 12:00:00,6157.28649,0.5205,0.51975,0.49505,0.54843
2030-08-28 13:00:00,6107.84668,0.5989,0.51975,0.44689,0.58854
2030-08-28 14:00:00,6058.40687,0.49515,0.51975,0.49867,0.43235
2030-08-28 15:00:00,6107.84668,0.43513,0.51975,0.53674,0.41145
2030-08-28 16:00:00,6355.04572,0.43966,0.51975,0.55996,0.27144
2030-08-28 17:00:00,6651.68457,0.36696,0.64968,0.63069,0.17711
2030-08-28 18:00:00,6651.68457,0.35213,0.64968,0.63883,0.08485
2030-08-28 19:00:00,6453.92534,0.32856,0.64968,0.6312,0.02071
2030-08-28 20:00:00,6206.72629,0.36779,0.64968,0.58396,0.0
2030-08-28 21:00:00,5959.52725,0.31902,0.51975,0.58501,0.0
2030-08-28 22:00:00,5712.32821,0.29237,0.51975,0.57392,0.0
2030-08-28 23:00:00,5465.12917,0.30794,0.51975,0.53967,0.0
2030-08-29 00:00:00,5254.26731,0.35556,0.52082,0.49162,0.0
2030-08-29 01:00:00,5106.49382,0.46348,0.52082,0.41705,0.0
2030-08-29 02:00:00,5007.97817,0.47815,0.52082,0.39875,0.0
2030-08-29 03:00:00,4958.72034,0.41856,0.52082,0.42632,0.0
2030-08-29 04:00:00,4958.72034,0.55103,0.52082,0.35365,0.0
2030-08-29 05:00:00,5057.236,0.70022,0.52082,0.28205,0.0
2030-08-29 06:00:00,5352.78296,0.60914,0.52082,0.36275,0.0187
2030-08-29 07:00:00,5796.10341,0.64204,0.52082,0.39081,0.06003
2030-08-29 08:00:00,6140.9082,0.58353,0.52082,0.45876,0.09384
2030-08-29 09:00:00,6239.42385,0.67398,0.52082,0.41939,0.18467
2030-08-29 10:00:00,6239.42385,0.72162,0.52082,0.39325,0.25897
2030-08-29 11:00:00,6190.16602,0.73855,0.52082,0.37884,0.23934
2030-08-29 12:00:00,6140.9082,0.7975,0.52082,0.34138,0.25715
2030-08-29 13:00:00,6091.65037,0.80086,0.52082,0.33441,0.18888
2030-08-29 14:00:00,6042.39254,0.8051,0.52082,0.32697,0.16668
2030-08-29 15:00:00,6091.65037,0.75182,0.52082,0.36132,0.16985
2030-08-29 16:00:00,6337.9395,0.68883,0.52082,0.42149,0.16101
2030-08-29 17:00:00,6633.48647,0.66033,0.65102,0.46786,0.13251
2030-08-29 18:00:00,6633.48647,0.70342,0.65102,0.44422,0.04563
2030-08-29 19:00:00,6436.45516,0.7367,0.65102,0.40547,0.01379
2030-08-29 20:00:00,6190.16602,0.64591,0.65102,0.42967,0.0
2030-08-29 21:00:00,5943.87689,0.64229,0.52082,0.40604,0.0
2030-08-29 22:00:00,5697.58775,0.65689,0.52082,0.37242,0.0
2030-08-29 23:00:00,5451.29862,0.743,0.52082,0.29956,0.0
2030-08-30 00:00:00,5347.03485,0.78616,0.52191,0.26504,0.0
2030-08-30 01:00:00,5195.39606,0.78649,0.52191,0.24909,0.0
2030-08-30 02:00:00,5094.30353,0.74068,0.52191,0.2637,0.0
2030-08-30 03:00:00,5043.75726,0.68795,0.52191,0.28738,0.0
2030-08-30 04:00:00,5043.75726,0.61073,0.52191,0.32974,0.0
2030-08-30 05:00:00,5144.84979,0.55937,0.52191,0.36843,0.0
2030-08-30 06:00:00,5448.12738,0.46612,0.52191,0.45113,0.01886
2030-08-30 07:00:00,5903.04377,0.54146,0.52191,0.45711,0.06482
2030-08-30 08:00:00,6256.86763,0.46507,0.52191,0.53581,0.11206
2030-08-30 09:00:00,6357.96016,0.43497,0.52191,0.56284,0.18005
2030-08-30 10:00:00,6357.96016,0.43341,0.52191,0.5637,0.22321
2030-08-30 11:00:00,6307.4139,0.35358,0.52191,0.60223,0.19393
2030-08-30 12:00:00,6256.86763,0.23663,0.52191,0.66113,0.2278
2030-08-30 13:00:00,6206.32136,0.14072,0.52191,0.70849,0.21822
2030-08-30 14:00:00,6155.7751,0.11367,0.52191,0.71808,0.22769
2030-08-30 15:00:00,6206.32136,0.08629,0.52191,0.73835,0.20931
2030-08-30 16:00:00,6459.05269,0.09027,0.52191,0.76245,0.11381
2030-08-30 17:00:00,6762.33028,0.11817,0.65238,0.77869,0.09087
2030-08-30 18:00:00,6762.33028,0.09928,0.65238,0.78905,0.08125
2030-08-30 19:00:00,6560.14522,0.08101,0.65238,0.77805,0.01549
2030-08-30 20:00:00,6307.4139,0.10299,0.65238,0.73971,0.0
2030-08-30 21:00:00,6054.68257,0.07342,0.52191,0.72964,0.0
2030-08-30 22:00:00,5801.95124,0.13114,0.52191,0.6717,0.0
2030-08-30 23:00:00,5549.21992,0.12272,0.52191,0.65003,0.0
2030-08-31 00:00:00,4963.65897,0.19018,0.52302,0.55212,0.0
2030-08-31 01:00:00,4827.99417,0.21774,0.52302,0.5229,0.0
2030-08-31 02:00:00,4737.55097,0.17208,0.52302,0.53854,0.0
2030-08-31 03:00:00,4692.32937,0.20443,0.52302,0.51609,0.0
2030-08-31 04:00:00,4692.32937,0.14062,0.52302,0.5511,0.0
2030-08-31 05:00:00,4782.77257,0.10335,0.52302,0.58095,0.0
2030-08-31 06:00:00,5054.10217,0.14132,0.52302,0.58834,0.01554
2030-08-31 07:00:00,5461.09657,0.08646,0.52302,0.66076,0.08935
2030-08-31 08:00:00,5777.64778,0.05839,0.52302,0.70908,0.11797
2030-08-31 09:00:00,5868.09098,0.03364,0.52302,0.73206,0.21196
2030-08-31 10:00:00,5868.09098,0.04556,0.52302,0.72552,0.23776
2030-08-31 11:00:00,5822.86938,0.04886,0.52302,0.71901,0.19356
2030-08-31 12:00:00,5777.64778,0.04646,0.52302,0.71562,0.2078
2030-08-31 13:00:00,5732.42618,0.06273,0.52302,0.702,0.16299
2030-08-31 14:00:00,5687.20458,0.07001,0.52302,0.6933,0.19049
2030-08-31 15:00:00,5732.42618,0.0749,0.52302,0.69532,0.24809
2030-08-31 16:00:00,5958.53418,0.04472,0.52302,0.73539,0.21966
2030-08-31 17:00:00,6229.86378,0.06961,0.65377,0.74996,0.1578
2030-08-31 18:00:00,6229.86378,0.0379,0.65377,0.76735,0.09384
2030-08-31 19:00:00,6048.97738,0.03508,0.65377,0.75009,0.01468
2030-08-31 20:00:00,5822.86938,0.03255,0.65377,0.72796,0.0
2030-08-31 21:00:00,5596.76138,0.02434,0.52302,0.70895,0.0
2030-08-31 22:00:00,5370.65337,0.02476,0.52302,0.6852,0.0
2030-08-31 23:00:00,5144.54537,0.01868,0.52302,0.66502,0.0
2030-09-01 00:00:00,4923.2978,0.00987,0.52415,0.64685,0.0
2030-09-01 01:00:00,4789.31472,0.01416,0.52415,0.63056,0.0
2030-09-01 02:00:00,4699.99266,0.01262,0.52415,0.62211,0.0
2030-09-01 03:00:00,4655.33163,0.01238,0.52415,0.6176,0.0
2030-09-01 04:00:00,4655.33163,0.02768,0.52415,0.60921,0.0
2030-09-01 05:00:00,4744.65369,0.02383,0.52415,0.62061,0.0
2030-09-01 06:00:00,5012.61986,0.01431,0.52415,0.6537,0.00807
2030-09-01 07:00:00,5414.56912,0.01204,0.52415,0.69674,0.04475
2030-09-01 08:00:00,5727.19632,0.0243,0.52415,0.72254,0.06129
2030-09-01 09:00:00,5816.51837,0.04661,0.52415,0.71959,0.14542
2030-09-01 10:00:00,5816.51837,0.08928,0.52415,0.69618,0.29937
2030-09-01 11:00:00,5771.85734,0.1034,0.52415,0.68378,0.29931
2030-09-01 12:00:00,5727.19632,0.13265,0.52415,0.66309,0.34206
2030-09-01 13:00:00,5682.53529,0.09832,0.52415,0.67728,0.26167
2030-09-01 14:00:00,5637.87426,0.1115,0.52415,0.66541,0.2164
2030-09-01 15:00:00,5682.53529,0.14813,0.52415,0.64996,0.23379
2030-09-01 16:00:00,5905.84043,0.13711,0.52415,0.67922,0.23389
2030-09-01 17:00:00,6173.8066,0.14997,0.65518,0.70004,0.15614
2030-09-01 18:00:00,6173.8066,0.12104,0.65518,0.71591,0.06733
2030-09-01 19:00:00,5995.16249,0.16727,0.65518,0.67197,0.00888
2030-09-01 20:00:00,5771.85734,0.18082,0.65518,0.64131,0.0
2030-09-01 21:00:00,5548.5522,0.17942,0.52415,0.61886,0.0
2030-09-01 22:00:00,5325.24706,0.14942,0.52415,0.61209,0.0
2030-09-01 23:00:00,5101.94192,0.15101,0.52415,0.58799,0.0
2030-09-02 00:00:00,5395.06602,0.21752,0.52529,0.58199,0.0
2030-09-02 01:00:00,5241.42593,0.14209,0.52529,0.60739,0.0
2030-09-02 02:00:00,5138.9992,0.16275,0.52529,0.58541,0.0
2030-09-02 03:00:00,5087.78583,0.14711,0.52529,0.58866,0.0
2030-09-02 04:00:00,5087.78583,0.19966,0.52529,0.55983,0.0
2030-09-02 05:00:00,5190.21256,0.18242,0.52529,0.57994,0.0
2030-09-02 06:00:00,5497.49275,0.21657,0.52529,0.59317,0.00762
2030-09-02 07:00:00,5958.41304,0.41282,0.52529,0.53344,0.03673
2030-09-02 08:00:00,6316.90659,0.40148,0.52529,0.57694,0.08489
2030-09-02 09:00:00,6419.33332,0.34956,0.52529,0.61608,0.06487
2030-09-02 10:00:00,6419.33332,0.25728,0.52529,0.6667,0.08597
2030-09-02 11:00:00,6368.11996,0.1827,0.52529,0.70229,0.11139
2030-09-02 12:00:00,6316.90659,0.19021,0.52529,0.69284,0.10329
2030-09-02 13:00:00,6265.69323,0.15697,0.52529,0.70575,0.15966
2030-09-02 14:00:00,6214.47986,0.12788,0.52529,0.71639,0.21403
2030-09-02 15:00:00,6265.69323,0.13366,0.52529,0.71854,0.1947
2030-09-02 16:00:00,6521.76005,0.10101,0.52529,0.76309,0.1953
2030-09-02 17:00:00,6829.04024,0.1252,0.65662,0.78177,0.11888
2030-09-02 18:00:00,6829.04024,0.16116,0.65662,0.76204,0.04634
2030-09-02 19:00:00,6624.18678,0.1202,0.65662,0.76321,0.00843
2030-09-02 20:00:00,6368.11996,0.07805,0.65662,0.7597,0.0
2030-09-02 21:00:00,6112.05313,0.07566,0.52529,0.73438,0.0
2030-09-02 22:00:00,5855.98631,0.07301,0.52529,0.7092,0.0
2030-09-02 23:00:00,5599.91948,0.09393,0.52529,0.6711,0.0
2030-09-03 00:00:00,5295.05965,0.06092,0.52646,0.6575,0.0
2030-09-03 01:00:00,5145.58649,0.08766,0.52646,0.62729,0.0
2030-09-03 02:00:00,5045.93771,0.06396,0.52646,0.62993,0.0
2030-09-03 03:00:00,4996.11333,0.08055,0.52646,0.61564,0.0
2030-09-03 04:00:00,4996.11333,0.06766,0.52646,0.62272,0.0
2030-09-03 05:00:00,5095.7621,0.0278,0.52646,0.65495,0.0
2030-09-03 06:00:00,5394.70843,0.02091,0.52646,0.68981,0.01175
2030-09-03 07:00:00,5843.12792,0.02057,0.52646,0.73664,0.07197
2030-09-03 08:00:00,6191.89863,0.02871,0.52646,0.76844,0.09669
2030-09-03 09:00:00,6291.5474,0.02209,0.52646,0.78244,0.13374
2030-09-03 10:00:00,6291.5474,0.02552,0.52646,0.78056,0.22554
2030-09-03 11:00:00,6241.72302,0.0388,0.52646,0.76809,0.25316
2030-09-03 12:00:00,6191.89863,0.04852,0.52646,0.75757,0.18809
2030-09-03 13:00:00,6142.07424,0.02242,0.52646,0.76671,0.18544
2030-09-03 14:00:00,6092.24985,0.02299,0.52646,0.76122,0.16826
2030-09-03 15:00:00,6142.07424,0.01001,0.52646,0.77352,0.17806
2030-09-03 16:00:00,6391.19618,0.02037,0.52646,0.79374,0.15048
2030-09-03 17:00:00,6690.1425,0.04721,0.65808,0.81011,0.10917
2030-09-03 18:00:00,6690.1425,0.05726,0.65808,0.8046,0.04642
2030-09-03 19:00:00,6490.84495,0.10208,0.65808,0.75928,0.00589
2030-09-03 20:00:00,6241.72302,0.07777,0.65808,0.74671,0.0
2030-09-03 21:00:00,5992.60108,0.12607,0.52646,0.6943,0.0
2030-09-03 22:00:00,5743.47914,0.11968,0.52646,0.6719,0.0
2030-09-03 23:00:00,5494.3572,0.1368,0.52646,0.6366,0.0
2030-09-04 00:00:00,5330.5061,0.15001,0.52765,0.61232,0.0
2030-09-04 01:00:00,5179.556,0.22459,0.52765,0.5557,0.0
2030-09-04 02:00:00,5078.9226,0.17088,0.52765,0.5747,0.0
2030-09-04 03:00:00,5028.60591,0.25205,0.52765,0.52494,0.0
2030-09-04 04:00:00,5028.60591,0.25677,0.52765,0.52235,0.0
2030-09-04 05:00:00,5129.2393,0.30785,0.52765,0.50479,0.0
2030-09-04 06:00:00,5431.1395,0.45837,0.52765,0.45362,0.00981
2030-09-04 07:00:00,5883.98979,0.32883,0.52765,0.57177,0.10489
2030-09-04 08:00:00,6236.20669,0.44269,0.52765,0.54594,0.21828
2030-09-04 09:00:00,6336.84009,0.51202,0.52765,0.51837,0.31391
2030-09-04 10:00:00,6336.84009,0.46483,0.52765,0.54426,0.47077
2030-09-04 11:00:00,6286.52339,0.4517,0.52765,0.54623,0.33016
2030-09-04 12:00:00,6236.20669,0.43268,0.52765,0.55143,0.34911
2030-09-04 13:00:00,6185.88999,0.43322,0.52765,0.5459,0.2983
2030-09-04 14:00:00,6135.57329,0.35473,0.52765,0.58373,0.23281
2030-09-04 15:00:00,6185.88999,0.34728,0.52765,0.59305,0.23269
2030-09-04 16:00:00,6437.47349,0.36007,0.52765,0.6122,0.2155
2030-09-04 17:00:00,6739.37368,0.31259,0.65956,0.66964,0.12524
2030-09-04 18:00:00,6739.37368,0.43369,0.65956,0.60321,0.06671
2030-09-04 19:00:00,6538.10689,0.50606,0.65956,0.54257,0.00671
2030-09-04 20:00:00,6286.52339,0.62598,0.65956,0.45062,0.0
2030-09-04 21:00:00,6034.93989,0.50813,0.52765,0.48911,0.0
2030-09-04 22:00:00,5783.3564,0.57289,0.52765,0.42742,0.0
2030-09-04 23:00:00,5531.7729,0.45607,0.52765,0.46534,0.0
2030-09-05 00:00:00,5469.30822,0.3573,0.52885,0.51303,0.0
2030-09-05 01:00:00,5312.5747,0.35353,0.52885,0.4988,0.0
2030-09-05 02:00:00,5208.08569,0.2854,0.52885,0.52531,0.0
2030-09-05 03:00:00,5155.84118,0.22701,0.52885,0.55191,0.0
2030-09-05 04:00:00,5155.84118,0.15791,0.52885,0.58981,0.0
2030-09-05 05:00:00,5260.33019,0.14158,0.52885,0.60964,0.0
2030-09-05 06:00:00,5573.79723,0.1439,0.52885,0.64097,0.00736
2030-09-05 07:00:00,6043.99779,0.12175,0.52885,0.70202,0.06341
2030-09-05 08:00:00,6409.70934,0.18852,0.52885,0.70342,0.10289
2030-09-05 09:00:00,6514.19835,0.23144,0.52885,0.69074,0.19841
2030-09-05 10:00:00,6514.19835,0.21997,0.52885,0.69704,0.22325
2030-09-05 11:00:00,6461.95384,0.20518,0.52885,0.69972,0.23375
2030-09-05 12:00:00,6409.70934,0.23313,0.52885,0.67895,0.26285
2030-09-05 13:00:00,6357.46483,0.21316,0.52885,0.68447,0.22177
2030-09-05 14:00:00,6305.22032,0.2141,0.52885,0.67852,0.17915
2030-09-05 15:00:00,6357.46483,0.16055,0.52885,0.71333,0.23205
2030-09-05 16:00:00,6618.68736,0.20197,0.52885,0.71778,0.16831
2030-09-05 17:00:00,6932.1544,0.27346,0.66106,0.71116,0.11195
2030-09-05 18:00:00,6932.1544,0.21348,0.66106,0.74406,0.04088
2030-09-05 19:00:00,6723.17638,0.20619,0.66106,0.72633,0.0034
2030-09-05 20:00:00,6461.95384,0.16072,0.66106,0.72411,0.0
2030-09-05 21:00:00,6200.73131,0.15352,0.52885,0.70089,0.0
2030-09-05 22:00:00,5939.50878,0.16508,0.52885,0.66738,0.0
2030-09-05 23:00:00,5678.28625,0.12993,0.52885,0.6595,0.0
2030-09-06 00:00:00,5378.89301,0.10009,0.53007,0.64473,0.0
2030-09-06 01:00:00,5225.92679,0.09482,0.53007,0.63171,0.0
2030-09-06 02:00:00,5123.94931,0.11526,0.53007,0.60989,0.0
2030-09-06 03:00:00,5072.96057,0.11667,0.53007,0.60382,0.0
2030-09-06 04:00:00,5072.96057,0.09858,0.53007,0.61375,0.0
2030-09-06 05:00:00,5174.93805,0.11573,0.53007,0.61494,0.0
2030-09-06 06:00:00,5480.87048,0.09494,0.53007,0.65816,0.00701
2030-09-06 07:00:00,5939.76914,0.03131,0.53007,0.74079,0.03987
2030-09-06 08:00:00,6296.69032,0.04713,0.53007,0.76924,0.07716
2030-09-06 09:00:00,6398.6678,0.0696,0.53007,0.76752,0.13153
2030-09-06 10:00:00,6398.6678,0.05764,0.53007,0.77407,0.2702
2030-09-06 11:00:00,6347.67906,0.07933,0.53007,0.75687,0.27867
2030-09-06 12:00:00,6296.69032,0.11435,0.53007,0.73236,0.21917
2030-09-06 13:00:00,6245.70158,0.2052,0.53007,0.67722,0.23983
2030-09-06 14:00:00,6194.71284,0.15639,0.53007,0.69869,0.28472
2030-09-06 15:00:00,6245.70158,0.13265,0.53007,0.71702,0.30415
2030-09-06 16:00:00,6500.64528,0.10732,0.53007,0.75743,0.30232
2030-09-06 17:00:00,6806.57772,0.11007,0.66259,0.78774,0.21151
2030-09-06 18:00:00,6806.57772,0.11076,0.66259,0.78736,0.08708
2030-09-06 19:00:00,6602.62276,0.13127,0.66259,0.7549,0.0026
2030-09-06 20:00:00,6347.67906,0.09539,0.66259,0.74806,0.0
2030-09-06 21:00:00,6092.73536,0.08903,0.53007,0.72504,0.0
2030-09-06 22:00:00,5837.79166,0.11506,0.53007,0.68424,0.0
2030-09-06 23:00:00,5582.84796,0.09271,0.53007,0.66999,0.0
2030-09-07 00:00:00,4893.6999,0.19997,0.53131,0.53948,0.0
2030-09-07 01:00:00,4760.95006,0.23051,0.53131,0.50892,0.0
2030-09-07 02:00:00,4672.45017,0.31845,0.53131,0.45147,0.0
2030-09-07 03:00:00,4628.20022,0.2241,0.53131,0.49863,0.0
2030-09-07 04:00:00,4628.20022,0.24238,0.53131,0.4886,0.0
2030-09-07 05:00:00,4716.70011,0.19824,0.53131,0.52202,0.0
2030-09-07 06:00:00,4982.19979,0.16583,0.53131,0.56741,0.00562
2030-09-07 07:00:00,5380.44931,0.16482,0.53131,0.60938,0.08892
2030-09-07 08:00:00,5690.19894,0.12182,0.53131,0.66519,0.1676
2030-09-07 09:00:00,5778.69883,0.12783,0.53131,0.67109,0.17522
2030-09-07 10:00:00,5778.69883,0.13051,0.53131,0.66963,0.25516
2030-09-07 11:00:00,5734.44889,0.04749,0.53131,0.71057,0.28267
2030-09-07 12:00:00,5690.19894,0.06575,0.53131,0.69595,0.28405
2030-09-07 13:00:00,5645.94899,0.10225,0.53131,0.67132,0.23268
2030-09-07 14:00:00,5601.69905,0.07748,0.53131,0.68031,0.12423
2030-09-07 15:00:00,5645.94899,0.19619,0.53131,0.61979,0.15647
2030-09-07 16:00:00,5867.19873,0.22999,0.53131,0.62425,0.10573
2030-09-07 17:00:00,6132.69841,0.23259,0.66414,0.65044,0.07582
2030-09-07 18:00:00,6132.69841,0.18938,0.66414,0.67414,0.02886
2030-09-07 19:00:00,5955.69862,0.18181,0.66414,0.65989,0.00111
2030-09-07 20:00:00,5734.44889,0.15644,0.66414,0.6508,0.0
2030-09-07 21:00:00,5513.19915,0.12772,0.53131,0.64354,0.0
2030-09-07 22:00:00,5291.94942,0.0847,0.53131,0.64413,0.0
2030-09-07 23:00:00,5070.69969,0.12157,0.53131,0.6009,0.0
2030-09-08 00:00:00,4988.46388,0.15696,0.53256,0.57293,0.0
2030-09-08 01:00:00,4851.76554,0.18228,0.53256,0.54482,0.0
2030-09-08 02:00:00,4760.63332,0.16911,0.53256,0.54257,0.0
2030-09-08 03:00:00,4715.0672,0.2368,0.53256,0.5007,0.0
2030-09-08 04:00:00,4715.0672,0.19485,0.53256,0.52371,0.0
2030-09-08 05:00:00,4806.19943,0.16662,0.53256,0.54867,0.0
2030-09-08 06:00:00,5079.59611,0.1533,0.53256,0.58441,0.005
2030-09-08 07:00:00,5489.69112,0.25451,0.53256,0.57154,0.07469
2030-09-08 08:00:00,5808.65391,0.11533,0.53256,0.68107,0.12478
2030-09-08 09:00:00,5899.78614,0.08743,0.53256,0.70585,0.22604
2030-09-08 10:00:00,5899.78614,0.08824,0.53256,0.7054,0.25941
2030-09-08 11:00:00,5854.22003,0.11822,0.53256,0.68422,0.26112
2030-09-08 12:00:00,5808.65391,0.08702,0.53256,0.6966,0.18036
2030-09-08 13:00:00,5763.0878,0.15484,0.53256,0.65465,0.19275
2030-09-08 14:00:00,5717.52169,0.11364,0.53256,0.67252,0.20346
2030-09-08 15:00:00,5763.0878,0.09746,0.53256,0.68613,0.12892
2030-09-08 16:00:00,5990.91837,0.0765,0.53256,0.72133,0.1084
2030-09-08 17:00:00,6264.31504,0.1331,0.66571,0.71871,0.07811
2030-09-08 18:00:00,6264.31504,0.09255,0.66571,0.74095,0.03954
2030-09-08 19:00:00,6082.05059,0.06649,0.66571,0.73629,0.00061
2030-09-08 20:00:00,5854.22003,0.11584,0.66571,0.68553,0.0
2030-09-08 21:00:00,5626.38946,0.14339,0.53256,0.64672,0.0
2030-09-08 22:00:00,5398.5589,0.15532,0.53256,0.61648,0.0
2030-09-08 23:00:00,5170.72833,0.1716,0.53256,0.58385,0.0
2030-09-09 00:00:00,5315.62626,0.21449,0.53384,0.57539,0.0
2030-09-09 01:00:00,5165.29615,0.17451,0.53384,0.58169,0.0
2030-09-09 02:00:00,5065.07608,0.15062,0.53384,0.58438,0.0
2030-09-09 03:00:00,5014.96605,0.17479,0.53384,0.5659,0.0
2030-09-09 04:00:00,5014.96605,0.21829,0.53384,0.54204,0.0
2030-09-09 05:00:00,5115.18612,0.22867,0.53384,0.54677,0.0
2030-09-09 06:00:00,5415.84633,0.26404,0.53384,0.55863,0.00391
2030-09-09 07:00:00,5866.83664,0.24397,0.53384,0.61654,0.06307
2030-09-09 08:00:00,6217.60688,0.26108,0.53384,0.64364,0.1076
2030-09-09 09:00:00,6317.82695,0.24674,0.53384,0.66193,0.19151
2030-09-09 10:00:00,6317.82695,0.50387,0.53384,0.52087,0.24753
2030-09-09 11:00:00,6267.71692,0.45837,0.53384,0.54062,0.25998
2030-09-09 12:00:00,6217.60688,0.52533,0.53384,0.49867,0.39955
2030-09-09 13:00:00,6167.49685,0.59065,0.53384,0.45763,0.38859
2030-09-09 14:00:00,6117.38681,0.59167,0.53384,0.45185,0.46796
2030-09-09 15:00:00,6167.49685,0.46508,0.53384,0.52651,0.36117
2030-09-09 16:00:00,6418.04702,0.38812,0.53384,0.59479,0.25163
2030-09-09 17:00:00,6718.70723,0.33246,0.6673,0.65659,0.19901
2030-09-09 18:00:00,6718.70723,0.27631,0.6673,0.6874,0.09095
2030-09-09 19:00:00,6518.26709,0.20936,0.6673,0.70328,0.00033
2030-09-09 20:00:00,6267.71692,0.28168,0.6673,0.63755,0.0
2030-09-09 21:00:00,6017.16674,0.25165,0.53384,0.62797,0.0
2030-09-09 22:00:00,5766.61657,0.28567,0.53384,0.58324,0.0
2030-09-09 23:00:00,5516.0664,0.295,0.53384,0.55207,0.0
2030-09-10 00:00:00,5112.38668,0.33753,0.53513,0.48675,0.0
2030-09-10 01:00:00,4970.52489,0.3155,0.53513,0.48409,0.0
2030-09-10 02:00:00,4875.95036,0.2815,0.53513,0.49291,0.0
2030-09-10 03:00:00,4828.6631,0.29383,0.53513,0.48122,0.0
2030-09-10 04:00:00,4828.6631,0.24941,0.53513,0.50559,0.0
2030-09-10 05:00:00,4923.23763,0.24745,0.53513,0.5165,0.0
2030-09-10 06:00:00,5206.9612,0.17086,0.53513,0.58803,0.00301
2030-09-10 07:00:00,5632.54657,0.14609,0.53513,0.64588,0.06798
2030-09-10 08:00:00,5963.55741,0.1328,0.53513,0.68759,0.17596
2030-09-10 09:00:00,6058.13194,0.08273,0.53513,0.7249,0.19431
2030-09-10 10:00:00,6058.13194,0.07831,0.53513,0.72732,0.18495
2030-09-10 11:00:00,6010.84467,0.07558,0.53513,0.7239,0.25295
2030-09-10 12:00:00,5963.55741,0.06297,0.53513,0.7259,0.2386
2030-09-10 13:00:00,5916.27015,0.04356,0.53513,0.73163,0.26685
2030-09-10 14:00:00,5868.98288,0.04034,0.53513,0.72848,0.19325
2030-09-10 15:00:00,5916.27015,0.056,0.53513,0.7248,0.21287
2030-09-10 16:00:00,6152.70646,0.04188,0.53513,0.75714,0.13548
2030-09-10 17:00:00,6436.43004,0.04716,0.66891,0.78375,0.07122
2030-09-10 18:00:00,6436.43004,0.04107,0.66891,0.78709,0.0206
2030-09-10 19:00:00,6247.28099,0.04684,0.66891,0.76426,3e-05
2030-09-10 20:00:00,6010.84467,0.0324,0.66891,0.74759,0.0
2030-09-10 21:00:00,5774.40836,0.02899,0.53513,0.72487,0.0
2030-09-10 22:00:00,5537.97204,0.05209,0.53513,0.68761,0.0
2030-09-10 23:00:00,5301.53573,0.07044,0.53513,0.65295,0.0
2030-09-11 00:00:00,5289.28659,0.0422,0.53643,0.66717,0.0
2030-09-11 01:00:00,5140.05397,0.03752,0.53643,0.65422,0.0
2030-09-11 02:00:00,5040.56556,0.07195,0.53643,0.62498,0.0
2030-09-11 03:00:00,4990.82136,0.03719,0.53643,0.63888,0.0
2030-09-11 04:00:00,4990.82136,0.03475,0.53643,0.64022,0.0
2030-09-11 05:00:00,5090.30977,0.04387,0.53643,0.64556,0.0
2030-09-11 06:00:00,5388.77501,0.02369,0.53643,0.68767,0.00266
2030-09-11 07:00:00,5836.47286,0.03091,0.53643,0.73027,0.06422
2030-09-11 08:00:00,6184.68231,0.0355,0.53643,0.76397,0.13544
2030-09-11 09:00:00,6284.17072,0.04823,0.53643,0.76733,0.2802
2030-09-11 10:00:00,6284.17072,0.08559,0.53643,0.74684,0.29616
2030-09-11 11:00:00,6234.42651,0.09131,0.53643,0.73852,0.23577
2030-09-11 12:00:00,6184.68231,0.12531,0.53643,0.7147,0.29222
2030-09-11 13:00:00,6134.9381,0.12571,0.53643,0.70931,0.2484
2030-09-11 14:00:00,6085.19389,0.15343,0.53643,0.68893,0.18091
2030-09-11 15:00:00,6134.9381,0.11278,0.53643,0.7164,0.23255
2030-09-11 16:00:00,6383.65913,0.12876,0.53643,0.7335,0.20576
2030-09-11 17:00:00,6682.12437,0.21889,0.67054,0.71509,0.12884
2030-09-11 18:00:00,6682.12437,0.19166,0.67054,0.73003,0.05586
2030-09-11 19:00:00,6483.14754,0.16971,0.67054,0.72138,0.0
2030-09-11 20:00:00,6234.42651,0.2339,0.67054,0.6603,0.0
2030-09-11 21:00:00,5985.70548,0.28143,0.53643,0.60836,0.0
2030-09-11 22:00:00,5736.98445,0.2387,0.53643,0.60593,0.0
2030-09-11 23:00:00,5488.26342,0.23171,0.53643,0.5839,0.0
2030-09-12 00:00:00,5350.83211,0.25624,0.53775,0.55615,0.0
2030-09-12 01:00:00,5199.03509,0.22674,0.53775,0.55655,0.0
2030-09-12 02:00:00,5097.83708,0.19018,0.53775,0.56608,0.0
2030-09-12 03:00:00,5047.23808,0.28728,0.53775,0.50755,0.0
2030-09-12 04:00:00,5047.23808,0.23229,0.53775,0.53772,0.0
2030-09-12 05:00:00,5148.43609,0.11739,0.53775,0.61127,0.0
2030-09-12 06:00:00,5452.03012,0.1548,0.53775,0.62232,0.00104
2030-09-12 07:00:00,5907.42116,0.15638,0.53775,0.66882,0.06305
2030-09-12 08:00:00,6261.6142,0.19163,0.53775,0.68631,0.10257
2030-09-12 09:00:00,6362.81221,0.19048,0.53775,0.69747,0.11888
2030-09-12 10:00:00,6362.81221,0.11856,0.53775,0.73693,0.14201
2030-09-12 11:00:00,6312.2132,0.16519,0.53775,0.70608,0.18814
2030-09-12 12:00:00,6261.6142,0.09252,0.53775,0.74069,0.21643
2030-09-12 13:00:00,6211.01519,0.07631,0.53775,0.74432,0.38261
2030-09-12 14:00:00,6160.41619,0.02967,0.53775,0.76464,0.25822
2030-09-12 15:00:00,6211.01519,0.02837,0.53775,0.77062,0.27878
2030-09-12 16:00:00,6464.01022,0.01992,0.53775,0.80157,0.20259
2030-09-12 17:00:00,6767.60425,0.01559,0.67219,0.83551,0.12996
2030-09-12 18:00:00,6767.60425,0.03017,0.67219,0.82751,0.06606
2030-09-12 19:00:00,6565.20823,0.03649,0.67219,0.803,0.0
2030-09-12 20:00:00,6312.2132,0.04829,0.67219,0.77021,0.0
2030-09-12 21:00:00,6059.21818,0.05172,0.53775,0.74202,0.0
2030-09-12 22:00:00,5806.22315,0.03087,0.53775,0.72715,0.0
2030-09-12 23:00:00,5553.22813,0.04949,0.53775,0.69062,0.0
2030-09-13 00:00:00,5278.67144,0.05051,0.53908,0.66151,0.0
2030-09-13 01:00:00,5129.88112,0.03744,0.53908,0.6532,0.0
2030-09-13 02:00:00,5030.68758,0.04606,0.53908,0.63816,0.0
2030-09-13 03:00:00,4981.0908,0.02035,0.53908,0.64711,0.0
2030-09-13 04:00:00,4981.0908,0.02399,0.53908,0.64511,0.0
2030-09-13 05:00:00,5080.28435,0.0259,0.53908,0.65438,0.0
2030-09-13 06:00:00,5377.86499,0.03489,0.53908,0.6804,0.00044
2030-09-13 07:00:00,5824.23595,0.03117,0.53908,0.72886,0.0491
2030-09-13 08:00:00,6171.41337,0.02609,0.53908,0.76775,0.10155
2030-09-13 09:00:00,6270.60692,0.0255,0.53908,0.77839,0.11718
2030-09-13 10:00:00,6270.60692,0.03583,0.53908,0.77272,0.13349
2030-09-13 11:00:00,6221.01014,0.03376,0.53908,0.7687,0.09714
2030-09-13 12:00:00,6171.41337,0.05379,0.53908,0.75256,0.10866
2030-09-13 13:00:00,6121.81659,0.06829,0.53908,0.73944,0.09988
2030-09-13 14:00:00,6072.21982,0.07441,0.53908,0.73093,0.11663
2030-09-13 15:00:00,6121.81659,0.05013,0.53908,0.7494,0.13075
2030-09-13 16:00:00,6369.80046,0.04443,0.53908,0.77832,0.13902
2030-09-13 17:00:00,6667.3811,0.10407,0.67386,0.77655,0.06415
2030-09-13 18:00:00,6667.3811,0.09751,0.67386,0.78015,0.03469
2030-09-13 19:00:00,6468.99401,0.1087,0.67386,0.75338,0.0
2030-09-13 20:00:00,6221.01014,0.13995,0.67386,0.71045,0.0
2030-09-13 21:00:00,5973.02627,0.15879,0.53908,0.67432,0.0
2030-09-13 22:00:00,5725.04241,0.20399,0.53908,0.62373,0.0
2030-09-13 23:00:00,5477.05854,0.23554,0.53908,0.58063,0.0
2030-09-14 00:00:00,4771.27432,0.14122,0.54043,0.55897,0.0
2030-09-14 01:00:00,4643.62555,0.11796,0.54043,0.55846,0.0
2030-09-14 02:00:00,4558.52636,0.10897,0.54043,0.55455,0.0
2030-09-14 03:00:00,4515.97677,0.08948,0.54043,0.56081,0.0
2030-09-14 04:00:00,4515.97677,0.09153,0.54043,0.55969,0.0
2030-09-14 05:00:00,4601.07595,0.07779,0.54043,0.57608,0.0
2030-09-14 06:00:00,4856.3735,0.06698,0.54043,0.60856,0.00012
2030-09-14 07:00:00,5239.31982,0.06841,0.54043,0.6476,0.05348
2030-09-14 08:00:00,5537.16696,0.09036,0.54043,0.66653,0.13262
2030-09-14 09:00:00,5622.26614,0.11626,0.54043,0.66117,0.11618
2030-09-14 10:00:00,5622.26614,0.12827,0.54043,0.65458,0.15488
2030-09-14 11:00:00,5579.71655,0.10729,0.54043,0.66167,0.21866
2030-09-14 12:00:00,5537.16696,0.11015,0.54043,0.65567,0.30742
2030-09-14 13:00:00,5494.61737,0.06103,0.54043,0.67819,0.30795
2030-09-14 14:00:00,5452.06778,0.05463,0.54043,0.67728,0.28946
2030-09-14 15:00:00,5494.61737,0.08856,0.54043,0.66309,0.28848
2030-09-14 16:00:00,5707.36533,0.09547,0.54043,0.68143,0.16401
2030-09-14 17:00:00,5962.66287,0.08076,0.67554,0.71605,0.11311
2030-09-14 18:00:00,5962.66287,0.10145,0.67554,0.7047,0.05072
2030-09-14 19:00:00,5792.46451,0.09453,0.67554,0.69079,0.0
2030-09-14 20:00:00,5579.71655,0.11367,0.67554,0.65817,0.0
2030-09-14 21:00:00,5366.9686,0.0627,0.54043,0.664,0.0
2030-09-14 22:00:00,5154.22064,0.03934,0.54043,0.65469,0.0
2030-09-14 23:00:00,4941.47268,0.03033,0.54043,0.63751,0.0
2030-09-15 00:00:00,4877.8648,0.01165,0.5418,0.64115,0.0
2030-09-15 01:00:00,4745.77475,0.01013,0.5418,0.62824,0.0
2030-09-15 02:00:00,4657.71472,0.00971,0.5418,0.61932,0.0
2030-09-15 03:00:00,4613.68471,0.00876,0.5418,0.61526,0.0
2030-09-15 04:00:00,4613.68471,0.00774,0.5418,0.61581,0.0
2030-09-15 05:00:00,4701.74474,0.01193,0.5418,0.62268,0.0
2030-09-15 06:00:00,4965.92483,0.0141,0.5418,0.64896,0.0
2030-09-15 07:00:00,5362.19496,0.0107,0.5418,0.69204,0.08279
2030-09-15 08:00:00,5670.40506,0.01147,0.5418,0.72367,0.1442
2030-09-15 09:00:00,5758.46509,0.0098,0.5418,0.73374,0.14977
2030-09-15 10:00:00,5758.46509,0.00886,0.5418,0.73425,0.31719
2030-09-15 11:00:00,5714.43507,0.01482,0.5418,0.72641,0.47938
2030-09-15 12:00:00,5670.40506,0.03486,0.5418,0.71084,0.47688
2030-09-15 13:00:00,5626.37504,0.03336,0.5418,0.70708,0.46296
2030-09-15 14:00:00,5582.34503,0.0581,0.5418,0.68893,0.44773
2030-09-15 15:00:00,5626.37504,0.07203,0.5418,0.68587,0.25008
2030-09-15 16:00:00,5846.52512,0.06921,0.5418,0.71031,0.28676
2030-09-15 17:00:00,6110.7052,0.04624,0.67725,0.75038,0.18677
2030-09-15 18:00:00,6110.7052,0.06487,0.67725,0.74016,0.07149
2030-09-15 19:00:00,5934.58515,0.11752,0.67725,0.69296,0.0
2030-09-15 20:00:00,5714.43507,0.12661,0.67725,0.66508,0.0
2030-09-15 21:00:00,5494.285,0.0853,0.5418,0.66485,0.0
2030-09-15 22:00:00,5274.13493,0.10435,0.5418,0.6315,0.0
2030-09-15 23:00:00,5053.98485,0.13194,0.5418,0.59347,0.0
2030-09-16 00:00:00,5340.00993,0.14974,0.54318,0.61345,0.0
2030-09-16 01:00:00,5188.66384,0.16299,0.54318,0.59044,0.0
2030-09-16 02:00:00,5087.76645,0.14951,0.54318,0.58734,0.0
2030-09-16 03:00:00,5037.31775,0.14722,0.54318,0.58335,0.0
2030-09-16 04:00:00,5037.31775,0.1496,0.54318,0.58205,0.0
2030-09-16 05:00:00,5138.21515,0.08896,0.54318,0.62581,0.0
2030-09-16 06:00:00,5440.90733,0.0744,0.54318,0.66527,0.0
2030-09-16 07:00:00,5894.9456,0.05659,0.54318,0.72226,0.0753
2030-09-16 08:00:00,6248.08648,0.04103,0.54318,0.76753,0.17999
2030-09-16 09:00:00,6348.98387,0.02567,0.54318,0.78645,0.24255
2030-09-16 10:00:00,6348.98387,0.03078,0.54318,0.78364,0.25145
2030-09-16 11:00:00,6298.53518,0.02896,0.54318,0.77939,0.27266
2030-09-16 12:00:00,6248.08648,0.02379,0.54318,0.77699,0.20435
2030-09-16 13:00:00,6197.63778,0.01835,0.54318,0.77472,0.14798
2030-09-16 14:00:00,6147.18909,0.01477,0.54318,0.77144,0.21245
2030-09-16 15:00:00,6197.63778,0.02645,0.54318,0.77028,0.21209
2030-09-16 16:00:00,6449.88127,0.02075,0.54318,0.79964,0.19954
2030-09-16 17:00:00,6752.57345,0.01988,0.67897,0.8316,0.10896
2030-09-16 18:00:00,6752.57345,0.01889,0.67897,0.83214,0.05942
2030-09-16 19:00:00,6550.77866,0.03523,0.67897,0.80219,0.0
2030-09-16 20:00:00,6298.53518,0.02828,0.67897,0.77977,0.0
2030-09-16 21:00:00,6046.29169,0.02791,0.54318,0.75374,0.0
2030-09-16 22:00:00,5794.04821,0.03991,0.54318,0.72092,0.0
2030-09-16 23:00:00,5541.80472,0.02221,0.54318,0.7044,0.0
2030-09-17 00:00:00,5490.81861,0.02479,0.54457,0.69768,0.0
2030-09-17 01:00:00,5333.18882,0.05947,0.54457,0.66226,0.0
2030-09-17 02:00:00,5228.1023,0.07752,0.54457,0.64143,0.0
2030-09-17 03:00:00,5175.55904,0.10515,0.54457,0.62081,0.0
2030-09-17 04:00:00,5175.55904,0.18527,0.54457,0.57686,0.0
2030-09-17 05:00:00,5280.64556,0.25581,0.54457,0.54908,0.0
2030-09-17 06:00:00,5595.90513,0.18111,0.54457,0.62285,0.0
2030-09-17 07:00:00,6068.79449,0.22917,0.54457,0.64567,0.03683
2030-09-17 08:00:00,6436.59733,0.27629,0.54457,0.65807,0.04911
2030-09-17 09:00:00,6541.68385,0.20019,0.54457,0.71075,0.09439
2030-09-17 10:00:00,6541.68385,0.26978,0.54457,0.67257,0.10867
2030-09-17 11:00:00,6489.14059,0.37884,0.54457,0.60727,0.13348
2030-09-17 12:00:00,6436.59733,0.39017,0.54457,0.59559,0.17489
2030-09-17 13:00:00,6384.05406,0.33219,0.54457,0.62194,0.20538
2030-09-17 14:00:00,6331.5108,0.365,0.54457,0.59848,0.21561
2030-09-17 15:00:00,6384.05406,0.40451,0.54457,0.58226,0.23217
2030-09-17 16:00:00,6646.77037,0.49297,0.54457,0.56105,0.19259
2030-09-17 17:00:00,6962.02995,0.45708,0.68071,0.61353,0.09414
2030-09-17 18:00:00,6962.02995,0.44916,0.68071,0.61788,0.03912
2030-09-17 19:00:00,6751.8569,0.3739,0.68071,0.63731,0.0
2030-09-17 20:00:00,6489.14059,0.47123,0.68071,0.55659,0.0
2030-09-17 21:00:00,6226.42428,0.48895,0.54457,0.51955,0.0
2030-09-17 22:00:00,5963.70797,0.39175,0.54457,0.54555,0.0
2030-09-17 23:00:00,5700.99166,0.32166,0.54457,0.55668,0.0
2030-09-18 00:00:00,5534.73522,0.55093,0.54597,0.41361,0.0
2030-09-18 01:00:00,5375.27558,0.45216,0.54597,0.45121,0.0
2030-09-18 02:00:00,5268.96915,0.35662,0.54597,0.49257,0.0
2030-09-18 03:00:00,5215.81593,0.41676,0.54597,0.45405,0.0
2030-09-18 04:00:00,5215.81593,0.36747,0.54597,0.48109,0.0
2030-09-18 05:00:00,5322.12236,0.40917,0.54597,0.46927,0.0
2030-09-18 06:00:00,5641.04165,0.36255,0.54597,0.52801,0.0
2030-09-18 07:00:00,6119.42058,0.44467,0.54597,0.53271,0.02962
2030-09-18 08:00:00,6491.49309,0.23498,0.54597,0.68644,0.06497
2030-09-18 09:00:00,6597.79952,0.29396,0.54597,0.66514,0.10962
2030-09-18 10:00:00,6597.79952,0.30167,0.54597,0.66091,0.14686
2030-09-18 11:00:00,6544.6463,0.36082,0.54597,0.62293,0.14214
2030-09-18 12:00:00,6491.49309,0.32799,0.54597,0.63542,0.20239
2030-09-18 13:00:00,6438.33987,0.3375,0.54597,0.62467,0.16962
2030-09-18 14:00:00,6385.18666,0.27118,0.54597,0.65553,0.1387
2030-09-18 15:00:00,6438.33987,0.20442,0.54597,0.69768,0.09622
2030-09-18 16:00:00,6704.10595,0.19,0.54597,0.73323,0.12967
2030-09-18 17:00:00,7023.02524,0.16955,0.68246,0.77761,0.07841
2030-09-18 18:00:00,7023.02524,0.24932,0.68246,0.73385,0.03476
2030-09-18 19:00:00,6810.41238,0.24772,0.68246,0.71262,0.0
2030-09-18 20:00:00,6544.6463,0.30218,0.68246,0.6551,0.0
2030-09-18 21:00:00,6278.88023,0.42094,0.54597,0.56231,0.0
2030-09-18 22:00:00,6013.11415,0.4434,0.54597,0.52235,0.0
2030-09-18 23:00:00,5747.34808,0.44556,0.54597,0.49352,0.0
2030-09-19 00:00:00,5463.96995,0.61396,0.54739,0.37167,0.0
2030-09-19 01:00:00,5307.45886,0.62623,0.54739,0.34866,0.0
2030-09-19 02:00:00,5203.11813,0.6615,0.54739,0.31846,0.0
2030-09-19 03:00:00,5150.94777,0.77008,0.54739,0.25347,0.0
2030-09-19 04:00:00,5150.94777,0.80984,0.54739,0.23165,0.0
2030-09-19 05:00:00,5255.2885,0.78648,0.54739,0.25532,0.0
2030-09-19 06:00:00,5568.31068,0.72075,0.54739,0.32394,0.0
2030-09-19 07:00:00,6037.84395,0.72471,0.54739,0.3706,0.03953
2030-09-19 08:00:00,6403.0365,0.80537,0.54739,0.36432,0.10202
2030-09-19 09:00:00,6507.37723,0.79475,0.54739,0.381,0.25298
2030-09-19 10:00:00,6507.37723,0.70194,0.54739,0.43192,0.42147
2030-09-19 11:00:00,6455.20687,0.69565,0.54739,0.42994,0.48268
2030-09-19 12:00:00,6403.0365,0.6004,0.54739,0.47677,0.52538
2030-09-19 13:00:00,6350.86614,0.58888,0.54739,0.47767,0.57359
2030-09-19 14:00:00,6298.69577,0.68464,0.54739,0.4197,0.46222
2030-09-19 15:00:00,6350.86614,0.7041,0.54739,0.41445,0.37789
2030-09-19 16:00:00,6611.71796,0.66641,0.54739,0.46226,0.24935
2030-09-19 17:00:00,6924.74014,0.80551,0.68424,0.41851,0.11942
2030-09-19 18:00:00,6924.74014,0.83083,0.68424,0.40461,0.04626
2030-09-19 19:00:00,6716.05869,0.73189,0.68424,0.43719,0.0
2030-09-19 20:00:00,6455.20687,0.71572,0.68424,0.41893,0.0
2030-09-19 21:00:00,6194.35505,0.59236,0.54739,0.45948,0.0
2030-09-19 22:00:00,5933.50323,0.69403,0.54739,0.37658,0.0
2030-09-19 23:00:00,5672.65141,0.67327,0.54739,0.36084,0.0
2030-09-20 00:00:00,5618.4484,0.54412,0.54882,0.42605,0.0
2030-09-20 01:00:00,5455.5007,0.47796,0.54882,0.4454,0.0
2030-09-20 02:00:00,5346.86891,0.59477,0.54882,0.37002,0.0
2030-09-20 03:00:00,5292.55301,0.57842,0.54882,0.37334,0.0
2030-09-20 04:00:00,5292.55301,0.58104,0.54882,0.3719,0.0
2030-09-20 05:00:00,5401.18481,0.66842,0.54882,0.33526,0.0
2030-09-20 06:00:00,5727.08019,0.57038,0.54882,0.42294,0.0
2030-09-20 07:00:00,6215.92327,0.54868,0.54882,0.48569,0.05147
2030-09-20 08:00:00,6596.13456,0.44328,0.54882,0.58305,0.17127
2030-09-20 09:00:00,6704.76636,0.33379,0.54882,0.65441,0.30276
2030-09-20 10:00:00,6704.76636,0.49195,0.54882,0.56765,0.40484
2030-09-20 11:00:00,6650.45046,0.55614,0.54882,0.52678,0.40927
2030-09-20 12:00:00,6596.13456,0.51515,0.54882,0.54362,0.41653
2030-09-20 13:00:00,6541.81866,0.57537,0.54882,0.50494,0.49477
2030-09-20 14:00:00,6487.50276,0.72068,0.54882,0.41957,0.43654
2030-09-20 15:00:00,6541.81866,0.8519,0.54882,0.35323,0.41483
2030-09-20 16:00:00,6813.39815,0.84917,0.54882,0.38297,0.2822
2030-09-20 17:00:00,7139.29354,0.81099,0.68602,0.43781,0.11309
2030-09-20 18:00:00,7139.29354,0.80399,0.68602,0.44165,0.03364
2030-09-20 19:00:00,6922.02995,0.77919,0.68602,0.43266,0.0
2030-09-20 20:00:00,6650.45046,0.77359,0.68602,0.40749,0.0
2030-09-20 21:00:00,6378.87097,0.73872,0.54882,0.39837,0.0
2030-09-20 22:00:00,6107.29148,0.76121,0.54882,0.35779,0.0
2030-09-20 23:00:00,5835.71199,0.70359,0.54882,0.36116,0.0
2030-09-21 00:00:00,4990.89779,0.78797,0.55026,0.22701,0.0
2030-09-21 01:00:00,4854.09804,0.83282,0.55026,0.18818,0.0
2030-09-21 02:00:00,4762.8982,0.83369,0.55026,0.17821,0.0
2030-09-21 03:00:00,4717.29829,0.87648,0.55026,0.15,0.0
2030-09-21 04:00:00,4717.29829,0.87391,0.55026,0.15141,0.0
2030-09-21 05:00:00,4808.49812,0.88143,0.55026,0.15677,0.0
2030-09-21 06:00:00,5082.09762,0.88587,0.55026,0.18278,0.0
2030-09-21 07:00:00,5492.49688,0.85783,0.55026,0.24085,0.02867
2030-09-21 08:00:00,5811.6963,0.87497,0.55026,0.26464,0.09107
2030-09-21 09:00:00,5902.89614,0.87743,0.55026,0.27278,0.14735
2030-09-21 10:00:00,5902.89614,0.86918,0.55026,0.27731,0.1983
2030-09-21 11:00:00,5857.29622,0.87384,0.55026,0.27001,0.20885
2030-09-21 12:00:00,5811.6963,0.87025,0.55026,0.26723,0.16745
2030-09-21 13:00:00,5766.09638,0.84952,0.55026,0.27386,0.08905
2030-09-21 14:00:00,5720.49647,0.79427,0.55026,0.29943,0.09411
2030-09-21 15:00:00,5766.09638,0.85751,0.55026,0.26948,0.13242
2030-09-21 16:00:00,5994.09597,0.85704,0.55026,0.29345,0.09901
2030-09-21 17:00:00,6267.69547,0.83411,0.68782,0.33448,0.06822
2030-09-21 18:00:00,6267.69547,0.81704,0.68782,0.34384,0.01896
2030-09-21 19:00:00,6085.2958,0.76615,0.68782,0.35279,0.0
2030-09-21 20:00:00,5857.29622,0.80204,0.68782,0.30939,0.0
2030-09-21 21:00:00,5629.29663,0.82868,0.55026,0.27107,0.0
2030-09-21 22:00:00,5401.29705,0.83514,0.55026,0.24381,0.0
2030-09-21 23:00:00,5173.29746,0.72451,0.55026,0.28079,0.0
2030-09-22 00:00:00,4959.97404,0.58623,0.55171,0.33447,0.0
2030-09-22 01:00:00,4824.46277,0.53631,0.55171,0.34776,0.0
2030-09-22 02:00:00,4734.12193,0.59477,0.55171,0.30629,0.0
2030-09-22 03:00:00,4688.95151,0.59972,0.55171,0.29888,0.0
2030-09-22 04:00:00,4688.95151,0.59466,0.55171,0.30166,0.0
2030-09-22 05:00:00,4779.29235,0.50261,0.55171,0.36155,0.0
2030-09-22 06:00:00,5050.31488,0.44162,0.55171,0.4232,0.0
2030-09-22 07:00:00,5456.84866,0.42835,0.55171,0.47276,0.0646
2030-09-22 08:00:00,5773.04161,0.44949,0.55171,0.49404,0.12958
2030-09-22 09:00:00,5863.38245,0.48221,0.55171,0.48549,0.18843
2030-09-22 10:00:00,5863.38245,0.51809,0.55171,0.46581,0.305
2030-09-22 11:00:00,5818.21203,0.54207,0.55171,0.44795,0.27647
2030-09-22 12:00:00,5773.04161,0.56379,0.55171,0.43133,0.31951
2030-09-22 13:00:00,5727.87119,0.63728,0.55171,0.38633,0.29179
2030-09-22 14:00:00,5682.70077,0.59793,0.55171,0.40321,0.25852
2030-09-22 15:00:00,5727.87119,0.50491,0.55171,0.45894,0.30196
2030-09-22 16:00:00,5953.72329,0.49898,0.55171,0.48568,0.22531
2030-09-22 17:00:00,6224.74582,0.42183,0.68964,0.55619,0.12385
2030-09-22 18:00:00,6224.74582,0.40842,0.68964,0.56355,0.03067
2030-09-22 19:00:00,6044.06413,0.42206,0.68964,0.53728,0.0
2030-09-22 20:00:00,5818.21203,0.37132,0.68964,0.54162,0.0
2030-09-22 21:00:00,5592.35993,0.36876,0.55171,0.51954,0.0
2030-09-22 22:00:00,5366.50782,0.40527,0.55171,0.47602,0.0
2030-09-22 23:00:00,5140.65572,0.3417,0.55171,0.48741,0.0
2030-09-23 00:00:00,5431.10852,0.27057,0.55317,0.55664,0.0
2030-09-23 01:00:00,5275.96666,0.3445,0.55317,0.49995,0.0
2030-09-23 02:00:00,5172.53875,0.30388,0.55317,0.51147,0.0
2030-09-23 03:00:00,5120.82479,0.28595,0.55317,0.51593,0.0
2030-09-23 04:00:00,5120.82479,0.37881,0.55317,0.46499,0.0
2030-09-23 05:00:00,5224.2527,0.32655,0.55317,0.50441,0.0
2030-09-23 06:00:00,5534.53643,0.30218,0.55317,0.55005,0.0
2030-09-23 07:00:00,5999.96203,0.23011,0.55317,0.63799,0.07746
2030-09-23 08:00:00,6361.95972,0.18475,0.55317,0.70053,0.17746
2030-09-23 09:00:00,6465.38763,0.31677,0.55317,0.63885,0.31321
2030-09-23 10:00:00,6465.38763,0.37897,0.55317,0.60473,0.37921
2030-09-23 11:00:00,6413.67367,0.2868,0.55317,0.64992,0.45448
2030-09-23 12:00:00,6361.95972,0.22859,0.55317,0.67648,0.4615
2030-09-23 13:00:00,6310.24576,0.18385,0.55317,0.69564,0.36713
2030-09-23 14:00:00,6258.53181,0.08377,0.55317,0.74516,0.31968
2030-09-23 15:00:00,6310.24576,0.14167,0.55317,0.71878,0.34399
2030-09-23 16:00:00,6568.81554,0.19893,0.55317,0.71426,0.20065
2030-09-23 17:00:00,6879.09927,0.2278,0.69147,0.73069,0.13375
2030-09-23 18:00:00,6879.09927,0.26039,0.69147,0.71281,0.04071
2030-09-23 19:00:00,6672.24345,0.27113,0.69147,0.68541,0.0
2030-09-23 20:00:00,6413.67367,0.23931,0.69147,0.67597,0.0
2030-09-23 21:00:00,6155.1039,0.32792,0.55317,0.60047,0.0
2030-09-23 22:00:00,5896.53412,0.28724,0.55317,0.5959,0.0
2030-09-23 23:00:00,5637.96435,0.26479,0.55317,0.58132,0.0
2030-09-24 00:00:00,5424.37425,0.24354,0.55465,0.57076,0.0
2030-09-24 01:00:00,5269.51298,0.21772,0.55465,0.56883,0.0
2030-09-24 02:00:00,5166.27214,0.12973,0.55465,0.60636,0.0
2030-09-24 03:00:00,5114.65171,0.10599,0.55465,0.61402,0.0
2030-09-24 04:00:00,5114.65171,0.12569,0.55465,0.60321,0.0
2030-09-24 05:00:00,5217.89256,0.16043,0.55465,0.59489,0.0
2030-09-24 06:00:00,5527.6151,0.17479,0.55465,0.61922,0.0
2030-09-24 07:00:00,5992.19892,0.12554,0.55465,0.69455,0.03522
2030-09-24 08:00:00,6353.54188,0.14896,0.55465,0.71928,0.10009
2030-09-24 09:00:00,6456.78273,0.17948,0.55465,0.71328,0.15585
2030-09-24 10:00:00,6456.78273,0.20784,0.55465,0.69772,0.17718
2030-09-24 11:00:00,6405.16231,0.29958,0.55465,0.64202,0.22252
2030-09-24 12:00:00,6353.54188,0.25957,0.55465,0.65861,0.17597
2030-09-24 13:00:00,6301.92146,0.27447,0.55465,0.64506,0.09163
2030-09-24 14:00:00,6250.30103,0.21482,0.55465,0.67242,0.16998
2030-09-24 15:00:00,6301.92146,0.23197,0.55465,0.66837,0.15107
2030-09-24 16:00:00,6560.02358,0.20694,0.55465,0.70895,0.1405
2030-09-24 17:00:00,6869.74612,0.30343,0.69331,0.68823,0.11126
2030-09-24 18:00:00,6869.74612,0.22053,0.69331,0.73371,0.02505
2030-09-24 19:00:00,6663.26442,0.17152,0.69331,0.73912,0.0
2030-09-24 20:00:00,6405.16231,0.10999,0.69331,0.74603,0.0
2030-09-24 21:00:00,6147.06019,0.12225,0.55465,0.71246,0.0
2030-09-24 22:00:00,5888.95807,0.19513,0.55465,0.64564,0.0
2030-09-24 23:00:00,5630.85595,0.24856,0.55465,0.58948,0.0
2030-09-25 00:00:00,5432.567,0.34222,0.55613,0.51748,0.0
2030-09-25 01:00:00,5277.36436,0.35435,0.55613,0.49469,0.0
2030-09-25 02:00:00,5173.89594,0.26946,0.55613,0.5305,0.0
2030-09-25 03:00:00,5122.16173,0.19443,0.55613,0.56628,0.0
2030-09-25 04:00:00,5122.16173,0.20069,0.55613,0.56284,0.0
2030-09-25 05:00:00,5225.63015,0.25081,0.55613,0.54611,0.0
2030-09-25 06:00:00,5536.03542,0.20992,0.55613,0.60082,0.0
2030-09-25 07:00:00,6001.64333,0.12299,0.55613,0.69694,0.02763
2030-09-25 08:00:00,6363.78281,0.17372,0.55613,0.70676,0.0758
2030-09-25 09:00:00,6467.25124,0.16554,0.55613,0.72201,0.14325
2030-09-25 10:00:00,6467.25124,0.09298,0.55613,0.76182,0.14224
2030-09-25 11:00:00,6415.51703,0.09836,0.55613,0.75349,0.30599
2030-09-25 12:00:00,6363.78281,0.12698,0.55613,0.73241,0.40215
2030-09-25 13:00:00,6312.0486,0.11196,0.55613,0.73527,0.45382
2030-09-25 14:00:00,6260.31439,0.11136,0.55613,0.73022,0.27918
2030-09-25 15:00:00,6312.0486,0.11593,0.55613,0.73309,0.32533
2030-09-25 16:00:00,6570.71966,0.10041,0.55613,0.76851,0.22751
2030-09-25 17:00:00,6881.12493,0.12428,0.69517,0.78769,0.11189
2030-09-25 18:00:00,6881.12493,0.08509,0.69517,0.80919,0.01926
2030-09-25 19:00:00,6674.18808,0.08521,0.69517,0.78761,0.0
2030-09-25 20:00:00,6415.51703,0.11155,0.69517,0.74625,0.0
2030-09-25 21:00:00,6156.84597,0.14989,0.55613,0.69832,0.0
2030-09-25 22:00:00,5898.17491,0.14137,0.55613,0.67609,0.0
2030-09-25 23:00:00,5639.50385,0.1511,0.55613,0.64385,0.0
2030-09-26 00:00:00,5324.01577,0.0977,0.55763,0.64034,0.0
2030-09-26 01:00:00,5173.3361,0.12657,0.55763,0.60883,0.0
2030-09-26 02:00:00,5072.88299,0.2275,0.55763,0.54301,0.0
2030-09-26 03:00:00,5022.65644,0.33764,0.55763,0.47737,0.0
2030-09-26 04:00:00,5022.65644,0.38391,0.55763,0.45198,0.0
2030-09-26 05:00:00,5123.10955,0.39942,0.55763,0.45392,0.0
2030-09-26 06:00:00,5424.46888,0.35613,0.55763,0.50901,0.0
2030-09-26 07:00:00,5876.50789,0.40671,0.55763,0.52827,0.0215
2030-09-26 08:00:00,6228.09378,0.34288,0.55763,0.59985,0.06911
2030-09-26 09:00:00,6328.54689,0.41764,0.55763,0.56929,0.06581
2030-09-26 10:00:00,6328.54689,0.42087,0.55763,0.56751,0.04627
2030-09-26 11:00:00,6278.32033,0.27226,0.55763,0.64382,0.08474
2030-09-26 12:00:00,6228.09378,0.24051,0.55763,0.65601,0.07971
2030-09-26 13:00:00,6177.86722,0.27781,0.55763,0.63033,0.09865
2030-09-26 14:00:00,6127.64067,0.35898,0.55763,0.58058,0.09006
2030-09-26 15:00:00,6177.86722,0.39754,0.55763,0.56464,0.07311
2030-09-26 16:00:00,6429.0,0.34601,0.55763,0.61903,0.04701
2030-09-26 17:00:00,6730.35934,0.26668,0.69703,0.69389,0.02352
2030-09-26 18:00:00,6730.35934,0.2605,0.69703,0.69728,0.0062
2030-09-26 19:00:00,6529.45311,0.35971,0.69703,0.62196,0.0
2030-09-26 20:00:00,6278.32033,0.23412,0.69703,0.66474,0.0
2030-09-26 21:00:00,6027.18755,0.2854,0.55763,0.61049,0.0
2030-09-26 22:00:00,5776.05477,0.31475,0.55763,0.56828,0.0
2030-09-26 23:00:00,5524.92199,0.45555,0.55763,0.46491,0.0
2030-09-27 00:00:00,5491.48355,0.3088,0.55913,0.54194,0.0
2030-09-27 01:00:00,5333.82606,0.39735,0.55913,0.47697,0.0
2030-09-27 02:00:00,5228.72106,0.45096,0.55913,0.43663,0.0
2030-09-27 03:00:00,5176.16857,0.42798,0.55913,0.44377,0.0
2030-09-27 04:00:00,5176.16857,0.42307,0.55913,0.44646,0.0
2030-09-27 05:00:00,5281.27356,0.50939,0.55913,0.41003,0.0
2030-09-27 06:00:00,5596.58854,0.45314,0.55913,0.47369,0.0
2030-09-27 07:00:00,6069.56102,0.46035,0.55913,0.51892,0.02947
2030-09-27 08:00:00,6437.4285,0.39895,0.55913,0.59086,0.08035
2030-09-27 09:00:00,6542.53349,0.431,0.55913,0.58421,0.12819
2030-09-27 10:00:00,6542.53349,0.29137,0.55913,0.66081,0.20595
2030-09-27 11:00:00,6489.981,0.24266,0.55913,0.68207,0.19927
2030-09-27 12:00:00,6437.4285,0.1401,0.55913,0.73287,0.2144
2030-09-27 13:00:00,6384.876,0.13312,0.55913,0.73123,0.24234
2030-09-27 14:00:00,6332.32351,0.13254,0.55913,0.72609,0.22423
2030-09-27 15:00:00,6384.876,0.08621,0.55913,0.75697,0.15326
2030-09-27 16:00:00,6647.63849,0.09068,0.55913,0.78184,0.08944
2030-09-27 17:00:00,6962.95347,0.06394,0.69891,0.82931,0.05249
2030-09-27 18:00:00,6962.95347,0.07205,0.69891,0.82486,0.00663
2030-09-27 19:00:00,6752.74348,0.13755,0.69891,0.76706,0.0
2030-09-27 20:00:00,6489.981,0.19558,0.69891,0.7079,0.0
2030-09-27 21:00:00,6227.21851,0.18883,0.55913,0.68427,0.0
2030-09-27 22:00:00,5964.45602,0.13777,0.55913,0.68496,0.0
2030-09-27 23:00:00,5701.69354,0.11704,0.55913,0.669,0.0
2030-09-28 00:00:00,5126.76561,0.15552,0.56064,0.5881,0.0
2030-09-28 01:00:00,4984.3047,0.13611,0.56064,0.58394,0.0
2030-09-28 02:00:00,4889.33076,0.13398,0.56064,0.57523,0.0
2030-09-28 03:00:00,4841.84379,0.18895,0.56064,0.54013,0.0
2030-09-28 04:00:00,4841.84379,0.20453,0.56064,0.53159,0.0
2030-09-28 05:00:00,4936.81773,0.22383,0.56064,0.53087,0.0
2030-09-28 06:00:00,5221.73955,0.15043,0.56064,0.60077,0.0
2030-09-28 07:00:00,5649.12228,0.09787,0.56064,0.67406,0.03228
2030-09-28 08:00:00,5981.53107,0.07036,0.56064,0.72372,0.1049
2030-09-28 09:00:00,6076.50501,0.07406,0.56064,0.73157,0.15738
2030-09-28 10:00:00,6076.50501,0.06789,0.56064,0.73495,0.1964
2030-09-28 11:00:00,6029.01804,0.0281,0.56064,0.75184,0.23513
2030-09-28 12:00:00,5981.53107,0.0171,0.56064,0.75294,0.23125
2030-09-28 13:00:00,5934.0441,0.01572,0.56064,0.74876,0.14883
2030-09-28 14:00:00,5886.55713,0.01292,0.56064,0.74535,0.11054
2030-09-28 15:00:00,5934.0441,0.01903,0.56064,0.74694,0.10835
2030-09-28 16:00:00,6171.47896,0.00987,0.56064,0.77666,0.08682
2030-09-28 17:00:00,6456.40078,0.01029,0.7008,0.80606,0.05865
2030-09-28 18:00:00,6456.40078,0.01105,0.7008,0.80564,0.01079
2030-09-28 19:00:00,6266.4529,0.0185,0.7008,0.7818,0.0
2030-09-28 20:00:00,6029.01804,0.0197,0.7008,0.75645,0.0
2030-09-28 21:00:00,5791.58319,0.01469,0.56064,0.7345,0.0
2030-09-28 22:00:00,5554.14834,0.01499,0.56064,0.70964,0.0
2030-09-28 23:00:00,5316.71349,0.0102,0.56064,0.68758,0.0
2030-09-29 00:00:00,5127.70889,0.01462,0.56216,0.6655,0.0
2030-09-29 01:00:00,4985.20868,0.0162,0.56216,0.64981,0.0
2030-09-29 02:00:00,4890.20853,0.02191,0.56216,0.6368,0.0
2030-09-29 03:00:00,4842.70846,0.0204,0.56216,0.63269,0.0
2030-09-29 04:00:00,4842.70846,0.02195,0.56216,0.63183,0.0
2030-09-29 05:00:00,4937.70861,0.03055,0.56216,0.637,0.0
2030-09-29 06:00:00,5222.70903,0.05228,0.56216,0.65472,0.0
2030-09-29 07:00:00,5650.20968,0.03518,0.56216,0.70856,0.04731
2030-09-29 08:00:00,5982.71018,0.0412,0.56216,0.73984,0.07991
2030-09-29 09:00:00,6077.71032,0.03626,0.56216,0.75242,0.14011
2030-09-29 10:00:00,6077.71032,0.0912,0.56216,0.72229,0.21725
2030-09-29 11:00:00,6030.21025,0.1101,0.56216,0.70698,0.30593
2030-09-29 12:00:00,5982.71018,0.16235,0.56216,0.67337,0.34598
2030-09-29 13:00:00,5935.21011,0.21158,0.56216,0.64143,0.25877
2030-09-29 14:00:00,5887.71003,0.14374,0.56216,0.6737,0.16855
2030-09-29 15:00:00,5935.21011,0.13313,0.56216,0.68446,0.20988
2030-09-29 16:00:00,6172.71046,0.10401,0.56216,0.72514,0.16586
2030-09-29 17:00:00,6457.71089,0.10557,0.7027,0.75392,0.07134
2030-09-29 18:00:00,6457.71089,0.11978,0.7027,0.74613,0.00955
2030-09-29 19:00:00,6267.71061,0.09814,0.7027,0.73824,0.0
2030-09-29 20:00:00,6030.21025,0.14305,0.7027,0.6889,0.0
2030-09-29 21:00:00,5792.70989,0.14574,0.56216,0.66273,0.0
2030-09-29 22:00:00,5555.20953,0.08127,0.56216,0.6734,0.0
2030-09-29 23:00:00,5317.70918,0.05095,0.56216,0.66533,0.0
2030-09-30 00:00:00,5620.01537,0.06131,0.56369,0.69108,0.0
2030-09-30 01:00:00,5457.00239,0.0777,0.56369,0.66514,0.0
2030-09-30 02:00:00,5348.32707,0.08222,0.56369,0.65135,0.0
2030-09-30 03:00:00,5293.98941,0.06798,0.56369,0.65352,0.0
2030-09-30 04:00:00,5293.98941,0.04569,0.56369,0.66574,0.0
2030-09-30 05:00:00,5402.66473,0.05177,0.56369,0.67372,0.0
2030-09-30 06:00:00,5728.6907,0.05508,0.56369,0.7058,0.0
2030-09-30 07:00:00,6217.72965,0.04301,0.56369,0.76328,0.03347
2030-09-30 08:00:00,6598.09328,0.10399,0.56369,0.76939,0.09457
2030-09-30 09:00:00,6706.7686,0.12014,0.56369,0.77183,0.19563
2030-09-30 10:00:00,6706.7686,0.1193,0.56369,0.77229,0.18243
2030-09-30 11:00:00,6652.43094,0.11875,0.56369,0.76694,0.15536
2030-09-30 12:00:00,6598.09328,0.16402,0.56369,0.73645,0.17413
2030-09-30 13:00:00,6543.75562,0.30622,0.56369,0.65279,0.16775
2030-09-30 14:00:00,6489.41796,0.21655,0.56369,0.69634,0.17602
2030-09-30 15:00:00,6543.75562,0.14558,0.56369,0.74092,0.18676
2030-09-30 16:00:00,6815.44393,0.11666,0.56369,0.78504,0.1553
2030-09-30 17:00:00,7141.4699,0.13137,0.70461,0.81088,0.11349
2030-09-30 18:00:00,7141.4699,0.23129,0.70461,0.75606,0.01357
2030-09-30 19:00:00,6924.11925,0.17322,0.70461,0.76531,0.0
2030-09-30 20:00:00,6652.43094,0.14294,0.70461,0.75367,0.0
2030-09-30 21:00:00,6380.74264,0.25711,0.56369,0.66278,0.0
2030-09-30 22:00:00,6109.05433,0.23738,0.56369,0.64535,0.0
2030-09-30 23:00:00,5837.36602,0.35765,0.56369,0.55112,0.0
2030-10-01 00:00:00,5697.37956,0.32644,0.56522,0.55368,0.0
2030-10-01 01:00:00,5531.14306,0.31754,0.56522,0.54127,0.0
2030-10-01 02:00:00,5420.31874,0.34815,0.56522,0.51296,0.0
2030-10-01 03:00:00,5364.90657,0.19113,0.56522,0.59334,0.0
2030-10-01 04:00:00,5364.90657,0.24518,0.56522,0.56368,0.0
2030-10-01 05:00:00,5475.7309,0.33432,0.56522,0.5263,0.0
2030-10-01 06:00:00,5808.20388,0.2421,0.56522,0.61147,0.0
2030-10-01 07:00:00,6306.91336,0.32144,0.56522,0.61981,0.0172
2030-10-01 08:00:00,6694.79851,0.25887,0.56522,0.69448,0.09076
2030-10-01 09:00:00,6805.62284,0.43318,0.56522,0.61038,0.13069
2030-10-01 10:00:00,6805.62284,0.50991,0.56522,0.56829,0.19112
2030-10-01 11:00:00,6750.21067,0.49236,0.56522,0.57215,0.17407
2030-10-01 12:00:00,6694.79851,0.40942,0.56522,0.61188,0.31301
2030-10-01 13:00:00,6639.38634,0.41401,0.56522,0.60361,0.24858
2030-10-01 14:00:00,6583.97418,0.38846,0.56522,0.61186,0.19078
2030-10-01 15:00:00,6639.38634,0.33152,0.56522,0.64886,0.21929
2030-10-01 16:00:00,6916.44716,0.40462,0.56522,0.63757,0.16887
2030-10-01 17:00:00,7248.92015,0.34585,0.70653,0.70439,0.11717
2030-10-01 18:00:00,7248.92015,0.30897,0.70653,0.72462,0.00723
2030-10-01 19:00:00,7027.27149,0.39001,0.70653,0.65711,0.0
2030-10-01 20:00:00,6750.21067,0.30917,0.70653,0.67265,0.0
2030-10-01 21:00:00,6473.14985,0.27148,0.56522,0.66451,0.0
2030-10-01 22:00:00,6196.08903,0.24196,0.56522,0.65189,0.0
2030-10-01 23:00:00,5919.02821,0.17744,0.56522,0.65847,0.0
2030-10-02 00:00:00,5667.29921,0.18403,0.56676,0.62868,0.0
2030-10-02 01:00:00,5502.31607,0.11924,0.56676,0.64706,0.0
2030-10-02 02:00:00,5392.32731,0.08648,0.56676,0.6536,0.0
2030-10-02 03:00:00,5337.33292,0.06868,0.56676,0.65764,0.0
2030-10-02 04:00:00,5337.33292,0.05059,0.56676,0.66757,0.0
2030-10-02 05:00:00,5447.32169,0.08926,0.56676,0.65779,0.0
2030-10-02 06:00:00,5777.28798,0.09309,0.56676,0.69001,0.0
2030-10-02 07:00:00,6272.23741,0.16936,0.56676,0.69964,0.01434
2030-10-02 08:00:00,6657.19808,0.24145,0.56676,0.70013,0.05351
2030-10-02 09:00:00,6767.18684,0.32828,0.56676,0.66393,0.07156
2030-10-02 10:00:00,6767.18684,0.43184,0.56676,0.60711,0.1061
2030-10-02 11:00:00,6712.19246,0.40666,0.56676,0.61521,0.1193
2030-10-02 12:00:00,6657.19808,0.42377,0.56676,0.6001,0.28206
2030-10-02 13:00:00,6602.2037,0.41984,0.56676,0.59654,0.31032
2030-10-02 14:00:00,6547.20932,0.5883,0.56676,0.4984,0.32922
2030-10-02 15:00:00,6602.2037,0.41659,0.56676,0.59832,0.15064
2030-10-02 16:00:00,6877.17561,0.57037,0.56676,0.54256,0.10396
2030-10-02 17:00:00,7207.14189,0.59997,0.70846,0.56063,0.05505
2030-10-02 18:00:00,7207.14189,0.49642,0.70846,0.61744,0.00176
2030-10-02 19:00:00,6987.16437,0.34413,0.70846,0.67811,0.0
2030-10-02 20:00:00,6712.19246,0.28576,0.70846,0.68153,0.0
2030-10-02 21:00:00,6437.22055,0.17853,0.56676,0.71176,0.0
2030-10-02 22:00:00,6162.24865,0.2169,0.56676,0.66212,0.0
2030-10-02 23:00:00,5887.27674,0.13048,0.56676,0.68093,0.0
2030-10-03 00:00:00,5644.18599,0.12032,0.56831,0.66123,0.0
2030-10-03 01:00:00,5480.1659,0.18314,0.56831,0.6097,0.0
2030-10-03 02:00:00,5370.81917,0.20215,0.56831,0.5879,0.0
2030-10-03 03:00:00,5316.1458,0.13224,0.56831,0.62057,0.0
2030-10-03 04:00:00,5316.1458,0.19278,0.56831,0.58736,0.0
2030-10-03 05:00:00,5425.49253,0.11821,0.56831,0.63964,0.0
2030-10-03 06:00:00,5753.53272,0.15941,0.56831,0.65115,0.0
2030-10-03 07:00:00,6245.593,0.14784,0.56831,0.70867,0.01476
2030-10-03 08:00:00,6628.30655,0.11505,0.56831,0.76646,0.04539
2030-10-03 09:00:00,6737.65328,0.21657,0.56831,0.72214,0.07902
2030-10-03 10:00:00,6737.65328,0.30397,0.56831,0.67419,0.08006
2030-10-03 11:00:00,6682.97991,0.34223,0.56831,0.64752,0.09821
2030-10-03 12:00:00,6628.30655,0.45809,0.56831,0.57827,0.13678
2030-10-03 13:00:00,6573.63318,0.47913,0.56831,0.56104,0.15737
2030-10-03 14:00:00,6518.95982,0.53522,0.56831,0.52459,0.1382
2030-10-03 15:00:00,6573.63318,0.48366,0.56831,0.55856,0.13085
2030-10-03 16:00:00,6847.00001,0.53459,0.56831,0.55904,0.14019
2030-10-03 17:00:00,7175.04019,0.6157,0.71039,0.54866,0.06841
2030-10-03 18:00:00,7175.04019,0.64778,0.71039,0.53107,0.00119
2030-10-03 19:00:00,6956.34674,0.68717,0.71039,0.48671,0.0
2030-10-03 20:00:00,6682.97991,0.63177,0.71039,0.48868,0.0
2030-10-03 21:00:00,6409.61309,0.62026,0.56831,0.46656,0.0
2030-10-03 22:00:00,6136.24627,0.5949,0.56831,0.45204,0.0
2030-10-03 23:00:00,5862.87945,0.59951,0.56831,0.42108,0.0
2030-10-04 00:00:00,5603.30804,0.47147,0.56987,0.46433,0.0
2030-10-04 01:00:00,5440.99119,0.32046,0.56987,0.53029,0.0
2030-10-04 02:00:00,5332.77996,0.29909,0.56987,0.53077,0.0
2030-10-04 03:00:00,5278.67435,0.21819,0.56987,0.56952,0.0
2030-10-04 04:00:00,5278.67435,0.15628,0.56987,0.60349,0.0
2030-10-04 05:00:00,5386.88558,0.20734,0.56987,0.58672,0.0
2030-10-04 06:00:00,5711.51927,0.16611,0.56987,0.64311,0.0
2030-10-04 07:00:00,6198.46981,0.15278,0.56987,0.70106,0.01844
2030-10-04 08:00:00,6577.20911,0.23143,0.56987,0.6973,0.07304
2030-10-04 09:00:00,6685.42034,0.12572,0.56987,0.76655,0.13075
2030-10-04 10:00:00,6685.42034,0.09758,0.56987,0.78198,0.15767
2030-10-04 11:00:00,6631.31473,0.04777,0.56987,0.80368,0.22884
2030-10-04 12:00:00,6577.20911,0.04924,0.56987,0.79725,0.21274
2030-10-04 13:00:00,6523.1035,0.07015,0.56987,0.78015,0.17427
2030-10-04 14:00:00,6468.99788,0.09203,0.56987,0.76252,0.16583
2030-10-04 15:00:00,6523.1035,0.12336,0.56987,0.75096,0.10965
2030-10-04 16:00:00,6793.63157,0.07433,0.56987,0.806,0.10453
2030-10-04 17:00:00,7118.26526,0.07352,0.71233,0.8402,0.06774
2030-10-04 18:00:00,7118.26526,0.07497,0.71233,0.8394,0.00039
2030-10-04 19:00:00,6901.8428,0.13902,0.71233,0.78176,0.0
2030-10-04 20:00:00,6631.31473,0.19749,0.71233,0.72155,0.0
2030-10-04 21:00:00,6360.78665,0.15054,0.56987,0.71917,0.0
2030-10-04 22:00:00,6090.25857,0.12585,0.56987,0.70458,0.0
2030-10-04 23:00:00,5819.7305,0.13249,0.56987,0.6728,0.0
2030-10-05 00:00:00,5206.01761,0.17094,0.57143,0.58788,0.0
2030-10-05 01:00:00,5060.25454,0.20948,0.57143,0.55158,0.0
2030-10-05 02:00:00,4963.07915,0.22075,0.57143,0.53529,0.0
2030-10-05 03:00:00,4914.49146,0.25803,0.57143,0.50979,0.0
2030-10-05 04:00:00,4914.49146,0.2527,0.57143,0.51271,0.0
2030-10-05 05:00:00,5011.66684,0.23727,0.57143,0.53128,0.0
2030-10-05 06:00:00,5303.193,0.26855,0.57143,0.54444,0.0
2030-10-05 07:00:00,5740.48223,0.38376,0.57143,0.52672,0.02436
2030-10-05 08:00:00,6080.59608,0.34858,0.57143,0.58139,0.06663
2030-10-05 09:00:00,6177.77147,0.46114,0.57143,0.52974,0.08846
2030-10-05 10:00:00,6177.77147,0.54264,0.57143,0.48503,0.12712
2030-10-05 11:00:00,6129.18377,0.58327,0.57143,0.45769,0.20919
2030-10-05 12:00:00,6080.59608,0.56283,0.57143,0.46385,0.20739
2030-10-05 13:00:00,6032.00839,0.4398,0.57143,0.52629,0.24162
2030-10-05 14:00:00,5983.4207,0.47368,0.57143,0.50265,0.16427
2030-10-05 15:00:00,6032.00839,0.50093,0.57143,0.49276,0.15072
2030-10-05 16:00:00,6274.94685,0.59178,0.57143,0.46818,0.0997
2030-10-05 17:00:00,6566.47301,0.60247,0.71429,0.49263,0.04206
2030-10-05 18:00:00,6566.47301,0.7213,0.71429,0.42744,3e-05
2030-10-05 19:00:00,6372.12224,0.69813,0.71429,0.41994,0.0
2030-10-05 20:00:00,6129.18377,0.71299,0.71429,0.38653,0.0
2030-10-05 21:00:00,5886.24531,0.73285,0.57143,0.35036,0.0
2030-10-05 22:00:00,5643.30685,0.67371,0.57143,0.35754,0.0
2030-10-05 23:00:00,5400.36838,0.63903,0.57143,0.3513,0.0
2030-10-06 00:00:00,5255.59063,0.7242,0.57299,0.28952,0.0
2030-10-06 01:00:00,5107.76201,0.73375,0.57299,0.26891,0.0
2030-10-06 02:00:00,5009.20959,0.77525,0.57299,0.23589,0.0
2030-10-06 03:00:00,4959.93339,0.73189,0.57299,0.25456,0.0
2030-10-06 04:00:00,4959.93339,0.79212,0.57299,0.22151,0.0
2030-10-06 05:00:00,5058.4858,0.78563,0.57299,0.23532,0.0
2030-10-06 06:00:00,5354.14304,0.77414,0.57299,0.27237,0.0
2030-10-06 07:00:00,5797.6289,0.82191,0.57299,0.29229,0.03753
2030-10-06 08:00:00,6142.56235,0.7935,0.57299,0.34375,0.14166
2030-10-06 09:00:00,6241.11476,0.80669,0.57299,0.34676,0.23713
2030-10-06 10:00:00,6241.11476,0.8407,0.57299,0.3281,0.2511
2030-10-06 11:00:00,6191.83855,0.84305,0.57299,0.32169,0.20519
2030-10-06 12:00:00,6142.56235,0.84993,0.57299,0.31279,0.15244
2030-10-06 13:00:00,6093.28614,0.81537,0.57299,0.32662,0.16635
2030-10-06 14:00:00,6044.00993,0.81105,0.57299,0.32387,0.11504
2030-10-06 15:00:00,6093.28614,0.83284,0.57299,0.31704,0.07208
2030-10-06 16:00:00,6339.66717,0.83498,0.57299,0.34149,0.0603
2030-10-06 17:00:00,6635.32441,0.84262,0.71624,0.36805,0.03537
2030-10-06 18:00:00,6635.32441,0.83835,0.71624,0.37039,2e-05
2030-10-06 19:00:00,6438.21959,0.81689,0.71624,0.36166,0.0
2030-10-06 20:00:00,6191.83855,0.78382,0.71624,0.35418,0.0
2030-10-06 21:00:00,5945.45752,0.77993,0.57299,0.33069,0.0
2030-10-06 22:00:00,5699.07649,0.8222,0.57299,0.28188,0.0
2030-10-06 23:00:00,5452.69545,0.84264,0.57299,0.24504,0.0
2030-10-07 00:00:00,5935.93136,0.84844,0.57456,0.29212,0.0
2030-10-07 01:00:00,5759.75521,0.84446,0.57456,0.27598,0.0
2030-10-07 02:00:00,5642.30445,0.86239,0.57456,0.25393,0.0
2030-10-07 03:00:00,5583.57906,0.78158,0.57456,0.29215,0.0
2030-10-07 04:00:00,5583.57906,0.82853,0.57456,0.2664,0.0
2030-10-07 05:00:00,5701.02983,0.87347,0.57456,0.25396,0.0
2030-10-07 06:00:00,6053.38213,0.84198,0.57456,0.30788,0.0
2030-10-07 07:00:00,6581.91058,0.80224,0.57456,0.38464,0.03771
2030-10-07 08:00:00,6992.98827,0.84461,0.57456,0.40415,0.14082
2030-10-07 09:00:00,7110.43904,0.82936,0.57456,0.42473,0.17078
2030-10-07 10:00:00,7110.43904,0.84962,0.57456,0.41362,0.19873
2030-10-07 11:00:00,7051.71365,0.80226,0.57456,0.43349,0.3009
2030-10-07 12:00:00,6992.98827,0.69758,0.57456,0.48481,0.30993
2030-10-07 13:00:00,6934.26289,0.57532,0.57456,0.54578,0.28029
2030-10-07 14:00:00,6875.5375,0.60697,0.57456,0.5223,0.30347
2030-10-07 15:00:00,6934.26289,0.70283,0.57456,0.47583,0.26652
2030-10-07 16:00:00,7227.8898,0.74331,0.57456,0.48416,0.19766
2030-10-07 17:00:00,7580.2421,0.74412,0.7182,0.52035,0.11331
2030-10-07 18:00:00,7580.2421,0.80655,0.7182,0.4861,0.0
2030-10-07 19:00:00,7345.34057,0.7798,0.7182,0.47635,0.0
2030-10-07 20:00:00,7051.71365,0.80439,0.7182,0.43233,0.0
2030-10-07 21:00:00,6758.08673,0.75932,0.57456,0.42651,0.0
2030-10-07 22:00:00,6464.45982,0.74755,0.57456,0.40243,0.0
2030-10-07 23:00:00,6170.8329,0.72354,0.57456,0.38507,0.0
2030-10-08 00:00:00,5940.83232,0.78448,0.57614,0.32772,0.0
2030-10-08 01:00:00,5764.45196,0.8482,0.57614,0.27442,0.0
2030-10-08 02:00:00,5646.86506,0.85065,0.57614,0.26084,0.0
2030-10-08 03:00:00,5588.0716,0.84842,0.57614,0.25595,0.0
2030-10-08 04:00:00,5588.0716,0.84422,0.57614,0.25826,0.0
2030-10-08 05:00:00,5705.65851,0.85882,0.57614,0.26248,0.0
2030-10-08 06:00:00,6058.41922,0.82557,0.57614,0.3174,0.0
2030-10-08 07:00:00,6587.56029,0.8399,0.57614,0.36457,0.02722
2030-10-08 08:00:00,6999.11446,0.8061,0.57614,0.42591,0.09089
2030-10-08 09:00:00,7116.70137,0.77326,0.57614,0.45616,0.12399
2030-10-08 10:00:00,7116.70137,0.74226,0.57614,0.47317,0.22208
2030-10-08 11:00:00,7057.90791,0.7872,0.57614,0.4424,0.40293
2030-10-08 12:00:00,6999.11446,0.81055,0.57614,0.42347,0.49325
2030-10-08 13:00:00,6940.32101,0.79154,0.57614,0.42779,0.44469
2030-10-08 14:00:00,6881.52756,0.7929,0.57614,0.42093,0.43612
2030-10-08 15:00:00,6940.32101,0.80031,0.57614,0.42298,0.36927
2030-10-08 16:00:00,7234.28827,0.7458,0.57614,0.48345,0.29425
2030-10-08 17:00:00,7587.04898,0.64239,0.72017,0.57687,0.15349
2030-10-08 18:00:00,7587.04898,0.67796,0.72017,0.55736,0.0
2030-10-08 19:00:00,7351.87518,0.75357,0.72017,0.49142,0.0
2030-10-08 20:00:00,7057.90791,0.73884,0.72017,0.46893,0.0
2030-10-08 21:00:00,6763.94065,0.63517,0.57614,0.49523,0.0
2030-10-08 22:00:00,6469.97339,0.62506,0.57614,0.4702,0.0
2030-10-08 23:00:00,6176.00613,0.67326,0.57614,0.41319,0.0
2030-10-09 00:00:00,5973.15768,0.68602,0.57772,0.38509,0.0
2030-10-09 01:00:00,5795.43043,0.71604,0.57772,0.35014,0.0
2030-10-09 02:00:00,5676.9456,0.71644,0.57772,0.3376,0.0
2030-10-09 03:00:00,5617.70318,0.66467,0.57772,0.35984,0.0
2030-10-09 04:00:00,5617.70318,0.70666,0.57772,0.3368,0.0
2030-10-09 05:00:00,5736.18801,0.71262,0.57772,0.34586,0.0
2030-10-09 06:00:00,6091.64251,0.70485,0.57772,0.38708,0.0
2030-10-09 07:00:00,6624.82425,0.64576,0.57772,0.47495,0.03698
2030-10-09 08:00:00,7039.52116,0.66505,0.57772,0.5075,0.17387
2030-10-09 09:00:00,7158.00599,0.68358,0.57772,0.50966,0.28656
2030-10-09 10:00:00,7158.00599,0.55607,0.57772,0.57961,0.35963
2030-10-09 11:00:00,7098.76357,0.44629,0.57772,0.63367,0.34148
2030-10-09 12:00:00,7039.52116,0.32829,0.57772,0.69224,0.36498
2030-10-09 13:00:00,6980.27874,0.38648,0.57772,0.65416,0.42936
2030-10-09 14:00:00,6921.03633,0.44081,0.57772,0.61819,0.41139
2030-10-09 15:00:00,6980.27874,0.4503,0.57772,0.61915,0.3034
2030-10-09 16:00:00,7276.49082,0.48145,0.57772,0.63286,0.1601
2030-10-09 17:00:00,7631.94531,0.42961,0.72214,0.69827,0.07978
2030-10-09 18:00:00,7631.94531,0.42163,0.72214,0.70265,0.0
2030-10-09 19:00:00,7394.97565,0.41294,0.72214,0.68277,0.0
2030-10-09 20:00:00,7098.76357,0.36984,0.72214,0.67561,0.0
2030-10-09 21:00:00,6802.55149,0.27109,0.57772,0.69898,0.0
2030-10-09 22:00:00,6506.33942,0.32989,0.57772,0.63592,0.0
2030-10-09 23:00:00,6210.12734,0.45058,0.57772,0.5389,0.0
2030-10-10 00:00:00,5908.40547,0.38684,0.5793,0.54249,0.0
2030-10-10 01:00:00,5733.37624,0.38405,0.5793,0.52581,0.0
2030-10-10 02:00:00,5616.69008,0.46702,0.5793,0.46817,0.0
2030-10-10 03:00:00,5558.347,0.42483,0.5793,0.48525,0.0
2030-10-10 04:00:00,5558.347,0.37861,0.5793,0.5106,0.0
2030-10-10 05:00:00,5675.03316,0.36798,0.5793,0.52856,0.0
2030-10-10 06:00:00,6025.09163,0.37155,0.5793,0.56301,0.0
2030-10-10 07:00:00,6550.17935,0.34879,0.5793,0.63011,0.0197
2030-10-10 08:00:00,6958.58091,0.28699,0.5793,0.70648,0.11407
2030-10-10 09:00:00,7075.26707,0.28195,0.5793,0.72139,0.12027
2030-10-10 10:00:00,7075.26707,0.21268,0.5793,0.75939,0.16016
2030-10-10 11:00:00,7016.92399,0.22781,0.5793,0.74502,0.16833
2030-10-10 12:00:00,6958.58091,0.26212,0.5793,0.72013,0.23124
2030-10-10 13:00:00,6900.23783,0.14111,0.5793,0.78044,0.29184
2030-10-10 14:00:00,6841.89475,0.11876,0.5793,0.78664,0.31815
2030-10-10 15:00:00,6900.23783,0.13805,0.5793,0.78212,0.23094
2030-10-10 16:00:00,7191.95323,0.1305,0.5793,0.8166,0.17827
2030-10-10 17:00:00,7542.0117,0.19306,0.72412,0.81869,0.07621
2030-10-10 18:00:00,7542.0117,0.3722,0.72412,0.72041,0.0
2030-10-10 19:00:00,7308.63938,0.32564,0.72412,0.72169,0.0
2030-10-10 20:00:00,7016.92399,0.35543,0.72412,0.675,0.0
2030-10-10 21:00:00,6725.20859,0.26509,0.5793,0.69423,0.0
2030-10-10 22:00:00,6433.49319,0.20586,0.5793,0.69638,0.0
2030-10-10 23:00:00,6141.77779,0.26491,0.5793,0.63365,0.0
2030-10-11 00:00:00,5871.36757,0.29745,0.58088,0.58768,0.0
2030-10-11 01:00:00,5697.88157,0.38481,0.58088,0.52171,0.0
2030-10-11 02:00:00,5582.22425,0.43343,0.58088,0.48301,0.0
2030-10-11 03:00:00,5524.39558,0.40948,0.58088,0.49013,0.0
2030-10-11 04:00:00,5524.39558,0.48501,0.58088,0.4487,0.0
2030-10-11 05:00:00,5640.05291,0.48194,0.58088,0.46241,0.0
2030-10-11 06:00:00,5987.02489,0.38327,0.58088,0.55262,0.0
2030-10-11 07:00:00,6507.48287,0.46508,0.58088,0.56187,0.00685
2030-10-11 08:00:00,6912.28352,0.24395,0.58088,0.72528,0.07926
2030-10-11 09:00:00,7027.94085,0.1903,0.58088,0.76674,0.22415
2030-10-11 10:00:00,7027.94085,0.30998,0.58088,0.70109,0.28063
2030-10-11 11:00:00,6970.11218,0.54134,0.58088,0.56814,0.23817
2030-10-11 12:00:00,6912.28352,0.48957,0.58088,0.59054,0.3137
2030-10-11 13:00:00,6854.45486,0.43568,0.58088,0.61408,0.346
2030-10-11 14:00:00,6796.62619,0.25898,0.58088,0.70501,0.27202
2030-10-11 15:00:00,6854.45486,0.38667,0.58088,0.64097,0.18614
2030-10-11 16:00:00,7143.59818,0.33768,0.58088,0.69792,0.0809
2030-10-11 17:00:00,7490.57016,0.42714,0.7261,0.68493,0.04367
2030-10-11 18:00:00,7490.57016,0.34367,0.7261,0.73071,0.0
2030-10-11 19:00:00,7259.25551,0.47277,0.7261,0.63583,0.0
2030-10-11 20:00:00,6970.11218,0.27428,0.7261,0.71466,0.0
2030-10-11 21:00:00,6680.96886,0.31506,0.58088,0.66222,0.0
2030-10-11 22:00:00,6391.82554,0.24658,0.58088,0.66971,0.0
2030-10-11 23:00:00,6102.68222,0.33504,0.58088,0.59111,0.0
2030-10-12 00:00:00,5391.14614,0.45192,0.58247,0.45299,0.0
2030-10-12 01:00:00,5237.66938,0.35326,0.58247,0.49115,0.0
2030-10-12 02:00:00,5135.35153,0.35925,0.58247,0.47723,0.0
2030-10-12 03:00:00,5084.19261,0.41136,0.58247,0.44332,0.0
2030-10-12 04:00:00,5084.19261,0.46656,0.58247,0.41304,0.0
2030-10-12 05:00:00,5186.51045,0.63003,0.58247,0.334,0.0
2030-10-12 06:00:00,5493.46399,0.63614,0.58247,0.36257,0.0
2030-10-12 07:00:00,5953.89429,0.61391,0.58247,0.42265,0.00959
2030-10-12 08:00:00,6312.00674,0.60602,0.58247,0.46422,0.05636
2030-10-12 09:00:00,6414.32459,0.67376,0.58247,0.4377,0.11242
2030-10-12 10:00:00,6414.32459,0.59507,0.58247,0.48087,0.22306
2030-10-12 11:00:00,6363.16566,0.54581,0.58247,0.50257,0.33651
2030-10-12 12:00:00,6312.00674,0.56954,0.58247,0.48423,0.38174
2030-10-12 13:00:00,6260.84782,0.55725,0.58247,0.48566,0.41726
2030-10-12 14:00:00,6209.6889,0.45253,0.58247,0.53779,0.29265
2030-10-12 15:00:00,6260.84782,0.39036,0.58247,0.57721,0.2345
2030-10-12 16:00:00,6516.64243,0.34102,0.58247,0.63088,0.16579
2030-10-12 17:00:00,6823.59596,0.34256,0.72808,0.66196,0.07032
2030-10-12 18:00:00,6823.59596,0.39494,0.72808,0.63322,0.0
2030-10-12 19:00:00,6618.96027,0.43242,0.72808,0.59138,0.0
2030-10-12 20:00:00,6363.16566,0.33463,0.72808,0.61843,0.0
2030-10-12 21:00:00,6107.37105,0.33192,0.58247,0.59331,0.0
2030-10-12 22:00:00,5851.57644,0.3735,0.58247,0.5439,0.0
2030-10-12 23:00:00,5595.78183,0.36877,0.58247,0.51989,0.0
2030-10-13 00:00:00,5340.33429,0.25336,0.58405,0.55664,0.0
2030-10-13 01:00:00,5188.97469,0.32395,0.58405,0.50217,0.0
2030-10-13 02:00:00,5088.06828,0.44233,0.58405,0.42673,0.0
2030-10-13 03:00:00,5037.61508,0.38685,0.58405,0.45192,0.0
2030-10-13 04:00:00,5037.61508,0.3837,0.58405,0.45365,0.0
2030-10-13 05:00:00,5138.52148,0.41769,0.58405,0.4455,0.0
2030-10-13 06:00:00,5441.2407,0.45888,0.58405,0.45438,0.0
2030-10-13 07:00:00,5895.31951,0.44502,0.58405,0.50921,0.0105
2030-10-13 08:00:00,6248.49193,0.43939,0.58405,0.54903,0.07607
2030-10-13 09:00:00,6349.39833,0.34704,0.58405,0.61019,0.1204
2030-10-13 10:00:00,6349.39833,0.33551,0.58405,0.61651,0.13645
2030-10-13 11:00:00,6298.94513,0.40003,0.58405,0.57587,0.16447
2030-10-13 12:00:00,6248.49193,0.51554,0.58405,0.50726,0.33546
2030-10-13 13:00:00,6198.03873,0.41446,0.58405,0.55746,0.26651
2030-10-13 14:00:00,6147.58552,0.40101,0.58405,0.55959,0.15929
2030-10-13 15:00:00,6198.03873,0.46174,0.58405,0.53152,0.08198
2030-10-13 16:00:00,6450.30474,0.45929,0.58405,0.5591,0.10052
2030-10-13 17:00:00,6753.02395,0.29565,0.73007,0.68035,0.03469
2030-10-13 18:00:00,6753.02395,0.20134,0.73007,0.73209,0.0
2030-10-13 19:00:00,6551.21114,0.19922,0.73007,0.71227,0.0
2030-10-13 20:00:00,6298.94513,0.24976,0.73007,0.65831,0.0
2030-10-13 21:00:00,6046.67912,0.26071,0.58405,0.62606,0.0
2030-10-13 22:00:00,5794.41311,0.28882,0.58405,0.58441,0.0
2030-10-13 23:00:00,5542.1471,0.30734,0.58405,0.54801,0.0
2030-10-14 00:00:00,5922.76599,0.17399,0.58564,0.66075,0.0
2030-10-14 01:00:00,5747.13839,0.18717,0.58564,0.63526,0.0
2030-10-14 02:00:00,5630.05333,0.20028,0.58564,0.61589,0.0
2030-10-14 03:00:00,5571.5108,0.15874,0.58564,0.63259,0.0
2030-10-14 04:00:00,5571.5108,0.21953,0.58564,0.59924,0.0
2030-10-14 05:00:00,5688.59586,0.2508,0.58564,0.59426,0.0
2030-10-14 06:00:00,6039.85105,0.17883,0.58564,0.67027,0.0
2030-10-14 07:00:00,6566.73383,0.15009,0.58564,0.74084,0.00652
2030-10-14 08:00:00,6976.53154,0.12118,0.58564,0.79932,0.03117
2030-10-14 09:00:00,7093.61661,0.07049,0.58564,0.8393,0.03733
2030-10-14 10:00:00,7093.61661,0.12782,0.58564,0.80785,0.073
2030-10-14 11:00:00,7035.07408,0.14903,0.58564,0.79012,0.07467
2030-10-14 12:00:00,6976.53154,0.17361,0.58564,0.77055,0.06127
2030-10-14 13:00:00,6917.98901,0.11801,0.58564,0.79497,0.10341
2030-10-14 14:00:00,6859.44648,0.18691,0.58564,0.75108,0.10635
2030-10-14 15:00:00,6917.98901,0.16891,0.58564,0.76704,0.08063
2030-10-14 16:00:00,7210.70167,0.09112,0.58564,0.84016,0.07056
2030-10-14 17:00:00,7561.95686,0.12502,0.73206,0.85809,0.02076
2030-10-14 18:00:00,7561.95686,0.16156,0.73206,0.83805,0.0
2030-10-14 19:00:00,7327.78673,0.18309,0.73206,0.80188,0.0
2030-10-14 20:00:00,7035.07408,0.17543,0.73206,0.77564,0.0
2030-10-14 21:00:00,6742.36142,0.1905,0.58564,0.73693,0.0
2030-10-14 22:00:00,6449.64876,0.25095,0.58564,0.67333,0.0
2030-10-14 23:00:00,6156.93611,0.34944,0.58564,0.58885,0.0
2030-10-15 00:00:00,5974.50151,0.22438,0.58723,0.63849,0.0
2030-10-15 01:00:00,5796.71827,0.2838,0.58723,0.5874,0.0
2030-10-15 02:00:00,5678.19611,0.18677,0.58723,0.6283,0.0
2030-10-15 03:00:00,5618.93503,0.1867,0.58723,0.62218,0.0
2030-10-15 04:00:00,5618.93503,0.21802,0.58723,0.605,0.0
2030-10-15 05:00:00,5737.45719,0.18035,0.58723,0.63799,0.0
2030-10-15 06:00:00,6093.02367,0.27367,0.58723,0.62378,0.0
2030-10-15 07:00:00,6626.37339,0.27722,0.58723,0.6773,0.01073
2030-10-15 08:00:00,7041.20095,0.24086,0.58723,0.74038,0.17013
2030-10-15 09:00:00,7159.72311,0.48017,0.58723,0.62143,0.22228
2030-10-15 10:00:00,7159.72311,0.226,0.58723,0.76086,0.28446
2030-10-15 11:00:00,7100.46203,0.22596,0.58723,0.75472,0.21344
2030-10-15 12:00:00,7041.20095,0.14379,0.58723,0.79363,0.26937
2030-10-15 13:00:00,6981.93987,0.2063,0.58723,0.75318,0.1772
2030-10-15 14:00:00,6922.67879,0.12416,0.58723,0.79208,0.12279
2030-10-15 15:00:00,6981.93987,0.11112,0.58723,0.8054,0.09441
2030-10-15 16:00:00,7278.24527,0.09517,0.58723,0.84496,0.05135
2030-10-15 17:00:00,7633.81175,0.11359,0.73404,0.87184,0.02134
2030-10-15 18:00:00,7633.81175,0.08075,0.73404,0.88985,0.0
2030-10-15 19:00:00,7396.76743,0.07444,0.73404,0.86866,0.0
2030-10-15 20:00:00,7100.46203,0.06923,0.73404,0.84071,0.0
2030-10-15 21:00:00,6804.15663,0.11342,0.58723,0.78565,0.0
2030-10-15 22:00:00,6507.85123,0.10436,0.58723,0.7598,0.0
2030-10-15 23:00:00,6211.54583,0.08718,0.58723,0.73841,0.0
2030-10-16 00:00:00,6001.15253,0.08952,0.58883,0.71524,0.0
2030-10-16 01:00:00,5822.25883,0.0267,0.58883,0.7311,0.0
2030-10-16 02:00:00,5702.99637,0.0204,0.58883,0.72215,0.0
2030-10-16 03:00:00,5643.36513,0.02418,0.58883,0.71388,0.0
2030-10-16 04:00:00,5643.36513,0.01687,0.58883,0.71789,0.0
2030-10-16 05:00:00,5762.6276,0.01559,0.58883,0.73099,0.0
2030-10-16 06:00:00,6120.415,0.01604,0.58883,0.76796,0.0
2030-10-16 07:00:00,6657.0961,0.01134,0.58883,0.82635,0.0006
2030-10-16 08:00:00,7074.51473,0.02184,0.58883,0.864,0.0628
2030-10-16 09:00:00,7193.7772,0.01354,0.58883,0.88096,0.12923
2030-10-16 10:00:00,7193.7772,0.00744,0.58883,0.8843,0.20545
2030-10-16 11:00:00,7134.14596,0.00875,0.58883,0.87739,0.24984
2030-10-16 12:00:00,7074.51473,0.01813,0.58883,0.86604,0.27153
2030-10-16 13:00:00,7014.8835,0.01095,0.58883,0.86378,0.22358
2030-10-16 14:00:00,6955.25226,0.01221,0.58883,0.85688,0.19772
2030-10-16 15:00:00,7014.8835,0.01426,0.58883,0.86196,0.22777
2030-10-16 16:00:00,7313.03966,0.0075,0.58883,0.89667,0.1576
2030-10-16 17:00:00,7670.82706,0.01524,0.73603,0.92964,0.10295
2030-10-16 18:00:00,7670.82706,0.02433,0.73603,0.92465,0.0
2030-10-16 19:00:00,7432.30213,0.00838,0.73603,0.9086,0.0
2030-10-16 20:00:00,7134.14596,0.00813,0.73603,0.87773,0.0
2030-10-16 21:00:00,6835.9898,0.01648,0.58883,0.84214,0.0
2030-10-16 22:00:00,6537.83363,0.01515,0.58883,0.81186,0.0
2030-10-16 23:00:00,6239.67747,0.01369,0.58883,0.78165,0.0
2030-10-17 00:00:00,5925.36765,0.02732,0.59042,0.74148,0.0
2030-10-17 01:00:00,5749.63166,0.03681,0.59042,0.71801,0.0
2030-10-17 02:00:00,5632.47433,0.0372,0.59042,0.70561,0.0
2030-10-17 03:00:00,5573.89566,0.05653,0.59042,0.68891,0.0
2030-10-17 04:00:00,5573.89566,0.10517,0.59042,0.66223,0.0
2030-10-17 05:00:00,5691.05299,0.08706,0.59042,0.68435,0.0
2030-10-17 06:00:00,6042.52499,0.09411,0.59042,0.71703,0.0
2030-10-17 07:00:00,6569.73297,0.15417,0.59042,0.73891,0.00033
2030-10-17 08:00:00,6979.78363,0.11329,0.59042,0.80398,0.08784
2030-10-17 09:00:00,7096.94096,0.10711,0.59042,0.81956,0.15679
2030-10-17 10:00:00,7096.94096,0.14854,0.59042,0.79683,0.26272
2030-10-17 11:00:00,7038.3623,0.10897,0.59042,0.81244,0.27623
2030-10-17 12:00:00,6979.78363,0.06805,0.59042,0.8288,0.27733
2030-10-17 13:00:00,6921.20497,0.13228,0.59042,0.78747,0.19899
2030-10-17 14:00:00,6862.6263,0.15287,0.59042,0.77008,0.18886
2030-10-17 15:00:00,6921.20497,0.13281,0.59042,0.78718,0.14581
2030-10-17 16:00:00,7214.09829,0.07565,0.59042,0.849,0.08636
2030-10-17 17:00:00,7565.57029,0.08059,0.73802,0.88284,0.01924
2030-10-17 18:00:00,7565.57029,0.05575,0.73802,0.89647,0.0
2030-10-17 19:00:00,7331.25562,0.06578,0.73802,0.8666,0.0
2030-10-17 20:00:00,7038.3623,0.03107,0.73802,0.85518,0.0
2030-10-17 21:00:00,6745.46897,0.03024,0.59042,0.82517,0.0
2030-10-17 22:00:00,6452.57564,0.03428,0.59042,0.7925,0.0
2030-10-17 23:00:00,6159.68232,0.07831,0.59042,0.73788,0.0
2030-10-18 00:00:00,5944.3539,0.07773,0.59201,0.71581,0.0
2030-10-18 01:00:00,5767.82681,0.10697,0.59201,0.6814,0.0
2030-10-18 02:00:00,5650.14208,0.08636,0.59201,0.68047,0.0
2030-10-18 03:00:00,5591.29972,0.16232,0.59201,0.63268,0.0
2030-10-18 04:00:00,5591.29972,0.08249,0.59201,0.67648,0.0
2030-10-18 05:00:00,5708.98444,0.04869,0.59201,0.70726,0.0
2030-10-18 06:00:00,6062.03862,0.08095,0.59201,0.72628,0.0
2030-10-18 07:00:00,6591.61989,0.10662,0.59201,0.76727,2e-05
2030-10-18 08:00:00,7003.51643,0.06344,0.59201,0.8338,0.02054
2030-10-18 09:00:00,7121.20116,0.05457,0.59201,0.8509,0.04524
2030-10-18 10:00:00,7121.20116,0.04415,0.59201,0.85662,0.14284
2030-10-18 11:00:00,7062.3588,0.06785,0.59201,0.8375,0.12638
2030-10-18 12:00:00,7003.51643,0.04861,0.59201,0.84193,0.13292
2030-10-18 13:00:00,6944.67407,0.03689,0.59201,0.84224,0.16583
2030-10-18 14:00:00,6885.83171,0.06378,0.59201,0.82137,0.15504
2030-10-18 15:00:00,6944.67407,0.06254,0.59201,0.82817,0.09004
2030-10-18 16:00:00,7238.88589,0.09825,0.59201,0.83918,0.04256
2030-10-18 17:00:00,7591.94006,0.10577,0.74001,0.87177,0.01485
2030-10-18 18:00:00,7591.94006,0.16187,0.74001,0.84099,0.0
2030-10-18 19:00:00,7356.57061,0.13362,0.74001,0.83202,0.0
2030-10-18 20:00:00,7062.3588,0.12249,0.74001,0.80752,0.0
2030-10-18 21:00:00,6768.14698,0.12711,0.59201,0.77439,0.0
2030-10-18 22:00:00,6473.93516,0.14533,0.59201,0.7338,0.0
2030-10-18 23:00:00,6179.72335,0.15266,0.59201,0.69918,0.0
2030-10-19 00:00:00,5473.22876,0.17315,0.5936,0.61446,0.0
2030-10-19 01:00:00,5316.33189,0.10016,0.5936,0.63819,0.0
2030-10-19 02:00:00,5211.73397,0.11463,0.5936,0.61937,0.0
2030-10-19 03:00:00,5159.43501,0.08367,0.5936,0.63092,0.0
2030-10-19 04:00:00,5159.43501,0.21646,0.5936,0.55807,0.0
2030-10-19 05:00:00,5264.03293,0.31216,0.5936,0.51644,0.0
2030-10-19 06:00:00,5577.82668,0.14648,0.5936,0.63997,0.0
2030-10-19 07:00:00,6048.51731,0.09201,0.5936,0.7188,0.0
2030-10-19 08:00:00,6414.61002,0.13521,0.5936,0.73318,0.1167
2030-10-19 09:00:00,6519.20793,0.14073,0.5936,0.74103,0.15036
2030-10-19 10:00:00,6519.20793,0.19491,0.5936,0.71131,0.1871
2030-10-19 11:00:00,6466.90897,0.2258,0.5936,0.68892,0.24015
2030-10-19 12:00:00,6414.61002,0.22454,0.5936,0.68417,0.24385
2030-10-19 13:00:00,6362.31106,0.24111,0.5936,0.66965,0.26346
2030-10-19 14:00:00,6310.0121,0.29943,0.5936,0.63221,0.1464
2030-10-19 15:00:00,6362.31106,0.20463,0.5936,0.68966,0.08338
2030-10-19 16:00:00,6623.80585,0.25001,0.5936,0.69196,0.04867
2030-10-19 17:00:00,6937.5996,0.23876,0.742,0.73076,0.01425
2030-10-19 18:00:00,6937.5996,0.19996,0.742,0.75205,0.0
2030-10-19 19:00:00,6728.40377,0.17296,0.742,0.7451,0.0
2030-10-19 20:00:00,6466.90897,0.15218,0.742,0.72931,0.0
2030-10-19 21:00:00,6205.41418,0.2196,0.5936,0.66513,0.0
2030-10-19 22:00:00,5943.91939,0.24559,0.5936,0.62367,0.0
2030-10-19 23:00:00,5682.4246,0.23917,0.5936,0.6,0.0
2030-10-20 00:00:00,5321.65734,0.20413,0.59518,0.5817,0.0
2030-10-20 01:00:00,5171.07594,0.13473,0.59518,0.60412,0.0
2030-10-20 02:00:00,5070.68834,0.09157,0.59518,0.61736,0.0
2030-10-20 03:00:00,5020.49454,0.08571,0.59518,0.61535,0.0
2030-10-20 04:00:00,5020.49454,0.05367,0.59518,0.63293,0.0
2030-10-20 05:00:00,5120.88214,0.06441,0.59518,0.63748,0.0
2030-10-20 06:00:00,5422.04494,0.07586,0.59518,0.66252,0.0
2030-10-20 07:00:00,5873.78914,0.12613,0.59518,0.68191,0.0
2030-10-20 08:00:00,6225.14574,0.13535,0.59518,0.7134,0.09426
2030-10-20 09:00:00,6325.53334,0.15374,0.59518,0.71375,0.18518
2030-10-20 10:00:00,6325.53334,0.15701,0.59518,0.71195,0.20924
2030-10-20 11:00:00,6275.33954,0.11222,0.59518,0.73131,0.14881
2030-10-20 12:00:00,6225.14574,0.11288,0.59518,0.72573,0.18539
2030-10-20 13:00:00,6174.95194,0.15052,0.59518,0.69986,0.20445
2030-10-20 14:00:00,6124.75814,0.09694,0.59518,0.72403,0.15957
2030-10-20 15:00:00,6174.95194,0.09372,0.59518,0.73102,0.12766
2030-10-20 16:00:00,6425.92094,0.11798,0.59518,0.74381,0.05915
2030-10-20 17:00:00,6727.08374,0.12327,0.74398,0.77222,0.0134
2030-10-20 18:00:00,6727.08374,0.13627,0.74398,0.76509,0.0
2030-10-20 19:00:00,6526.30854,0.12456,0.74398,0.75064,0.0
2030-10-20 20:00:00,6275.33954,0.08183,0.74398,0.74798,0.0
2030-10-20 21:00:00,6024.37054,0.1336,0.59518,0.69348,0.0
2030-10-20 22:00:00,5773.40154,0.27383,0.59518,0.59045,0.0
2030-10-20 23:00:00,5522.43254,0.39062,0.59518,0.50028,0.0
2030-10-21 00:00:00,5834.38953,0.34962,0.59677,0.55521,0.0
2030-10-21 01:00:00,5662.44429,0.21072,0.59677,0.61353,0.0
2030-10-21 02:00:00,5547.81413,0.22347,0.59677,0.59461,0.0
2030-10-21 03:00:00,5490.49905,0.3114,0.59677,0.54041,0.0
2030-10-21 04:00:00,5490.49905,0.30547,0.59677,0.54367,0.0
2030-10-21 05:00:00,5605.12921,0.24269,0.59677,0.59003,0.0
2030-10-21 06:00:00,5949.0197,0.23505,0.59677,0.62999,0.0
2030-10-21 07:00:00,6464.85542,0.3075,0.59677,0.64389,0.0
2030-10-21 08:00:00,6866.06098,0.37519,0.59677,0.64847,0.06707
2030-10-21 09:00:00,6980.69114,0.25675,0.59677,0.72537,0.08623
2030-10-21 10:00:00,6980.69114,0.29798,0.59677,0.70275,0.11808
2030-10-21 11:00:00,6923.37606,0.34566,0.59677,0.67063,0.17382
2030-10-21 12:00:00,6866.06098,0.29485,0.59677,0.69255,0.16084
2030-10-21 13:00:00,6808.7459,0.42867,0.59677,0.61317,0.14521
2030-10-21 14:00:00,6751.43082,0.37497,0.59677,0.63668,0.16468
2030-10-21 15:00:00,6808.7459,0.33763,0.59677,0.66312,0.17761
2030-10-21 16:00:00,7095.3213,0.47063,0.59677,0.61996,0.125
2030-10-21 17:00:00,7439.21179,0.41023,0.74596,0.68886,0.0466
2030-10-21 18:00:00,7439.21179,0.39464,0.74596,0.69741,0.0
2030-10-21 19:00:00,7209.95146,0.22167,0.74596,0.76846,0.0
2030-10-21 20:00:00,6923.37606,0.12227,0.74596,0.79319,0.0
2030-10-21 21:00:00,6636.80066,0.12174,0.59677,0.76368,0.0
2030-10-21 22:00:00,6350.22526,0.18447,0.59677,0.69946,0.0
2030-10-21 23:00:00,6063.64986,0.15347,0.59677,0.68666,0.0
2030-10-22 00:00:00,5863.42758,0.16915,0.59835,0.65724,0.0
2030-10-22 01:00:00,5690.27242,0.16273,0.59835,0.64275,0.0
2030-10-22 02:00:00,5574.83565,0.1686,0.59835,0.62752,0.0
2030-10-22 03:00:00,5517.11726,0.18295,0.59835,0.61365,0.0
2030-10-22 04:00:00,5517.11726,0.35885,0.59835,0.51715,0.0
2030-10-22 05:00:00,5632.55403,0.47514,0.59835,0.46536,0.0
2030-10-22 06:00:00,5978.86435,0.58991,0.59835,0.43841,0.0
2030-10-22 07:00:00,6498.32983,0.67002,0.59835,0.44849,0.0
2030-10-22 08:00:00,6902.35854,0.69949,0.59835,0.47434,0.12775
2030-10-22 09:00:00,7017.79531,0.54061,0.59835,0.57351,0.21145
2030-10-22 10:00:00,7017.79531,0.564,0.59835,0.56068,0.27768
2030-10-22 11:00:00,6960.07692,0.46651,0.59835,0.60815,0.31423
2030-10-22 12:00:00,6902.35854,0.38732,0.59835,0.6456,0.46883
2030-10-22 13:00:00,6844.64015,0.21698,0.59835,0.73304,0.53528
2030-10-22 14:00:00,6786.92176,0.13127,0.59835,0.77406,0.4507
2030-10-22 15:00:00,6844.64015,0.08297,0.59835,0.80656,0.31312
2030-10-22 16:00:00,7133.23208,0.07652,0.59835,0.84011,0.20088
2030-10-22 17:00:00,7479.5424,0.12789,0.74794,0.84795,0.05223
2030-10-22 18:00:00,7479.5424,0.09815,0.74794,0.86426,0.0
2030-10-22 19:00:00,7248.66886,0.10743,0.74794,0.83516,0.0
2030-10-22 20:00:00,6960.07692,0.10397,0.74794,0.80705,0.0
2030-10-22 21:00:00,6671.48499,0.06752,0.59835,0.79703,0.0
2030-10-22 22:00:00,6382.89306,0.11223,0.59835,0.74249,0.0
2030-10-22 23:00:00,6094.30113,0.07579,0.59835,0.73246,0.0
2030-10-23 00:00:00,5863.12119,0.05776,0.59993,0.71831,0.0
2030-10-23 01:00:00,5689.9788,0.05897,0.59993,0.69965,0.0
2030-10-23 02:00:00,5574.55054,0.06954,0.59993,0.68184,0.0
2030-10-23 03:00:00,5516.8364,0.06939,0.59993,0.67592,0.0
2030-10-23 04:00:00,5516.8364,0.09086,0.59993,0.66414,0.0
2030-10-23 05:00:00,5632.26467,0.12314,0.59993,0.65844,0.0
2030-10-23 06:00:00,5978.54945,0.07647,0.59993,0.72005,0.0
2030-10-23 07:00:00,6497.97663,0.10447,0.59993,0.75871,0.0
2030-10-23 08:00:00,6901.97555,0.14821,0.59993,0.77673,0.03819
2030-10-23 09:00:00,7017.40382,0.13032,0.59993,0.79855,0.08086
2030-10-23 10:00:00,7017.40382,0.08451,0.59993,0.82368,0.11474
2030-10-23 11:00:00,6959.68968,0.15653,0.59993,0.77817,0.14692
2030-10-23 12:00:00,6901.97555,0.17549,0.59993,0.76177,0.13949
2030-10-23 13:00:00,6844.26142,0.30563,0.59993,0.68437,0.16692
2030-10-23 14:00:00,6786.54729,0.22744,0.59993,0.72126,0.1964
2030-10-23 15:00:00,6844.26142,0.20361,0.59993,0.74034,0.18377
2030-10-23 16:00:00,7132.83208,0.36054,0.59993,0.68426,0.09799
2030-10-23 17:00:00,7479.11686,0.44615,0.74992,0.6733,0.0334
2030-10-23 18:00:00,7479.11686,0.51542,0.74992,0.6353,0.0
2030-10-23 19:00:00,7248.26034,0.39359,0.74992,0.67813,0.0
2030-10-23 20:00:00,6959.68968,0.42427,0.74992,0.63129,0.0
2030-10-23 21:00:00,6671.11903,0.49393,0.59993,0.56306,0.0
2030-10-23 22:00:00,6382.54837,0.44008,0.59993,0.56259,0.0
2030-10-23 23:00:00,6093.97772,0.5337,0.59993,0.48122,0.0
2030-10-24 00:00:00,6160.12585,0.50822,0.60151,0.50208,0.0
2030-10-24 01:00:00,5974.60826,0.55867,0.60151,0.45511,0.0
2030-10-24 02:00:00,5850.92987,0.65303,0.60151,0.39048,0.0
2030-10-24 03:00:00,5789.09068,0.6587,0.60151,0.38094,0.0
2030-10-24 04:00:00,5789.09068,0.68879,0.60151,0.36443,0.0
2030-10-24 05:00:00,5912.76907,0.63682,0.60151,0.40581,0.0
2030-10-24 06:00:00,6283.80424,0.60663,0.60151,0.46095,0.0
2030-10-24 07:00:00,6840.35701,0.38526,0.60151,0.64028,0.0
2030-10-24 08:00:00,7273.23138,0.27315,0.60151,0.7468,0.03539
2030-10-24 09:00:00,7396.90977,0.2763,0.60151,0.75794,0.08724
2030-10-24 10:00:00,7396.90977,0.39092,0.60151,0.69505,0.17135
2030-10-24 11:00:00,7335.07057,0.38998,0.60151,0.68914,0.10898
2030-10-24 12:00:00,7273.23138,0.44403,0.60151,0.65305,0.14792
2030-10-24 13:00:00,7211.39218,0.47037,0.60151,0.63218,0.21414
2030-10-24 14:00:00,7149.55299,0.2975,0.60151,0.72058,0.26235
2030-10-24 15:00:00,7211.39218,0.41402,0.60151,0.66309,0.22881
2030-10-24 16:00:00,7520.58816,0.5506,0.60151,0.62031,0.17233
2030-10-24 17:00:00,7891.62334,0.72553,0.75189,0.56294,0.03556
2030-10-24 18:00:00,7891.62334,0.77357,0.75189,0.53658,0.0
2030-10-24 19:00:00,7644.26655,0.65638,0.75189,0.57515,0.0
2030-10-24 20:00:00,7335.07057,0.67224,0.75189,0.53429,0.0
2030-10-24 21:00:00,7025.87459,0.67474,0.60151,0.50076,0.0
2030-10-24 22:00:00,6716.67862,0.66118,0.60151,0.47604,0.0
2030-10-24 23:00:00,6407.48264,0.6608,0.60151,0.4441,0.0
2030-10-25 00:00:00,5886.14009,0.69206,0.60309,0.37273,0.0
2030-10-25 01:00:00,5712.03857,0.74485,0.60309,0.32566,0.0
2030-10-25 02:00:00,5595.9709,0.79289,0.60309,0.28724,0.0
2030-10-25 03:00:00,5537.93706,0.61047,0.60309,0.38128,0.0
2030-10-25 04:00:00,5537.93706,0.6997,0.60309,0.33232,0.0
2030-10-25 05:00:00,5654.00474,0.72603,0.60309,0.32995,0.0
2030-10-25 06:00:00,6002.20776,0.74699,0.60309,0.35467,0.0
2030-10-25 07:00:00,6524.51231,0.68254,0.60309,0.44434,0.0
2030-10-25 08:00:00,6930.74917,0.64732,0.60309,0.50591,0.05708
2030-10-25 09:00:00,7046.81685,0.67452,0.60309,0.50306,0.14943
2030-10-25 10:00:00,7046.81685,0.68181,0.60309,0.49906,0.22429
2030-10-25 11:00:00,6988.78301,0.69075,0.60309,0.48812,0.29333
2030-10-25 12:00:00,6930.74917,0.58524,0.60309,0.53997,0.27902
2030-10-25 13:00:00,6872.71534,0.45275,0.60309,0.60662,0.27012
2030-10-25 14:00:00,6814.6815,0.55967,0.60309,0.54193,0.21817
2030-10-25 15:00:00,6872.71534,0.50132,0.60309,0.57997,0.15586
2030-10-25 16:00:00,7162.88453,0.5298,0.60309,0.59453,0.13292
2030-10-25 17:00:00,7511.08756,0.5317,0.75386,0.6297,0.05674
2030-10-25 18:00:00,7511.08756,0.58261,0.75386,0.60177,0.0
2030-10-25 19:00:00,7278.9522,0.59591,0.75386,0.57033,0.0
2030-10-25 20:00:00,6988.78301,0.56613,0.75386,0.55649,0.0
2030-10-25 21:00:00,6698.61382,0.53456,0.60309,0.54363,0.0
2030-10-25 22:00:00,6408.44463,0.62688,0.60309,0.46281,0.0
2030-10-25 23:00:00,6118.27544,0.50301,0.60309,0.50058,0.0
2030-10-26 00:00:00,5422.58021,0.57784,0.60465,0.38718,0.0
2030-10-26 01:00:00,5267.79369,0.63199,0.60465,0.34138,0.0
2030-10-26 02:00:00,5164.60268,0.5649,0.60465,0.36745,0.0
2030-10-26 03:00:00,5113.00717,0.64475,0.60465,0.31828,0.0
2030-10-26 04:00:00,5113.00717,0.63674,0.60465,0.32268,0.0
2030-10-26 05:00:00,5216.19818,0.50943,0.60465,0.40325,0.0
2030-10-26 06:00:00,5525.77122,0.46426,0.60465,0.46022,0.0
2030-10-26 07:00:00,5990.13078,0.32195,0.60465,0.58659,0.0
2030-10-26 08:00:00,6351.29933,0.40801,0.60465,0.57694,0.06358
2030-10-26 09:00:00,6454.49034,0.43749,0.60465,0.57149,0.14691
2030-10-26 10:00:00,6454.49034,0.49624,0.60465,0.53926,0.11392
2030-10-26 11:00:00,6402.89483,0.5289,0.60465,0.51598,0.1575
2030-10-26 12:00:00,6351.29933,0.3948,0.60465,0.58418,0.18391
2030-10-26 13:00:00,6299.70382,0.29496,0.60465,0.63359,0.13434
2030-10-26 14:00:00,6248.10831,0.27761,0.60465,0.63774,0.12762
2030-10-26 15:00:00,6299.70382,0.17341,0.60465,0.70027,0.0834
2030-10-26 16:00:00,6557.68135,0.14542,0.60465,0.74246,0.04614
2030-10-26 17:00:00,6867.25439,0.10816,0.75582,0.79509,0.01498
2030-10-26 18:00:00,6867.25439,0.09286,0.75582,0.80349,0.0
2030-10-26 19:00:00,6660.87236,0.0898,0.75582,0.7837,0.0
2030-10-26 20:00:00,6402.89483,0.05565,0.75582,0.77561,0.0
2030-10-26 21:00:00,6144.9173,0.03543,0.60465,0.75987,0.0
2030-10-26 22:00:00,5886.93977,0.03531,0.60465,0.73311,0.0
2030-10-26 23:00:00,5628.96224,0.02593,0.60465,0.71142,0.0
2030-10-27 00:00:00,5407.07841,0.07287,0.60622,0.66259,0.0
2030-10-27 01:00:00,5252.9378,0.12239,0.60622,0.6194,0.0
2030-10-27 02:00:00,5150.17739,0.1495,0.60622,0.59384,0.0
2030-10-27 03:00:00,5098.79719,0.25265,0.60622,0.53191,0.0
2030-10-27 04:00:00,5098.79719,0.26784,0.60622,0.52358,0.0
2030-10-27 05:00:00,5201.55759,0.2922,0.60622,0.5209,0.0
2030-10-27 06:00:00,5509.83881,0.46758,0.60622,0.45675,0.0
2030-10-27 07:00:00,5972.26065,0.52801,0.60622,0.47169,0.0
2030-10-27 08:00:00,6331.92207,0.55952,0.60622,0.4918,0.07503
2030-10-27 09:00:00,6434.68248,0.39511,0.60622,0.59269,0.10779
2030-10-27 10:00:00,6434.68248,0.50596,0.60622,0.53187,0.12496
2030-10-27 11:00:00,6383.30228,0.55111,0.60622,0.50176,0.1948
2030-10-27 12:00:00,6331.92207,0.61965,0.60622,0.45882,0.21851
2030-10-27 13:00:00,6280.54187,0.74439,0.60622,0.38504,0.21132
2030-10-27 14:00:00,6229.16167,0.65579,0.60622,0.4283,0.2138
2030-10-27 15:00:00,6280.54187,0.58499,0.60622,0.47248,0.1346
2030-10-27 16:00:00,6537.44289,0.50671,0.60622,0.54215,0.04648
2030-10-27 17:00:00,6845.72411,0.36093,0.75777,0.65418,0.01372
2030-10-27 18:00:00,6845.72411,0.33833,0.75777,0.66658,0.0
2030-10-27 19:00:00,6640.20329,0.34301,0.75777,0.64264,0.0
2030-10-27 20:00:00,6383.30228,0.41889,0.75777,0.5743,0.0
2030-10-27 21:00:00,6126.40126,0.46957,0.60622,0.51977,0.0
2030-10-27 22:00:00,5869.50024,0.38498,0.60622,0.53946,0.0
2030-10-27 23:00:00,5612.59922,0.40204,0.60622,0.50339,0.0
2030-10-28 00:00:00,6013.3857,0.35418,0.60778,0.57133,0.0
2030-10-28 01:00:00,5833.98228,0.39909,0.60778,0.52803,0.0
2030-10-28 02:00:00,5714.38001,0.31414,0.60778,0.56219,0.0
2030-10-28 03:00:00,5654.57887,0.27044,0.60778,0.57995,0.0
2030-10-28 04:00:00,5654.57887,0.22766,0.60778,0.60342,0.0
2030-10-28 05:00:00,5774.18114,0.28876,0.60778,0.58234,0.0
2030-10-28 06:00:00,6132.98797,0.35776,0.60778,0.5818,0.0
2030-10-28 07:00:00,6671.19822,0.24987,0.60778,0.69696,0.0
2030-10-28 08:00:00,7089.80618,0.21667,0.60778,0.75871,0.07101
2030-10-28 09:00:00,7209.40846,0.2416,0.60778,0.75747,0.11752
2030-10-28 10:00:00,7209.40846,0.15982,0.60778,0.80234,0.13214
2030-10-28 11:00:00,7149.60732,0.11678,0.60778,0.81973,0.26488
2030-10-28 12:00:00,7089.80618,0.15651,0.60778,0.79172,0.18737
2030-10-28 13:00:00,7030.00505,0.12157,0.60778,0.80466,0.16945
2030-10-28 14:00:00,6970.20391,0.20173,0.60778,0.75447,0.16447
2030-10-28 15:00:00,7030.00505,0.13757,0.60778,0.79588,0.09598
2030-10-28 16:00:00,7329.01074,0.12437,0.60778,0.83422,0.05787
2030-10-28 17:00:00,7687.81757,0.12566,0.75972,0.87083,0.0033
2030-10-28 18:00:00,7687.81757,0.16278,0.75972,0.85046,0.0
2030-10-28 19:00:00,7448.61301,0.18169,0.75972,0.81522,0.0
2030-10-28 20:00:00,7149.60732,0.08311,0.75972,0.8382,0.0
2030-10-28 21:00:00,6850.60163,0.0725,0.60778,0.81292,0.0
2030-10-28 22:00:00,6551.59594,0.06095,0.60778,0.78816,0.0
2030-10-28 23:00:00,6252.59025,0.01715,0.60778,0.7811,0.0
2030-10-29 00:00:00,5931.54506,0.0159,0.60933,0.74839,0.0
2030-10-29 01:00:00,5755.55167,0.01178,0.60933,0.73235,0.0
2030-10-29 02:00:00,5638.22274,0.0377,0.60933,0.70593,0.0
2030-10-29 03:00:00,5579.55828,0.05058,0.60933,0.69277,0.0
2030-10-29 04:00:00,5579.55828,0.02554,0.60933,0.7065,0.0
2030-10-29 05:00:00,5696.88721,0.01245,0.60933,0.72588,0.0
2030-10-29 06:00:00,6048.87398,0.02504,0.60933,0.75558,0.0
2030-10-29 07:00:00,6576.85415,0.07832,0.60933,0.78126,0.0
2030-10-29 08:00:00,6987.50538,0.07887,0.60933,0.82367,0.07449
2030-10-29 09:00:00,7104.83431,0.07202,0.60933,0.83963,0.11923
2030-10-29 10:00:00,7104.83431,0.08902,0.60933,0.8303,0.11227
2030-10-29 11:00:00,7046.16985,0.08741,0.60933,0.82509,0.10012
2030-10-29 12:00:00,6987.50538,0.10885,0.60933,0.80722,0.07025
2030-10-29 13:00:00,6928.84092,0.22827,0.60933,0.7356,0.08152
2030-10-29 14:00:00,6870.17646,0.19907,0.60933,0.74552,0.08555
2030-10-29 15:00:00,6928.84092,0.20975,0.60933,0.74577,0.10431
2030-10-29 16:00:00,7222.16323,0.24548,0.60933,0.75667,0.10175
2030-10-29 17:00:00,7574.15001,0.20153,0.76167,0.81739,0.01114
2030-10-29 18:00:00,7574.15001,0.23479,0.76167,0.79914,0.0
2030-10-29 19:00:00,7339.49216,0.14863,0.76167,0.82201,0.0
2030-10-29 20:00:00,7046.16985,0.27256,0.76167,0.72351,0.0
2030-10-29 21:00:00,6752.84753,0.26619,0.60933,0.6965,0.0
2030-10-29 22:00:00,6459.52522,0.33212,0.60933,0.62983,0.0
2030-10-29 23:00:00,6166.20291,0.35396,0.60933,0.58734,0.0
2030-10-30 00:00:00,5920.39352,0.2745,0.61088,0.60537,0.0
2030-10-30 01:00:00,5744.86478,0.31249,0.61088,0.56627,0.0
2030-10-30 02:00:00,5627.84562,0.34295,0.61088,0.53739,0.0
2030-10-30 03:00:00,5569.33604,0.48576,0.61088,0.45296,0.0
2030-10-30 04:00:00,5569.33604,0.5663,0.61088,0.40877,0.0
2030-10-30 05:00:00,5686.3552,0.45338,0.61088,0.48289,0.0
2030-10-30 06:00:00,6037.41268,0.37448,0.61088,0.56269,0.0
2030-10-30 07:00:00,6563.99891,0.43112,0.61088,0.58638,0.0
2030-10-30 08:00:00,6973.56597,0.59846,0.61088,0.53717,0.08048
2030-10-30 09:00:00,7090.58513,0.53355,0.61088,0.58495,0.16837
2030-10-30 10:00:00,7090.58513,0.48195,0.61088,0.61326,0.34732
2030-10-30 11:00:00,7032.07555,0.44003,0.61088,0.63017,0.20594
2030-10-30 12:00:00,6973.56597,0.5009,0.61088,0.59069,0.21537
2030-10-30 13:00:00,6915.05639,0.42387,0.61088,0.62687,0.17291
2030-10-30 14:00:00,6856.54681,0.36697,0.61088,0.652,0.12464
2030-10-30 15:00:00,6915.05639,0.26944,0.61088,0.71158,0.07841
2030-10-30 16:00:00,7207.60429,0.17417,0.61088,0.79428,0.02878
2030-10-30 17:00:00,7558.66177,0.23086,0.7636,0.79968,0.00073
2030-10-30 18:00:00,7558.66177,0.29097,0.7636,0.76671,0.0
2030-10-30 19:00:00,7324.62345,0.35651,0.7636,0.70641,0.0
2030-10-30 20:00:00,7032.07555,0.37973,0.7636,0.66325,0.0
2030-10-30 21:00:00,6739.52765,0.31152,0.61088,0.67025,0.0
2030-10-30 22:00:00,6446.97975,0.2956,0.61088,0.64856,0.0
2030-10-30 23:00:00,6154.43184,0.30784,0.61088,0.61141,0.0
2030-10-31 00:00:00,5996.18263,0.46579,0.61242,0.50831,0.0
2030-10-31 01:00:00,5817.49601,0.43984,0.61242,0.50396,0.0
2030-10-31 02:00:00,5698.3716,0.49133,0.61242,0.46332,0.0
2030-10-31 03:00:00,5638.80939,0.54939,0.61242,0.42528,0.0
2030-10-31 04:00:00,5638.80939,0.52198,0.61242,0.44031,0.0
2030-10-31 05:00:00,5757.93381,0.5298,0.61242,0.44841,0.0
2030-10-31 06:00:00,6115.30705,0.51592,0.61242,0.49319,0.0
2030-10-31 07:00:00,6651.36691,0.36597,0.61242,0.63121,0.0
2030-10-31 08:00:00,7068.30236,0.34616,0.61242,0.68544,0.02825
2030-10-31 09:00:00,7187.42677,0.23154,0.61242,0.76071,0.07802
2030-10-31 10:00:00,7187.42677,0.21686,0.61242,0.76876,0.12262
2030-10-31 11:00:00,7127.86456,0.2588,0.61242,0.73955,0.09649
2030-10-31 12:00:00,7068.30236,0.22434,0.61242,0.75227,0.21664
2030-10-31 13:00:00,7008.74015,0.17511,0.61242,0.77308,0.14025
2030-10-31 14:00:00,6949.17794,0.10714,0.61242,0.80417,0.17429
2030-10-31 15:00:00,7008.74015,0.12666,0.61242,0.79966,0.12581
2030-10-31 16:00:00,7306.55118,0.17566,0.61242,0.80375,0.06635
2030-10-31 17:00:00,7663.92442,0.304,0.76553,0.77051,0.00047
2030-10-31 18:00:00,7663.92442,0.30698,0.76553,0.76887,0.0
2030-10-31 19:00:00,7425.6756,0.34981,0.76553,0.7206,0.0
2030-10-31 20:00:00,7127.86456,0.17573,0.76553,0.78513,0.0
2030-10-31 21:00:00,6830.05353,0.16595,0.61242,0.75952,0.0
2030-10-31 22:00:00,6532.24249,0.14793,0.61242,0.73843,0.0
2030-10-31 23:00:00,6234.43146,0.1245,0.61242,0.72032,0.0
2030-11-01 00:00:00,6036.71709,0.22065,0.61396,0.64701,0.0
2030-11-01 01:00:00,5856.34153,0.1557,0.61396,0.66388,0.0
2030-11-01 02:00:00,5736.09116,0.10149,0.61396,0.68112,0.0
2030-11-01 03:00:00,5675.96598,0.06575,0.61396,0.69447,0.0
2030-11-01 04:00:00,5675.96598,0.04023,0.61396,0.70847,0.0
2030-11-01 05:00:00,5796.21635,0.05318,0.61396,0.71387,0.0
2030-11-01 06:00:00,6156.96746,0.03766,0.61396,0.7599,0.0
2030-11-01 07:00:00,6698.09413,0.01841,0.61396,0.82674,0.0
2030-11-01 08:00:00,7118.97042,0.01479,0.61396,0.87249,0.08229
2030-11-01 09:00:00,7239.2208,0.02983,0.61396,0.87675,0.16273
2030-11-01 10:00:00,7239.2208,0.04288,0.61396,0.86959,0.13558
2030-11-01 11:00:00,7179.09561,0.03054,0.61396,0.87011,0.14244
2030-11-01 12:00:00,7118.97042,0.05129,0.61396,0.85247,0.13699
2030-11-01 13:00:00,7058.84524,0.05083,0.61396,0.84647,0.09481
2030-11-01 14:00:00,6998.72005,0.03206,0.61396,0.85052,0.13458
2030-11-01 15:00:00,7058.84524,0.0193,0.61396,0.86377,0.10231
2030-11-01 16:00:00,7359.47117,0.05704,0.61396,0.87433,0.04925
2030-11-01 17:00:00,7720.22228,0.10265,0.76745,0.88682,0.00032
2030-11-01 18:00:00,7720.22228,0.09541,0.76745,0.89079,0.0
2030-11-01 19:00:00,7479.72154,0.09991,0.76745,0.86331,0.0
2030-11-01 20:00:00,7179.09561,0.10093,0.76745,0.83149,0.0
2030-11-01 21:00:00,6878.46968,0.1784,0.61396,0.75773,0.0
2030-11-01 22:00:00,6577.84376,0.23566,0.61396,0.69505,0.0
2030-11-01 23:00:00,6277.21783,0.17505,0.61396,0.69703,0.0
2030-11-02 00:00:00,5569.91812,0.17919,0.61548,0.62121,0.0
2030-11-02 01:00:00,5408.99252,0.13637,0.61548,0.62796,0.0
2030-11-02 02:00:00,5301.70879,0.14727,0.61548,0.61082,0.0
2030-11-02 03:00:00,5248.06692,0.1926,0.61548,0.58038,0.0
2030-11-02 04:00:00,5248.06692,0.29673,0.61548,0.52325,0.0
2030-11-02 05:00:00,5355.35066,0.38538,0.61548,0.48577,0.0
2030-11-02 06:00:00,5677.20185,0.44404,0.61548,0.48707,0.0
2030-11-02 07:00:00,6159.97865,0.3106,0.61548,0.61048,0.0
2030-11-02 08:00:00,6535.47171,0.2919,0.61548,0.65979,0.04023
2030-11-02 09:00:00,6642.75545,0.3393,0.61548,0.64494,0.07642
2030-11-02 10:00:00,6642.75545,0.42851,0.61548,0.596,0.10499
2030-11-02 11:00:00,6589.11358,0.52163,0.61548,0.53934,0.12776
2030-11-02 12:00:00,6535.47171,0.52267,0.61548,0.53319,0.16704
2030-11-02 13:00:00,6481.82985,0.57533,0.61548,0.49872,0.20205
2030-11-02 14:00:00,6428.18798,0.59211,0.61548,0.48394,0.19758
2030-11-02 15:00:00,6481.82985,0.6102,0.61548,0.47959,0.12521
2030-11-02 16:00:00,6750.03918,0.62993,0.61548,0.49666,0.06764
2030-11-02 17:00:00,7071.89038,0.59287,0.76935,0.55046,0.00014
2030-11-02 18:00:00,7071.89038,0.43068,0.76935,0.63944,0.0
2030-11-02 19:00:00,6857.32291,0.41322,0.76935,0.6267,0.0
2030-11-02 20:00:00,6589.11358,0.50773,0.76935,0.54696,0.0
2030-11-02 21:00:00,6320.90425,0.61822,0.61548,0.45845,0.0
2030-11-02 22:00:00,6052.69492,0.61903,0.61548,0.43012,0.0
2030-11-02 23:00:00,5784.48559,0.54917,0.61548,0.44055,0.0
2030-11-03 00:00:00,5437.72224,0.44481,0.617,0.46174,0.0
2030-11-03 01:00:00,5282.3048,0.48784,0.617,0.42197,0.0
2030-11-03 02:00:00,5178.69318,0.46536,0.617,0.42352,0.0
2030-11-03 03:00:00,5126.88736,0.36682,0.617,0.47219,0.0
2030-11-03 04:00:00,5126.88736,0.38104,0.617,0.4644,0.0
2030-11-03 05:00:00,5230.49899,0.43737,0.617,0.44427,0.0
2030-11-03 06:00:00,5541.33386,0.52053,0.617,0.43097,0.0
2030-11-03 07:00:00,6007.58617,0.5204,0.617,0.47954,0.0
2030-11-03 08:00:00,6370.22686,0.44838,0.617,0.55676,0.06183
2030-11-03 09:00:00,6473.83848,0.36456,0.617,0.61352,0.1576
2030-11-03 10:00:00,6473.83848,0.43936,0.617,0.57248,0.18273
2030-11-03 11:00:00,6422.03267,0.29144,0.617,0.64824,0.18876
2030-11-03 12:00:00,6370.22686,0.2538,0.617,0.6635,0.19684
2030-11-03 13:00:00,6318.42105,0.27949,0.617,0.64403,0.25493
2030-11-03 14:00:00,6266.61524,0.35493,0.617,0.59725,0.18645
2030-11-03 15:00:00,6318.42105,0.2727,0.617,0.64775,0.15758
2030-11-03 16:00:00,6577.45011,0.26185,0.617,0.68064,0.10683
2030-11-03 17:00:00,6888.28498,0.19343,0.77125,0.7505,7e-05
2030-11-03 18:00:00,6888.28498,0.23903,0.77125,0.72549,0.0
2030-11-03 19:00:00,6681.06173,0.24735,0.77125,0.69937,0.0
2030-11-03 20:00:00,6422.03267,0.25274,0.77125,0.66948,0.0
2030-11-03 21:00:00,6163.00361,0.2963,0.617,0.61864,0.0
2030-11-03 22:00:00,5903.97455,0.17967,0.617,0.65568,0.0
2030-11-03 23:00:00,5644.94549,0.1493,0.617,0.6454,0.0
2030-11-04 00:00:00,5849.70067,0.32372,0.61851,0.57101,0.0
2030-11-04 01:00:00,5677.11746,0.3631,0.61851,0.53146,0.0
2030-11-04 02:00:00,5562.06199,0.25436,0.61851,0.57915,0.0
2030-11-04 03:00:00,5504.53426,0.29659,0.61851,0.55,0.0
2030-11-04 04:00:00,5504.53426,0.38954,0.61851,0.49901,0.0
2030-11-04 05:00:00,5619.58973,0.39974,0.61851,0.50538,0.0
2030-11-04 06:00:00,5964.75614,0.40021,0.61851,0.54102,0.0
2030-11-04 07:00:00,6482.50575,0.38574,0.61851,0.6028,0.0
2030-11-04 08:00:00,6885.1999,0.37256,0.61851,0.65191,0.08322
2030-11-04 09:00:00,7000.25537,0.22944,0.61851,0.74239,0.14314
2030-11-04 10:00:00,7000.25537,0.20504,0.61851,0.75578,0.19703
2030-11-04 11:00:00,6942.72763,0.2877,0.61851,0.70445,0.2251
2030-11-04 12:00:00,6885.1999,0.26309,0.61851,0.71197,0.1289
2030-11-04 13:00:00,6827.67216,0.28886,0.61851,0.69185,0.12488
2030-11-04 14:00:00,6770.14443,0.31571,0.61851,0.67113,0.18006
2030-11-04 15:00:00,6827.67216,0.23123,0.61851,0.72346,0.15751
2030-11-04 16:00:00,7115.31084,0.27058,0.61851,0.73179,0.08483
2030-11-04 17:00:00,7460.47725,0.24853,0.77314,0.77978,0.0
2030-11-04 18:00:00,7460.47725,0.25377,0.77314,0.7769,0.0
2030-11-04 19:00:00,7230.36631,0.30071,0.77314,0.72722,0.0
2030-11-04 20:00:00,6942.72763,0.30805,0.77314,0.69328,0.0
2030-11-04 21:00:00,6655.08896,0.28445,0.61851,0.67631,0.0
2030-11-04 22:00:00,6367.45028,0.31751,0.61851,0.62826,0.0
2030-11-04 23:00:00,6079.81161,0.20984,0.61851,0.65742,0.0
2030-11-05 00:00:00,5843.23533,0.33914,0.62001,0.56188,0.0
2030-11-05 01:00:00,5670.92151,0.49086,0.62001,0.46073,0.0
2030-11-05 02:00:00,5556.04563,0.56483,0.62001,0.4082,0.0
2030-11-05 03:00:00,5498.60769,0.62745,0.62001,0.36787,0.0
2030-11-05 04:00:00,5498.60769,0.60919,0.62001,0.37789,0.0
2030-11-05 05:00:00,5613.48357,0.75898,0.62001,0.30766,0.0
2030-11-05 06:00:00,5958.1112,0.75625,0.62001,0.345,0.0
2030-11-05 07:00:00,6475.05265,0.75005,0.62001,0.40216,0.0
2030-11-05 08:00:00,6877.11822,0.73648,0.62001,0.45142,0.04419
2030-11-05 09:00:00,6991.9941,0.71268,0.62001,0.47642,0.10743
2030-11-05 10:00:00,6991.9941,0.83645,0.62001,0.40853,0.11334
2030-11-05 11:00:00,6934.55616,0.6721,0.62001,0.49271,0.12778
2030-11-05 12:00:00,6877.11822,0.69185,0.62001,0.47591,0.16478
2030-11-05 13:00:00,6819.68028,0.70252,0.62001,0.46408,0.25244
2030-11-05 14:00:00,6762.24234,0.69246,0.62001,0.46362,0.24468
2030-11-05 15:00:00,6819.68028,0.75271,0.62001,0.43655,0.21886
2030-11-05 16:00:00,7106.86998,0.72869,0.62001,0.47959,0.11108
2030-11-05 17:00:00,7451.49761,0.71134,0.77502,0.52495,0.0
2030-11-05 18:00:00,7451.49761,0.63356,0.77502,0.56762,0.0
2030-11-05 19:00:00,7221.74585,0.62815,0.77502,0.54669,0.0
2030-11-05 20:00:00,6934.55616,0.75603,0.77502,0.44667,0.0
2030-11-05 21:00:00,6647.36647,0.70147,0.62001,0.44673,0.0
2030-11-05 22:00:00,6360.17677,0.76066,0.62001,0.3844,0.0
2030-11-05 23:00:00,6072.98708,0.78846,0.62001,0.33927,0.0
2030-11-06 00:00:00,5907.56085,0.78924,0.62151,0.32164,0.0
2030-11-06 01:00:00,5732.56681,0.75957,0.62151,0.31972,0.0
2030-11-06 02:00:00,5615.90411,0.83802,0.62151,0.26455,0.0
2030-11-06 03:00:00,5557.57276,0.80363,0.62151,0.27735,0.0
2030-11-06 04:00:00,5557.57276,0.81118,0.62151,0.27321,0.0
2030-11-06 05:00:00,5674.23546,0.8711,0.62151,0.25247,0.0
2030-11-06 06:00:00,6024.22355,0.80363,0.62151,0.32588,0.0
2030-11-06 07:00:00,6549.20569,0.80238,0.62151,0.38117,0.0
2030-11-06 08:00:00,6957.52513,0.80653,0.62151,0.42136,0.06542
2030-11-06 09:00:00,7074.18783,0.79753,0.62151,0.43843,0.20827
2030-11-06 10:00:00,7074.18783,0.83274,0.62151,0.41911,0.30189
2030-11-06 11:00:00,7015.85648,0.82808,0.62151,0.4156,0.31925
2030-11-06 12:00:00,6957.52513,0.86902,0.62151,0.38707,0.21044
2030-11-06 13:00:00,6899.19378,0.86494,0.62151,0.38325,0.1692
2030-11-06 14:00:00,6840.86243,0.83363,0.62151,0.39435,0.23264
2030-11-06 15:00:00,6899.19378,0.83609,0.62151,0.39907,0.1787
2030-11-06 16:00:00,7190.85053,0.87168,0.62151,0.40988,0.11713
2030-11-06 17:00:00,7540.83862,0.86625,0.77688,0.44925,0.0
2030-11-06 18:00:00,7540.83862,0.87697,0.77688,0.44338,0.0
2030-11-06 19:00:00,7307.51322,0.85796,0.77688,0.42954,0.0
2030-11-06 20:00:00,7015.85648,0.85603,0.77688,0.40027,0.0
2030-11-06 21:00:00,6724.19974,0.88326,0.62151,0.35499,0.0
2030-11-06 22:00:00,6432.54299,0.86451,0.62151,0.33495,0.0
2030-11-06 23:00:00,6140.88625,0.86951,0.62151,0.30188,0.0
2030-11-07 00:00:00,5981.52654,0.85947,0.62299,0.29081,0.0
2030-11-07 01:00:00,5803.45059,0.86596,0.62299,0.26873,0.0
2030-11-07 02:00:00,5684.73329,0.87432,0.62299,0.2518,0.0
2030-11-07 03:00:00,5625.37464,0.87868,0.62299,0.24323,0.0
2030-11-07 04:00:00,5625.37464,0.84674,0.62299,0.26075,0.0
2030-11-07 05:00:00,5744.09194,0.83988,0.62299,0.27686,0.0
2030-11-07 06:00:00,6100.24384,0.84249,0.62299,0.31247,0.0
2030-11-07 07:00:00,6634.47169,0.81757,0.62299,0.3817,0.0
2030-11-07 08:00:00,7049.98224,0.74133,0.62299,0.46674,0.02095
2030-11-07 09:00:00,7168.69954,0.55358,0.62299,0.58209,0.05483
2030-11-07 10:00:00,7168.69954,0.51958,0.62299,0.60074,0.11313
2030-11-07 11:00:00,7109.34089,0.67378,0.62299,0.50997,0.10958
2030-11-07 12:00:00,7049.98224,0.80719,0.62299,0.43061,0.07619
2030-11-07 13:00:00,6990.62359,0.72425,0.62299,0.46994,0.07813
2030-11-07 14:00:00,6931.26494,0.7904,0.62299,0.42747,0.04895
2030-11-07 15:00:00,6990.62359,0.71349,0.62299,0.47584,0.04356
2030-11-07 16:00:00,7287.41684,0.64809,0.62299,0.54258,0.01815
2030-11-07 17:00:00,7643.56874,0.61872,0.77874,0.59573,0.0
2030-11-07 18:00:00,7643.56874,0.54791,0.77874,0.63458,0.0
2030-11-07 19:00:00,7406.13414,0.67292,0.77874,0.54131,0.0
2030-11-07 20:00:00,7109.34089,0.59271,0.77874,0.55444,0.0
2030-11-07 21:00:00,6812.54764,0.58747,0.62299,0.52645,0.0
2030-11-07 22:00:00,6515.75439,0.59785,0.62299,0.48989,0.0
2030-11-07 23:00:00,6218.96114,0.69428,0.62299,0.40612,0.0
2030-11-08 00:00:00,6098.38088,0.48049,0.62446,0.51087,0.0
2030-11-08 01:00:00,5915.436,0.36543,0.62446,0.55496,0.0
2030-11-08 02:00:00,5793.47274,0.29584,0.62446,0.58046,0.0
2030-11-08 03:00:00,5732.49112,0.34341,0.62446,0.54802,0.0
2030-11-08 04:00:00,5732.49112,0.2656,0.62446,0.59071,0.0
2030-11-08 05:00:00,5854.45437,0.30316,0.62446,0.58279,0.0
2030-11-08 06:00:00,6220.34413,0.22448,0.62446,0.664,0.0
2030-11-08 07:00:00,6769.17877,0.21361,0.62446,0.72704,0.0
2030-11-08 08:00:00,7196.05016,0.36633,0.62446,0.68765,0.045
2030-11-08 09:00:00,7318.01342,0.33353,0.62446,0.71833,0.10242
2030-11-08 10:00:00,7318.01342,0.22508,0.62446,0.77783,0.12
2030-11-08 11:00:00,7257.03179,0.13004,0.62446,0.82362,0.15074
2030-11-08 12:00:00,7196.05016,0.105,0.62446,0.83102,0.20419
2030-11-08 13:00:00,7135.06854,0.16594,0.62446,0.79125,0.21093
2030-11-08 14:00:00,7074.08691,0.16097,0.62446,0.78763,0.21355
2030-11-08 15:00:00,7135.06854,0.10302,0.62446,0.82576,0.21003
2030-11-08 16:00:00,7439.97667,0.07451,0.62446,0.87311,0.11739
2030-11-08 17:00:00,7805.86643,0.05906,0.78058,0.91964,0.0
2030-11-08 18:00:00,7805.86643,0.05383,0.78058,0.92251,0.0
2030-11-08 19:00:00,7561.93992,0.04399,0.78058,0.90254,0.0
2030-11-08 20:00:00,7257.03179,0.03085,0.78058,0.87804,0.0
2030-11-08 21:00:00,6952.12365,0.0441,0.62446,0.83906,0.0
2030-11-08 22:00:00,6647.21552,0.06947,0.62446,0.79343,0.0
2030-11-08 23:00:00,6342.30739,0.06175,0.62446,0.76596,0.0
2030-11-09 00:00:00,5516.41421,0.11933,0.62592,0.64848,0.0
2030-11-09 01:00:00,5357.71794,0.11855,0.62592,0.6324,0.0
2030-11-09 02:00:00,5251.92042,0.12238,0.62592,0.6193,0.0
2030-11-09 03:00:00,5199.02167,0.20431,0.62592,0.56885,0.0
2030-11-09 04:00:00,5199.02167,0.20642,0.62592,0.56769,0.0
2030-11-09 05:00:00,5304.81918,0.18278,0.62592,0.59166,0.0
2030-11-09 06:00:00,5622.21172,0.30697,0.62592,0.55654,0.0
2030-11-09 07:00:00,6098.30053,0.22318,0.62592,0.65202,0.0
2030-11-09 08:00:00,6468.59182,0.08736,0.62592,0.76504,0.05194
2030-11-09 09:00:00,6574.38933,0.09041,0.62592,0.77437,0.11553
2030-11-09 10:00:00,6574.38933,0.07943,0.62592,0.7804,0.19215
2030-11-09 11:00:00,6521.49058,0.05582,0.62592,0.78785,0.21555
2030-11-09 12:00:00,6468.59182,0.07107,0.62592,0.77398,0.25808
2030-11-09 13:00:00,6415.69306,0.04238,0.62592,0.78422,0.23763
2030-11-09 14:00:00,6362.79431,0.03364,0.62592,0.78351,0.44901
2030-11-09 15:00:00,6415.69306,0.02017,0.62592,0.79641,0.36356
2030-11-09 16:00:00,6680.18685,0.01741,0.62592,0.82543,0.24189
2030-11-09 17:00:00,6997.57938,0.00797,0.7824,0.86361,0.0
2030-11-09 18:00:00,6997.57938,0.00965,0.7824,0.86269,0.0
2030-11-09 19:00:00,6785.98436,0.01154,0.7824,0.83965,0.0
2030-11-09 20:00:00,6521.49058,0.0091,0.7824,0.81348,0.0
2030-11-09 21:00:00,6256.9968,0.02135,0.62592,0.77925,0.0
2030-11-09 22:00:00,5992.50301,0.05957,0.62592,0.73078,0.0
2030-11-09 23:00:00,5728.00923,0.04858,0.62592,0.7093,0.0
2030-11-10 00:00:00,5569.27752,0.07364,0.62737,0.67904,0.0
2030-11-10 01:00:00,5408.37861,0.12164,0.62737,0.63598,0.0
2030-11-10 02:00:00,5301.11268,0.19096,0.62737,0.58679,0.0
2030-11-10 03:00:00,5247.47971,0.16169,0.62737,0.59727,0.0
2030-11-10 04:00:00,5247.47971,0.16195,0.62737,0.59713,0.0
2030-11-10 05:00:00,5354.74564,0.20855,0.62737,0.58272,0.0
2030-11-10 06:00:00,5676.54346,0.24366,0.62737,0.59693,0.0
2030-11-10 07:00:00,6159.24018,0.20628,0.62737,0.66763,0.0
2030-11-10 08:00:00,6534.67096,0.12839,0.62737,0.74941,0.05085
2030-11-10 09:00:00,6641.9369,0.12998,0.62737,0.75969,0.15409
2030-11-10 10:00:00,6641.9369,0.2079,0.62737,0.71694,0.15894
2030-11-10 11:00:00,6588.30393,0.1989,0.62737,0.7163,0.21156
2030-11-10 12:00:00,6534.67096,0.2114,0.62737,0.70386,0.24729
2030-11-10 13:00:00,6481.038,0.17887,0.62737,0.71613,0.16821
2030-11-10 14:00:00,6427.40503,0.13998,0.62737,0.73189,0.10153
2030-11-10 15:00:00,6481.038,0.11708,0.62737,0.75003,0.11427
2030-11-10 16:00:00,6749.20284,0.17979,0.62737,0.74352,0.06779
2030-11-10 17:00:00,7071.00066,0.25402,0.78422,0.73627,0.0
2030-11-10 18:00:00,7071.00066,0.16954,0.78422,0.78261,0.0
2030-11-10 19:00:00,6856.46878,0.25727,0.78422,0.71217,0.0
2030-11-10 20:00:00,6588.30393,0.27694,0.78422,0.67349,0.0
2030-11-10 21:00:00,6320.13909,0.3481,0.62737,0.60656,0.0
2030-11-10 22:00:00,6051.97424,0.37185,0.62737,0.56564,0.0
2030-11-10 23:00:00,5783.8094,0.44577,0.62737,0.4972,0.0
2030-11-11 00:00:00,6137.47549,0.39988,0.62881,0.55916,0.0
2030-11-11 01:00:00,5952.90167,0.39861,0.62881,0.54066,0.0
2030-11-11 02:00:00,5829.85245,0.5052,0.62881,0.46939,0.0
2030-11-11 03:00:00,5768.32785,0.49847,0.62881,0.46668,0.0
2030-11-11 04:00:00,5768.32785,0.38941,0.62881,0.52651,0.0
2030-11-11 05:00:00,5891.37706,0.3019,0.62881,0.58732,0.0
2030-11-11 06:00:00,6260.52471,0.32294,0.62881,0.61417,0.0
2030-11-11 07:00:00,6814.24618,0.15731,0.62881,0.76262,0.0
2030-11-11 08:00:00,7244.91843,0.09642,0.62881,0.84081,0.04433
2030-11-11 09:00:00,7367.96764,0.09328,0.62881,0.85533,0.05847
2030-11-11 10:00:00,7367.96764,0.17386,0.62881,0.81113,0.14618
2030-11-11 11:00:00,7306.44304,0.09736,0.62881,0.84669,0.15426
2030-11-11 12:00:00,7244.91843,0.14132,0.62881,0.81618,0.1222
2030-11-11 13:00:00,7183.39382,0.17011,0.62881,0.79399,0.125
2030-11-11 14:00:00,7121.86921,0.23692,0.62881,0.75094,0.10021
2030-11-11 15:00:00,7183.39382,0.30445,0.62881,0.72029,0.07359
2030-11-11 16:00:00,7491.01686,0.21469,0.62881,0.80152,0.08317
2030-11-11 17:00:00,7860.1645,0.22951,0.78602,0.83178,0.0
2030-11-11 18:00:00,7860.1645,0.28639,0.78602,0.80058,0.0
2030-11-11 19:00:00,7614.06607,0.21713,0.78602,0.81298,0.0
2030-11-11 20:00:00,7306.44304,0.20001,0.78602,0.79038,0.0
2030-11-11 21:00:00,6998.82,0.11312,0.62881,0.80605,0.0
2030-11-11 22:00:00,6691.19696,0.15503,0.62881,0.75107,0.0
2030-11-11 23:00:00,6383.57392,0.1367,0.62881,0.72913,0.0
2030-11-12 00:00:00,6307.93484,0.13018,0.63024,0.72484,0.0
2030-11-12 01:00:00,6116.25854,0.12503,0.63024,0.70774,0.0
2030-11-12 02:00:00,5988.47435,0.17261,0.63024,0.66834,0.0
2030-11-12 03:00:00,5924.58225,0.1751,0.63024,0.66033,0.0
2030-11-12 04:00:00,5924.58225,0.13026,0.63024,0.68493,0.0
2030-11-12 05:00:00,6052.36644,0.14798,0.63024,0.6885,0.0
2030-11-12 06:00:00,6435.71904,0.20304,0.63024,0.69816,0.0
2030-11-12 07:00:00,7010.74792,0.2701,0.63024,0.72118,0.0
2030-11-12 08:00:00,7457.99261,0.37307,0.63024,0.7112,0.02094
2030-11-12 09:00:00,7585.77681,0.31352,0.63024,0.75716,0.0733
2030-11-12 10:00:00,7585.77681,0.3571,0.63024,0.73325,0.09854
2030-11-12 11:00:00,7521.88471,0.34755,0.63024,0.73184,0.1327
2030-11-12 12:00:00,7457.99261,0.38432,0.63024,0.70503,0.12438
2030-11-12 13:00:00,7394.10051,0.36888,0.63024,0.70685,0.08566
2030-11-12 14:00:00,7330.20841,0.35043,0.63024,0.71033,0.0654
2030-11-12 15:00:00,7394.10051,0.40016,0.63024,0.68969,0.06574
2030-11-12 16:00:00,7713.561,0.29709,0.63024,0.77946,0.0389
2030-11-12 17:00:00,8096.9136,0.26356,0.7878,0.83773,0.0
2030-11-12 18:00:00,8096.9136,0.19208,0.7878,0.87694,0.0
2030-11-12 19:00:00,7841.3452,0.2369,0.7878,0.82577,0.0
2030-11-12 20:00:00,7521.88471,0.28874,0.7878,0.76411,0.0
2030-11-12 21:00:00,7202.42422,0.27488,0.63024,0.73849,0.0
2030-11-12 22:00:00,6882.96372,0.24124,0.63024,0.72372,0.0
2030-11-12 23:00:00,6563.50323,0.27333,0.63024,0.67289,0.0
2030-11-13 00:00:00,6269.81472,0.40913,0.63166,0.56785,0.0
2030-11-13 01:00:00,6079.72676,0.37014,0.63166,0.56947,0.0
2030-11-13 02:00:00,5953.00146,0.39536,0.63166,0.54245,0.0
2030-11-13 03:00:00,5889.6388,0.38969,0.63166,0.53898,0.0
2030-11-13 04:00:00,5889.6388,0.47618,0.63166,0.49152,0.0
2030-11-13 05:00:00,6016.36411,0.45586,0.63166,0.51585,0.0
2030-11-13 06:00:00,6396.54002,0.66709,0.63166,0.43951,0.0
2030-11-13 07:00:00,6966.8039,0.64948,0.63166,0.50848,0.0
2030-11-13 08:00:00,7410.34246,0.55959,0.63166,0.60392,0.00578
2030-11-13 09:00:00,7537.06777,0.58255,0.63166,0.6045,0.03686
2030-11-13 10:00:00,7537.06777,0.59447,0.63166,0.59796,0.08516
2030-11-13 11:00:00,7473.70511,0.60193,0.63166,0.58728,0.1104
2030-11-13 12:00:00,7410.34246,0.62321,0.63166,0.56902,0.16838
2030-11-13 13:00:00,7346.97981,0.56789,0.63166,0.59277,0.20313
2030-11-13 14:00:00,7283.61716,0.48298,0.63166,0.63277,0.12586
2030-11-13 15:00:00,7346.97981,0.56846,0.63166,0.59246,0.09601
2030-11-13 16:00:00,7663.79307,0.70077,0.63166,0.55282,0.02561
2030-11-13 17:00:00,8043.96899,0.60202,0.78957,0.64654,0.0
2030-11-13 18:00:00,8043.96899,0.70548,0.78957,0.58978,0.0
2030-11-13 19:00:00,7790.51838,0.7606,0.78957,0.53318,0.0
2030-11-13 20:00:00,7473.70511,0.7215,0.78957,0.52168,0.0
2030-11-13 21:00:00,7156.89185,0.75741,0.63166,0.46903,0.0
2030-11-13 22:00:00,6840.07859,0.53062,0.63166,0.5605,0.0
2030-11-13 23:00:00,6523.26533,0.49169,0.63166,0.54891,0.0
2030-11-14 00:00:00,6243.09126,0.38051,0.63306,0.58077,0.0
2030-11-14 01:00:00,6054.11678,0.3086,0.63306,0.60057,0.0
2030-11-14 02:00:00,5928.13379,0.24495,0.63306,0.62238,0.0
2030-11-14 03:00:00,5865.1423,0.31654,0.63306,0.57656,0.0
2030-11-14 04:00:00,5865.1423,0.36416,0.63306,0.55043,0.0
2030-11-14 05:00:00,5991.12528,0.36892,0.63306,0.56092,0.0
2030-11-14 06:00:00,6369.07424,0.44808,0.63306,0.5568,0.0
2030-11-14 07:00:00,6935.99768,0.46832,0.63306,0.60466,0.0
2030-11-14 08:00:00,7376.93813,0.51088,0.63306,0.62717,0.019
2030-11-14 09:00:00,7502.92112,0.4447,0.63306,0.67657,0.13266
2030-11-14 10:00:00,7502.92112,0.35756,0.63306,0.72438,0.11229
2030-11-14 11:00:00,7439.92963,0.37279,0.63306,0.70948,0.13615
2030-11-14 12:00:00,7376.93813,0.23495,0.63306,0.77854,0.0911
2030-11-14 13:00:00,7313.94664,0.18189,0.63306,0.8011,0.10902
2030-11-14 14:00:00,7250.95515,0.16625,0.63306,0.80313,0.11254
2030-11-14 15:00:00,7313.94664,0.24198,0.63306,0.76813,0.06968
2030-11-14 16:00:00,7628.90411,0.24494,0.63306,0.79927,0.03214
2030-11-14 17:00:00,8006.85306,0.32203,0.79132,0.79628,0.0
2030-11-14 18:00:00,8006.85306,0.34461,0.79132,0.78389,0.0
2030-11-14 19:00:00,7754.88709,0.27103,0.79132,0.79805,0.0
2030-11-14 20:00:00,7439.92963,0.28167,0.79132,0.75947,0.0
2030-11-14 21:00:00,7124.97216,0.43736,0.63306,0.6413,0.0
2030-11-14 22:00:00,6810.01469,0.3849,0.63306,0.63732,0.0
2030-11-14 23:00:00,6495.05723,0.49204,0.63306,0.54579,0.0
2030-11-15 00:00:00,6240.64376,0.54968,0.63445,0.48771,0.0
2030-11-15 01:00:00,6051.77126,0.53365,0.63445,0.47686,0.0
2030-11-15 02:00:00,5925.85626,0.60022,0.63445,0.42724,0.0
2030-11-15 03:00:00,5862.89876,0.47061,0.63445,0.4918,0.0
2030-11-15 04:00:00,5862.89876,0.50656,0.63445,0.47208,0.0
2030-11-15 05:00:00,5988.81376,0.4922,0.63445,0.49305,0.0
2030-11-15 06:00:00,6366.55876,0.55573,0.63445,0.49749,0.0
2030-11-15 07:00:00,6933.17626,0.53732,0.63445,0.56651,0.0
2030-11-15 08:00:00,7373.87876,0.473,0.63445,0.64763,0.0099
2030-11-15 09:00:00,7499.79376,0.58768,0.63445,0.59781,0.10926
2030-11-15 10:00:00,7499.79376,0.5039,0.63445,0.64377,0.14614
2030-11-15 11:00:00,7436.83626,0.43589,0.63445,0.67453,0.17188
2030-11-15 12:00:00,7373.87876,0.31618,0.63445,0.73366,0.17698
2030-11-15 13:00:00,7310.92126,0.40688,0.63445,0.67735,0.19601
2030-11-15 14:00:00,7247.96376,0.39737,0.63445,0.67602,0.18846
2030-11-15 15:00:00,7310.92126,0.26774,0.63445,0.75369,0.12304
2030-11-15 16:00:00,7625.70876,0.21129,0.63445,0.81739,0.05702
2030-11-15 17:00:00,8003.45376,0.19816,0.79306,0.86388,0.0
2030-11-15 18:00:00,8003.45376,0.32889,0.79306,0.79216,0.0
2030-11-15 19:00:00,7751.62376,0.27125,0.79306,0.7976,0.0
2030-11-15 20:00:00,7436.83626,0.34956,0.79306,0.7219,0.0
2030-11-15 21:00:00,7122.04876,0.23643,0.63445,0.75122,0.0
2030-11-15 22:00:00,6807.26126,0.21921,0.63445,0.72793,0.0
2030-11-15 23:00:00,6492.47376,0.11191,0.63445,0.75406,0.0
2030-11-16 00:00:00,5829.48089,0.06273,0.63583,0.71209,0.0
2030-11-16 01:00:00,5657.74018,0.05693,0.63583,0.69741,0.0
2030-11-16 02:00:00,5543.24637,0.09921,0.63583,0.66231,0.0
2030-11-16 03:00:00,5485.99946,0.08473,0.63583,0.6643,0.0
2030-11-16 04:00:00,5485.99946,0.10421,0.63583,0.65361,0.0
2030-11-16 05:00:00,5600.49327,0.10213,0.63583,0.66666,0.0
2030-11-16 06:00:00,5943.9747,0.14026,0.63583,0.68146,0.0
2030-11-16 07:00:00,6459.19684,0.13866,0.63583,0.73592,0.0
2030-11-16 08:00:00,6859.92518,0.14984,0.63583,0.77146,0.00131
2030-11-16 09:00:00,6974.41898,0.14443,0.63583,0.78634,0.05409
2030-11-16 10:00:00,6974.41898,0.1069,0.63583,0.80693,0.06446
2030-11-16 11:00:00,6917.17208,0.1218,0.63583,0.7928,0.057
2030-11-16 12:00:00,6859.92518,0.2612,0.63583,0.71037,0.06108
2030-11-16 13:00:00,6802.67827,0.29687,0.63583,0.68485,0.05784
2030-11-16 14:00:00,6745.43137,0.24462,0.63583,0.70756,0.08967
2030-11-16 15:00:00,6802.67827,0.27555,0.63583,0.69655,0.06848
2030-11-16 16:00:00,7088.91279,0.30692,0.63583,0.7091,0.03938
2030-11-16 17:00:00,7432.39422,0.40556,0.79478,0.69071,0.0
2030-11-16 18:00:00,7432.39422,0.39191,0.79478,0.6982,0.0
2030-11-16 19:00:00,7203.4066,0.39694,0.79478,0.67163,0.0
2030-11-16 20:00:00,6917.17208,0.46127,0.79478,0.60657,0.0
2030-11-16 21:00:00,6630.93756,0.47386,0.63583,0.56989,0.0
2030-11-16 22:00:00,6344.70303,0.43997,0.63583,0.55871,0.0
2030-11-16 23:00:00,6058.46851,0.28667,0.63583,0.61305,0.0
2030-11-17 00:00:00,5790.27205,0.20954,0.63719,0.62747,0.0
2030-11-17 01:00:00,5620.16504,0.15259,0.63719,0.64102,0.0
2030-11-17 02:00:00,5506.76036,0.19672,0.63719,0.60502,0.0
2030-11-17 03:00:00,5450.05802,0.22928,0.63719,0.58126,0.0
2030-11-17 04:00:00,5450.05802,0.15464,0.63719,0.62221,0.0
2030-11-17 05:00:00,5563.4627,0.12276,0.63719,0.65149,0.0
2030-11-17 06:00:00,5903.67672,0.0807,0.63719,0.70994,0.0
2030-11-17 07:00:00,6413.99776,0.07256,0.63719,0.76749,0.0
2030-11-17 08:00:00,6810.91412,0.0852,0.63719,0.80183,0.0003
2030-11-17 09:00:00,6924.3188,0.05889,0.63719,0.82806,0.02258
2030-11-17 10:00:00,6924.3188,0.03907,0.63719,0.83893,0.04582
2030-11-17 11:00:00,6867.61646,0.02925,0.63719,0.83842,0.08465
2030-11-17 12:00:00,6810.91412,0.03566,0.63719,0.82901,0.05612
2030-11-17 13:00:00,6754.21179,0.03997,0.63719,0.82075,0.06468
2030-11-17 14:00:00,6697.50945,0.03316,0.63719,0.81859,0.06067
2030-11-17 15:00:00,6754.21179,0.03013,0.63719,0.82615,0.03479
2030-11-17 16:00:00,7037.72347,0.04082,0.63719,0.84976,0.02255
2030-11-17 17:00:00,7377.9375,0.04324,0.79648,0.88382,0.0
2030-11-17 18:00:00,7377.9375,0.0387,0.79648,0.88631,0.0
2030-11-17 19:00:00,7151.12815,0.04878,0.79648,0.85719,0.0
2030-11-17 20:00:00,6867.61646,0.07302,0.79648,0.81441,0.0
2030-11-17 21:00:00,6584.10477,0.15157,0.63719,0.74183,0.0
2030-11-17 22:00:00,6300.59309,0.14826,0.63719,0.71416,0.0
2030-11-17 23:00:00,6017.0814,0.21956,0.63719,0.64556,0.0
2030-11-18 00:00:00,6530.73804,0.26042,0.63854,0.67657,0.0
2030-11-18 01:00:00,6329.77828,0.37416,0.63854,0.59327,0.0
2030-11-18 02:00:00,6195.8051,0.31208,0.63854,0.61339,0.0
2030-11-18 03:00:00,6128.81852,0.26865,0.63854,0.63025,0.0
2030-11-18 04:00:00,6128.81852,0.40491,0.63854,0.5555,0.0
2030-11-18 05:00:00,6262.79169,0.27287,0.63854,0.64187,0.0
2030-11-18 06:00:00,6664.71122,0.17306,0.63854,0.73842,0.0
2030-11-18 07:00:00,7267.5905,0.23694,0.63854,0.76608,0.0
2030-11-18 08:00:00,7736.49662,0.23243,0.63854,0.81732,0.00045
2030-11-18 09:00:00,7870.46979,0.20201,0.63854,0.84794,0.15539
2030-11-18 10:00:00,7870.46979,0.20447,0.63854,0.84659,0.21157
2030-11-18 11:00:00,7803.4832,0.24242,0.63854,0.8188,0.22261
2030-11-18 12:00:00,7736.49662,0.37122,0.63854,0.74118,0.22444
2030-11-18 13:00:00,7669.51003,0.54855,0.63854,0.63693,0.19936
2030-11-18 14:00:00,7602.52344,0.71702,0.63854,0.53754,0.16751
2030-11-18 15:00:00,7669.51003,0.78477,0.63854,0.50734,0.08333
2030-11-18 16:00:00,8004.44296,0.83204,0.63854,0.51624,0.02728
2030-11-18 17:00:00,8406.36249,0.82197,0.79817,0.56356,0.0
2030-11-18 18:00:00,8406.36249,0.87153,0.79817,0.53637,0.0
2030-11-18 19:00:00,8138.41614,0.83209,0.79817,0.53015,0.0
2030-11-18 20:00:00,7803.4832,0.81765,0.79817,0.50323,0.0
2030-11-18 21:00:00,7468.55027,0.74774,0.63854,0.50675,0.0
2030-11-18 22:00:00,7133.61733,0.82295,0.63854,0.43066,0.0
2030-11-18 23:00:00,6798.68439,0.84037,0.63854,0.38627,0.0
2030-11-19 00:00:00,6662.45283,0.80816,0.63987,0.38978,0.0
2030-11-19 01:00:00,6456.00496,0.76609,0.63987,0.39138,0.0
2030-11-19 02:00:00,6318.37304,0.60772,0.63987,0.46395,0.0
2030-11-19 03:00:00,6249.55708,0.61763,0.63987,0.45135,0.0
2030-11-19 04:00:00,6249.55708,0.42927,0.63987,0.55469,0.0
2030-11-19 05:00:00,6387.189,0.32634,0.63987,0.62547,0.0
2030-11-19 06:00:00,6800.08475,0.29483,0.63987,0.6857,0.0
2030-11-19 07:00:00,7419.42839,0.18908,0.63987,0.80813,0.0
2030-11-19 08:00:00,7901.14011,0.15323,0.63987,0.87789,0.0
2030-11-19 09:00:00,8038.77203,0.09369,0.63987,0.92487,0.05322
2030-11-19 10:00:00,8038.77203,0.07238,0.63987,0.93656,0.11793
2030-11-19 11:00:00,7969.95607,0.10353,0.63987,0.91231,0.15626
2030-11-19 12:00:00,7901.14011,0.13093,0.63987,0.89013,0.21066
2030-11-19 13:00:00,7832.32415,0.11535,0.63987,0.89151,0.29789
2030-11-19 14:00:00,7763.50819,0.07524,0.63987,0.90636,0.2086
2030-11-19 15:00:00,7832.32415,0.08675,0.63987,0.90721,0.18528
2030-11-19 16:00:00,8176.40395,0.10523,0.63987,0.93285,0.15563
2030-11-19 17:00:00,8589.2997,0.0867,0.79984,0.98596,0.0
2030-11-19 18:00:00,8589.2997,0.10884,0.79984,0.97381,0.0
2030-11-19 19:00:00,8314.03586,0.13527,0.79984,0.93069,0.0
2030-11-19 20:00:00,7969.95607,0.11696,0.79984,0.90494,0.0
2030-11-19 21:00:00,7625.87627,0.13543,0.63987,0.85903,0.0
2030-11-19 22:00:00,7281.79647,0.12804,0.63987,0.8273,0.0
2030-11-19 23:00:00,6937.71667,0.1115,0.63987,0.80059,0.0
2030-11-20 00:00:00,6455.55348,0.14229,0.64119,0.73355,0.0
2030-11-20 01:00:00,6257.7264,0.15752,0.64119,0.70463,0.0
2030-11-20 02:00:00,6125.84169,0.24987,0.64119,0.64025,0.0
2030-11-20 03:00:00,6059.89933,0.15641,0.64119,0.68466,0.0
2030-11-20 04:00:00,6059.89933,0.19435,0.64119,0.66384,0.0
2030-11-20 05:00:00,6191.78405,0.15273,0.64119,0.70039,0.0
2030-11-20 06:00:00,6587.43819,0.18958,0.64119,0.72132,0.0
2030-11-20 07:00:00,7180.91941,0.11786,0.64119,0.82239,0.0
2030-11-20 08:00:00,7642.51591,0.14356,0.64119,0.8563,0.0
2030-11-20 09:00:00,7774.40062,0.14097,0.64119,0.87143,0.10625
2030-11-20 10:00:00,7774.40062,0.16869,0.64119,0.85623,0.12776
2030-11-20 11:00:00,7708.45827,0.16103,0.64119,0.85357,0.19503
2030-11-20 12:00:00,7642.51591,0.1188,0.64119,0.86988,0.20166
2030-11-20 13:00:00,7576.57355,0.07669,0.64119,0.88612,0.15479
2030-11-20 14:00:00,7510.63119,0.07111,0.64119,0.88233,0.14482
2030-11-20 15:00:00,7576.57355,0.10665,0.64119,0.86969,0.07151
2030-11-20 16:00:00,7906.28534,0.08207,0.64119,0.91746,0.05056
2030-11-20 17:00:00,8301.93948,0.08263,0.80148,0.95831,0.0
2030-11-20 18:00:00,8301.93948,0.06888,0.80148,0.96585,0.0
2030-11-20 19:00:00,8038.17005,0.07883,0.80148,0.93296,0.0
2030-11-20 20:00:00,7708.45827,0.06,0.80148,0.909,0.0
2030-11-20 21:00:00,7378.74648,0.04328,0.64119,0.88388,0.0
2030-11-20 22:00:00,7049.03469,0.07094,0.64119,0.83441,0.0
2030-11-20 23:00:00,6719.32291,0.08732,0.64119,0.79114,0.0
2030-11-21 00:00:00,6460.01639,0.11252,0.64249,0.75035,0.0
2030-11-21 01:00:00,6262.00336,0.15446,0.64249,0.70675,0.0
2030-11-21 02:00:00,6129.99467,0.211,0.64249,0.662,0.0
2030-11-21 03:00:00,6063.99033,0.23191,0.64249,0.64366,0.0
2030-11-21 04:00:00,6063.99033,0.23887,0.64249,0.63985,0.0
2030-11-21 05:00:00,6195.99902,0.13478,0.64249,0.71068,0.0
2030-11-21 06:00:00,6592.02507,0.23065,0.64249,0.69927,0.0
2030-11-21 07:00:00,7186.06415,0.32766,0.64249,0.70783,0.0
2030-11-21 08:00:00,7648.09454,0.2791,0.64249,0.78252,0.0
2030-11-21 09:00:00,7780.10323,0.28041,0.64249,0.79553,0.09854
2030-11-21 10:00:00,7780.10323,0.24244,0.64249,0.81636,0.1435
2030-11-21 11:00:00,7714.09889,0.25489,0.64249,0.80267,0.08126
2030-11-21 12:00:00,7648.09454,0.2523,0.64249,0.79723,0.07311
2030-11-21 13:00:00,7582.0902,0.27331,0.64249,0.77884,0.11674
2030-11-21 14:00:00,7516.08586,0.2583,0.64249,0.7802,0.11907
2030-11-21 15:00:00,7582.0902,0.17736,0.64249,0.83147,0.09705
2030-11-21 16:00:00,7912.11191,0.23503,0.64249,0.83415,0.08035
2030-11-21 17:00:00,8308.13797,0.22656,0.80311,0.87999,0.0
2030-11-21 18:00:00,8308.13797,0.13909,0.80311,0.92798,0.0
2030-11-21 19:00:00,8044.1206,0.17192,0.80311,0.88251,0.0
2030-11-21 20:00:00,7714.09889,0.17657,0.80311,0.84564,0.0
2030-11-21 21:00:00,7384.07718,0.19142,0.64249,0.80317,0.0
2030-11-21 22:00:00,7054.05546,0.17422,0.64249,0.77828,0.0
2030-11-21 23:00:00,6724.03375,0.22732,0.64249,0.71483,0.0
2030-11-22 00:00:00,6438.40403,0.29246,0.64378,0.64939,0.0
2030-11-22 01:00:00,6241.29152,0.3128,0.64378,0.61773,0.0
2030-11-22 02:00:00,6109.88318,0.16952,0.64378,0.68267,0.0
2030-11-22 03:00:00,6044.179,0.14255,0.64378,0.69063,0.0
2030-11-22 04:00:00,6044.179,0.17233,0.64378,0.67429,0.0
2030-11-22 05:00:00,6175.58735,0.09579,0.64378,0.72995,0.0
2030-11-22 06:00:00,6569.81237,0.06427,0.64378,0.78824,0.0
2030-11-22 07:00:00,7161.1499,0.0822,0.64378,0.8399,0.0
2030-11-22 08:00:00,7621.0791,0.09394,0.64378,0.88129,0.0
2030-11-22 09:00:00,7752.48744,0.05782,0.64378,0.91477,0.13967
2030-11-22 10:00:00,7752.48744,0.06733,0.64378,0.90956,0.16609
2030-11-22 11:00:00,7686.78327,0.07346,0.64378,0.89936,0.1526
2030-11-22 12:00:00,7621.0791,0.09567,0.64378,0.88034,0.19053
2030-11-22 13:00:00,7555.37493,0.09173,0.64378,0.87567,0.20807
2030-11-22 14:00:00,7489.67076,0.07975,0.64378,0.87541,0.16165
2030-11-22 15:00:00,7555.37493,0.06219,0.64378,0.89188,0.0597
2030-11-22 16:00:00,7883.89578,0.0639,0.64378,0.92511,0.01412
2030-11-22 17:00:00,8278.1208,0.03478,0.80472,0.98208,0.0
2030-11-22 18:00:00,8278.1208,0.02298,0.80472,0.98855,0.0
2030-11-22 19:00:00,8015.30412,0.03181,0.80472,0.95638,0.0
2030-11-22 20:00:00,7686.78327,0.02426,0.80472,0.92635,0.0
2030-11-22 21:00:00,7358.26242,0.02755,0.64378,0.89038,0.0
2030-11-22 22:00:00,7029.74156,0.02706,0.64378,0.85648,0.0
2030-11-22 23:00:00,6701.22071,0.02467,0.64378,0.82363,0.0
2030-11-23 00:00:00,5835.67001,0.0617,0.64505,0.71329,0.0
2030-11-23 01:00:00,5663.67141,0.09345,0.64505,0.67799,0.0
2030-11-23 02:00:00,5549.00568,0.05827,0.64505,0.68536,0.0
2030-11-23 03:00:00,5491.67282,0.08155,0.64505,0.66663,0.0
2030-11-23 04:00:00,5491.67282,0.13083,0.64505,0.6396,0.0
2030-11-23 05:00:00,5606.33855,0.15578,0.64505,0.63784,0.0
2030-11-23 06:00:00,5950.33574,0.16029,0.64505,0.67114,0.0
2030-11-23 07:00:00,6466.33152,0.11915,0.64505,0.74737,0.0
2030-11-23 08:00:00,6867.66157,0.14742,0.64505,0.7736,0.0
2030-11-23 09:00:00,6982.3273,0.09229,0.64505,0.81577,0.02598
2030-11-23 10:00:00,6982.3273,0.09357,0.64505,0.81507,0.0404
2030-11-23 11:00:00,6924.99444,0.10806,0.64505,0.80115,0.07358
2030-11-23 12:00:00,6867.66157,0.1218,0.64505,0.78765,0.07784
2030-11-23 13:00:00,6810.32871,0.16011,0.64505,0.76067,0.11602
2030-11-23 14:00:00,6752.99584,0.13855,0.64505,0.76654,0.07999
2030-11-23 15:00:00,6810.32871,0.15852,0.64505,0.76154,0.08211
2030-11-23 16:00:00,7096.99303,0.23751,0.64505,0.74802,0.04705
2030-11-23 17:00:00,7440.99022,0.20232,0.80631,0.80311,0.0
2030-11-23 18:00:00,7440.99022,0.20519,0.80631,0.80153,0.0
2030-11-23 19:00:00,7211.65876,0.19987,0.80631,0.7806,0.0
2030-11-23 20:00:00,6924.99444,0.26713,0.80631,0.71389,0.0
2030-11-23 21:00:00,6638.33011,0.17683,0.64505,0.73361,0.0
2030-11-23 22:00:00,6351.66579,0.14778,0.64505,0.71974,0.0
2030-11-23 23:00:00,6065.00147,0.22118,0.64505,0.64966,0.0
2030-11-24 00:00:00,5780.7978,0.23268,0.6463,0.61379,0.0
2030-11-24 01:00:00,5611.08554,0.3648,0.6463,0.52366,0.0
2030-11-24 02:00:00,5497.94404,0.33846,0.6463,0.52635,0.0
2030-11-24 03:00:00,5441.37329,0.23588,0.6463,0.57674,0.0
2030-11-24 04:00:00,5441.37329,0.30056,0.6463,0.54125,0.0
2030-11-24 05:00:00,5554.51479,0.35588,0.6463,0.52267,0.0
2030-11-24 06:00:00,5893.9393,0.2965,0.6463,0.59055,0.0
2030-11-24 07:00:00,6403.07605,0.37288,0.6463,0.60159,0.0
2030-11-24 08:00:00,6799.07131,0.36522,0.6463,0.64698,0.0
2030-11-24 09:00:00,6912.21281,0.38941,0.6463,0.64547,0.06365
2030-11-24 10:00:00,6912.21281,0.3432,0.6463,0.67083,0.0875
2030-11-24 11:00:00,6855.64206,0.17387,0.6463,0.75784,0.1744
2030-11-24 12:00:00,6799.07131,0.23001,0.6463,0.72115,0.25402
2030-11-24 13:00:00,6742.50056,0.23576,0.6463,0.71212,0.27671
2030-11-24 14:00:00,6685.92981,0.18088,0.6463,0.73634,0.25488
2030-11-24 15:00:00,6742.50056,0.13808,0.6463,0.7657,0.14405
2030-11-24 16:00:00,7025.35431,0.1573,0.6463,0.78458,0.05524
2030-11-24 17:00:00,7364.77882,0.20663,0.80787,0.79281,0.0
2030-11-24 18:00:00,7364.77882,0.23538,0.80787,0.77704,0.0
2030-11-24 19:00:00,7138.49581,0.26813,0.80787,0.73554,0.0
2030-11-24 20:00:00,6855.64206,0.15258,0.80787,0.76952,0.0
2030-11-24 21:00:00,6572.78831,0.11089,0.6463,0.76297,0.0
2030-11-24 22:00:00,6289.93455,0.15036,0.6463,0.7119,0.0
2030-11-24 23:00:00,6007.0808,0.09657,0.6463,0.712,0.0
2030-11-25 00:00:00,6335.1893,0.03572,0.64754,0.7795,0.0
2030-11-25 01:00:00,6142.3774,0.04208,0.64754,0.75596,0.0
2030-11-25 02:00:00,6013.83614,0.03465,0.64754,0.74666,0.0
2030-11-25 03:00:00,5949.5655,0.05899,0.64754,0.72663,0.0
2030-11-25 04:00:00,5949.5655,0.08801,0.64754,0.71071,0.0
2030-11-25 05:00:00,6078.10677,0.17453,0.64754,0.67661,0.0
2030-11-25 06:00:00,6463.73056,0.15629,0.64754,0.72672,0.0
2030-11-25 07:00:00,7042.16626,0.16934,0.64754,0.77972,0.0
2030-11-25 08:00:00,7492.06069,0.13798,0.64754,0.84371,0.0
2030-11-25 09:00:00,7620.60195,0.16831,0.64754,0.84044,0.04036
2030-11-25 10:00:00,7620.60195,0.21443,0.64754,0.81514,0.0706
2030-11-25 11:00:00,7556.33132,0.26602,0.64754,0.78015,0.06454
2030-11-25 12:00:00,7492.06069,0.16099,0.64754,0.83109,0.07479
2030-11-25 13:00:00,7427.79005,0.14556,0.64754,0.83287,0.10028
2030-11-25 14:00:00,7363.51942,0.21565,0.64754,0.78774,0.07325
2030-11-25 15:00:00,7427.79005,0.25497,0.64754,0.77285,0.0596
2030-11-25 16:00:00,7749.14322,0.38762,0.64754,0.7335,0.02152
2030-11-25 17:00:00,8134.76701,0.29584,0.80942,0.82395,0.0
2030-11-25 18:00:00,8134.76701,0.29709,0.80942,0.82326,0.0
2030-11-25 19:00:00,7877.68448,0.23747,0.80942,0.82924,0.0
2030-11-25 20:00:00,7556.33132,0.24788,0.80942,0.7901,0.0
2030-11-25 21:00:00,7234.97816,0.22234,0.64754,0.7707,0.0
2030-11-25 22:00:00,6913.62499,0.24247,0.64754,0.72623,0.0
2030-11-25 23:00:00,6592.27183,0.26792,0.64754,0.67885,0.0
2030-11-26 00:00:00,6484.17272,0.20608,0.64875,0.70153,0.0
2030-11-26 01:00:00,6285.15318,0.19582,0.64875,0.68647,0.0
2030-11-26 02:00:00,6152.47349,0.2905,0.64875,0.62072,0.0
2030-11-26 03:00:00,6086.13364,0.31294,0.64875,0.60151,0.0
2030-11-26 04:00:00,6086.13364,0.25015,0.64875,0.63596,0.0
2030-11-26 05:00:00,6218.81333,0.27035,0.64875,0.63868,0.0
2030-11-26 06:00:00,6616.85241,0.20004,0.64875,0.71865,0.0
2030-11-26 07:00:00,7213.91104,0.2664,0.64875,0.74434,0.0
2030-11-26 08:00:00,7678.28996,0.29223,0.64875,0.77846,0.0
2030-11-26 09:00:00,7810.96966,0.28062,0.64875,0.79863,0.07018
2030-11-26 10:00:00,7810.96966,0.2167,0.64875,0.83369,0.15252
2030-11-26 11:00:00,7744.62981,0.14072,0.64875,0.86848,0.13646
2030-11-26 12:00:00,7678.28996,0.15599,0.64875,0.8532,0.28678
2030-11-26 13:00:00,7611.95012,0.18736,0.64875,0.82909,0.23264
2030-11-26 14:00:00,7545.61027,0.20034,0.64875,0.81507,0.16268
2030-11-26 15:00:00,7611.95012,0.1944,0.64875,0.82523,0.07882
2030-11-26 16:00:00,7943.64935,0.16656,0.64875,0.875,0.02247
2030-11-26 17:00:00,8341.68843,0.18746,0.81094,0.90493,0.0
2030-11-26 18:00:00,8341.68843,0.20737,0.81094,0.89401,0.0
2030-11-26 19:00:00,8076.32904,0.28501,0.81094,0.82382,0.0
2030-11-26 20:00:00,7744.62981,0.17279,0.81094,0.85089,0.0
2030-11-26 21:00:00,7412.93058,0.2205,0.64875,0.79021,0.0
2030-11-26 22:00:00,7081.23134,0.23562,0.64875,0.74742,0.0
2030-11-26 23:00:00,6749.53211,0.18821,0.64875,0.73894,0.0
2030-11-27 00:00:00,6523.51836,0.18338,0.64996,0.71808,0.0
2030-11-27 01:00:00,6322.85942,0.25016,0.64996,0.66057,0.0
2030-11-27 02:00:00,6189.08679,0.28811,0.64996,0.62584,0.0
2030-11-27 03:00:00,6122.20047,0.32132,0.64996,0.60067,0.0
2030-11-27 04:00:00,6122.20047,0.30204,0.64996,0.61124,0.0
2030-11-27 05:00:00,6255.9731,0.28057,0.64996,0.63694,0.0
2030-11-27 06:00:00,6657.29099,0.30288,0.64996,0.66644,0.0
2030-11-27 07:00:00,7259.26781,0.31706,0.64996,0.72126,0.0
2030-11-27 08:00:00,7727.47201,0.38498,0.64996,0.73269,0.0
2030-11-27 09:00:00,7861.24464,0.51397,0.64996,0.67584,0.04226
2030-11-27 10:00:00,7861.24464,0.52208,0.64996,0.67139,0.11159
2030-11-27 11:00:00,7794.35832,0.59455,0.64996,0.62468,0.14936
2030-11-27 12:00:00,7727.47201,0.60561,0.64996,0.61165,0.17714
2030-11-27 13:00:00,7660.5857,0.58338,0.64996,0.61689,0.22151
2030-11-27 14:00:00,7593.69938,0.57347,0.64996,0.61537,0.2374
2030-11-27 15:00:00,7660.5857,0.6522,0.64996,0.57914,0.12503
2030-11-27 16:00:00,7995.01727,0.79624,0.64996,0.5349,0.07218
2030-11-27 17:00:00,8396.33515,0.67999,0.81244,0.64041,0.0
2030-11-27 18:00:00,8396.33515,0.75953,0.81244,0.59678,0.0
2030-11-27 19:00:00,8128.78989,0.79416,0.81244,0.54995,0.0
2030-11-27 20:00:00,7794.35832,0.79167,0.81244,0.51654,0.0
2030-11-27 21:00:00,7459.92675,0.82961,0.64996,0.46094,0.0
2030-11-27 22:00:00,7125.49518,0.78721,0.64996,0.44942,0.0
2030-11-27 23:00:00,6791.06361,0.80216,0.64996,0.40644,0.0
2030-11-28 00:00:00,6488.62018,0.80653,0.65114,0.37259,0.0
2030-11-28 01:00:00,6289.41533,0.79837,0.65114,0.35635,0.0
2030-11-28 02:00:00,6156.6121,0.85124,0.65114,0.31353,0.0
2030-11-28 03:00:00,6090.21048,0.83782,0.65114,0.31399,0.0
2030-11-28 04:00:00,6090.21048,0.86149,0.65114,0.301,0.0
2030-11-28 05:00:00,6223.01372,0.86527,0.65114,0.31274,0.0
2030-11-28 06:00:00,6621.42342,0.86594,0.65114,0.35381,0.0
2030-11-28 07:00:00,7219.03797,0.84158,0.65114,0.42932,0.0
2030-11-28 08:00:00,7683.84929,0.74501,0.65114,0.53064,0.0
2030-11-28 09:00:00,7816.65253,0.75962,0.65114,0.53644,0.02423
2030-11-28 10:00:00,7816.65253,0.69028,0.65114,0.57448,0.09293
2030-11-28 11:00:00,7750.25091,0.62941,0.65114,0.60096,0.09777
2030-11-28 12:00:00,7683.84929,0.57383,0.65114,0.62455,0.13434
2030-11-28 13:00:00,7617.44768,0.65194,0.65114,0.57479,0.07504
2030-11-28 14:00:00,7551.04606,0.55874,0.65114,0.61902,0.03982
2030-11-28 15:00:00,7617.44768,0.45924,0.65114,0.68051,0.03143
2030-11-28 16:00:00,7949.45576,0.48663,0.65114,0.70001,0.00655
2030-11-28 17:00:00,8347.86547,0.50217,0.81392,0.73292,0.0
2030-11-28 18:00:00,8347.86547,0.52255,0.81392,0.72174,0.0
2030-11-28 19:00:00,8082.259,0.48678,0.81392,0.71374,0.0
2030-11-28 20:00:00,7750.25091,0.49379,0.81392,0.67537,0.0
2030-11-28 21:00:00,7418.24283,0.56003,0.65114,0.6045,0.0
2030-11-28 22:00:00,7086.23474,0.63024,0.65114,0.53145,0.0
2030-11-28 23:00:00,6754.22665,0.63823,0.65114,0.49254,0.0
2030-11-29 00:00:00,6604.98176,0.70662,0.6523,0.4395,0.0
2030-11-29 01:00:00,6400.92851,0.73139,0.6523,0.40469,0.0
2030-11-29 02:00:00,6264.89301,0.71902,0.6523,0.39733,0.0
2030-11-29 03:00:00,6196.87526,0.67482,0.6523,0.4145,0.0
2030-11-29 04:00:00,6196.87526,0.70119,0.6523,0.40004,0.0
2030-11-29 05:00:00,6332.91076,0.62434,0.6523,0.45635,0.0
2030-11-29 06:00:00,6741.01726,0.76572,0.6523,0.42123,0.0
2030-11-29 07:00:00,7353.17702,0.82586,0.6523,0.4519,0.0
2030-11-29 08:00:00,7829.30127,0.81168,0.6523,0.50919,0.0
2030-11-29 09:00:00,7965.33677,0.841,0.6523,0.50726,0.01999
2030-11-29 10:00:00,7965.33677,0.83711,0.6523,0.50939,0.03739
2030-11-29 11:00:00,7897.31902,0.81284,0.6523,0.51563,0.0443
2030-11-29 12:00:00,7829.30127,0.81053,0.6523,0.50983,0.05738
2030-11-29 13:00:00,7761.28352,0.79621,0.6523,0.5106,0.07482
2030-11-29 14:00:00,7693.26577,0.77317,0.6523,0.51617,0.07459
2030-11-29 15:00:00,7761.28352,0.78728,0.6523,0.51551,0.04982
2030-11-29 16:00:00,8101.37227,0.80785,0.6523,0.53959,0.01669
2030-11-29 17:00:00,8509.47877,0.79761,0.81538,0.58765,0.0
2030-11-29 18:00:00,8509.47877,0.78471,0.81538,0.59473,0.0
2030-11-29 19:00:00,8237.40777,0.77689,0.81538,0.57072,0.0
2030-11-29 20:00:00,7897.31902,0.74235,0.81538,0.5543,0.0
2030-11-29 21:00:00,7557.23027,0.70507,0.6523,0.53938,0.0
2030-11-29 22:00:00,7217.14152,0.62203,0.6523,0.54957,0.0
2030-11-29 23:00:00,6877.05276,0.6226,0.6523,0.51389,0.0
2030-11-30 00:00:00,6052.06073,0.72611,0.65345,0.3713,0.0
2030-11-30 01:00:00,5871.04585,0.61694,0.65345,0.41237,0.0
2030-11-30 02:00:00,5750.36927,0.586,0.65345,0.4168,0.0
2030-11-30 03:00:00,5690.03098,0.56046,0.65345,0.42453,0.0
2030-11-30 04:00:00,5690.03098,0.46496,0.65345,0.47692,0.0
2030-11-30 05:00:00,5810.70756,0.48218,0.65345,0.48003,0.0
2030-11-30 06:00:00,6172.73731,0.59218,0.65345,0.45733,0.0
2030-11-30 07:00:00,6715.78193,0.58466,0.65345,0.51793,0.0
2030-11-30 08:00:00,7138.14997,0.57776,0.65345,0.56565,0.0
2030-11-30 09:00:00,7258.82655,0.55634,0.65345,0.58994,0.03775
2030-11-30 10:00:00,7258.82655,0.57599,0.65345,0.57916,0.10067
2030-11-30 11:00:00,7198.48826,0.48967,0.65345,0.62024,0.18745
2030-11-30 12:00:00,7138.14997,0.47379,0.65345,0.62268,0.1035
2030-11-30 13:00:00,7077.81168,0.48643,0.65345,0.60947,0.08752
2030-11-30 14:00:00,7017.47339,0.34228,0.65345,0.68228,0.11155
2030-11-30 15:00:00,7077.81168,0.55038,0.65345,0.57439,0.09926
2030-11-30 16:00:00,7379.50314,0.6226,0.65345,0.56615,0.04172
2030-11-30 17:00:00,7741.53288,0.6475,0.81681,0.59014,0.0
2030-11-30 18:00:00,7741.53288,0.67852,0.81681,0.57312,0.0
2030-11-30 19:00:00,7500.17972,0.733,0.81681,0.51813,0.0
2030-11-30 20:00:00,7198.48826,0.77009,0.81681,0.4664,0.0
2030-11-30 21:00:00,6896.79681,0.77073,0.65345,0.43468,0.0
2030-11-30 22:00:00,6595.10535,0.76414,0.65345,0.40692,0.0
2030-11-30 23:00:00,6293.41389,0.67537,0.65345,0.42424,0.0
2030-12-01 00:00:00,5965.9597,0.57943,0.65458,0.44282,0.0
2030-12-01 01:00:00,5788.53237,0.59005,0.65458,0.41854,0.0
2030-12-01 02:00:00,5670.24749,0.44843,0.65458,0.48393,0.0
2030-12-01 03:00:00,5611.10504,0.30897,0.65458,0.55429,0.0
2030-12-01 04:00:00,5611.10504,0.27075,0.65458,0.57526,0.0
2030-12-01 05:00:00,5729.38993,0.25919,0.65458,0.5939,0.0
2030-12-01 06:00:00,6084.24459,0.28341,0.65458,0.61752,0.0
2030-12-01 07:00:00,6616.52659,0.2424,0.65458,0.69537,0.0
2030-12-01 08:00:00,7030.52369,0.27447,0.65458,0.72084,0.0
2030-12-01 09:00:00,7148.80858,0.32618,0.65458,0.70477,0.0212
2030-12-01 10:00:00,7148.80858,0.42466,0.65458,0.65074,0.09215
2030-12-01 11:00:00,7089.66614,0.37909,0.65458,0.66959,0.14664
2030-12-01 12:00:00,7030.52369,0.46719,0.65458,0.61511,0.20331
2030-12-01 13:00:00,6971.38125,0.27115,0.65458,0.71651,0.23958
2030-12-01 14:00:00,6912.23881,0.28073,0.65458,0.7051,0.1388
2030-12-01 15:00:00,6971.38125,0.20876,0.65458,0.75073,0.08313
2030-12-01 16:00:00,7267.09347,0.2431,0.65458,0.76264,0.03087
2030-12-01 17:00:00,7621.94813,0.21159,0.81822,0.81684,0.0
2030-12-01 18:00:00,7621.94813,0.38294,0.81822,0.72284,0.0
2030-12-01 19:00:00,7385.37836,0.4624,0.81822,0.65464,0.0
2030-12-01 20:00:00,7089.66614,0.39927,0.81822,0.65852,0.0
2030-12-01 21:00:00,6793.95392,0.283,0.65458,0.69155,0.0
2030-12-01 22:00:00,6498.2417,0.40482,0.65458,0.59397,0.0
2030-12-01 23:00:00,6202.52948,0.37294,0.65458,0.5807,0.0
2030-12-02 00:00:00,6669.45381,0.33592,0.65568,0.64957,0.0
2030-12-02 01:00:00,6462.71423,0.46673,0.65568,0.55631,0.0
2030-12-02 02:00:00,6324.88784,0.47511,0.65568,0.53738,0.0
2030-12-02 03:00:00,6255.97464,0.61379,0.65568,0.45413,0.0
2030-12-02 04:00:00,6255.97464,0.54737,0.65568,0.49057,0.0
2030-12-02 05:00:00,6393.80103,0.57404,0.65568,0.49027,0.0
2030-12-02 06:00:00,6807.28021,0.68294,0.65568,0.47353,0.0
2030-12-02 07:00:00,7427.49896,0.47818,0.65568,0.65037,0.0
2030-12-02 08:00:00,7909.89133,0.55281,0.65568,0.65959,0.0
2030-12-02 09:00:00,8047.71772,0.73984,0.65568,0.57132,0.06943
2030-12-02 10:00:00,8047.71772,0.66803,0.65568,0.61071,0.08768
2030-12-02 11:00:00,7978.80453,0.63082,0.65568,0.62396,0.17334
2030-12-02 12:00:00,7909.89133,0.72288,0.65568,0.56629,0.14433
2030-12-02 13:00:00,7840.97814,0.73223,0.65568,0.554,0.13521
2030-12-02 14:00:00,7772.06494,0.72769,0.65568,0.54932,0.17966
2030-12-02 15:00:00,7840.97814,0.84082,0.65568,0.49442,0.07409
2030-12-02 16:00:00,8185.54411,0.82659,0.65568,0.53806,0.00838
2030-12-02 17:00:00,8599.02329,0.78938,0.8196,0.60147,0.0
2030-12-02 18:00:00,8599.02329,0.85883,0.8196,0.56337,0.0
2030-12-02 19:00:00,8323.3705,0.86314,0.8196,0.53234,0.0
2030-12-02 20:00:00,7978.80453,0.89131,0.8196,0.48106,0.0
2030-12-02 21:00:00,7634.23855,0.8864,0.65568,0.44791,0.0
2030-12-02 22:00:00,7289.67257,0.85021,0.65568,0.43194,0.0
2030-12-02 23:00:00,6945.1066,0.7938,0.65568,0.42704,0.0
2030-12-03 00:00:00,6515.56184,0.76229,0.65677,0.39966,0.0
2030-12-03 01:00:00,6315.23442,0.71796,0.65677,0.40315,0.0
2030-12-03 02:00:00,6181.68281,0.74572,0.65677,0.37403,0.0
2030-12-03 03:00:00,6114.907,0.71875,0.65677,0.38188,0.0
2030-12-03 04:00:00,6114.907,0.7536,0.65677,0.36276,0.0
2030-12-03 05:00:00,6248.45861,0.83671,0.65677,0.33105,0.0
2030-12-03 06:00:00,6649.11345,0.81896,0.65677,0.38246,0.0
2030-12-03 07:00:00,7250.09572,0.84336,0.65677,0.43158,0.0
2030-12-03 08:00:00,7717.52636,0.86162,0.65677,0.47017,0.0
2030-12-03 09:00:00,7851.07798,0.81657,0.65677,0.50877,0.03492
2030-12-03 10:00:00,7851.07798,0.81548,0.65677,0.50937,0.03607
2030-12-03 11:00:00,7784.30217,0.83503,0.65677,0.4917,0.06643
2030-12-03 12:00:00,7717.52636,0.84237,0.65677,0.48073,0.19558
2030-12-03 13:00:00,7650.75056,0.81556,0.65677,0.4885,0.10269
2030-12-03 14:00:00,7583.97475,0.82615,0.65677,0.47574,0.05666
2030-12-03 15:00:00,7650.75056,0.84624,0.65677,0.47166,0.02687
2030-12-03 16:00:00,7984.62959,0.8361,0.65677,0.51195,0.02226
2030-12-03 17:00:00,8385.28443,0.85376,0.82096,0.54393,0.0
2030-12-03 18:00:00,8385.28443,0.86793,0.82096,0.53616,0.0
2030-12-03 19:00:00,8118.18121,0.86726,0.82096,0.50875,0.0
2030-12-03 20:00:00,7784.30217,0.82707,0.82096,0.49607,0.0
2030-12-03 21:00:00,7450.42314,0.82011,0.65677,0.46517,0.0
2030-12-03 22:00:00,7116.5441,0.82825,0.65677,0.42598,0.0
2030-12-03 23:00:00,6782.66507,0.83185,0.65677,0.38928,0.0
2030-12-04 00:00:00,6441.49619,0.78141,0.65784,0.38147,0.0
2030-12-04 01:00:00,6244.25484,0.82658,0.65784,0.33617,0.0
2030-12-04 02:00:00,6112.7606,0.83135,0.65784,0.31989,0.0
2030-12-04 03:00:00,6047.01349,0.82016,0.65784,0.31918,0.0
2030-12-04 04:00:00,6047.01349,0.84087,0.65784,0.30782,0.0
2030-12-04 05:00:00,6178.50772,0.84505,0.65784,0.31921,0.0
2030-12-04 06:00:00,6572.99043,0.86769,0.65784,0.34781,0.0
2030-12-04 07:00:00,7164.71448,0.86256,0.65784,0.41216,0.0
2030-12-04 08:00:00,7624.9443,0.85156,0.65784,0.46606,0.0
2030-12-04 09:00:00,7756.43854,0.85801,0.65784,0.4762,0.06804
2030-12-04 10:00:00,7756.43854,0.88537,0.65784,0.46119,0.14112
2030-12-04 11:00:00,7690.69142,0.86653,0.65784,0.46469,0.11921
2030-12-04 12:00:00,7624.9443,0.84398,0.65784,0.47022,0.11115
2030-12-04 13:00:00,7559.19718,0.82982,0.65784,0.47115,0.11469
2030-12-04 14:00:00,7493.45007,0.84048,0.65784,0.45847,0.22962
2030-12-04 15:00:00,7559.19718,0.84296,0.65784,0.46394,0.15795
2030-12-04 16:00:00,7887.93277,0.85642,0.65784,0.49075,0.05859
2030-12-04 17:00:00,8282.41547,0.79637,0.8223,0.56471,0.0
2030-12-04 18:00:00,8282.41547,0.8095,0.8223,0.55751,0.0
2030-12-04 19:00:00,8019.42701,0.80891,0.8223,0.53049,0.0
2030-12-04 20:00:00,7690.69142,0.76936,0.8223,0.51799,0.0
2030-12-04 21:00:00,7361.95583,0.77182,0.65784,0.48246,0.0
2030-12-04 22:00:00,7033.22025,0.79797,0.65784,0.43392,0.0
2030-12-04 23:00:00,6704.48466,0.83131,0.65784,0.38144,0.0
2030-12-05 00:00:00,6480.64139,0.85644,0.65889,0.34438,0.0
2030-12-05 01:00:00,6281.76899,0.86453,0.65889,0.31926,0.0
2030-12-05 02:00:00,6149.18739,0.80653,0.65889,0.33729,0.0
2030-12-05 03:00:00,6082.89659,0.82423,0.65889,0.32068,0.0
2030-12-05 04:00:00,6082.89659,0.80173,0.65889,0.33303,0.0
2030-12-05 05:00:00,6215.47819,0.81788,0.65889,0.33795,0.0
2030-12-05 06:00:00,6613.22299,0.82653,0.65889,0.37458,0.0
2030-12-05 07:00:00,7209.8402,0.79757,0.65889,0.45251,0.0
2030-12-05 08:00:00,7673.8758,0.81739,0.65889,0.4899,0.0
2030-12-05 09:00:00,7806.4574,0.78247,0.65889,0.52284,0.1773
2030-12-05 10:00:00,7806.4574,0.76356,0.65889,0.53322,0.23074
2030-12-05 11:00:00,7740.1666,0.73005,0.65889,0.54471,0.35161
2030-12-05 12:00:00,7673.8758,0.6853,0.65889,0.56236,0.38622
2030-12-05 13:00:00,7607.585,0.55767,0.65889,0.62548,0.31156
2030-12-05 14:00:00,7541.2942,0.56482,0.65889,0.61467,0.22723
2030-12-05 15:00:00,7607.585,0.61304,0.65889,0.59511,0.19714
2030-12-05 16:00:00,7939.039,0.52452,0.65889,0.67814,0.07598
2030-12-05 17:00:00,8336.78381,0.58558,0.82361,0.68601,0.0
2030-12-05 18:00:00,8336.78381,0.57364,0.82361,0.69256,0.0
2030-12-05 19:00:00,8071.6206,0.62934,0.82361,0.63443,0.0
2030-12-05 20:00:00,7740.1666,0.65777,0.82361,0.58436,0.0
2030-12-05 21:00:00,7408.7126,0.68939,0.65889,0.53254,0.0
2030-12-05 22:00:00,7077.2586,0.63643,0.65889,0.52712,0.0
2030-12-05 23:00:00,6745.80459,0.69087,0.65889,0.46279,0.0
2030-12-06 00:00:00,6708.23522,0.72348,0.65991,0.44099,0.0
2030-12-06 01:00:00,6499.87974,0.73436,0.65991,0.41335,0.0
2030-12-06 02:00:00,6360.97609,0.72226,0.65991,0.40555,0.0
2030-12-06 03:00:00,6291.52426,0.73628,0.65991,0.39063,0.0
2030-12-06 04:00:00,6291.52426,0.7363,0.65991,0.39062,0.0
2030-12-06 05:00:00,6430.42792,0.75267,0.65991,0.39608,0.0
2030-12-06 06:00:00,6847.13887,0.73197,0.65991,0.45078,0.0
2030-12-06 07:00:00,7472.20531,0.73101,0.65991,0.51631,0.0
2030-12-06 08:00:00,7958.36809,0.75484,0.65991,0.5538,0.0
2030-12-06 09:00:00,8097.27174,0.72968,0.65991,0.58205,0.08537
2030-12-06 10:00:00,8097.27174,0.70052,0.65991,0.59804,0.14127
2030-12-06 11:00:00,8027.81991,0.67173,0.65991,0.60662,0.25836
2030-12-06 12:00:00,7958.36809,0.65448,0.65991,0.60886,0.25877
2030-12-06 13:00:00,7888.91626,0.65254,0.65991,0.6027,0.25612
2030-12-06 14:00:00,7819.46444,0.66165,0.65991,0.59047,0.19965
2030-12-06 15:00:00,7888.91626,0.72042,0.65991,0.56546,0.14328
2030-12-06 16:00:00,8236.17539,0.71948,0.65991,0.60209,0.03378
2030-12-06 17:00:00,8652.88635,0.65555,0.82489,0.6805,0.0
2030-12-06 18:00:00,8652.88635,0.70521,0.82489,0.65325,0.0
2030-12-06 19:00:00,8375.07904,0.67758,0.82489,0.63952,0.0
2030-12-06 20:00:00,8027.81991,0.65931,0.82489,0.61343,0.0
2030-12-06 21:00:00,7680.56078,0.59123,0.65991,0.61466,0.0
2030-12-06 22:00:00,7333.30165,0.60466,0.65991,0.57118,0.0
2030-12-06 23:00:00,6986.04252,0.53258,0.65991,0.57461,0.0
2030-12-07 00:00:00,5949.98042,0.53664,0.66092,0.46464,0.0
2030-12-07 01:00:00,5773.21889,0.53225,0.66092,0.44866,0.0
2030-12-07 02:00:00,5655.37787,0.41038,0.66092,0.50326,0.0
2030-12-07 03:00:00,5596.45736,0.39873,0.66092,0.50352,0.0
2030-12-07 04:00:00,5596.45736,0.34452,0.66092,0.53326,0.0
2030-12-07 05:00:00,5714.29838,0.31834,0.66092,0.55988,0.0
2030-12-07 06:00:00,6067.82144,0.54507,0.66092,0.47226,0.0
2030-12-07 07:00:00,6598.10602,0.46413,0.66092,0.57182,0.0
2030-12-07 08:00:00,7010.54959,0.39396,0.66092,0.65321,0.0
2030-12-07 09:00:00,7128.39061,0.4691,0.66092,0.62424,0.09796
2030-12-07 10:00:00,7128.39061,0.4901,0.66092,0.61272,0.1184
2030-12-07 11:00:00,7069.4701,0.59948,0.66092,0.54659,0.14245
2030-12-07 12:00:00,7010.54959,0.54802,0.66092,0.56869,0.16132
2030-12-07 13:00:00,6951.62908,0.55962,0.66092,0.55619,0.09552
2030-12-07 14:00:00,6892.70857,0.47508,0.66092,0.59645,0.18145
2030-12-07 15:00:00,6951.62908,0.37075,0.66092,0.65981,0.1292
2030-12-07 16:00:00,7246.23162,0.32724,0.66092,0.71432,0.01805
2030-12-07 17:00:00,7599.75468,0.39444,0.82615,0.71422,0.0
2030-12-07 18:00:00,7599.75468,0.36096,0.82615,0.73259,0.0
2030-12-07 19:00:00,7364.07264,0.34935,0.82615,0.71444,0.0
2030-12-07 20:00:00,7069.4701,0.42258,0.82615,0.64363,0.0
2030-12-07 21:00:00,6774.86755,0.24168,0.66092,0.71223,0.0
2030-12-07 22:00:00,6480.265,0.31352,0.66092,0.64219,0.0
2030-12-07 23:00:00,6185.66246,0.3305,0.66092,0.60223,0.0
2030-12-08 00:00:00,5919.21089,0.18271,0.6619,0.6556,0.0
2030-12-08 01:00:00,5743.73142,0.14479,0.6619,0.65815,0.0
2030-12-08 02:00:00,5626.74511,0.16207,0.6619,0.63651,0.0
2030-12-08 03:00:00,5568.25196,0.12594,0.6619,0.65024,0.0
2030-12-08 04:00:00,5568.25196,0.12379,0.6619,0.65143,0.0
2030-12-08 05:00:00,5685.23827,0.11437,0.6619,0.66876,0.0
2030-12-08 06:00:00,6036.1972,0.0475,0.6619,0.74194,0.0
2030-12-08 07:00:00,6562.63559,0.07427,0.6619,0.78201,0.0
2030-12-08 08:00:00,6972.08767,0.13874,0.6619,0.78922,0.0
2030-12-08 09:00:00,7089.07398,0.1271,0.6619,0.80777,0.04685
2030-12-08 10:00:00,7089.07398,0.12962,0.6619,0.80639,0.10391
2030-12-08 11:00:00,7030.58083,0.20654,0.6619,0.75811,0.13979
2030-12-08 12:00:00,6972.08767,0.32348,0.6619,0.68787,0.22121
2030-12-08 13:00:00,6913.59452,0.33352,0.6619,0.67628,0.20989
2030-12-08 14:00:00,6855.10136,0.36063,0.6619,0.65532,0.11072
2030-12-08 15:00:00,6913.59452,0.28244,0.6619,0.7043,0.03927
2030-12-08 16:00:00,7206.06029,0.32093,0.6619,0.7136,0.01379
2030-12-08 17:00:00,7557.01922,0.22098,0.82737,0.80494,0.0
2030-12-08 18:00:00,7557.01922,0.29048,0.82737,0.76681,0.0
2030-12-08 19:00:00,7323.0466,0.47991,0.82737,0.63855,0.0
2030-12-08 20:00:00,7030.58083,0.33643,0.82737,0.68685,0.0
2030-12-08 21:00:00,6738.11505,0.32757,0.6619,0.6613,0.0
2030-12-08 22:00:00,6445.64928,0.27553,0.6619,0.65943,0.0
2030-12-08 23:00:00,6153.18351,0.39656,0.6619,0.56262,0.0
2030-12-09 00:00:00,6439.74014,0.41529,0.66286,0.58214,0.0
2030-12-09 01:00:00,6242.57196,0.30051,0.66286,0.6246,0.0
2030-12-09 02:00:00,6111.1265,0.4637,0.66286,0.52141,0.0
2030-12-09 03:00:00,6045.40378,0.3427,0.66286,0.58095,0.0
2030-12-09 04:00:00,6045.40378,0.3884,0.66286,0.55588,0.0
2030-12-09 05:00:00,6176.84923,0.3629,0.66286,0.58354,0.0
2030-12-09 06:00:00,6571.1856,0.39704,0.66286,0.60582,0.0
2030-12-09 07:00:00,7162.69015,0.3246,0.66286,0.70708,0.0
2030-12-09 08:00:00,7622.74924,0.33339,0.66286,0.7501,0.0
2030-12-09 09:00:00,7754.1947,0.29709,0.66286,0.78369,0.21543
2030-12-09 10:00:00,7754.1947,0.33103,0.66286,0.76507,0.3475
2030-12-09 11:00:00,7688.47197,0.34003,0.66286,0.7533,0.38278
2030-12-09 12:00:00,7622.74924,0.34676,0.66286,0.74277,0.24156
2030-12-09 13:00:00,7557.02651,0.38094,0.66286,0.71718,0.24054
2030-12-09 14:00:00,7491.30379,0.32336,0.66286,0.74193,0.17051
2030-12-09 15:00:00,7557.02651,0.35118,0.66286,0.73351,0.09651
2030-12-09 16:00:00,7885.64015,0.39798,0.66286,0.74201,0.02238
2030-12-09 17:00:00,8279.97652,0.39869,0.82858,0.78263,0.0
2030-12-09 18:00:00,8279.97652,0.40651,0.82858,0.77834,0.0
2030-12-09 19:00:00,8017.08561,0.29131,0.82858,0.8142,0.0
2030-12-09 20:00:00,7688.47197,0.33339,0.82858,0.75694,0.0
2030-12-09 21:00:00,7359.85833,0.41465,0.66286,0.67818,0.0
2030-12-09 22:00:00,7031.24469,0.42285,0.66286,0.63951,0.0
2030-12-09 23:00:00,6702.63105,0.53065,0.66286,0.54619,0.0
2030-12-10 00:00:00,6586.23788,0.4808,0.6638,0.56143,0.0
2030-12-10 01:00:00,6382.96563,0.59253,0.6638,0.479,0.0
2030-12-10 02:00:00,6247.45079,0.49924,0.6638,0.51609,0.0
2030-12-10 03:00:00,6179.69337,0.41195,0.6638,0.55693,0.0
2030-12-10 04:00:00,6179.69337,0.42662,0.6638,0.54888,0.0
2030-12-10 05:00:00,6315.20821,0.32998,0.6638,0.61599,0.0
2030-12-10 06:00:00,6721.75272,0.34168,0.6638,0.65185,0.0
2030-12-10 07:00:00,7331.56949,0.33362,0.6638,0.71969,0.0
2030-12-10 08:00:00,7805.87142,0.33808,0.6638,0.76657,0.0
2030-12-10 09:00:00,7941.38625,0.44623,0.6638,0.72133,0.01541
2030-12-10 10:00:00,7941.38625,0.53417,0.6638,0.67309,0.03637
2030-12-10 11:00:00,7873.62884,0.42805,0.6638,0.72426,0.0653
2030-12-10 12:00:00,7805.87142,0.44261,0.6638,0.70923,0.08573
2030-12-10 13:00:00,7738.114,0.40947,0.6638,0.72036,0.10988
2030-12-10 14:00:00,7670.35658,0.45863,0.6638,0.68635,0.15472
2030-12-10 15:00:00,7738.114,0.54611,0.6638,0.6454,0.13388
2030-12-10 16:00:00,8076.90109,0.56186,0.6638,0.67199,0.01029
2030-12-10 17:00:00,8483.4456,0.47588,0.82975,0.76145,0.0
2030-12-10 18:00:00,8483.4456,0.5377,0.82975,0.72753,0.0
2030-12-10 19:00:00,8212.41593,0.56704,0.82975,0.68325,0.0
2030-12-10 20:00:00,7873.62884,0.51411,0.82975,0.67705,0.0
2030-12-10 21:00:00,7534.84174,0.47285,0.6638,0.66445,0.0
2030-12-10 22:00:00,7196.05465,0.4912,0.6638,0.61915,0.0
2030-12-10 23:00:00,6857.26756,0.5193,0.6638,0.5685,0.0
2030-12-11 00:00:00,6644.57232,0.47337,0.66472,0.57158,0.0
2030-12-11 01:00:00,6438.86946,0.47833,0.66472,0.54747,0.0
2030-12-11 02:00:00,6301.73423,0.46879,0.66472,0.53844,0.0
2030-12-11 03:00:00,6233.16661,0.44863,0.66472,0.54237,0.0
2030-12-11 04:00:00,6233.16661,0.45841,0.66472,0.537,0.0
2030-12-11 05:00:00,6370.30184,0.48939,0.66472,0.53427,0.0
2030-12-11 06:00:00,6781.70756,0.60026,0.66472,0.51623,0.0
2030-12-11 07:00:00,7398.81613,0.69551,0.66472,0.52816,0.0
2030-12-11 08:00:00,7878.78946,0.71003,0.66472,0.57011,0.0
2030-12-11 09:00:00,8015.9247,0.73211,0.66472,0.57225,0.02932
2030-12-11 10:00:00,8015.9247,0.72331,0.66472,0.57708,0.07723
2030-12-11 11:00:00,7947.35708,0.73604,0.66472,0.56296,0.10888
2030-12-11 12:00:00,7878.78946,0.74986,0.66472,0.54825,0.17095
2030-12-11 13:00:00,7810.22185,0.75903,0.66472,0.53609,0.09882
2030-12-11 14:00:00,7741.65423,0.71267,0.66472,0.5544,0.09174
2030-12-11 15:00:00,7810.22185,0.744,0.66472,0.54434,0.06354
2030-12-11 16:00:00,8153.05994,0.75244,0.66472,0.57536,0.01371
2030-12-11 17:00:00,8564.46565,0.7456,0.8309,0.6219,0.0
2030-12-11 18:00:00,8564.46565,0.72387,0.8309,0.63382,0.0
2030-12-11 19:00:00,8290.19518,0.69051,0.8309,0.6236,0.0
2030-12-11 20:00:00,7947.35708,0.70313,0.8309,0.58102,0.0
2030-12-11 21:00:00,7604.51899,0.7005,0.66472,0.54681,0.0
2030-12-11 22:00:00,7261.68089,0.70611,0.66472,0.50807,0.0
2030-12-11 23:00:00,6918.8428,0.70849,0.66472,0.47112,0.0
2030-12-12 00:00:00,6655.72996,0.73962,0.66562,0.42668,0.0
2030-12-12 01:00:00,6449.5622,0.7293,0.66562,0.4109,0.0
2030-12-12 02:00:00,6312.11703,0.69742,0.66562,0.41409,0.0
2030-12-12 03:00:00,6243.39444,0.67754,0.66562,0.41785,0.0
2030-12-12 04:00:00,6243.39444,0.63674,0.66562,0.44023,0.0
2030-12-12 05:00:00,6380.83961,0.68776,0.66562,0.42654,0.0
2030-12-12 06:00:00,6793.17513,0.71042,0.66562,0.45699,0.0
2030-12-12 07:00:00,7411.67841,0.72309,0.66562,0.51436,0.0
2030-12-12 08:00:00,7892.73651,0.74703,0.66562,0.55126,0.0
2030-12-12 09:00:00,8030.18168,0.6801,0.66562,0.60227,0.06964
2030-12-12 10:00:00,8030.18168,0.71785,0.66562,0.58156,0.14532
2030-12-12 11:00:00,7961.4591,0.72055,0.66562,0.57293,0.20324
2030-12-12 12:00:00,7892.73651,0.74304,0.66562,0.55344,0.15559
2030-12-12 13:00:00,7824.01392,0.72126,0.66562,0.55825,0.15054
2030-12-12 14:00:00,7755.29134,0.72376,0.66562,0.54973,0.23003
2030-12-12 15:00:00,7824.01392,0.75563,0.66562,0.53939,0.26762
2030-12-12 16:00:00,8167.62686,0.73396,0.66562,0.58702,0.08395
2030-12-12 17:00:00,8579.96237,0.72815,0.83202,0.63308,0.0
2030-12-12 18:00:00,8579.96237,0.73074,0.83202,0.63167,0.0
2030-12-12 19:00:00,8305.07203,0.72042,0.83202,0.60874,0.0
2030-12-12 20:00:00,7961.4591,0.73119,0.83202,0.56709,0.0
2030-12-12 21:00:00,7617.84617,0.75203,0.66562,0.51993,0.0
2030-12-12 22:00:00,7274.23323,0.75388,0.66562,0.48318,0.0
2030-12-12 23:00:00,6930.6203,0.76154,0.66562,0.44324,0.0
2030-12-13 00:00:00,6419.50748,0.76449,0.66649,0.38846,0.0
2030-12-13 01:00:00,6223.18233,0.72084,0.66649,0.39199,0.0
2030-12-13 02:00:00,6092.29889,0.71322,0.66649,0.38256,0.0
2030-12-13 03:00:00,6026.85717,0.7373,0.66649,0.36255,0.0
2030-12-13 04:00:00,6026.85717,0.73272,0.66649,0.36506,0.0
2030-12-13 05:00:00,6157.74061,0.72554,0.66649,0.38261,0.0
2030-12-13 06:00:00,6550.39092,0.71571,0.66649,0.42883,0.0
2030-12-13 07:00:00,7139.36638,0.74765,0.66649,0.47257,0.0
2030-12-13 08:00:00,7597.45841,0.76393,0.66649,0.51128,0.0
2030-12-13 09:00:00,7728.34185,0.79886,0.66649,0.50573,0.08395
2030-12-13 10:00:00,7728.34185,0.7858,0.66649,0.51289,0.09484
2030-12-13 11:00:00,7662.90013,0.81488,0.66649,0.49013,0.07761
2030-12-13 12:00:00,7597.45841,0.75981,0.66649,0.51354,0.14847
2030-12-13 13:00:00,7532.0167,0.7119,0.66649,0.53301,0.09778
2030-12-13 14:00:00,7466.57498,0.71324,0.66649,0.52547,0.07718
2030-12-13 15:00:00,7532.0167,0.6047,0.66649,0.59183,0.07429
2030-12-13 16:00:00,7859.22529,0.65426,0.66649,0.59866,0.01812
2030-12-13 17:00:00,8251.8756,0.63212,0.83311,0.65165,0.0
2030-12-13 18:00:00,8251.8756,0.6874,0.83311,0.62132,0.0
2030-12-13 19:00:00,7990.10873,0.72318,0.83311,0.57447,0.0
2030-12-13 20:00:00,7662.90013,0.71321,0.83311,0.54591,0.0
2030-12-13 21:00:00,7335.69154,0.72745,0.66649,0.50407,0.0
2030-12-13 22:00:00,7008.48295,0.70223,0.66649,0.48387,0.0
2030-12-13 23:00:00,6681.27435,0.70628,0.66649,0.44762,0.0
2030-12-14 00:00:00,5739.47082,0.74091,0.66734,0.33068,0.0
2030-12-14 01:00:00,5571.48053,0.6512,0.66734,0.36242,0.0
2030-12-14 02:00:00,5459.487,0.52815,0.66734,0.41828,0.0
2030-12-14 03:00:00,5403.49023,0.5096,0.66734,0.42263,0.0
2030-12-14 04:00:00,5403.49023,0.51653,0.66734,0.41883,0.0
2030-12-14 05:00:00,5515.48376,0.57403,0.66734,0.39893,0.0
2030-12-14 06:00:00,5851.46435,0.51028,0.66734,0.46885,0.0
2030-12-14 07:00:00,6355.43523,0.51549,0.66734,0.5184,0.0
2030-12-14 08:00:00,6747.41259,0.40357,0.66734,0.62057,0.0
2030-12-14 09:00:00,6859.40612,0.39952,0.66734,0.63444,0.0345
2030-12-14 10:00:00,6859.40612,0.43153,0.66734,0.61687,0.06017
2030-12-14 11:00:00,6803.40935,0.39098,0.66734,0.6333,0.14298
2030-12-14 12:00:00,6747.41259,0.4701,0.66734,0.58407,0.12731
2030-12-14 13:00:00,6691.41582,0.50914,0.66734,0.55683,0.20314
2030-12-14 14:00:00,6635.41906,0.46457,0.66734,0.57546,0.08558
2030-12-14 15:00:00,6691.41582,0.44231,0.66734,0.59349,0.0497
2030-12-14 16:00:00,6971.39965,0.49002,0.66734,0.59643,0.02853
2030-12-14 17:00:00,7307.38024,0.57684,0.83417,0.58375,0.0
2030-12-14 18:00:00,7307.38024,0.51144,0.83417,0.61962,0.0
2030-12-14 19:00:00,7083.39318,0.5205,0.83417,0.59136,0.0
2030-12-14 20:00:00,6803.40935,0.52192,0.83417,0.56146,0.0
2030-12-14 21:00:00,6523.42553,0.57702,0.66734,0.50212,0.0
2030-12-14 22:00:00,6243.4417,0.58685,0.66734,0.46761,0.0
2030-12-14 23:00:00,5963.45788,0.56443,0.66734,0.45079,0.0
2030-12-15 00:00:00,5752.34482,0.54117,0.66816,0.4416,0.0
2030-12-15 01:00:00,5583.81811,0.53696,0.66816,0.42637,0.0
2030-12-15 02:00:00,5471.46697,0.55322,0.66816,0.40577,0.0
2030-12-15 03:00:00,5415.2914,0.50139,0.66816,0.42837,0.0
2030-12-15 04:00:00,5415.2914,0.49288,0.66816,0.43303,0.0
2030-12-15 05:00:00,5527.64254,0.48864,0.66816,0.44705,0.0
2030-12-15 06:00:00,5864.69596,0.48275,0.66816,0.48533,0.0
2030-12-15 07:00:00,6370.27609,0.41037,0.66816,0.57761,0.0
2030-12-15 08:00:00,6763.50509,0.31784,0.66816,0.66927,0.0
2030-12-15 09:00:00,6875.85623,0.28799,0.66816,0.69733,0.03157
2030-12-15 10:00:00,6875.85623,0.31826,0.66816,0.68073,0.08063
2030-12-15 11:00:00,6819.68066,0.33709,0.66816,0.66455,0.13325
2030-12-15 12:00:00,6763.50509,0.31699,0.66816,0.66974,0.16465
2030-12-15 13:00:00,6707.32952,0.37805,0.66816,0.6304,0.13582
2030-12-15 14:00:00,6651.15395,0.2754,0.66816,0.68087,0.13161
2030-12-15 15:00:00,6707.32952,0.38838,0.66816,0.62473,0.08248
2030-12-15 16:00:00,6988.20737,0.27733,0.66816,0.71487,0.03127
2030-12-15 17:00:00,7325.26079,0.32478,0.8352,0.72389,0.0
2030-12-15 18:00:00,7325.26079,0.26154,0.8352,0.75858,0.0
2030-12-15 19:00:00,7100.55851,0.25248,0.8352,0.74018,0.0
2030-12-15 20:00:00,6819.68066,0.30071,0.8352,0.68451,0.0
2030-12-15 21:00:00,6538.80281,0.17719,0.66816,0.72306,0.0
2030-12-15 22:00:00,6257.92495,0.19769,0.66816,0.68261,0.0
2030-12-15 23:00:00,5977.0471,0.1513,0.66816,0.67885,0.0
2030-12-16 00:00:00,6309.76216,0.10369,0.66897,0.73957,0.0
2030-12-16 01:00:00,6118.00972,0.10568,0.66897,0.71853,0.0
2030-12-16 02:00:00,5990.17477,0.1151,0.66897,0.70007,0.0
2030-12-16 03:00:00,5926.25729,0.11445,0.66897,0.69378,0.0
2030-12-16 04:00:00,5926.25729,0.05952,0.66897,0.72391,0.0
2030-12-16 05:00:00,6054.09225,0.07039,0.66897,0.73125,0.0
2030-12-16 06:00:00,6437.59711,0.10779,0.66897,0.75061,0.0
2030-12-16 07:00:00,7012.85442,0.07904,0.66897,0.82621,0.0
2030-12-16 08:00:00,7460.27676,0.10037,0.66897,0.86104,0.0
2030-12-16 09:00:00,7588.11172,0.04753,0.66897,0.90332,0.01444
2030-12-16 10:00:00,7588.11172,0.07425,0.66897,0.88866,0.06508
2030-12-16 11:00:00,7524.19424,0.08694,0.66897,0.87505,0.11669
2030-12-16 12:00:00,7460.27676,0.06918,0.66897,0.87815,0.20934
2030-12-16 13:00:00,7396.35928,0.05192,0.66897,0.88097,0.13008
2030-12-16 14:00:00,7332.44181,0.07935,0.66897,0.85928,0.06197
2030-12-16 15:00:00,7396.35928,0.11225,0.66897,0.84788,0.04952
2030-12-16 16:00:00,7715.94667,0.06785,0.66897,0.90547,0.00262
2030-12-16 17:00:00,8099.45154,0.04468,0.83621,0.95807,0.0
2030-12-16 18:00:00,8099.45154,0.05824,0.83621,0.95063,0.0
2030-12-16 19:00:00,7843.78163,0.07075,0.83621,0.91718,0.0
2030-12-16 20:00:00,7524.19424,0.03015,0.83621,0.90621,0.0
2030-12-16 21:00:00,7204.60685,0.02535,0.66897,0.87561,0.0
2030-12-16 22:00:00,6885.01946,0.03044,0.66897,0.83958,0.0
2030-12-16 23:00:00,6565.43207,0.05749,0.66897,0.7915,0.0
2030-12-17 00:00:00,6441.94914,0.03412,0.66975,0.79148,0.0
2030-12-17 01:00:00,6244.68892,0.02956,0.66975,0.77347,0.0
2030-12-17 02:00:00,6113.1821,0.05746,0.66975,0.74449,0.0
2030-12-17 03:00:00,6047.42869,0.06628,0.66975,0.7328,0.0
2030-12-17 04:00:00,6047.42869,0.14085,0.66975,0.6919,0.0
2030-12-17 05:00:00,6178.93551,0.26168,0.66975,0.63929,0.0
2030-12-17 06:00:00,6573.45596,0.24076,0.66975,0.6918,0.0
2030-12-17 07:00:00,7165.23663,0.25152,0.66975,0.74744,0.0
2030-12-17 08:00:00,7625.51049,0.30019,0.66975,0.7686,0.0
2030-12-17 09:00:00,7757.01731,0.32164,0.66975,0.77051,0.04803
2030-12-17 10:00:00,7757.01731,0.25984,0.66975,0.80441,0.08812
2030-12-17 11:00:00,7691.2639,0.24053,0.66975,0.80817,0.07809
2030-12-17 12:00:00,7625.51049,0.30487,0.66975,0.76603,0.07705
2030-12-17 13:00:00,7559.75708,0.39009,0.66975,0.71245,0.07404
2030-12-17 14:00:00,7494.00367,0.29503,0.66975,0.75776,0.0385
2030-12-17 15:00:00,7559.75708,0.264,0.66975,0.78162,0.0401
2030-12-17 16:00:00,7888.52412,0.16036,0.66975,0.87267,0.0039
2030-12-17 17:00:00,8283.04457,0.13149,0.83718,0.92954,0.0
2030-12-17 18:00:00,8283.04457,0.14999,0.83718,0.91939,0.0
2030-12-17 19:00:00,8020.03094,0.24205,0.83718,0.84153,0.0
2030-12-17 20:00:00,7691.2639,0.27389,0.83718,0.78987,0.0
2030-12-17 21:00:00,7362.49686,0.39118,0.66975,0.69133,0.0
2030-12-17 22:00:00,7033.72982,0.45485,0.66975,0.62221,0.0
2030-12-17 23:00:00,6704.96278,0.48684,0.66975,0.57047,0.0
2030-12-18 00:00:00,6347.85671,0.44892,0.6705,0.55414,0.0
2030-12-18 01:00:00,6154.51701,0.42033,0.6705,0.54971,0.0
2030-12-18 02:00:00,6025.62387,0.44735,0.6705,0.52149,0.0
2030-12-18 03:00:00,5961.1773,0.35068,0.6705,0.56781,0.0
2030-12-18 04:00:00,5961.1773,0.30757,0.6705,0.59147,0.0
2030-12-18 05:00:00,6090.07044,0.34045,0.6705,0.58683,0.0
2030-12-18 06:00:00,6476.74985,0.32469,0.6705,0.63569,0.0
2030-12-18 07:00:00,7056.76897,0.28105,0.6705,0.71995,0.0
2030-12-18 08:00:00,7507.89495,0.18496,0.6705,0.81958,0.0
2030-12-18 09:00:00,7636.78809,0.18557,0.6705,0.83265,0.01832
2030-12-18 10:00:00,7636.78809,0.21027,0.6705,0.8191,0.03614
2030-12-18 11:00:00,7572.34152,0.28952,0.6705,0.76893,0.04391
2030-12-18 12:00:00,7507.89495,0.42232,0.6705,0.68937,0.04299
2030-12-18 13:00:00,7443.44839,0.32814,0.6705,0.73434,0.03903
2030-12-18 14:00:00,7379.00182,0.32896,0.6705,0.72718,0.02731
2030-12-18 15:00:00,7443.44839,0.26551,0.6705,0.76869,0.02306
2030-12-18 16:00:00,7765.68123,0.19501,0.6705,0.84088,0.00167
2030-12-18 17:00:00,8152.36064,0.15826,0.83813,0.90126,0.0
2030-12-18 18:00:00,8152.36064,0.18245,0.83813,0.88799,0.0
2030-12-18 19:00:00,7894.57437,0.17943,0.83813,0.86283,0.0
2030-12-18 20:00:00,7572.34152,0.11523,0.83813,0.86454,0.0
2030-12-18 21:00:00,7250.10868,0.10231,0.6705,0.83812,0.0
2030-12-18 22:00:00,6927.87583,0.16773,0.6705,0.76872,0.0
2030-12-18 23:00:00,6605.64299,0.21756,0.6705,0.70787,0.0
2030-12-19 00:00:00,6293.93855,0.16273,0.67123,0.70553,0.0
2030-12-19 01:00:00,6102.84544,0.17986,0.67123,0.67626,0.0
2030-12-19 02:00:00,5975.45003,0.13341,0.67123,0.6885,0.0
2030-12-19 03:00:00,5911.75232,0.13789,0.67123,0.67941,0.0
2030-12-19 04:00:00,5911.75232,0.1438,0.67123,0.67617,0.0
2030-12-19 05:00:00,6039.14773,0.14002,0.67123,0.69149,0.0
2030-12-19 06:00:00,6421.33396,0.25636,0.67123,0.66742,0.0
2030-12-19 07:00:00,6994.61332,0.22545,0.67123,0.74399,0.0
2030-12-19 08:00:00,7440.49725,0.41159,0.67123,0.68825,0.0
2030-12-19 09:00:00,7567.89267,0.43625,0.67123,0.68797,0.14395
2030-12-19 10:00:00,7567.89267,0.33275,0.67123,0.74475,0.19964
2030-12-19 11:00:00,7504.19496,0.29422,0.67123,0.75926,0.2297
2030-12-19 12:00:00,7440.49725,0.2554,0.67123,0.77394,0.16006
2030-12-19 13:00:00,7376.79955,0.28407,0.67123,0.75158,0.14053
2030-12-19 14:00:00,7313.10184,0.29245,0.67123,0.74036,0.27369
2030-12-19 15:00:00,7376.79955,0.45485,0.67123,0.65789,0.2042
2030-12-19 16:00:00,7695.28808,0.41159,0.67123,0.71474,0.01772
2030-12-19 17:00:00,8077.47431,0.49846,0.83904,0.70684,0.0
2030-12-19 18:00:00,8077.47431,0.54374,0.83904,0.682,0.0
2030-12-19 19:00:00,7822.68349,0.4849,0.83904,0.68778,0.0
2030-12-19 20:00:00,7504.19496,0.56224,0.83904,0.61223,0.0
2030-12-19 21:00:00,7185.70643,0.45382,0.67123,0.63858,0.0
2030-12-19 22:00:00,6867.2179,0.46932,0.67123,0.59696,0.0
2030-12-19 23:00:00,6548.72938,0.50793,0.67123,0.54265,0.0
2030-12-20 00:00:00,6275.52305,0.52884,0.67194,0.50277,0.0
2030-12-20 01:00:00,6085.19725,0.54335,0.67194,0.47502,0.0
2030-12-20 02:00:00,5958.31338,0.57632,0.67194,0.44373,0.0
2030-12-20 03:00:00,5894.87144,0.43233,0.67194,0.51613,0.0
2030-12-20 04:00:00,5894.87144,0.49225,0.67194,0.48326,0.0
2030-12-20 05:00:00,6021.75531,0.61398,0.67194,0.42967,0.0
2030-12-20 06:00:00,6402.40692,0.6093,0.67194,0.47182,0.0
2030-12-20 07:00:00,6973.38433,0.62692,0.67194,0.52154,0.0
2030-12-20 08:00:00,7417.47788,0.6899,0.67194,0.53317,0.0
2030-12-20 09:00:00,7544.36175,0.69468,0.67194,0.54375,0.11799
2030-12-20 10:00:00,7544.36175,0.56564,0.67194,0.61454,0.12093
2030-12-20 11:00:00,7480.91981,0.62086,0.67194,0.57765,0.14151
2030-12-20 12:00:00,7417.47788,0.66774,0.67194,0.54533,0.21001
2030-12-20 13:00:00,7354.03594,0.66279,0.67194,0.54144,0.198
2030-12-20 14:00:00,7290.59401,0.70709,0.67194,0.51055,0.26595
2030-12-20 15:00:00,7354.03594,0.7549,0.67194,0.49092,0.23738
2030-12-20 16:00:00,7671.24562,0.6421,0.67194,0.58579,0.0895
2030-12-20 17:00:00,8051.89723,0.54761,0.83992,0.67721,0.0
2030-12-20 18:00:00,8051.89723,0.49376,0.83992,0.70675,0.0
2030-12-20 19:00:00,7798.12949,0.47173,0.83992,0.69245,0.0
2030-12-20 20:00:00,7480.91981,0.48849,0.83992,0.65026,0.0
2030-12-20 21:00:00,7163.71014,0.39445,0.67194,0.66887,0.0
2030-12-20 22:00:00,6846.50046,0.3739,0.67194,0.64715,0.0
2030-12-20 23:00:00,6529.29079,0.42154,0.67194,0.58802,0.0
2030-12-21 00:00:00,5982.83058,0.33705,0.67262,0.57754,0.0
2030-12-21 01:00:00,5804.70029,0.24135,0.67262,0.61152,0.0
2030-12-21 02:00:00,5685.94677,0.25095,0.67262,0.5939,0.0
2030-12-21 03:00:00,5626.57001,0.25995,0.67262,0.58279,0.0
2030-12-21 04:00:00,5626.57001,0.25452,0.67262,0.58577,0.0
2030-12-21 05:00:00,5745.32353,0.31073,0.67262,0.56728,0.0
2030-12-21 06:00:00,6101.5841,0.25196,0.67262,0.63657,0.0
2030-12-21 07:00:00,6635.97496,0.27528,0.67262,0.67936,0.0
2030-12-21 08:00:00,7051.61229,0.33961,0.67262,0.68729,0.0
2030-12-21 09:00:00,7170.36581,0.36114,0.67262,0.68783,0.01261
2030-12-21 10:00:00,7170.36581,0.44939,0.67262,0.63942,0.04082
2030-12-21 11:00:00,7110.98905,0.38654,0.67262,0.66772,0.0412
2030-12-21 12:00:00,7051.61229,0.38776,0.67262,0.66088,0.06171
2030-12-21 13:00:00,6992.23553,0.35513,0.67262,0.6726,0.11263
2030-12-21 14:00:00,6932.85876,0.2303,0.67262,0.73491,0.08133
2030-12-21 15:00:00,6992.23553,0.50679,0.67262,0.5894,0.06284
2030-12-21 16:00:00,7289.11933,0.62069,0.67262,0.55779,0.06277
2030-12-21 17:00:00,7645.3799,0.52384,0.84078,0.64798,0.0
2030-12-21 18:00:00,7645.3799,0.4788,0.84078,0.67268,0.0
2030-12-21 19:00:00,7407.87286,0.52182,0.84078,0.62438,0.0
2030-12-21 20:00:00,7110.98905,0.55541,0.84078,0.57508,0.0
2030-12-21 21:00:00,6814.10524,0.66572,0.67262,0.48369,0.0
2030-12-21 22:00:00,6517.22143,0.6848,0.67262,0.44235,0.0
2030-12-21 23:00:00,6220.33763,0.69667,0.67262,0.40496,0.0
2030-12-22 00:00:00,5999.03716,0.70326,0.67328,0.37833,0.0
2030-12-22 01:00:00,5820.2316,0.67304,0.67328,0.37631,0.0
2030-12-22 02:00:00,5701.02789,0.66704,0.67328,0.3672,0.0
2030-12-22 03:00:00,5641.42604,0.64462,0.67328,0.37331,0.0
2030-12-22 04:00:00,5641.42604,0.63937,0.67328,0.37618,0.0
2030-12-22 05:00:00,5760.62975,0.65266,0.67328,0.38129,0.0
2030-12-22 06:00:00,6118.24087,0.67871,0.67328,0.40419,0.0
2030-12-22 07:00:00,6654.65754,0.69522,0.67328,0.45092,0.0
2030-12-22 08:00:00,7071.87051,0.62954,0.67328,0.53034,0.0
2030-12-22 09:00:00,7191.07422,0.67411,0.67328,0.51829,0.16656
2030-12-22 10:00:00,7191.07422,0.71333,0.67328,0.49677,0.12042
2030-12-22 11:00:00,7131.47237,0.77003,0.67328,0.45947,0.11804
2030-12-22 12:00:00,7071.87051,0.73737,0.67328,0.47119,0.13706
2030-12-22 13:00:00,7012.26866,0.80345,0.67328,0.42874,0.0745
2030-12-22 14:00:00,6952.66681,0.77597,0.67328,0.43761,0.07998
2030-12-22 15:00:00,7012.26866,0.78644,0.67328,0.43807,0.04695
2030-12-22 16:00:00,7310.27792,0.79768,0.67328,0.4629,0.01155
2030-12-22 17:00:00,7667.88904,0.77712,0.8416,0.51137,0.0
2030-12-22 18:00:00,7667.88904,0.81656,0.8416,0.48973,0.0
2030-12-22 19:00:00,7429.48163,0.8158,0.8416,0.46535,0.0
2030-12-22 20:00:00,7131.47237,0.81721,0.8416,0.43359,0.0
2030-12-22 21:00:00,6833.4631,0.8096,0.67328,0.40677,0.0
2030-12-22 22:00:00,6535.45384,0.81456,0.67328,0.37305,0.0
2030-12-22 23:00:00,6237.44457,0.80811,0.67328,0.3456,0.0
2030-12-23 00:00:00,6639.73779,0.82617,0.67391,0.37753,0.0
2030-12-23 01:00:00,6434.23638,0.75679,0.67391,0.39422,0.0
2030-12-23 02:00:00,6297.23543,0.68923,0.67391,0.41704,0.0
2030-12-23 03:00:00,6228.73496,0.58746,0.67391,0.46574,0.0
2030-12-23 04:00:00,6228.73496,0.70372,0.67391,0.40196,0.0
2030-12-23 05:00:00,6365.7359,0.73963,0.67391,0.39651,0.0
2030-12-23 06:00:00,6776.73874,0.77608,0.67391,0.41926,0.0
2030-12-23 07:00:00,7393.243,0.85002,0.67391,0.44281,0.0
2030-12-23 08:00:00,7872.74631,0.86296,0.67391,0.48558,0.0
2030-12-23 09:00:00,8009.74725,0.86439,0.67391,0.49904,0.03616
2030-12-23 10:00:00,8009.74725,0.88285,0.67391,0.48892,0.11952
2030-12-23 11:00:00,7941.24678,0.87673,0.67391,0.48515,0.09376
2030-12-23 12:00:00,7872.74631,0.79843,0.67391,0.52098,0.11688
2030-12-23 13:00:00,7804.24583,0.7744,0.67391,0.52704,0.07664
2030-12-23 14:00:00,7735.74536,0.76015,0.67391,0.52773,0.07626
2030-12-23 15:00:00,7804.24583,0.76448,0.67391,0.53248,0.04999
2030-12-23 16:00:00,8146.7482,0.77782,0.67391,0.56078,0.03726
2030-12-23 17:00:00,8557.75103,0.79796,0.84239,0.59248,0.0
2030-12-23 18:00:00,8557.75103,0.78591,0.84239,0.59909,0.0
2030-12-23 19:00:00,8283.74914,0.77871,0.84239,0.57454,0.0
2030-12-23 20:00:00,7941.24678,0.73505,0.84239,0.56288,0.0
2030-12-23 21:00:00,7598.74441,0.72,0.67391,0.53551,0.0
2030-12-23 22:00:00,7256.24205,0.7008,0.67391,0.51042,0.0
2030-12-23 23:00:00,6913.73969,0.68158,0.67391,0.48535,0.0
2030-12-24 00:00:00,6641.8744,0.60371,0.67452,0.49979,0.0
2030-12-24 01:00:00,6436.28395,0.60406,0.67452,0.47822,0.0
2030-12-24 02:00:00,6299.22366,0.6953,0.67452,0.41391,0.0
2030-12-24 03:00:00,6230.69351,0.73921,0.67452,0.3827,0.0
2030-12-24 04:00:00,6230.69351,0.7236,0.67452,0.39126,0.0
2030-12-24 05:00:00,6367.7538,0.74203,0.67452,0.3954,0.0
2030-12-24 06:00:00,6778.93469,0.69833,0.67452,0.46214,0.0
2030-12-24 07:00:00,7395.70602,0.70642,0.67452,0.52184,0.0
2030-12-24 08:00:00,7875.41706,0.7118,0.67452,0.56878,0.0
2030-12-24 09:00:00,8012.47735,0.6108,0.67452,0.63845,0.01603
2030-12-24 10:00:00,8012.47735,0.62922,0.67452,0.62834,0.12118
2030-12-24 11:00:00,7943.94721,0.53464,0.67452,0.6731,0.13094
2030-12-24 12:00:00,7875.41706,0.55817,0.67452,0.65307,0.15284
2030-12-24 13:00:00,7806.88691,0.49932,0.67452,0.67822,0.13567
2030-12-24 14:00:00,7738.35676,0.41615,0.67452,0.71672,0.07978
2030-12-24 15:00:00,7806.88691,0.34022,0.67452,0.7655,0.04655
2030-12-24 16:00:00,8149.53765,0.48466,0.67452,0.7219,0.005
2030-12-24 17:00:00,8560.71854,0.54468,0.84315,0.73173,0.0
2030-12-24 18:00:00,8560.71854,0.46637,0.84315,0.7747,0.0
2030-12-24 19:00:00,8286.59795,0.57379,0.84315,0.68726,0.0
2030-12-24 20:00:00,7943.94721,0.61563,0.84315,0.62867,0.0
2030-12-24 21:00:00,7601.29647,0.5829,0.67452,0.61099,0.0
2030-12-24 22:00:00,7258.64573,0.60816,0.67452,0.5615,0.0
2030-12-24 23:00:00,6915.99499,0.53048,0.67452,0.56848,0.0
2030-12-25 00:00:00,6606.75908,0.58302,0.6751,0.50749,0.0
2030-12-25 01:00:00,6402.63177,0.48175,0.6751,0.54182,0.0
2030-12-25 02:00:00,6266.5469,0.34086,0.6751,0.60496,0.0
2030-12-25 03:00:00,6198.50447,0.54269,0.6751,0.48716,0.0
2030-12-25 04:00:00,6198.50447,0.56279,0.6751,0.47613,0.0
2030-12-25 05:00:00,6334.58934,0.62549,0.6751,0.45589,0.0
2030-12-25 06:00:00,6742.84395,0.65786,0.6751,0.48059,0.0
2030-12-25 07:00:00,7355.22586,0.5087,0.6751,0.62611,0.0
2030-12-25 08:00:00,7831.52291,0.60381,0.6751,0.62346,0.0
2030-12-25 09:00:00,7967.60778,0.67379,0.6751,0.59922,0.05219
2030-12-25 10:00:00,7967.60778,0.47332,0.6751,0.7092,0.06415
2030-12-25 11:00:00,7899.56535,0.52315,0.6751,0.67479,0.07349
2030-12-25 12:00:00,7831.52291,0.52348,0.6751,0.66753,0.07182
2030-12-25 13:00:00,7763.48048,0.61169,0.6751,0.61206,0.07326
2030-12-25 14:00:00,7695.43804,0.79732,0.6751,0.50315,0.07688
2030-12-25 15:00:00,7763.48048,0.83532,0.6751,0.48938,0.04579
2030-12-25 16:00:00,8103.69265,0.80803,0.6751,0.53973,0.02622
2030-12-25 17:00:00,8511.94726,0.8304,0.84387,0.56992,0.0
2030-12-25 18:00:00,8511.94726,0.77034,0.84387,0.60287,0.0
2030-12-25 19:00:00,8239.77752,0.73912,0.84387,0.59169,0.0
2030-12-25 20:00:00,7899.56535,0.72187,0.84387,0.56577,0.0
2030-12-25 21:00:00,7559.35317,0.62315,0.6751,0.58455,0.0
2030-12-25 22:00:00,7219.14099,0.58577,0.6751,0.56967,0.0
2030-12-25 23:00:00,6878.92882,0.65192,0.6751,0.498,0.0
2030-12-26 00:00:00,6680.37351,0.53453,0.67565,0.54175,0.0
2030-12-26 01:00:00,6473.17893,0.68043,0.67565,0.44016,0.0
2030-12-26 02:00:00,6335.04922,0.71875,0.67565,0.40477,0.0
2030-12-26 03:00:00,6265.98436,0.73061,0.67565,0.39109,0.0
2030-12-26 04:00:00,6265.98436,0.8142,0.67565,0.34523,0.0
2030-12-26 05:00:00,6404.11408,0.78162,0.67565,0.37747,0.0
2030-12-26 06:00:00,6818.50322,0.78812,0.67565,0.41699,0.0
2030-12-26 07:00:00,7440.08694,0.70352,0.67565,0.52805,0.0
2030-12-26 08:00:00,7923.54095,0.69814,0.67565,0.58128,0.0
2030-12-26 09:00:00,8061.67066,0.66429,0.67565,0.61422,0.01383
2030-12-26 10:00:00,8061.67066,0.60411,0.67565,0.64723,0.06518
2030-12-26 11:00:00,7992.6058,0.69645,0.67565,0.58939,0.16624
2030-12-26 12:00:00,7923.54095,0.74134,0.67565,0.55758,0.15421
2030-12-26 13:00:00,7854.47609,0.74838,0.67565,0.54654,0.14228
2030-12-26 14:00:00,7785.41123,0.72806,0.67565,0.5505,0.08324
2030-12-26 15:00:00,7854.47609,0.79212,0.67565,0.52254,0.05889
2030-12-26 16:00:00,8199.80038,0.7394,0.67565,0.58738,0.03077
2030-12-26 17:00:00,8614.18952,0.68391,0.84457,0.66091,0.0
2030-12-26 18:00:00,8614.18952,0.56302,0.84457,0.72724,0.0
2030-12-26 19:00:00,8337.93009,0.56139,0.84457,0.6994,0.0
2030-12-26 20:00:00,7992.6058,0.5325,0.84457,0.67934,0.0
2030-12-26 21:00:00,7647.28152,0.53293,0.67565,0.64319,0.0
2030-12-26 22:00:00,7301.95723,0.60472,0.67565,0.56789,0.0
2030-12-26 23:00:00,6956.63294,0.64868,0.67565,0.50786,0.0
2030-12-27 00:00:00,6703.1856,0.68066,0.67618,0.46395,0.0
2030-12-27 01:00:00,6495.04052,0.78301,0.67618,0.38616,0.0
2030-12-27 02:00:00,6356.27714,0.79336,0.67618,0.36605,0.0
2030-12-27 03:00:00,6286.89545,0.70831,0.67618,0.40549,0.0
2030-12-27 04:00:00,6286.89545,0.73196,0.67618,0.39252,0.0
2030-12-27 05:00:00,6425.65883,0.76472,0.67618,0.38898,0.0
2030-12-27 06:00:00,6841.94899,0.65988,0.67618,0.48979,0.0
2030-12-27 07:00:00,7466.38422,0.6987,0.67618,0.53343,0.0
2030-12-27 08:00:00,7952.05607,0.82807,0.67618,0.51297,0.0
2030-12-27 09:00:00,8090.81945,0.84216,0.67618,0.51967,0.0497
2030-12-27 10:00:00,8090.81945,0.8537,0.67618,0.51334,0.08245
2030-12-27 11:00:00,8021.43776,0.85202,0.67618,0.50705,0.08838
2030-12-27 12:00:00,7952.05607,0.84011,0.67618,0.50636,0.12664
2030-12-27 13:00:00,7882.67437,0.85228,0.67618,0.49247,0.04506
2030-12-27 14:00:00,7813.29268,0.80679,0.67618,0.51021,0.06054
2030-12-27 15:00:00,7882.67437,0.80637,0.67618,0.51766,0.04511
2030-12-27 16:00:00,8229.58284,0.73334,0.67618,0.5938,0.01907
2030-12-27 17:00:00,8645.87299,0.84858,0.84523,0.57387,0.0
2030-12-27 18:00:00,8645.87299,0.85266,0.84523,0.57163,0.0
2030-12-27 19:00:00,8368.34622,0.85777,0.84523,0.53997,0.0
2030-12-27 20:00:00,8021.43776,0.84555,0.84523,0.51059,0.0
2030-12-27 21:00:00,7674.5293,0.83768,0.67618,0.47883,0.0
2030-12-27 22:00:00,7327.62083,0.79995,0.67618,0.46345,0.0
2030-12-27 23:00:00,6980.71237,0.83071,0.67618,0.4105,0.0
2030-12-28 00:00:00,5993.21746,0.79327,0.67669,0.32834,0.0
2030-12-28 01:00:00,5814.65439,0.84494,0.67669,0.28142,0.0
2030-12-28 02:00:00,5695.61234,0.84973,0.67669,0.26641,0.0
2030-12-28 03:00:00,5636.09132,0.81205,0.67669,0.2809,0.0
2030-12-28 04:00:00,5636.09132,0.81571,0.67669,0.27889,0.0
2030-12-28 05:00:00,5755.13337,0.69113,0.67669,0.35961,0.0
2030-12-28 06:00:00,6112.25951,0.62976,0.67669,0.43042,0.0
2030-12-28 07:00:00,6647.94872,0.64005,0.67669,0.48049,0.0
2030-12-28 08:00:00,7064.59589,0.59981,0.67669,0.54589,0.0
2030-12-28 09:00:00,7183.63794,0.67913,0.67669,0.51476,0.02902
2030-12-28 10:00:00,7183.63794,0.6314,0.67669,0.54094,0.05957
2030-12-28 11:00:00,7124.11691,0.45045,0.67669,0.63403,0.0859
2030-12-28 12:00:00,7064.59589,0.49054,0.67669,0.60584,0.0821
2030-12-28 13:00:00,7005.07487,0.44748,0.67669,0.62327,0.11663
2030-12-28 14:00:00,6945.55384,0.43366,0.67669,0.62466,0.09904
2030-12-28 15:00:00,7005.07487,0.39262,0.67669,0.65337,0.09312
2030-12-28 16:00:00,7302.67999,0.33376,0.67669,0.71661,0.01297
2030-12-28 17:00:00,7659.80613,0.28685,0.84586,0.77949,0.0
2030-12-28 18:00:00,7659.80613,0.36591,0.84586,0.73611,0.0
2030-12-28 19:00:00,7421.72203,0.35572,0.84586,0.71694,0.0
2030-12-28 20:00:00,7124.11691,0.3824,0.84586,0.67136,0.0
2030-12-28 21:00:00,6826.5118,0.30851,0.67669,0.68094,0.0
2030-12-28 22:00:00,6528.90668,0.2673,0.67669,0.6726,0.0
2030-12-28 23:00:00,6231.30156,0.35438,0.67669,0.59388,0.0
2030-12-29 00:00:00,6126.55595,0.24445,0.67717,0.64329,0.0
2030-12-29 01:00:00,5942.43711,0.33663,0.67717,0.57357,0.0
2030-12-29 02:00:00,5819.69122,0.32273,0.67717,0.56843,0.0
2030-12-29 03:00:00,5758.31827,0.29195,0.67717,0.57894,0.0
2030-12-29 04:00:00,5758.31827,0.23631,0.67717,0.60946,0.0
2030-12-29 05:00:00,5881.06416,0.24806,0.67717,0.61578,0.0
2030-12-29 06:00:00,6249.30185,0.26941,0.67717,0.64236,0.0
2030-12-29 07:00:00,6801.65837,0.23389,0.67717,0.7193,0.0
2030-12-29 08:00:00,7231.269,0.23205,0.67717,0.76498,0.0
2030-12-29 09:00:00,7354.0149,0.21086,0.67717,0.78937,0.0773
2030-12-29 10:00:00,7354.0149,0.20897,0.67717,0.79041,0.16858
2030-12-29 11:00:00,7292.64195,0.24846,0.67717,0.76237,0.30636
2030-12-29 12:00:00,7231.269,0.18882,0.67717,0.7887,0.31431
2030-12-29 13:00:00,7169.89606,0.19811,0.67717,0.77722,0.23087
2030-12-29 14:00:00,7108.52311,0.11004,0.67717,0.81915,0.24263
2030-12-29 15:00:00,7169.89606,0.08602,0.67717,0.83871,0.25798
2030-12-29 16:00:00,7476.76079,0.06281,0.67717,0.88336,0.09439
2030-12-29 17:00:00,7844.99848,0.11592,0.84646,0.89252,0.0
2030-12-29 18:00:00,7844.99848,0.07886,0.84646,0.91285,0.0
2030-12-29 19:00:00,7599.50669,0.11067,0.84646,0.86987,0.0
2030-12-29 20:00:00,7292.64195,0.1413,0.84646,0.82115,0.0
2030-12-29 21:00:00,6985.77721,0.11586,0.67717,0.80319,0.0
2030-12-29 22:00:00,6678.91248,0.17582,0.67717,0.73839,0.0
2030-12-29 23:00:00,6372.04774,0.21371,0.67717,0.68569,0.0
2030-12-30 00:00:00,6626.04067,0.15227,0.67762,0.74581,0.0
2030-12-30 01:00:00,6421.10996,0.27742,0.67762,0.65584,0.0
2030-12-30 02:00:00,6284.48949,0.3886,0.67762,0.58064,0.0
2030-12-30 03:00:00,6216.17926,0.37235,0.67762,0.58245,0.0
2030-12-30 04:00:00,6216.17926,0.521,0.67762,0.5009,0.0
2030-12-30 05:00:00,6352.79973,0.42039,0.67762,0.5703,0.0
2030-12-30 06:00:00,6762.66114,0.35077,0.67762,0.65112,0.0
2030-12-30 07:00:00,7377.45326,0.27687,0.67762,0.7556,0.0
2030-12-30 08:00:00,7855.6249,0.12764,0.67762,0.8872,0.0
2030-12-30 09:00:00,7992.24537,0.21447,0.67762,0.85377,0.06623
2030-12-30 10:00:00,7992.24537,0.32466,0.67762,0.79332,0.10996
2030-12-30 11:00:00,7923.93514,0.25143,0.67762,0.82639,0.14665
2030-12-30 12:00:00,7855.6249,0.28151,0.67762,0.80278,0.30179
2030-12-30 13:00:00,7787.31467,0.37028,0.67762,0.74698,0.3499
2030-12-30 14:00:00,7719.00443,0.34769,0.67762,0.75227,0.28601
2030-12-30 15:00:00,7787.31467,0.39963,0.67762,0.73088,0.15543
2030-12-30 16:00:00,8128.86584,0.37326,0.67762,0.78086,0.07688
2030-12-30 17:00:00,8538.72725,0.24308,0.84702,0.89491,0.0
2030-12-30 18:00:00,8538.72725,0.31275,0.84702,0.85669,0.0
2030-12-30 19:00:00,8265.48631,0.30904,0.84702,0.8303,0.0
2030-12-30 20:00:00,7923.93514,0.28178,0.84702,0.80974,0.0
2030-12-30 21:00:00,7582.38396,0.2447,0.67762,0.79456,0.0
2030-12-30 22:00:00,7240.83279,0.28025,0.67762,0.73953,0.0
2030-12-30 23:00:00,6899.28161,0.35668,0.67762,0.66209,0.0
2030-12-31 00:00:00,6623.95853,0.34449,0.67804,0.64014,0.0
2030-12-31 01:00:00,6419.11458,0.38778,0.67804,0.59509,0.0
2030-12-31 02:00:00,6282.55195,0.29478,0.67804,0.63191,0.0
2030-12-31 03:00:00,6214.27063,0.21071,0.67804,0.67092,0.0
2030-12-31 04:00:00,6214.27063,0.18335,0.67804,0.68594,0.0
2030-12-31 05:00:00,6350.83327,0.30503,0.67804,0.63338,0.0
2030-12-31 06:00:00,6760.52117,0.28788,0.67804,0.6854,0.0
2030-12-31 07:00:00,7375.05301,0.27576,0.67804,0.75596,0.0
2030-12-31 08:00:00,7853.02223,0.28346,0.67804,0.80144,0.0
2030-12-31 09:00:00,7989.58486,0.29978,0.67804,0.80669,0.0231
2030-12-31 10:00:00,7989.58486,0.32624,0.67804,0.79218,0.05073
2030-12-31 11:00:00,7921.30355,0.15878,0.67804,0.87694,0.08542
2030-12-31 12:00:00,7853.02223,0.14465,0.67804,0.87759,0.16033
2030-12-31 13:00:00,7784.74091,0.20286,0.67804,0.83856,0.2272
2030-12-31 14:00:00,7716.4596,0.19793,0.67804,0.83416,0.19906
2030-12-31 15:00:00,7784.74091,0.2394,0.67804,0.81851,0.19383
2030-12-31 16:00:00,8126.14749,0.33871,0.67804,0.79954,0.17746
2030-12-31 17:00:00,8535.83539,0.3767,0.84756,0.8213,0.0
2030-12-31 18:00:00,8535.83539,0.30614,0.84756,0.86001,0.0
2030-12-31 19:00:00,8262.71013,0.45995,0.84756,0.74723,0.0
2030-12-31 20:00:00,7921.30355,0.32461,0.84756,0.78597,0.0
2030-12-31 21:00:00,7579.89696,0.39174,0.67804,0.71363,0.0
2030-12-31 22:00:00,7238.49038,0.36545,0.67804,0.69255,0.0
2030-12-31 23:00:00,6897.0838,0.45383,0.67804,0.60856,0.0
