snapshot,demand_mw,wind,hydro,thermal,solar
2030-01-01 00:00:00,5430.95152,0.43764,0.92977,0.56485,0.0
2030-01-01 01:00:00,5264.39613,0.46132,0.92977,0.53399,0.0
2030-01-01 02:00:00,5153.35919,0.53262,0.92977,0.48561,0.0
2030-01-01 03:00:00,5097.84073,0.43847,0.92977,0.52646,0.0
2030-01-01 04:00:00,5097.84073,0.46018,0.92977,0.51558,0.0
2030-01-01 05:00:00,5208.87766,0.55519,0.92977,0.48063,0.0
2030-01-01 06:00:00,5541.98845,0.57598,0.92977,0.50819,0.0
2030-01-01 07:00:00,6041.65464,0.57681,0.92977,0.56474,0.0
2030-01-01 08:00:00,6430.2839,0.53361,0.92977,0.6307,0.0
2030-01-01 09:00:00,6541.32083,0.60135,0.92977,0.60942,0.0046
2030-01-01 10:00:00,6541.32083,0.59231,0.92977,0.61394,0.02881
2030-01-01 11:00:00,6485.80237,0.49323,0.92977,0.65726,0.07549
2030-01-01 12:00:00,6430.2839,0.4599,0.92977,0.66763,0.10123
2030-01-01 13:00:00,6374.76544,0.44215,0.92977,0.67019,0.10716
2030-01-01 14:00:00,6319.24697,0.47187,0.92977,0.64897,0.11445
2030-01-01 15:00:00,6374.76544,0.54505,0.92977,0.61864,0.04541
2030-01-01 16:00:00,6652.35777,0.5238,0.92977,0.66093,0.0272
2030-01-01 17:00:00,6985.46856,0.50563,1.0,0.70801,0.0
2030-01-01 18:00:00,6985.46856,0.48397,1.0,0.71886,0.0
2030-01-01 19:00:00,6763.3947,0.51476,1.0,0.67812,0.0
2030-01-01 20:00:00,6485.80237,0.49709,1.0,0.65532,0.0
2030-01-01 21:00:00,6208.21004,0.50543,0.92977,0.6195,0.0
2030-01-01 22:00:00,5930.61771,0.3598,0.92977,0.66082,0.0
2030-01-01 23:00:00,5653.02538,0.33351,0.92977,0.64234,0.0
2030-01-02 00:00:00,5556.84223,0.26104,0.93164,0.66768,0.0
2030-01-02 01:00:00,5385.04139,0.19481,0.93164,0.68128,0.0
2030-01-02 02:00:00,5270.50749,0.28962,0.93164,0.62072,0.0
2030-01-02 03:00:00,5213.24055,0.32703,0.93164,0.59545,0.0
2030-01-02 04:00:00,5213.24055,0.31995,0.93164,0.59899,0.0
2030-01-02 05:00:00,5327.77444,0.40158,0.93164,0.57115,0.0
2030-01-02 06:00:00,5671.37613,0.31073,0.93164,0.65585,0.0
2030-01-02 07:00:00,6186.77866,0.25194,0.93164,0.74406,0.0
2030-01-02 08:00:00,6587.64729,0.42083,0.93164,0.70514,0.0
2030-01-02 09:00:00,6702.18119,0.48209,0.93164,0.68751,0.03665
2030-01-02 10:00:00,6702.18119,0.43119,0.93164,0.71301,0.10294
2030-01-02 11:00:00,6644.91424,0.49957,0.93164,0.67222,0.14737
2030-01-02 12:00:00,6587.64729,0.61731,0.93164,0.6067,0.23073
2030-01-02 13:00:00,6530.38034,0.54536,0.93164,0.63622,0.21045
2030-01-02 14:00:00,6473.1134,0.60866,0.93164,0.59798,0.24337
2030-01-02 15:00:00,6530.38034,0.43832,0.93164,0.68985,0.20929
2030-01-02 16:00:00,6816.71508,0.47924,0.93164,0.70199,0.10746
2030-01-02 17:00:00,7160.31677,0.69755,1.0,0.63178,0.0
2030-01-02 18:00:00,7160.31677,0.86629,1.0,0.54724,0.0
2030-01-02 19:00:00,6931.24898,0.8851,1.0,0.5117,0.0
2030-01-02 20:00:00,6644.91424,0.86036,1.0,0.49145,0.0
2030-01-02 21:00:00,6358.5795,0.82221,0.93164,0.47792,0.0
2030-01-02 22:00:00,6072.24476,0.83736,0.93164,0.43769,0.0
2030-01-02 23:00:00,5785.91002,0.87498,0.93164,0.3862,0.0
2030-01-03 00:00:00,5552.53818,0.81291,0.93337,0.39069,0.0
2030-01-03 01:00:00,5380.91667,0.83087,0.93337,0.36213,0.0
2030-01-03 02:00:00,5266.50233,0.73742,0.93337,0.3959,0.0
2030-01-03 03:00:00,5209.29516,0.69619,0.93337,0.41004,0.0
2030-01-03 04:00:00,5209.29516,0.68299,0.93337,0.41665,0.0
2030-01-03 05:00:00,5323.7095,0.66302,0.93337,0.4397,0.0
2030-01-03 06:00:00,5666.95251,0.73213,0.93337,0.4442,0.0
2030-01-03 07:00:00,6181.81704,0.74795,0.93337,0.49498,0.0
2030-01-03 08:00:00,6582.26722,0.66139,0.93337,0.584,0.0
2030-01-03 09:00:00,6696.68156,0.67746,0.93337,0.589,0.01084
2030-01-03 10:00:00,6696.68156,0.57653,0.93337,0.63957,0.05797
2030-01-03 11:00:00,6639.47439,0.42384,0.93337,0.70954,0.07609
2030-01-03 12:00:00,6582.26722,0.31035,0.93337,0.75988,0.10818
2030-01-03 13:00:00,6525.06005,0.32307,0.93337,0.74699,0.20102
2030-01-03 14:00:00,6467.85288,0.32641,0.93337,0.73879,0.1351
2030-01-03 15:00:00,6525.06005,0.3698,0.93337,0.72358,0.16623
2030-01-03 16:00:00,6811.0959,0.2349,0.93337,0.82378,0.11145
2030-01-03 17:00:00,7154.33891,0.30126,1.0,0.82966,0.0
2030-01-03 18:00:00,7154.33891,0.33598,1.0,0.81227,0.0
2030-01-03 19:00:00,6925.51024,0.40567,1.0,0.75126,0.0
2030-01-03 20:00:00,6639.47439,0.47168,1.0,0.68557,0.0
2030-01-03 21:00:00,6353.43854,0.54283,0.93337,0.61732,0.0
2030-01-03 22:00:00,6067.4027,0.49221,0.93337,0.61007,0.0
2030-01-03 23:00:00,5781.36685,0.47732,0.93337,0.58492,0.0
2030-01-04 00:00:00,5423.29563,0.53979,0.93497,0.5128,0.0
2030-01-04 01:00:00,5257.05923,0.46481,0.93497,0.53141,0.0
2030-01-04 02:00:00,5146.23496,0.41095,0.93497,0.54576,0.0
2030-01-04 03:00:00,5090.82283,0.50121,0.93497,0.49422,0.0
2030-01-04 04:00:00,5090.82283,0.45291,0.93497,0.51842,0.0
2030-01-04 05:00:00,5201.64709,0.46214,0.93497,0.52643,0.0
2030-01-04 06:00:00,5534.1199,0.35098,0.93497,0.62003,0.0
2030-01-04 07:00:00,6032.8291,0.31928,0.93497,0.69277,0.0
2030-01-04 08:00:00,6420.71404,0.32759,0.93497,0.73283,0.0
2030-01-04 09:00:00,6531.5383,0.33747,0.93497,0.74051,0.02642
2030-01-04 10:00:00,6531.5383,0.40975,0.93497,0.7043,0.08178
2030-01-04 11:00:00,6476.12617,0.53483,0.93497,0.63531,0.17881
2030-01-04 12:00:00,6420.71404,0.55895,0.93497,0.61691,0.15246
2030-01-04 13:00:00,6365.3019,0.65731,0.93497,0.56131,0.11637
2030-01-04 14:00:00,6309.88977,0.65041,0.93497,0.55845,0.07133
2030-01-04 15:00:00,6365.3019,0.41034,0.93497,0.68505,0.06933
2030-01-04 16:00:00,6642.36257,0.51827,0.93497,0.66256,0.01967
2030-01-04 17:00:00,6974.83537,0.50929,1.0,0.70496,0.0
2030-01-04 18:00:00,6974.83537,0.54811,1.0,0.68552,0.0
2030-01-04 19:00:00,6753.18684,0.5882,1.0,0.64016,0.0
2030-01-04 20:00:00,6476.12617,0.68527,1.0,0.55994,0.0
2030-01-04 21:00:00,6199.0655,0.75447,0.93497,0.49368,0.0
2030-01-04 22:00:00,5922.00483,0.7729,0.93497,0.45286,0.0
2030-01-04 23:00:00,5644.94416,0.85498,0.93497,0.38015,0.0
2030-01-05 00:00:00,4940.22699,0.8813,0.93643,0.28661,0.0
2030-01-05 01:00:00,4794.11845,0.83502,0.93643,0.29315,0.0
2030-01-05 02:00:00,4696.71275,0.7933,0.93643,0.30294,0.0
2030-01-05 03:00:00,4648.00991,0.83801,0.93643,0.27499,0.0
2030-01-05 04:00:00,4648.00991,0.85595,0.93643,0.266,0.0
2030-01-05 05:00:00,4745.4156,0.87087,0.93643,0.26963,0.0
2030-01-05 06:00:00,5037.63268,0.87496,0.93643,0.30089,0.0
2030-01-05 07:00:00,5475.95831,0.87444,0.93643,0.35113,0.0
2030-01-05 08:00:00,5816.87824,0.87941,0.93643,0.38751,0.0
2030-01-05 09:00:00,5914.28393,0.8779,0.93643,0.39937,0.02974
2030-01-05 10:00:00,5914.28393,0.87058,0.93643,0.40303,0.10188
2030-01-05 11:00:00,5865.58108,0.80514,0.93643,0.43027,0.07143
2030-01-05 12:00:00,5816.87824,0.87239,0.93643,0.39102,0.07205
2030-01-05 13:00:00,5768.17539,0.8727,0.93643,0.38532,0.08086
2030-01-05 14:00:00,5719.47254,0.87864,0.93643,0.37679,0.11465
2030-01-05 15:00:00,5768.17539,0.87821,0.93643,0.38256,0.063
2030-01-05 16:00:00,6011.68962,0.88377,0.93643,0.40753,0.02847
2030-01-05 17:00:00,6303.90671,0.88309,1.0,0.44119,0.0
2030-01-05 18:00:00,6303.90671,0.88789,1.0,0.43878,0.0
2030-01-05 19:00:00,6109.09532,0.88292,1.0,0.41906,0.0
2030-01-05 20:00:00,5865.58108,0.88093,1.0,0.3923,0.0
2030-01-05 21:00:00,5622.06685,0.8752,0.93643,0.36741,0.0
2030-01-05 22:00:00,5378.55261,0.85796,0.93643,0.34828,0.0
2030-01-05 23:00:00,5135.03838,0.8611,0.93643,0.31895,0.0
2030-01-06 00:00:00,4985.42392,0.76263,0.93775,0.35123,0.0
2030-01-06 01:00:00,4837.43217,0.79582,0.93775,0.31772,0.0
2030-01-06 02:00:00,4738.77101,0.82092,0.93775,0.2939,0.0
2030-01-06 03:00:00,4689.44043,0.84733,0.93775,0.27504,0.0
2030-01-06 04:00:00,4689.44043,0.79776,0.93775,0.29988,0.0
2030-01-06 05:00:00,4788.10159,0.71643,0.93775,0.35188,0.0
2030-01-06 06:00:00,5084.08509,0.67161,0.93775,0.40808,0.0
2030-01-06 07:00:00,5528.06033,0.54116,0.93775,0.52405,0.0
2030-01-06 08:00:00,5873.3744,0.41352,0.93775,0.62737,0.0
2030-01-06 09:00:00,5972.03557,0.55103,0.93775,0.56972,0.03604
2030-01-06 10:00:00,5972.03557,0.68315,0.93775,0.50353,0.07631
2030-01-06 11:00:00,5922.70498,0.71149,0.93775,0.4837,0.11056
2030-01-06 12:00:00,5873.3744,0.66753,0.93775,0.50011,0.18925
2030-01-06 13:00:00,5824.04382,0.69328,0.93775,0.48158,0.20086
2030-01-06 14:00:00,5774.71324,0.76318,0.93775,0.44094,0.13008
2030-01-06 15:00:00,5824.04382,0.75364,0.93775,0.45134,0.11278
2030-01-06 16:00:00,6070.69673,0.82868,0.93775,0.44186,0.07838
2030-01-06 17:00:00,6366.68023,0.80631,1.0,0.48681,0.0
2030-01-06 18:00:00,6366.68023,0.74524,1.0,0.51741,0.0
2030-01-06 19:00:00,6169.3579,0.76663,1.0,0.4842,0.0
2030-01-06 20:00:00,5922.70498,0.6704,1.0,0.50429,0.0
2030-01-06 21:00:00,5676.05207,0.57914,0.93775,0.5219,0.0
2030-01-06 22:00:00,5429.39916,0.49588,0.93775,0.53549,0.0
2030-01-06 23:00:00,5182.74625,0.48915,0.93775,0.51075,0.0
2030-01-07 00:00:00,5429.37198,0.643,0.93893,0.46178,0.0
2030-01-07 01:00:00,5262.88239,0.65596,0.93893,0.4363,0.0
2030-01-07 02:00:00,5151.88934,0.49409,0.93893,0.50475,0.0
2030-01-07 03:00:00,5096.39281,0.49195,0.93893,0.49949,0.0
2030-01-07 04:00:00,5096.39281,0.58442,0.93893,0.45316,0.0
2030-01-07 05:00:00,5207.38587,0.48582,0.93893,0.51522,0.0
2030-01-07 06:00:00,5540.36503,0.52328,0.93893,0.53441,0.0
2030-01-07 07:00:00,6039.83378,0.59752,0.93893,0.55416,0.0
2030-01-07 08:00:00,6428.30947,0.51119,0.93893,0.64171,0.0
2030-01-07 09:00:00,6539.30252,0.53203,0.93893,0.64392,0.03056
2030-01-07 10:00:00,6539.30252,0.45054,0.93893,0.68475,0.12884
2030-01-07 11:00:00,6483.806,0.4302,0.93893,0.68861,0.14812
2030-01-07 12:00:00,6428.30947,0.48727,0.93893,0.65369,0.13363
2030-01-07 13:00:00,6372.81294,0.39611,0.93893,0.69304,0.08209
2030-01-07 14:00:00,6317.31641,0.40063,0.93893,0.68445,0.11117
2030-01-07 15:00:00,6372.81294,0.48052,0.93893,0.65074,0.05625
2030-01-07 16:00:00,6650.29558,0.60516,0.93893,0.61993,0.05378
2030-01-07 17:00:00,6983.27474,0.62227,1.0,0.64932,0.0
2030-01-07 18:00:00,6983.27474,0.55217,1.0,0.68444,0.0
2030-01-07 19:00:00,6761.28863,0.51106,1.0,0.67973,0.0
2030-01-07 20:00:00,6483.806,0.45258,1.0,0.6774,0.0
2030-01-07 21:00:00,6206.32336,0.45695,0.93893,0.64357,0.0
2030-01-07 22:00:00,5928.84072,0.37903,0.93893,0.65098,0.0
2030-01-07 23:00:00,5651.35808,0.52188,0.93893,0.54777,0.0
2030-01-08 00:00:00,5474.7688,0.53628,0.93997,0.52043,0.0
2030-01-08 01:00:00,5306.38769,0.55519,0.93997,0.49175,0.0
2030-01-08 02:00:00,5194.13361,0.55416,0.93997,0.47947,0.0
2030-01-08 03:00:00,5138.00657,0.72009,0.93997,0.38994,0.0
2030-01-08 04:00:00,5138.00657,0.49631,0.93997,0.50205,0.0
2030-01-08 05:00:00,5250.26065,0.53019,0.93997,0.49788,0.0
2030-01-08 06:00:00,5587.02288,0.55513,0.93997,0.52378,0.0
2030-01-08 07:00:00,6092.16623,0.56844,0.93997,0.5747,0.0
2030-01-08 08:00:00,6485.0555,0.41444,0.93997,0.69665,0.0
2030-01-08 09:00:00,6597.30958,0.35798,0.93997,0.73773,0.03858
2030-01-08 10:00:00,6597.30958,0.24779,0.93997,0.79294,0.06976
2030-01-08 11:00:00,6541.18254,0.19573,0.93997,0.81263,0.13027
2030-01-08 12:00:00,6485.0555,0.30238,0.93997,0.7528,0.17837
2030-01-08 13:00:00,6428.92847,0.31877,0.93997,0.73818,0.15368
2030-01-08 14:00:00,6372.80143,0.28639,0.93997,0.74801,0.14463
2030-01-08 15:00:00,6428.92847,0.19897,0.93997,0.79821,0.07807
2030-01-08 16:00:00,6709.56366,0.19719,0.93997,0.8311,0.04745
2030-01-08 17:00:00,7046.32589,0.19963,1.0,0.86826,0.0
2030-01-08 18:00:00,7046.32589,0.10683,1.0,0.91476,0.0
2030-01-08 19:00:00,6821.81774,0.12219,1.0,0.88147,0.0
2030-01-08 20:00:00,6541.18254,0.07142,1.0,0.87491,0.0
2030-01-08 21:00:00,6260.54735,0.12548,0.93997,0.81583,0.0
2030-01-08 22:00:00,5979.91215,0.19342,0.93997,0.7498,0.0
2030-01-08 23:00:00,5699.27696,0.31138,0.93997,0.6587,0.0
2030-01-09 00:00:00,5564.65135,0.23018,0.94088,0.68404,0.0
2030-01-09 01:00:00,5392.52513,0.3637,0.94088,0.59751,0.0
2030-01-09 02:00:00,5277.77432,0.31441,0.94088,0.60913,0.0
2030-01-09 03:00:00,5220.39891,0.3372,0.94088,0.59117,0.0
2030-01-09 04:00:00,5220.39891,0.24109,0.94088,0.63932,0.0
2030-01-09 05:00:00,5335.14972,0.27037,0.94088,0.63773,0.0
2030-01-09 06:00:00,5679.40217,0.27336,0.94088,0.67548,0.0
2030-01-09 07:00:00,6195.78084,0.29904,0.94088,0.72149,0.0
2030-01-09 08:00:00,6597.40869,0.42323,0.94088,0.70506,0.0
2030-01-09 09:00:00,6712.15951,0.25808,0.94088,0.80088,0.03591
2030-01-09 10:00:00,6712.15951,0.16819,0.94088,0.84592,0.08507
2030-01-09 11:00:00,6654.7841,0.24832,0.94088,0.79923,0.0608
2030-01-09 12:00:00,6597.40869,0.23164,0.94088,0.80104,0.07002
2030-01-09 13:00:00,6540.03329,0.34181,0.94088,0.73931,0.04696
2030-01-09 14:00:00,6482.65788,0.33913,0.94088,0.73411,0.03505
2030-01-09 15:00:00,6540.03329,0.34888,0.94088,0.73576,0.02508
2030-01-09 16:00:00,6826.91032,0.32639,0.94088,0.77974,0.01633
2030-01-09 17:00:00,7171.16277,0.47009,1.0,0.74699,0.0
2030-01-09 18:00:00,7171.16277,0.33011,1.0,0.81712,0.0
2030-01-09 19:00:00,6941.66114,0.44927,1.0,0.73126,0.0
2030-01-09 20:00:00,6654.7841,0.44074,1.0,0.70282,0.0
2030-01-09 21:00:00,6367.90706,0.41069,0.94088,0.68517,0.0
2030-01-09 22:00:00,6081.03002,0.30642,0.94088,0.70471,0.0
2030-01-09 23:00:00,5794.15299,0.41455,0.94088,0.61783,0.0
2030-01-10 00:00:00,5462.39176,0.45568,0.94164,0.5594,0.0
2030-01-10 01:00:00,5294.52636,0.35621,0.94164,0.5901,0.0
2030-01-10 02:00:00,5182.61608,0.51399,0.94164,0.49828,0.0
2030-01-10 03:00:00,5126.66095,0.3876,0.94164,0.55523,0.0
2030-01-10 04:00:00,5126.66095,0.50607,0.94164,0.49587,0.0
2030-01-10 05:00:00,5238.57122,0.49755,0.94164,0.5129,0.0
2030-01-10 06:00:00,5574.30203,0.37392,0.94164,0.61312,0.0
2030-01-10 07:00:00,6077.89825,0.36877,0.94164,0.67311,0.0
2030-01-10 08:00:00,6469.5842,0.4424,0.94164,0.68087,0.0
2030-01-10 09:00:00,6581.49447,0.41373,0.94164,0.708,0.04279
2030-01-10 10:00:00,6581.49447,0.24562,0.94164,0.79223,0.07323
2030-01-10 11:00:00,6525.53934,0.15855,0.94164,0.82947,0.12568
2030-01-10 12:00:00,6469.5842,0.0548,0.94164,0.87508,0.21896
2030-01-10 13:00:00,6413.62907,0.08016,0.94164,0.85599,0.21188
2030-01-10 14:00:00,6357.67393,0.10892,0.94164,0.8352,0.26537
2030-01-10 15:00:00,6413.62907,0.13394,0.94164,0.82905,0.20507
2030-01-10 16:00:00,6693.40475,0.16499,0.94164,0.84539,0.11938
2030-01-10 17:00:00,7029.13556,0.23377,1.0,0.8492,0.0
2030-01-10 18:00:00,7029.13556,0.19976,1.0,0.86624,0.0
2030-01-10 19:00:00,6805.31502,0.282,1.0,0.79952,0.0
2030-01-10 20:00:00,6525.53934,0.31827,1.0,0.74945,0.0
2030-01-10 21:00:00,6245.76366,0.44745,0.94164,0.65283,0.0
2030-01-10 22:00:00,5965.98798,0.29078,0.94164,0.69943,0.0
2030-01-10 23:00:00,5686.2123,0.30095,0.94164,0.66244,0.0
2030-01-11 00:00:00,5429.22082,0.15076,0.94227,0.70839,0.0
2030-01-11 01:00:00,5262.73753,0.12571,0.94227,0.70196,0.0
2030-01-11 02:00:00,5151.74868,0.07391,0.94227,0.71526,0.0
2030-01-11 03:00:00,5096.25425,0.10501,0.94227,0.69335,0.0
2030-01-11 04:00:00,5096.25425,0.15275,0.94227,0.66943,0.0
2030-01-11 05:00:00,5207.24311,0.06691,0.94227,0.72509,0.0
2030-01-11 06:00:00,5540.20967,0.04899,0.94227,0.77203,0.0
2030-01-11 07:00:00,6039.65953,0.03009,0.94227,0.83844,0.0
2030-01-11 08:00:00,6428.12052,0.06024,0.94227,0.86762,0.0
2030-01-11 09:00:00,6539.10938,0.14836,0.94227,0.83613,0.02327
2030-01-11 10:00:00,6539.10938,0.162,0.94227,0.82929,0.03226
2030-01-11 11:00:00,6483.61495,0.2208,0.94227,0.79351,0.0561
2030-01-11 12:00:00,6428.12052,0.23433,0.94227,0.7804,0.06254
2030-01-11 13:00:00,6372.6261,0.23381,0.94227,0.77433,0.08026
2030-01-11 14:00:00,6317.13167,0.25086,0.94227,0.75946,0.10226
2030-01-11 15:00:00,6372.6261,0.18555,0.94227,0.79851,0.06418
2030-01-11 16:00:00,6650.09824,0.20136,0.94227,0.82222,0.02753
2030-01-11 17:00:00,6983.0648,0.2238,1.0,0.84894,0.0
2030-01-11 18:00:00,6983.0648,0.21615,1.0,0.85277,0.0
2030-01-11 19:00:00,6761.08709,0.15786,1.0,0.85667,0.0
2030-01-11 20:00:00,6483.61495,0.1701,1.0,0.8189,0.0
2030-01-11 21:00:00,6206.14281,0.08222,0.94227,0.8313,0.0
2030-01-11 22:00:00,5928.67067,0.07423,0.94227,0.80367,0.0
2030-01-11 23:00:00,5651.19853,0.06876,0.94227,0.77478,0.0
2030-01-12 00:00:00,4935.23058,0.13732,0.94276,0.6588,0.0
2030-01-12 01:00:00,4789.33022,0.21803,0.94276,0.60173,0.0
2030-01-12 02:00:00,4692.06332,0.18043,0.94276,0.60948,0.0
2030-01-12 03:00:00,4643.42986,0.16188,0.94276,0.61323,0.0
2030-01-12 04:00:00,4643.42986,0.16486,0.94276,0.61174,0.0
2030-01-12 05:00:00,4740.69677,0.11505,0.94276,0.64778,0.0
2030-01-12 06:00:00,5032.49749,0.09363,0.94276,0.69178,0.0
2030-01-12 07:00:00,5470.19856,0.09544,0.94276,0.74077,0.0
2030-01-12 08:00:00,5810.63273,0.06946,0.94276,0.7926,0.0
2030-01-12 09:00:00,5907.89963,0.04305,0.94276,0.81693,0.06628
2030-01-12 10:00:00,5907.89963,0.07194,0.94276,0.80245,0.1246
2030-01-12 11:00:00,5859.26618,0.0496,0.94276,0.8081,0.10927
2030-01-12 12:00:00,5810.63273,0.07397,0.94276,0.79034,0.07089
2030-01-12 13:00:00,5761.99927,0.09082,0.94276,0.77636,0.08186
2030-01-12 14:00:00,5713.36582,0.14803,0.94276,0.74215,0.04663
2030-01-12 15:00:00,5761.99927,0.16432,0.94276,0.73953,0.02771
2030-01-12 16:00:00,6005.16654,0.12823,0.94276,0.78534,0.01057
2030-01-12 17:00:00,6296.96725,0.14229,1.0,0.81156,0.0
2030-01-12 18:00:00,6296.96725,0.15936,1.0,0.80301,0.0
2030-01-12 19:00:00,6102.43344,0.19106,1.0,0.76495,0.0
2030-01-12 20:00:00,5859.26618,0.26493,1.0,0.70022,0.0
2030-01-12 21:00:00,5616.09892,0.1391,0.94276,0.73553,0.0
2030-01-12 22:00:00,5372.93165,0.2261,0.94276,0.66422,0.0
2030-01-12 23:00:00,5129.76439,0.30173,0.94276,0.59861,0.0
2030-01-13 00:00:00,4809.64375,0.22927,0.94311,0.59842,0.0
2030-01-13 01:00:00,4668.97618,0.14912,0.94311,0.62253,0.0
2030-01-13 02:00:00,4575.1978,0.14534,0.94311,0.61374,0.0
2030-01-13 03:00:00,4528.30861,0.1123,0.94311,0.62495,0.0
2030-01-13 04:00:00,4528.30861,0.1668,0.94311,0.59764,0.0
2030-01-13 05:00:00,4622.08699,0.13782,0.94311,0.62285,0.0
2030-01-13 06:00:00,4903.42214,0.13652,0.94311,0.65558,0.0
2030-01-13 07:00:00,5325.42486,0.16409,0.94311,0.68987,0.0
2030-01-13 08:00:00,5653.64919,0.15868,0.94311,0.73,0.0
2030-01-13 09:00:00,5747.42758,0.13994,0.94311,0.75008,0.04122
2030-01-13 10:00:00,5747.42758,0.07251,0.94311,0.78387,0.13589
2030-01-13 11:00:00,5700.53838,0.15447,0.94311,0.73746,0.1645
2030-01-13 12:00:00,5653.64919,0.2436,0.94311,0.68746,0.11243
2030-01-13 13:00:00,5606.76,0.16137,0.94311,0.72331,0.13481
2030-01-13 14:00:00,5559.87081,0.27887,0.94311,0.65909,0.13242
2030-01-13 15:00:00,5606.76,0.15646,0.94311,0.72577,0.16989
2030-01-13 16:00:00,5841.20596,0.18099,0.94311,0.74021,0.12501
2030-01-13 17:00:00,6122.5411,0.14814,1.0,0.78874,0.0
2030-01-13 18:00:00,6122.5411,0.07511,1.0,0.82534,0.0
2030-01-13 19:00:00,5934.98434,0.08033,1.0,0.80134,0.0
2030-01-13 20:00:00,5700.53838,0.11967,1.0,0.7549,0.0
2030-01-13 21:00:00,5466.09243,0.10909,0.94311,0.73347,0.0
2030-01-13 22:00:00,5231.64647,0.13683,0.94311,0.69284,0.0
2030-01-13 23:00:00,4997.20052,0.21335,0.94311,0.62778,0.0
2030-01-14 00:00:00,5263.02365,0.20675,0.94332,0.66139,0.0
2030-01-14 01:00:00,5103.46525,0.13204,0.94332,0.68063,0.0
2030-01-14 02:00:00,4997.09298,0.14267,0.94332,0.66317,0.0
2030-01-14 03:00:00,4943.90684,0.19373,0.94332,0.63153,0.0
2030-01-14 04:00:00,4943.90684,0.32762,0.94332,0.56445,0.0
2030-01-14 05:00:00,5050.27911,0.32217,0.94332,0.5793,0.0
2030-01-14 06:00:00,5369.39592,0.37353,0.94332,0.58995,0.0
2030-01-14 07:00:00,5848.07112,0.29197,0.94332,0.68539,0.0
2030-01-14 08:00:00,6220.37406,0.28066,0.94332,0.7335,0.0
2030-01-14 09:00:00,6326.74633,0.26315,0.94332,0.7544,0.06845
2030-01-14 10:00:00,6326.74633,0.23248,0.94332,0.76977,0.08851
2030-01-14 11:00:00,6273.5602,0.12766,0.94332,0.81622,0.1507
2030-01-14 12:00:00,6220.37406,0.10988,0.94332,0.81907,0.22494
2030-01-14 13:00:00,6167.18793,0.11226,0.94332,0.81181,0.2127
2030-01-14 14:00:00,6114.00179,0.08644,0.94332,0.81868,0.17523
2030-01-14 15:00:00,6167.18793,0.07796,0.94332,0.82899,0.12745
2030-01-14 16:00:00,6433.1186,0.0555,0.94332,0.87057,0.08992
2030-01-14 17:00:00,6752.2354,0.08095,1.0,0.8942,0.0
2030-01-14 18:00:00,6752.2354,0.03865,1.0,0.91539,0.0
2030-01-14 19:00:00,6539.49087,0.02985,1.0,0.89555,0.0
2030-01-14 20:00:00,6273.5602,0.04176,1.0,0.85926,0.0
2030-01-14 21:00:00,6007.62953,0.05717,0.94332,0.82122,0.0
2030-01-14 22:00:00,5741.69885,0.06751,0.94332,0.78572,0.0
2030-01-14 23:00:00,5475.76818,0.08561,0.94332,0.74634,0.0
2030-01-15 00:00:00,5456.79665,0.05307,0.94339,0.76048,0.0
2030-01-15 01:00:00,5289.16437,0.03121,0.94339,0.75232,0.0
2030-01-15 02:00:00,5177.40952,0.02621,0.94339,0.74208,0.0
2030-01-15 03:00:00,5121.53209,0.02974,0.94339,0.73394,0.0
2030-01-15 04:00:00,5121.53209,0.00949,0.94339,0.74409,0.0
2030-01-15 05:00:00,5233.28694,0.01438,0.94339,0.75438,0.0
2030-01-15 06:00:00,5568.5515,0.01252,0.94339,0.79354,0.0
2030-01-15 07:00:00,6071.44833,0.01925,0.94339,0.8475,0.0
2030-01-15 08:00:00,6462.59031,0.01382,0.94339,0.89481,0.0
2030-01-15 09:00:00,6574.34516,0.00542,0.94339,0.91176,0.01344
2030-01-15 10:00:00,6574.34516,0.00531,0.94339,0.91181,0.03128
2030-01-15 11:00:00,6518.46773,0.0051,0.94339,0.90555,0.03772
2030-01-15 12:00:00,6462.59031,0.00489,0.94339,0.89929,0.05779
2030-01-15 13:00:00,6406.71288,0.00654,0.94339,0.89209,0.05414
2030-01-15 14:00:00,6350.83546,0.00567,0.94339,0.88616,0.07692
2030-01-15 15:00:00,6406.71288,0.00401,0.94339,0.89336,0.07291
2030-01-15 16:00:00,6686.10001,0.00311,0.94339,0.92566,0.02465
2030-01-15 17:00:00,7021.36457,0.00397,1.0,0.96345,0.0
2030-01-15 18:00:00,7021.36457,0.00469,1.0,0.96309,0.0
2030-01-15 19:00:00,6797.85486,0.00237,1.0,0.93877,0.0
2030-01-15 20:00:00,6518.46773,0.0018,1.0,0.9072,0.0
2030-01-15 21:00:00,6239.08061,0.0016,0.94339,0.87545,0.0
2030-01-15 22:00:00,5959.69348,0.00164,0.94339,0.84358,0.0
2030-01-15 23:00:00,5680.30635,0.00229,0.94339,0.8114,0.0
2030-01-16 00:00:00,5424.59132,0.00468,0.94332,0.78105,0.0
2030-01-16 01:00:00,5258.30093,0.01211,0.94332,0.75837,0.0
2030-01-16 02:00:00,5147.44067,0.01656,0.94332,0.7435,0.0
2030-01-16 03:00:00,5092.01054,0.01324,0.94332,0.73885,0.0
2030-01-16 04:00:00,5092.01054,0.01067,0.94332,0.74013,0.0
2030-01-16 05:00:00,5202.8708,0.00706,0.94332,0.75458,0.0
2030-01-16 06:00:00,5535.45158,0.00798,0.94332,0.79204,0.0
2030-01-16 07:00:00,6034.32274,0.03076,0.94332,0.8375,0.0
2030-01-16 08:00:00,6422.33365,0.03263,0.94332,0.8808,0.0
2030-01-16 09:00:00,6533.19391,0.04602,0.94332,0.88672,0.05245
2030-01-16 10:00:00,6533.19391,0.04661,0.94332,0.88643,0.08416
2030-01-16 11:00:00,6477.76378,0.09251,0.94332,0.85711,0.1468
2030-01-16 12:00:00,6422.33365,0.09754,0.94332,0.84827,0.16322
2030-01-16 13:00:00,6366.90352,0.07095,0.94332,0.85528,0.17183
2030-01-16 14:00:00,6311.47339,0.08071,0.94332,0.84407,0.16144
2030-01-16 15:00:00,6366.90352,0.13386,0.94332,0.82376,0.13611
2030-01-16 16:00:00,6644.05417,0.11669,0.94332,0.86396,0.05052
2030-01-16 17:00:00,6976.63494,0.18434,1.0,0.86798,0.0
2030-01-16 18:00:00,6976.63494,0.34498,1.0,0.78749,0.0
2030-01-16 19:00:00,6754.91443,0.29126,1.0,0.78913,0.0
2030-01-16 20:00:00,6477.76378,0.32653,1.0,0.73986,0.0
2030-01-16 21:00:00,6200.61313,0.42282,0.94332,0.66002,0.0
2030-01-16 22:00:00,5923.46248,0.49747,0.94332,0.59102,0.0
2030-01-16 23:00:00,5646.31184,0.49941,0.94332,0.55846,0.0
2030-01-17 00:00:00,5230.82038,0.39813,0.94311,0.56183,0.0
2030-01-17 01:00:00,5089.70954,0.63587,0.94311,0.42663,0.0
2030-01-17 02:00:00,5038.20987,0.66127,0.94312,0.40803,0.0
2030-01-17 03:00:00,5075.83479,0.61153,0.94313,0.43724,0.0
2030-01-17 04:00:00,5196.31799,0.61534,0.94314,0.44906,0.0
2030-01-17 05:00:00,5431.4888,0.68724,0.94316,0.43985,0.0
2030-01-17 06:00:00,5833.35108,0.65458,0.94318,0.50203,0.0
2030-01-17 07:00:00,6308.89459,0.56128,0.9432,0.60299,0.0
2030-01-17 08:00:00,6652.95436,0.5197,0.94322,0.66305,0.0
2030-01-17 09:00:00,6805.05385,0.43538,0.94325,0.72264,0.05338
2030-01-17 10:00:00,6895.25647,0.35491,0.94327,0.77324,0.09434
2030-01-17 11:00:00,6965.36776,0.25377,0.9433,0.83191,0.09926
2030-01-17 12:00:00,7038.41249,0.19498,0.94332,0.86969,0.09374
2030-01-17 13:00:00,7110.69536,0.13678,0.94334,0.9071,0.12255
2030-01-17 14:00:00,7178.30325,0.07301,0.94336,0.94675,0.09046
2030-01-17 15:00:00,7244.31757,0.04385,0.94337,0.96889,0.05954
2030-01-17 16:00:00,7296.3635,0.01617,0.94338,0.98869,0.02548
2030-01-17 17:00:00,7319.82318,0.00437,0.94382,0.99728,0.0
2030-01-17 18:00:00,7324.51,0.0,0.94339,1.0,0.0
2030-01-17 19:00:00,7318.22074,0.00336,0.94382,0.9976,0.0
2030-01-17 20:00:00,7291.59269,0.01117,0.94509,0.99065,0.0
2030-01-17 21:00:00,7233.71907,0.02294,0.94337,0.97816,0.0
2030-01-17 22:00:00,7135.11832,0.04687,0.94336,0.95493,0.0
2030-01-17 23:00:00,6988.24202,0.09756,0.94334,0.91278,0.0
2030-01-18 00:00:00,6787.52782,0.18651,0.94323,0.84533,0.0
2030-01-18 01:00:00,6566.55493,0.26566,0.94318,0.78049,0.0
2030-01-18 02:00:00,6329.64172,0.3463,0.94313,0.71307,0.0
2030-01-18 03:00:00,6094.58901,0.43156,0.94307,0.64355,0.0
2030-01-18 04:00:00,5881.01547,0.50492,0.94302,0.58245,0.0
2030-01-18 05:00:00,5743.6969,0.52918,0.94297,0.55464,0.0
2030-01-18 06:00:00,5791.54179,0.60297,0.94292,0.52312,0.0
2030-01-18 07:00:00,6029.92132,0.48003,0.94287,0.6119,0.0
2030-01-18 08:00:00,6254.12028,0.36794,0.94283,0.69362,0.0
2030-01-18 09:00:00,6290.52872,0.28207,0.9428,0.74079,0.01918
2030-01-18 10:00:00,6249.70906,0.52275,0.94278,0.61555,0.05506
2030-01-18 11:00:00,6173.11971,0.6366,0.94276,0.54978,0.07189
2030-01-18 12:00:00,6112.32112,0.62067,0.94276,0.55083,0.09376
2030-01-18 13:00:00,6060.33557,0.60949,0.94276,0.5505,0.08273
2030-01-18 14:00:00,6008.35002,0.47974,0.94276,0.60958,0.1173
2030-01-18 15:00:00,6060.33557,0.39231,0.94276,0.65932,0.08848
2030-01-18 16:00:00,6320.2633,0.49041,0.94276,0.6398,0.09434
2030-01-18 17:00:00,6632.17657,0.57756,1.0,0.6317,0.0
2030-01-18 18:00:00,6632.17657,0.54802,1.0,0.6465,0.0
2030-01-18 19:00:00,6424.23439,0.66613,1.0,0.56361,0.0
2030-01-18 20:00:00,6164.30666,0.74336,1.0,0.49528,0.0
2030-01-18 21:00:00,5904.37893,0.74729,0.94276,0.46368,0.0
2030-01-18 22:00:00,5644.4512,0.76876,0.94276,0.42329,0.0
2030-01-18 23:00:00,5384.52348,0.80245,0.94276,0.37677,0.0
2030-01-19 00:00:00,4637.59358,0.79139,0.94227,0.29716,0.0
2030-01-19 01:00:00,4504.09476,0.75049,0.94227,0.30243,0.0
2030-01-19 02:00:00,4415.09555,0.82357,0.94227,0.25567,0.0
2030-01-19 03:00:00,4370.59595,0.80417,0.94227,0.26032,0.0
2030-01-19 04:00:00,4370.59595,0.79884,0.94227,0.26299,0.0
2030-01-19 05:00:00,4459.59516,0.82199,0.94227,0.26154,0.0
2030-01-19 06:00:00,4726.59279,0.78897,0.94227,0.30852,0.0
2030-01-19 07:00:00,5127.08924,0.73296,0.94227,0.38224,0.0
2030-01-19 08:00:00,5438.58648,0.71949,0.94227,0.4245,0.0
2030-01-19 09:00:00,5527.58569,0.70688,0.94227,0.44097,0.01543
2030-01-19 10:00:00,5527.58569,0.64554,0.94227,0.4717,0.04556
2030-01-19 11:00:00,5483.08608,0.64731,0.94227,0.46574,0.07148
2030-01-19 12:00:00,5438.58648,0.64787,0.94227,0.46039,0.09313
2030-01-19 13:00:00,5394.08687,0.61332,0.94227,0.47263,0.07425
2030-01-19 14:00:00,5349.58727,0.57984,0.94227,0.48433,0.05232
2030-01-19 15:00:00,5394.08687,0.62079,0.94227,0.46888,0.04112
2030-01-19 16:00:00,5616.5849,0.57795,0.94227,0.51571,0.02137
2030-01-19 17:00:00,5883.58253,0.6461,1.0,0.51201,0.0
2030-01-19 18:00:00,5883.58253,0.70781,1.0,0.48109,0.0
2030-01-19 19:00:00,5705.58411,0.67019,1.0,0.47965,0.0
2030-01-19 20:00:00,5483.08608,0.64944,1.0,0.46468,0.0
2030-01-19 21:00:00,5260.58805,0.66064,0.94227,0.4337,0.0
2030-01-19 22:00:00,5038.09003,0.64524,0.94227,0.41605,0.0
2030-01-19 23:00:00,4815.592,0.70908,0.94227,0.35869,0.0
2030-01-20 00:00:00,4820.92771,0.62952,0.94164,0.39916,0.0
2030-01-20 01:00:00,4679.78998,0.69553,0.94164,0.35,0.0
2030-01-20 02:00:00,4585.69815,0.71543,0.94164,0.3293,0.0
2030-01-20 03:00:00,4538.65224,0.70501,0.94164,0.32916,0.0
2030-01-20 04:00:00,4538.65224,0.75201,0.94164,0.30561,0.0
2030-01-20 05:00:00,4632.74406,0.77811,0.94164,0.30326,0.0
2030-01-20 06:00:00,4915.01954,0.80081,0.94164,0.32407,0.0
2030-01-20 07:00:00,5338.43275,0.7681,0.94164,0.38873,0.0
2030-01-20 08:00:00,5667.75414,0.77291,0.94164,0.42386,0.0
2030-01-20 09:00:00,5761.84597,0.78877,0.94164,0.42665,0.01342
2030-01-20 10:00:00,5761.84597,0.74296,0.94164,0.4496,0.0293
2030-01-20 11:00:00,5714.80005,0.84901,0.94164,0.3911,0.09529
2030-01-20 12:00:00,5667.75414,0.84614,0.94164,0.38717,0.06922
2030-01-20 13:00:00,5620.70823,0.87215,0.94164,0.36878,0.06833
2030-01-20 14:00:00,5573.66232,0.83291,0.94164,0.38307,0.09524
2030-01-20 15:00:00,5620.70823,0.80618,0.94164,0.40183,0.09279
2030-01-20 16:00:00,5855.93779,0.82064,0.94164,0.42141,0.03276
2030-01-20 17:00:00,6138.21327,0.88395,1.0,0.42187,0.0
2030-01-20 18:00:00,6138.21327,0.87658,1.0,0.42556,0.0
2030-01-20 19:00:00,5950.02962,0.87667,1.0,0.40406,0.0
2030-01-20 20:00:00,5714.80005,0.87096,1.0,0.38011,0.0
2030-01-20 21:00:00,5479.57049,0.87157,0.94164,0.35298,0.0
2030-01-20 22:00:00,5244.34093,0.86792,0.94164,0.32799,0.0
2030-01-20 23:00:00,5009.11136,0.86937,0.94164,0.30044,0.0
2030-01-21 00:00:00,5249.93954,0.85421,0.94088,0.3355,0.0
2030-01-21 01:00:00,5090.92631,0.86509,0.94088,0.31192,0.0
2030-01-21 02:00:00,4984.91749,0.8662,0.94088,0.29928,0.0
2030-01-21 03:00:00,4931.91308,0.86234,0.94088,0.29517,0.0
2030-01-21 04:00:00,4931.91308,0.85365,0.94088,0.29952,0.0
2030-01-21 05:00:00,5037.9219,0.86299,0.94088,0.30693,0.0
2030-01-21 06:00:00,5355.94836,0.86162,0.94088,0.34387,0.0
2030-01-21 07:00:00,5832.98805,0.85641,0.94088,0.40087,0.0
2030-01-21 08:00:00,6204.01893,0.83637,0.94088,0.45321,0.0
2030-01-21 09:00:00,6310.02775,0.82752,0.94088,0.46973,0.10546
2030-01-21 10:00:00,6310.02775,0.75942,0.94088,0.50385,0.17424
2030-01-21 11:00:00,6257.02334,0.7314,0.94088,0.51185,0.23556
2030-01-21 12:00:00,6204.01893,0.64856,0.94088,0.54731,0.1936
2030-01-21 13:00:00,6151.01452,0.55308,0.94088,0.5891,0.2598
2030-01-21 14:00:00,6098.01011,0.34726,0.94088,0.68618,0.21778
2030-01-21 15:00:00,6151.01452,0.41196,0.94088,0.65981,0.14687
2030-01-21 16:00:00,6416.03657,0.36675,0.94088,0.71267,0.17461
2030-01-21 17:00:00,6734.06303,0.35488,1.0,0.75488,0.0
2030-01-21 18:00:00,6734.06303,0.3415,1.0,0.76158,0.0
2030-01-21 19:00:00,6522.04539,0.23661,1.0,0.78996,0.0
2030-01-21 20:00:00,6257.02334,0.3065,1.0,0.72473,0.0
2030-01-21 21:00:00,5992.00129,0.40648,0.94088,0.64442,0.0
2030-01-21 22:00:00,5726.97923,0.43408,0.94088,0.60038,0.0
2030-01-21 23:00:00,5461.95718,0.44507,0.94088,0.56466,0.0
2030-01-22 00:00:00,5154.54895,0.43734,0.93997,0.53349,0.0
2030-01-22 01:00:00,4999.51033,0.50702,0.93997,0.4809,0.0
2030-01-22 02:00:00,4896.15124,0.45152,0.93997,0.49692,0.0
2030-01-22 03:00:00,4844.4717,0.43146,0.93997,0.50108,0.0
2030-01-22 04:00:00,4844.4717,0.40177,0.93997,0.51596,0.0
2030-01-22 05:00:00,4947.83079,0.46304,0.93997,0.49705,0.0
2030-01-22 06:00:00,5257.90803,0.45234,0.93997,0.53776,0.0
2030-01-22 07:00:00,5723.0239,0.40241,0.93997,0.6158,0.0
2030-01-22 08:00:00,6084.78069,0.30096,0.93997,0.70787,0.0
2030-01-22 09:00:00,6188.13977,0.26465,0.93997,0.73785,0.06211
2030-01-22 10:00:00,6188.13977,0.26445,0.93997,0.73795,0.06938
2030-01-22 11:00:00,6136.46023,0.13906,0.93997,0.79488,0.17865
2030-01-22 12:00:00,6084.78069,0.10256,0.93997,0.80728,0.2275
2030-01-22 13:00:00,6033.10115,0.13113,0.93997,0.78707,0.26085
2030-01-22 14:00:00,5981.42161,0.11598,0.93997,0.78877,0.10277
2030-01-22 15:00:00,6033.10115,0.11318,0.93997,0.79606,0.1025
2030-01-22 16:00:00,6291.49885,0.10263,0.93997,0.83081,0.02587
2030-01-22 17:00:00,6601.5761,0.18039,1.0,0.8272,0.0
2030-01-22 18:00:00,6601.5761,0.22706,1.0,0.80382,0.0
2030-01-22 19:00:00,6394.85793,0.1798,1.0,0.80393,0.0
2030-01-22 20:00:00,6136.46023,0.27348,1.0,0.72753,0.0
2030-01-22 21:00:00,5878.06252,0.34285,0.93997,0.66332,0.0
2030-01-22 22:00:00,5619.66482,0.36905,0.93997,0.62073,0.0
2030-01-22 23:00:00,5361.26711,0.28759,0.93997,0.63209,0.0
2030-01-23 00:00:00,5081.96219,0.21495,0.93893,0.63664,0.0
2030-01-23 01:00:00,4929.94801,0.27195,0.93893,0.59075,0.0
2030-01-23 02:00:00,4828.60523,0.39634,0.93893,0.51687,0.0
2030-01-23 03:00:00,4777.93384,0.43074,0.93893,0.49386,0.0
2030-01-23 04:00:00,4777.93384,0.31025,0.93893,0.55422,0.0
2030-01-23 05:00:00,4879.27662,0.27479,0.93893,0.58355,0.0
2030-01-23 06:00:00,5183.30497,0.18986,0.93893,0.66076,0.0
2030-01-23 07:00:00,5639.3475,0.17733,0.93893,0.71903,0.0
2030-01-23 08:00:00,5994.04724,0.12456,0.93893,0.78591,0.0
2030-01-23 09:00:00,6095.39002,0.13005,0.93893,0.79471,0.01812
2030-01-23 10:00:00,6095.39002,0.13303,0.93893,0.79322,0.081
2030-01-23 11:00:00,6044.71863,0.11359,0.93893,0.79718,0.10874
2030-01-23 12:00:00,5994.04724,0.22652,0.93893,0.73482,0.09454
2030-01-23 13:00:00,5943.37584,0.21634,0.93893,0.73415,0.09632
2030-01-23 14:00:00,5892.70445,0.17125,0.93893,0.75096,0.09739
2030-01-23 15:00:00,5943.37584,0.28621,0.93893,0.69914,0.09851
2030-01-23 16:00:00,6196.7328,0.36441,0.93893,0.68885,0.05823
2030-01-23 17:00:00,6500.76115,0.38135,1.0,0.71502,0.0
2030-01-23 18:00:00,6500.76115,0.51669,1.0,0.64721,0.0
2030-01-23 19:00:00,6298.07559,0.5467,1.0,0.60907,0.0
2030-01-23 20:00:00,6044.71863,0.67245,1.0,0.51718,0.0
2030-01-23 21:00:00,5791.36167,0.43426,0.93893,0.60763,0.0
2030-01-23 22:00:00,5538.00471,0.57996,0.93893,0.50575,0.0
2030-01-23 23:00:00,5284.64775,0.53322,0.93893,0.50028,0.0
2030-01-24 00:00:00,5094.01168,0.37365,0.93775,0.5585,0.0
2030-01-24 01:00:00,4941.49544,0.48947,0.93775,0.48308,0.0
2030-01-24 02:00:00,4839.81795,0.46398,0.93775,0.48426,0.0
2030-01-24 03:00:00,4788.97921,0.60074,0.93775,0.40994,0.0
2030-01-24 04:00:00,4788.97921,0.57287,0.93775,0.42391,0.0
2030-01-24 05:00:00,4890.6567,0.68427,0.93775,0.37968,0.0
2030-01-24 06:00:00,5195.68917,0.56087,0.93775,0.47629,0.0
2030-01-24 07:00:00,5653.23788,0.58272,0.93775,0.5175,0.0
2030-01-24 08:00:00,6009.1091,0.49122,0.93775,0.60392,0.0
2030-01-24 09:00:00,6110.78659,0.50806,0.93775,0.60707,0.02199
2030-01-24 10:00:00,6110.78659,0.52007,0.93775,0.60106,0.05387
2030-01-24 11:00:00,6059.94785,0.4438,0.93775,0.63347,0.08085
2030-01-24 12:00:00,6009.1091,0.36468,0.93775,0.66732,0.31406
2030-01-24 13:00:00,5958.27035,0.46714,0.93775,0.61019,0.27652
2030-01-24 14:00:00,5907.43161,0.59021,0.93775,0.54273,0.22638
2030-01-24 15:00:00,5958.27035,0.66646,0.93775,0.51032,0.09655
2030-01-24 16:00:00,6212.46408,0.80618,0.93775,0.4693,0.0397
2030-01-24 17:00:00,6517.49656,0.64785,1.0,0.5834,7e-05
2030-01-24 18:00:00,6517.49656,0.62309,1.0,0.59581,0.0
2030-01-24 19:00:00,6314.14157,0.67171,1.0,0.54826,0.0
2030-01-24 20:00:00,6059.94785,0.59651,1.0,0.55696,0.0
2030-01-24 21:00:00,5805.75412,0.49213,0.93775,0.58028,0.0
2030-01-24 22:00:00,5551.56039,0.59961,0.93775,0.49745,0.0
2030-01-24 23:00:00,5297.36666,0.59268,0.93775,0.47194,0.0
2030-01-25 00:00:00,5196.90628,0.51001,0.93643,0.50191,0.0
2030-01-25 01:00:00,5040.10277,0.54674,0.93643,0.46563,0.0
2030-01-25 02:00:00,4935.56709,0.55488,0.93643,0.44963,0.0
2030-01-25 03:00:00,4883.29925,0.55204,0.93643,0.44509,0.0
2030-01-25 04:00:00,4883.29925,0.48138,0.93643,0.4805,0.0
2030-01-25 05:00:00,4987.83493,0.33837,0.93643,0.56407,0.0
2030-01-25 06:00:00,5301.44195,0.20833,0.93643,0.66498,0.0
2030-01-25 07:00:00,5771.85249,0.28136,0.93643,0.68202,0.0
2030-01-25 08:00:00,6137.72735,0.35628,0.93643,0.68619,0.0
2030-01-25 09:00:00,6242.26302,0.2817,0.93643,0.73548,0.03915
2030-01-25 10:00:00,6242.26302,0.24776,0.93643,0.75248,0.13538
2030-01-25 11:00:00,6189.99518,0.28925,0.93643,0.72574,0.13479
2030-01-25 12:00:00,6137.72735,0.22311,0.93643,0.75291,0.09415
2030-01-25 13:00:00,6085.45951,0.16451,0.93643,0.77631,0.12159
2030-01-25 14:00:00,6033.19167,0.15424,0.93643,0.7755,0.06577
2030-01-25 15:00:00,6085.45951,0.09187,0.93643,0.81271,0.06652
2030-01-25 16:00:00,6346.7987,0.11218,0.93643,0.83233,0.03907
2030-01-25 17:00:00,6660.40572,0.10503,1.0,0.87166,0.00021
2030-01-25 18:00:00,6660.40572,0.1156,1.0,0.86637,0.0
2030-01-25 19:00:00,6451.33437,0.10503,1.0,0.84783,0.0
2030-01-25 20:00:00,6189.99518,0.25228,1.0,0.74426,0.0
2030-01-25 21:00:00,5928.656,0.26955,0.93643,0.70581,0.0
2030-01-25 22:00:00,5667.31681,0.22672,0.93643,0.69748,0.0
2030-01-25 23:00:00,5405.97763,0.23919,0.93643,0.66143,0.0
2030-01-26 00:00:00,4768.7865,0.28118,0.93497,0.56775,0.0
2030-01-26 01:00:00,4629.82131,0.21817,0.93497,0.58348,0.0
2030-01-26 02:00:00,4537.17785,0.24811,0.93497,0.55791,0.0
2030-01-26 03:00:00,4490.85612,0.2873,0.93497,0.53299,0.0
2030-01-26 04:00:00,4490.85612,0.22346,0.93497,0.56498,0.0
2030-01-26 05:00:00,4583.49958,0.3157,0.93497,0.52933,0.0
2030-01-26 06:00:00,4861.42996,0.28801,0.93497,0.57489,0.0
2030-01-26 07:00:00,5278.32552,0.40376,0.93497,0.56442,0.0
2030-01-26 08:00:00,5602.57763,0.53485,0.93497,0.53571,0.0
2030-01-26 09:00:00,5695.22108,0.44542,0.93497,0.59108,0.0625
2030-01-26 10:00:00,5695.22108,0.3474,0.93497,0.64019,0.1891
2030-01-26 11:00:00,5648.89935,0.34292,0.93497,0.63715,0.2541
2030-01-26 12:00:00,5602.57763,0.34063,0.93497,0.63302,0.38398
2030-01-26 13:00:00,5556.2559,0.23158,0.93497,0.68237,0.29143
2030-01-26 14:00:00,5509.93417,0.32494,0.93497,0.63032,0.1928
2030-01-26 15:00:00,5556.2559,0.36666,0.93497,0.6147,0.25119
2030-01-26 16:00:00,5787.86454,0.45042,0.93497,0.59914,0.13996
2030-01-26 17:00:00,6065.79492,0.55042,1.0,0.58072,0.00067
2030-01-26 18:00:00,6065.79492,0.51506,1.0,0.59843,0.0
2030-01-26 19:00:00,5880.508,0.7489,1.0,0.46015,0.0
2030-01-26 20:00:00,5648.89935,0.72251,1.0,0.44697,0.0
2030-01-26 21:00:00,5417.29071,0.66995,0.93497,0.4469,0.0
2030-01-26 22:00:00,5185.68206,0.41596,0.93497,0.54775,0.0
2030-01-26 23:00:00,4954.07342,0.40396,0.93497,0.52735,0.0
2030-01-27 00:00:00,4908.85392,0.42993,0.93337,0.50919,0.0
2030-01-27 01:00:00,4764.05259,0.52716,0.93337,0.44396,0.0
2030-01-27 02:00:00,4667.51837,0.52443,0.93337,0.43433,0.0
2030-01-27 03:00:00,4619.25126,0.562,0.93337,0.41,0.0
2030-01-27 04:00:00,4619.25126,0.51714,0.93337,0.43248,0.0
2030-01-27 05:00:00,4715.78548,0.42284,0.93337,0.49073,0.0
2030-01-27 06:00:00,5005.38814,0.62152,0.93337,0.4242,0.0
2030-01-27 07:00:00,5439.79214,0.63174,0.93337,0.46861,0.0
2030-01-27 08:00:00,5777.66191,0.41436,0.93337,0.61604,0.0
2030-01-27 09:00:00,5874.19613,0.35409,0.93337,0.65724,0.17658
2030-01-27 10:00:00,5874.19613,0.26223,0.93337,0.70327,0.24852
2030-01-27 11:00:00,5825.92902,0.2557,0.93337,0.70104,0.35697
2030-01-27 12:00:00,5777.66191,0.33368,0.93337,0.65647,0.39189
2030-01-27 13:00:00,5729.3948,0.20692,0.93337,0.71447,0.24177
2030-01-27 14:00:00,5681.12769,0.23192,0.93337,0.69644,0.24648
2030-01-27 15:00:00,5729.3948,0.36519,0.93337,0.63517,0.17317
2030-01-27 16:00:00,5970.73035,0.30406,0.93337,0.69331,0.05776
2030-01-27 17:00:00,6260.33301,0.28037,1.0,0.7382,0.00209
2030-01-27 18:00:00,6260.33301,0.29679,1.0,0.72997,0.0
2030-01-27 19:00:00,6067.26457,0.23556,1.0,0.73864,0.0
2030-01-27 20:00:00,5825.92902,0.10399,1.0,0.77705,0.0
2030-01-27 21:00:00,5584.59347,0.13304,0.93337,0.73498,0.0
2030-01-27 22:00:00,5343.25792,0.13086,0.93337,0.70856,0.0
2030-01-27 23:00:00,5101.92236,0.087,0.93337,0.70302,0.0
2030-01-28 00:00:00,5591.89588,0.04262,0.93164,0.78112,0.0
2030-01-28 01:00:00,5418.63447,0.073,0.93164,0.74614,0.0
2030-01-28 02:00:00,5303.12686,0.04668,0.93164,0.74616,0.0
2030-01-28 03:00:00,5245.37306,0.06931,0.93164,0.72824,0.0
2030-01-28 04:00:00,5245.37306,0.09046,0.93164,0.71764,0.0
2030-01-28 05:00:00,5360.88067,0.12049,0.93164,0.71576,0.0
2030-01-28 06:00:00,5707.40349,0.09825,0.93164,0.76641,0.0
2030-01-28 07:00:00,6227.18773,0.05551,0.93164,0.84709,0.0
2030-01-28 08:00:00,6631.46435,0.06182,0.93164,0.89001,0.0
2030-01-28 09:00:00,6746.97196,0.05266,0.93164,0.90777,0.0373
2030-01-28 10:00:00,6746.97196,0.02379,0.93164,0.92224,0.06915
2030-01-28 11:00:00,6689.21816,0.02462,0.93164,0.91524,0.06193
2030-01-28 12:00:00,6631.46435,0.00699,0.93164,0.91749,0.042
2030-01-28 13:00:00,6573.71055,0.01076,0.93164,0.90901,0.04487
2030-01-28 14:00:00,6515.95674,0.00687,0.93164,0.90438,0.05067
2030-01-28 15:00:00,6573.71055,0.00705,0.93164,0.91087,0.03644
2030-01-28 16:00:00,6862.47957,0.00533,0.93164,0.94465,0.02178
2030-01-28 17:00:00,7209.00239,0.0032,1.0,0.98523,0.00037
2030-01-28 18:00:00,7209.00239,0.0038,1.0,0.98493,0.0
2030-01-28 19:00:00,6977.98718,0.00706,1.0,0.95696,0.0
2030-01-28 20:00:00,6689.21816,0.0078,1.0,0.92366,0.0
2030-01-28 21:00:00,6400.44914,0.00401,0.93164,0.89264,0.0
2030-01-28 22:00:00,6111.68012,0.00329,0.93164,0.86008,0.0
2030-01-28 23:00:00,5822.9111,0.00432,0.93164,0.82664,0.0
2030-01-29 00:00:00,5334.64312,0.0048,0.92977,0.77074,0.0
2030-01-29 01:00:00,5172.10058,0.00706,0.92977,0.75107,0.0
2030-01-29 02:00:00,5063.73888,0.00601,0.92977,0.73924,0.0
2030-01-29 03:00:00,5009.55803,0.00783,0.92977,0.73215,0.0
2030-01-29 04:00:00,5009.55803,0.00645,0.92977,0.73284,0.0
2030-01-29 05:00:00,5117.91973,0.01231,0.92977,0.74226,0.0
2030-01-29 06:00:00,5443.00482,0.01782,0.92977,0.77657,0.0
2030-01-29 07:00:00,5930.63246,0.01533,0.92977,0.83341,0.0
2030-01-29 08:00:00,6309.8984,0.02178,0.92977,0.87341,0.0
2030-01-29 09:00:00,6418.2601,0.00681,0.92977,0.89327,0.06025
2030-01-29 10:00:00,6418.2601,0.00563,0.92977,0.89386,0.15227
2030-01-29 11:00:00,6364.07925,0.00605,0.92977,0.88747,0.1897
2030-01-29 12:00:00,6309.8984,0.00631,0.92977,0.88116,0.17733
2030-01-29 13:00:00,6255.71755,0.01168,0.92977,0.8723,0.23675
2030-01-29 14:00:00,6201.53671,0.00856,0.92977,0.86768,0.22797
2030-01-29 15:00:00,6255.71755,0.01724,0.92977,0.86951,0.22601
2030-01-29 16:00:00,6526.6218,0.00994,0.92977,0.90405,0.08539
2030-01-29 17:00:00,6851.70689,0.01478,1.0,0.93869,0.00827
2030-01-29 18:00:00,6851.70689,0.03128,1.0,0.93042,0.0
2030-01-29 19:00:00,6634.9835,0.04014,1.0,0.90128,0.0
2030-01-29 20:00:00,6364.07925,0.06454,1.0,0.85817,0.0
2030-01-29 21:00:00,6093.17501,0.01812,0.92977,0.85054,0.0
2030-01-29 22:00:00,5822.27076,0.01731,0.92977,0.82006,0.0
2030-01-29 23:00:00,5551.36652,0.01034,0.92977,0.79267,0.0
2030-01-30 00:00:00,5168.49961,0.0098,0.92777,0.74929,0.0
2030-01-30 01:00:00,5012.87971,0.01228,0.92777,0.7303,0.0
2030-01-30 02:00:00,4909.1331,0.01332,0.92777,0.71795,0.0
2030-01-30 03:00:00,4857.2598,0.01406,0.92777,0.71167,0.0
2030-01-30 04:00:00,4857.2598,0.00756,0.92777,0.71492,0.0
2030-01-30 05:00:00,4961.00641,0.01351,0.92777,0.72378,0.0
2030-01-30 06:00:00,5272.24621,0.01359,0.92777,0.75922,0.0
2030-01-30 07:00:00,5739.10591,0.03149,0.92777,0.80347,0.0
2030-01-30 08:00:00,6102.21901,0.05255,0.92777,0.83432,0.0
2030-01-30 09:00:00,6205.96561,0.0741,0.92777,0.83535,0.03579
2030-01-30 10:00:00,6205.96561,0.13957,0.92777,0.80255,0.08208
2030-01-30 11:00:00,6154.09231,0.09451,0.92777,0.81921,0.14965
2030-01-30 12:00:00,6102.21901,0.06375,0.92777,0.82871,0.10319
2030-01-30 13:00:00,6050.34571,0.05982,0.92777,0.82476,0.12041
2030-01-30 14:00:00,5998.47241,0.04003,0.92777,0.82876,0.11881
2030-01-30 15:00:00,6050.34571,0.04358,0.92777,0.8329,0.04017
2030-01-30 16:00:00,6309.71221,0.08696,0.92777,0.84074,0.03291
2030-01-30 17:00:00,6620.95201,0.09732,1.0,0.87103,0.00274
2030-01-30 18:00:00,6620.95201,0.08474,1.0,0.87733,0.0
2030-01-30 19:00:00,6413.45881,0.07818,1.0,0.85696,0.0
2030-01-30 20:00:00,6154.09231,0.0597,1.0,0.83665,0.0
2030-01-30 21:00:00,5894.72581,0.09234,0.92777,0.79073,0.0
2030-01-30 22:00:00,5635.35931,0.10943,0.92777,0.75259,0.0
2030-01-30 23:00:00,5375.99281,0.14215,0.92777,0.70663,0.0
2030-01-31 00:00:00,5190.69443,0.07022,0.92563,0.72155,0.0
2030-01-31 01:00:00,5034.14975,0.12558,0.92563,0.67596,0.0
2030-01-31 02:00:00,4929.78662,0.16845,0.92563,0.64259,0.0
2030-01-31 03:00:00,4877.60506,0.17071,0.92563,0.6355,0.0
2030-01-31 04:00:00,4877.60506,0.27826,0.92563,0.58162,0.0
2030-01-31 05:00:00,4981.96819,0.29462,0.92563,0.58532,0.0
2030-01-31 06:00:00,5295.05755,0.23638,0.92563,0.65019,0.0
2030-01-31 07:00:00,5764.69161,0.26618,0.92563,0.68881,0.0
2030-01-31 08:00:00,6129.96254,0.22033,0.92563,0.75342,0.0
2030-01-31 09:00:00,6234.32566,0.16479,0.92563,0.79315,0.14886
2030-01-31 10:00:00,6234.32566,0.16293,0.92563,0.79408,0.18663
2030-01-31 11:00:00,6182.1441,0.12212,0.92563,0.80858,0.23096
2030-01-31 12:00:00,6129.96254,0.11436,0.92563,0.80651,0.19557
2030-01-31 13:00:00,6077.78098,0.13349,0.92563,0.79098,0.26141
2030-01-31 14:00:00,6025.59942,0.24101,0.92563,0.73116,0.31742
2030-01-31 15:00:00,6077.78098,0.29278,0.92563,0.71117,0.2434
2030-01-31 16:00:00,6338.68879,0.22659,0.92563,0.77408,0.16607
2030-01-31 17:00:00,6651.77816,0.12807,1.0,0.85914,0.0458
2030-01-31 18:00:00,6651.77816,0.11583,1.0,0.86527,0.0
2030-01-31 19:00:00,6443.05191,0.10299,1.0,0.8479,0.0
2030-01-31 20:00:00,6182.1441,0.10234,1.0,0.81849,0.0
2030-01-31 21:00:00,5921.23629,0.1209,0.92563,0.77944,0.0
2030-01-31 22:00:00,5660.32849,0.11931,0.92563,0.75049,0.0
2030-01-31 23:00:00,5399.42068,0.20427,0.92563,0.67818,0.0
2030-02-01 00:00:00,5156.72552,0.36444,0.92336,0.57026,0.0
2030-02-01 01:00:00,5001.59621,0.40876,0.92336,0.53037,0.0
2030-02-01 02:00:00,4898.17667,0.47573,0.92336,0.48503,0.0
2030-02-01 03:00:00,4846.4669,0.54852,0.92336,0.44266,0.0
2030-02-01 04:00:00,4846.4669,0.43694,0.92336,0.49856,0.0
2030-02-01 05:00:00,4949.88644,0.4946,0.92336,0.48146,0.0
2030-02-01 06:00:00,5260.14507,0.42845,0.92336,0.54998,0.0
2030-02-01 07:00:00,5725.53301,0.31865,0.92336,0.65805,0.0
2030-02-01 08:00:00,6087.5014,0.46691,0.92336,0.62504,0.0
2030-02-01 09:00:00,6190.92095,0.47707,0.92336,0.63173,0.1513
2030-02-01 10:00:00,6190.92095,0.54198,0.92336,0.59921,0.21427
2030-02-01 11:00:00,6139.21118,0.4992,0.92336,0.61475,0.35852
2030-02-01 12:00:00,6087.5014,0.53176,0.92336,0.59254,0.35885
2030-02-01 13:00:00,6035.79163,0.58509,0.92336,0.55993,0.45116
2030-02-01 14:00:00,5984.08186,0.534,0.92336,0.57963,0.50842
2030-02-01 15:00:00,6035.79163,0.42657,0.92336,0.63935,0.42475
2030-02-01 16:00:00,6294.34049,0.38356,0.92336,0.69038,0.29626
2030-02-01 17:00:00,6604.59912,0.3764,1.0,0.72934,0.03713
2030-02-01 18:00:00,6604.59912,0.17545,1.0,0.83002,0.0
2030-02-01 19:00:00,6397.76003,0.07197,1.0,0.85828,0.0
2030-02-01 20:00:00,6139.21118,0.08723,1.0,0.82116,0.0
2030-02-01 21:00:00,5880.66232,0.06574,0.92336,0.80245,0.0
2030-02-01 22:00:00,5622.11346,0.08157,0.92336,0.76505,0.0
2030-02-01 23:00:00,5363.56461,0.10666,0.92336,0.723,0.0
2030-02-02 00:00:00,4751.88076,0.08916,0.92095,0.66203,0.0
2030-02-02 01:00:00,4613.61998,0.12328,0.92095,0.62917,0.0
2030-02-02 02:00:00,4521.44612,0.09549,0.92095,0.63258,0.0
2030-02-02 03:00:00,4475.3592,0.13083,0.92095,0.60962,0.0
2030-02-02 04:00:00,4475.3592,0.19747,0.92095,0.57623,0.0
2030-02-02 05:00:00,4567.53305,0.16778,0.92095,0.60162,0.0
2030-02-02 06:00:00,4844.05462,0.0968,0.92095,0.66871,0.0
2030-02-02 07:00:00,5258.83696,0.09332,0.92095,0.71774,0.0
2030-02-02 08:00:00,5581.44545,0.08881,0.92095,0.75678,0.0
2030-02-02 09:00:00,5673.61931,0.14097,0.92095,0.74115,0.08984
2030-02-02 10:00:00,5673.61931,0.30137,0.92095,0.66079,0.1286
2030-02-02 11:00:00,5627.53238,0.27322,0.92095,0.66964,0.09885
2030-02-02 12:00:00,5581.44545,0.27794,0.92095,0.66202,0.07886
2030-02-02 13:00:00,5535.35852,0.23275,0.92095,0.67941,0.1143
2030-02-02 14:00:00,5489.2716,0.21214,0.92095,0.68448,0.14035
2030-02-02 15:00:00,5535.35852,0.32787,0.92095,0.63175,0.10391
2030-02-02 16:00:00,5765.79316,0.30733,0.92095,0.66831,0.09624
2030-02-02 17:00:00,6042.31472,0.2501,1.0,0.72851,0.02094
2030-02-02 18:00:00,6042.31472,0.18949,1.0,0.75888,0.0
2030-02-02 19:00:00,5857.96702,0.13996,1.0,0.76268,0.0
2030-02-02 20:00:00,5627.53238,0.24385,1.0,0.68436,0.0
2030-02-02 21:00:00,5397.09774,0.32923,0.92095,0.6153,0.0
2030-02-02 22:00:00,5166.66311,0.31904,0.92095,0.59414,0.0
2030-02-02 23:00:00,4936.22847,0.23857,0.92095,0.60819,0.0
2030-02-03 00:00:00,4795.75847,0.196,0.91842,0.6135,0.0
2030-02-03 01:00:00,4655.66945,0.3947,0.91842,0.49797,0.0
2030-02-03 02:00:00,4562.27677,0.31863,0.91842,0.52544,0.0
2030-02-03 03:00:00,4515.58043,0.18488,0.91842,0.58713,0.0
2030-02-03 04:00:00,4515.58043,0.14866,0.91842,0.60528,0.0
2030-02-03 05:00:00,4608.97311,0.18467,0.91842,0.59788,0.0
2030-02-03 06:00:00,4889.15115,0.17813,0.91842,0.6331,0.0
2030-02-03 07:00:00,5309.41821,0.21003,0.91842,0.66503,0.0
2030-02-03 08:00:00,5636.29258,0.20586,0.91842,0.70439,0.0
2030-02-03 09:00:00,5729.68526,0.17449,0.91842,0.73075,0.15175
2030-02-03 10:00:00,5729.68526,0.14158,0.91842,0.74724,0.16496
2030-02-03 11:00:00,5682.98892,0.14942,0.91842,0.73799,0.23266
2030-02-03 12:00:00,5636.29258,0.1498,0.91842,0.73247,0.30241
2030-02-03 13:00:00,5589.59624,0.09104,0.91842,0.75659,0.26892
2030-02-03 14:00:00,5542.8999,0.05747,0.91842,0.76809,0.17802
2030-02-03 15:00:00,5589.59624,0.11023,0.91842,0.74698,0.08727
2030-02-03 16:00:00,5823.07794,0.16297,0.91842,0.74717,0.06025
2030-02-03 17:00:00,6103.25598,0.16275,1.0,0.77923,0.00723
2030-02-03 18:00:00,6103.25598,0.29078,1.0,0.71508,0.0
2030-02-03 19:00:00,5916.47062,0.29613,1.0,0.6911,0.0
2030-02-03 20:00:00,5682.98892,0.2659,1.0,0.67963,0.0
2030-02-03 21:00:00,5449.50723,0.18117,0.91842,0.69546,0.0
2030-02-03 22:00:00,5216.02553,0.27342,0.91842,0.62263,0.0
2030-02-03 23:00:00,4982.54383,0.30814,0.91842,0.57861,0.0
2030-02-04 00:00:00,5245.77796,0.33622,0.91574,0.59455,0.0
2030-02-04 01:00:00,5086.93813,0.32765,0.91574,0.58074,0.0
2030-02-04 02:00:00,4981.04491,0.29295,0.91574,0.58605,0.0
2030-02-04 03:00:00,4928.0983,0.29856,0.91574,0.5772,0.0
2030-02-04 04:00:00,4928.0983,0.2341,0.91574,0.6095,0.0
2030-02-04 05:00:00,5033.99152,0.18258,0.91574,0.64738,0.0
2030-02-04 06:00:00,5351.67119,0.23812,0.91574,0.65578,0.0
2030-02-04 07:00:00,5828.19068,0.18544,0.91574,0.7365,0.0
2030-02-04 08:00:00,6198.81696,0.1973,0.91574,0.77281,0.0
2030-02-04 09:00:00,6304.71018,0.21552,0.91574,0.77575,0.27489
2030-02-04 10:00:00,6304.71018,0.22982,0.91574,0.76859,0.4152
2030-02-04 11:00:00,6251.76357,0.24515,0.91574,0.75487,0.46589
2030-02-04 12:00:00,6198.81696,0.2604,0.91574,0.74119,0.56876
2030-02-04 13:00:00,6145.87035,0.20885,0.91574,0.76098,0.62509
2030-02-04 14:00:00,6092.92373,0.26175,0.91574,0.72844,0.57834
2030-02-04 15:00:00,6145.87035,0.24696,0.91574,0.74189,0.48056
2030-02-04 16:00:00,6410.6034,0.28039,0.91574,0.75533,0.30005
2030-02-04 17:00:00,6728.28306,0.26499,1.0,0.79926,0.10156
2030-02-04 18:00:00,6728.28306,0.33516,1.0,0.7641,0.0
2030-02-04 19:00:00,6516.49662,0.27401,1.0,0.77059,0.0
2030-02-04 20:00:00,6251.76357,0.27989,1.0,0.73746,0.0
2030-02-04 21:00:00,5987.03051,0.18852,0.91574,0.75306,0.0
2030-02-04 22:00:00,5722.29746,0.16922,0.91574,0.73255,0.0
2030-02-04 23:00:00,5457.56441,0.22141,0.91574,0.67622,0.0
2030-02-05 00:00:00,5244.11792,0.20242,0.91294,0.6614,0.0
2030-02-05 01:00:00,5085.34726,0.10086,0.91294,0.69418,0.0
2030-02-05 02:00:00,4979.50015,0.12184,0.91294,0.6716,0.0
2030-02-05 03:00:00,4926.57659,0.11905,0.91294,0.66697,0.0
2030-02-05 04:00:00,4926.57659,0.09321,0.91294,0.67992,0.0
2030-02-05 05:00:00,5032.4237,0.08699,0.91294,0.6951,0.0
2030-02-05 06:00:00,5349.96503,0.07418,0.91294,0.73772,0.0
2030-02-05 07:00:00,5826.27702,0.08795,0.91294,0.78512,0.0
2030-02-05 08:00:00,6196.7419,0.05622,0.91294,0.84326,0.0
2030-02-05 09:00:00,6302.58901,0.05466,0.91294,0.85611,0.02243
2030-02-05 10:00:00,6302.58901,0.04489,0.91294,0.861,0.04416
2030-02-05 11:00:00,6249.66546,0.03436,0.91294,0.86025,0.08109
2030-02-05 12:00:00,6196.7419,0.02072,0.91294,0.86104,0.0827
2030-02-05 13:00:00,6143.81835,0.04587,0.91294,0.84241,0.0879
2030-02-05 14:00:00,6090.89479,0.03358,0.91294,0.84253,0.14423
2030-02-05 15:00:00,6143.81835,0.02469,0.91294,0.85302,0.138
2030-02-05 16:00:00,6408.43612,0.05191,0.91294,0.86955,0.06085
2030-02-05 17:00:00,6725.97745,0.03598,1.0,0.91374,0.02139
2030-02-05 18:00:00,6725.97745,0.05514,1.0,0.90413,0.0
2030-02-05 19:00:00,6514.28323,0.05427,1.0,0.88044,0.0
2030-02-05 20:00:00,6249.66546,0.04891,1.0,0.85295,0.0
2030-02-05 21:00:00,5985.04768,0.03035,0.91294,0.83208,0.0
2030-02-05 22:00:00,5720.42991,0.0364,0.91294,0.79889,0.0
2030-02-05 23:00:00,5455.81214,0.02749,0.91294,0.77318,0.0
2030-02-06 00:00:00,5222.62528,0.01524,0.91001,0.75273,0.0
2030-02-06 01:00:00,5064.75014,0.01803,0.91001,0.73334,0.0
2030-02-06 02:00:00,4959.50005,0.03693,0.91001,0.71187,0.0
2030-02-06 03:00:00,4906.875,0.05633,0.91001,0.69615,0.0
2030-02-06 04:00:00,4906.875,0.06363,0.91001,0.69249,0.0
2030-02-06 05:00:00,5012.1251,0.10512,0.91001,0.6837,0.0
2030-02-06 06:00:00,5327.87537,0.06563,0.91001,0.73948,0.0
2030-02-06 07:00:00,5801.50078,0.07026,0.91001,0.79116,0.0
2030-02-06 08:00:00,6169.8761,0.13671,0.91001,0.79987,0.0
2030-02-06 09:00:00,6275.12619,0.1837,0.91001,0.78832,0.10661
2030-02-06 10:00:00,6275.12619,0.16765,0.91001,0.79636,0.20503
2030-02-06 11:00:00,6222.50114,0.09704,0.91001,0.82574,0.29966
2030-02-06 12:00:00,6169.8761,0.13523,0.91001,0.80061,0.45782
2030-02-06 13:00:00,6117.25105,0.27811,0.91001,0.72302,0.40999
2030-02-06 14:00:00,6064.62601,0.35546,0.91001,0.67827,0.41752
2030-02-06 15:00:00,6117.25105,0.3362,0.91001,0.69392,0.17318
2030-02-06 16:00:00,6380.37628,0.31607,0.91001,0.734,0.14464
2030-02-06 17:00:00,6696.12655,0.31311,1.0,0.77148,0.09414
2030-02-06 18:00:00,6696.12655,0.18997,1.0,0.83318,0.0
2030-02-06 19:00:00,6485.62637,0.18711,1.0,0.81062,0.0
2030-02-06 20:00:00,6222.50114,0.13038,1.0,0.80904,0.0
2030-02-06 21:00:00,5959.37592,0.18801,0.91001,0.75016,0.0
2030-02-06 22:00:00,5696.25069,0.30899,0.91001,0.65955,0.0
2030-02-06 23:00:00,5433.12546,0.31907,0.91001,0.62451,0.0
2030-02-07 00:00:00,5121.08629,0.13409,0.90695,0.68161,0.0
2030-02-07 01:00:00,4967.44195,0.07215,0.90695,0.69513,0.0
2030-02-07 02:00:00,4865.01238,0.07917,0.90695,0.67993,0.0
2030-02-07 03:00:00,4813.7976,0.0791,0.90695,0.67413,0.0
2030-02-07 04:00:00,4813.7976,0.18586,0.90695,0.62064,0.0
2030-02-07 05:00:00,4916.22717,0.12749,0.90695,0.66156,0.0
2030-02-07 06:00:00,5223.51586,0.12757,0.90695,0.69656,0.0
2030-02-07 07:00:00,5684.4489,0.06763,0.90695,0.77913,0.0
2030-02-07 08:00:00,6042.95237,0.10723,0.90695,0.80017,0.0
2030-02-07 09:00:00,6145.38193,0.15422,0.90695,0.7883,0.03667
2030-02-07 10:00:00,6145.38193,0.26015,0.90695,0.73522,0.04665
2030-02-07 11:00:00,6094.16715,0.17606,0.90695,0.77152,0.05637
2030-02-07 12:00:00,6042.95237,0.19281,0.90695,0.75729,0.05827
2030-02-07 13:00:00,5991.73759,0.21571,0.90695,0.73998,0.06542
2030-02-07 14:00:00,5940.5228,0.38559,0.90695,0.64902,0.0693
2030-02-07 15:00:00,5991.73759,0.51828,0.90695,0.58838,0.0845
2030-02-07 16:00:00,6247.8115,0.47522,0.90695,0.63915,0.05678
2030-02-07 17:00:00,6555.10019,0.62347,1.0,0.5999,0.02419
2030-02-07 18:00:00,6555.10019,0.4432,1.0,0.69022,0.0
2030-02-07 19:00:00,6350.24106,0.47055,1.0,0.65317,0.0
2030-02-07 20:00:00,6094.16715,0.35601,1.0,0.68136,0.0
2030-02-07 21:00:00,5838.09324,0.37429,0.90695,0.643,0.0
2030-02-07 22:00:00,5582.01933,0.39109,0.90695,0.60539,0.0
2030-02-07 23:00:00,5325.94542,0.21542,0.90695,0.66421,0.0
2030-02-08 00:00:00,5124.10575,0.17298,0.90375,0.66247,0.0
2030-02-08 01:00:00,4970.33559,0.23719,0.90375,0.61277,0.0
2030-02-08 02:00:00,4867.82216,0.20192,0.90375,0.61875,0.0
2030-02-08 03:00:00,4816.56544,0.18814,0.90375,0.61981,0.0
2030-02-08 04:00:00,4816.56544,0.31385,0.90375,0.55682,0.0
2030-02-08 05:00:00,4919.07887,0.29141,0.90375,0.57976,0.0
2030-02-08 06:00:00,5226.61919,0.17765,0.90375,0.67182,0.0
2030-02-08 07:00:00,5687.92966,0.10263,0.90375,0.762,0.0
2030-02-08 08:00:00,6046.72669,0.08605,0.90375,0.81121,0.0
2030-02-08 09:00:00,6149.24013,0.15031,0.90375,0.7907,0.09805
2030-02-08 10:00:00,6149.24013,0.12606,0.90375,0.80285,0.17091
2030-02-08 11:00:00,6097.98341,0.20147,0.90375,0.75922,0.25118
2030-02-08 12:00:00,6046.72669,0.2137,0.90375,0.74725,0.19198
2030-02-08 13:00:00,5995.46997,0.26399,0.90375,0.71621,0.15051
2030-02-08 14:00:00,5944.21325,0.23229,0.90375,0.72625,0.14289
2030-02-08 15:00:00,5995.46997,0.12553,0.90375,0.78558,0.12217
2030-02-08 16:00:00,6251.75356,0.06729,0.90375,0.84399,0.10014
2030-02-08 17:00:00,6559.29388,0.04202,1.0,0.89171,0.0398
2030-02-08 18:00:00,6559.29388,0.03404,1.0,0.8957,0.0
2030-02-08 19:00:00,6354.267,0.02975,1.0,0.87448,0.0
2030-02-08 20:00:00,6097.98341,0.03706,1.0,0.8416,0.0
2030-02-08 21:00:00,5841.69981,0.04372,0.90375,0.80904,0.0
2030-02-08 22:00:00,5585.41622,0.07955,0.90375,0.76187,0.0
2030-02-08 23:00:00,5329.13263,0.0425,0.90375,0.75122,0.0
2030-02-09 00:00:00,4692.00541,0.05682,0.90044,0.67141,0.0
2030-02-09 01:00:00,4556.23943,0.06085,0.90044,0.65391,0.0
2030-02-09 02:00:00,4465.72878,0.08739,0.90044,0.63029,0.0
2030-02-09 03:00:00,4420.47345,0.05191,0.90044,0.64291,0.0
2030-02-09 04:00:00,4420.47345,0.03507,0.90044,0.65135,0.0
2030-02-09 05:00:00,4510.9841,0.03473,0.90044,0.66183,0.0
2030-02-09 06:00:00,4782.51606,0.0604,0.90044,0.67993,0.0
2030-02-09 07:00:00,5189.81398,0.072,0.90044,0.72055,0.0
2030-02-09 08:00:00,5506.60126,0.13677,0.90044,0.72422,0.0
2030-02-09 09:00:00,5597.11191,0.08909,0.90044,0.75843,0.05264
2030-02-09 10:00:00,5597.11191,0.07875,0.90044,0.76361,0.14243
2030-02-09 11:00:00,5551.85658,0.11037,0.90044,0.74261,0.38145
2030-02-09 12:00:00,5506.60126,0.13087,0.90044,0.72717,0.37069
2030-02-09 13:00:00,5461.34593,0.13792,0.90044,0.71848,0.37963
2030-02-09 14:00:00,5416.09061,0.10099,0.90044,0.73183,0.3307
2030-02-09 15:00:00,5461.34593,0.07982,0.90044,0.74759,0.19485
2030-02-09 16:00:00,5687.62256,0.04403,0.90044,0.79132,0.15647
2030-02-09 17:00:00,5959.15451,0.03743,1.0,0.82558,0.11363
2030-02-09 18:00:00,5959.15451,0.02541,1.0,0.83161,0.0
2030-02-09 19:00:00,5778.13321,0.00575,1.0,0.82082,0.0
2030-02-09 20:00:00,5551.85658,0.00553,1.0,0.79513,0.0
2030-02-09 21:00:00,5325.57996,0.00804,0.90044,0.76808,0.0
2030-02-09 22:00:00,5099.30333,0.00997,0.90044,0.74132,0.0
2030-02-09 23:00:00,4873.02671,0.01426,0.90044,0.71337,0.0
2030-02-10 00:00:00,4704.00557,0.02775,0.89699,0.68734,0.0
2030-02-10 01:00:00,4567.73959,0.02012,0.89699,0.67563,0.0
2030-02-10 02:00:00,4476.8956,0.00947,0.89699,0.67061,0.0
2030-02-10 03:00:00,4431.47361,0.00472,0.89699,0.66781,0.0
2030-02-10 04:00:00,4431.47361,0.01498,0.89699,0.66267,0.0
2030-02-10 05:00:00,4522.3176,0.02569,0.89699,0.66766,0.0
2030-02-10 06:00:00,4794.84956,0.01894,0.89699,0.70211,0.0
2030-02-10 07:00:00,5203.64751,0.01563,0.89699,0.75037,0.0
2030-02-10 08:00:00,5521.60147,0.03244,0.89699,0.7782,1e-05
2030-02-10 09:00:00,5612.44546,0.04207,0.89699,0.78373,0.03725
2030-02-10 10:00:00,5612.44546,0.05831,0.89699,0.7756,0.08875
2030-02-10 11:00:00,5567.02346,0.07429,0.89699,0.76241,0.10258
2030-02-10 12:00:00,5521.60147,0.04703,0.89699,0.77089,0.14493
2030-02-10 13:00:00,5476.17947,0.05388,0.89699,0.76228,0.21036
2030-02-10 14:00:00,5430.75748,0.0359,0.89699,0.76611,0.16429
2030-02-10 15:00:00,5476.17947,0.01298,0.89699,0.78277,0.12793
2030-02-10 16:00:00,5703.28944,0.02188,0.89699,0.80421,0.07135
2030-02-10 17:00:00,5975.82141,0.02787,1.0,0.83228,0.03626
2030-02-10 18:00:00,5975.82141,0.01912,1.0,0.83666,0.0
2030-02-10 19:00:00,5794.13343,0.02369,1.0,0.81366,0.0
2030-02-10 20:00:00,5567.02346,0.0172,1.0,0.79102,0.0
2030-02-10 21:00:00,5339.91349,0.03128,0.89699,0.75807,0.0
2030-02-10 22:00:00,5112.80352,0.02925,0.89699,0.73319,0.0
2030-02-10 23:00:00,4885.69355,0.03725,0.89699,0.70329,0.0
2030-02-11 00:00:00,5238.77186,0.02541,0.89342,0.74948,0.0
2030-02-11 01:00:00,5080.22395,0.02308,0.89342,0.73257,0.0
2030-02-11 02:00:00,4974.52534,0.02642,0.89342,0.71885,0.0
2030-02-11 03:00:00,4921.67604,0.04114,0.89342,0.70545,0.0
2030-02-11 04:00:00,4921.67604,0.05725,0.89342,0.69737,0.0
2030-02-11 05:00:00,5027.37464,0.04508,0.89342,0.71552,0.0
2030-02-11 06:00:00,5344.47046,0.081,0.89342,0.73367,0.0
2030-02-11 07:00:00,5820.1142,0.05187,0.89342,0.8025,0.0
2030-02-11 08:00:00,6190.05932,0.09136,0.89342,0.82489,9e-05
2030-02-11 09:00:00,6295.75793,0.19147,0.89342,0.78678,0.01909
2030-02-11 10:00:00,6295.75793,0.27598,0.89342,0.74444,0.04471
2030-02-11 11:00:00,6242.90863,0.29815,0.89342,0.72731,0.0684
2030-02-11 12:00:00,6190.05932,0.23437,0.89342,0.75324,0.09325
2030-02-11 13:00:00,6137.21002,0.23761,0.89342,0.74559,0.11808
2030-02-11 14:00:00,6084.36071,0.13548,0.89342,0.79073,0.14928
2030-02-11 15:00:00,6137.21002,0.09726,0.89342,0.81591,0.1343
2030-02-11 16:00:00,6401.45654,0.05814,0.89342,0.86563,0.13879
2030-02-11 17:00:00,6718.55236,0.07318,1.0,0.89425,0.05852
2030-02-11 18:00:00,6718.55236,0.10432,1.0,0.87865,0.0
2030-02-11 19:00:00,6507.15514,0.04838,1.0,0.88257,0.0
2030-02-11 20:00:00,6242.90863,0.10634,1.0,0.82341,0.0
2030-02-11 21:00:00,5978.66211,0.15238,0.89342,0.77021,0.0
2030-02-11 22:00:00,5714.41559,0.15029,0.89342,0.74113,0.0
2030-02-11 23:00:00,5450.16907,0.1717,0.89342,0.70028,0.0
2030-02-12 00:00:00,5111.79927,0.12268,0.88972,0.68627,0.0
2030-02-12 01:00:00,4958.54188,0.13123,0.88972,0.66451,0.0
2030-02-12 02:00:00,4856.37029,0.10562,0.88972,0.66569,0.0
2030-02-12 03:00:00,4805.28449,0.11781,0.88972,0.65376,0.0
2030-02-12 04:00:00,4805.28449,0.1587,0.88972,0.63328,0.0
2030-02-12 05:00:00,4907.45609,0.16672,0.88972,0.64091,0.0
2030-02-12 06:00:00,5213.97086,0.20764,0.88972,0.65535,0.0
2030-02-12 07:00:00,5673.74302,0.22347,0.88972,0.69983,0.0
2030-02-12 08:00:00,6031.34358,0.21305,0.88972,0.74582,0.00181
2030-02-12 09:00:00,6133.51518,0.20167,0.88972,0.76318,0.06536
2030-02-12 10:00:00,6133.51518,0.1389,0.88972,0.79462,0.11864
2030-02-12 11:00:00,6082.42938,0.1257,0.88972,0.79542,0.16247
2030-02-12 12:00:00,6031.34358,0.0959,0.88972,0.80452,0.11047
2030-02-12 13:00:00,5980.25779,0.1178,0.88972,0.78772,0.13997
2030-02-12 14:00:00,5929.17199,0.13248,0.88972,0.77454,0.13695
2030-02-12 15:00:00,5980.25779,0.09562,0.88972,0.79884,0.09316
2030-02-12 16:00:00,6235.68677,0.10395,0.88972,0.82378,0.09302
2030-02-12 17:00:00,6542.20154,0.04598,1.0,0.88777,0.02716
2030-02-12 18:00:00,6542.20154,0.06102,1.0,0.88024,0.0
2030-02-12 19:00:00,6337.85836,0.10754,1.0,0.83364,0.0
2030-02-12 20:00:00,6082.42938,0.27349,1.0,0.72137,0.0
2030-02-12 21:00:00,5827.0004,0.19622,0.88972,0.73096,0.0
2030-02-12 22:00:00,5571.57143,0.23023,0.88972,0.6848,0.0
2030-02-12 23:00:00,5316.14245,0.14859,0.88972,0.69658,0.0
2030-02-13 00:00:00,4982.37143,0.10976,0.8859,0.67798,0.0
2030-02-13 01:00:00,4834.50687,0.14723,0.8859,0.64235,0.0
2030-02-13 02:00:00,4735.9305,0.10091,0.8859,0.65432,0.0
2030-02-13 03:00:00,4686.64231,0.11214,0.8859,0.64308,0.0
2030-02-13 04:00:00,4686.64231,0.13583,0.8859,0.63121,0.0
2030-02-13 05:00:00,4785.21868,0.13412,0.8859,0.64331,0.0
2030-02-13 06:00:00,5080.9478,0.10596,0.8859,0.69113,0.0
2030-02-13 07:00:00,5524.54148,0.07559,0.8859,0.75692,0.0
2030-02-13 08:00:00,5869.55879,0.08784,0.8859,0.79012,0.00371
2030-02-13 09:00:00,5968.13516,0.14414,0.8859,0.77315,0.08276
2030-02-13 10:00:00,5968.13516,0.16058,0.8859,0.76491,0.17567
2030-02-13 11:00:00,5918.84697,0.1142,0.8859,0.78253,0.18029
2030-02-13 12:00:00,5869.55879,0.13798,0.8859,0.76499,0.26059
2030-02-13 13:00:00,5820.2706,0.13234,0.8859,0.7622,0.32762
2030-02-13 14:00:00,5770.98241,0.24436,0.8859,0.70045,0.34747
2030-02-13 15:00:00,5820.2706,0.19317,0.8859,0.73172,0.25897
2030-02-13 16:00:00,6066.71153,0.20705,0.8859,0.75286,0.12249
2030-02-13 17:00:00,6362.44065,0.33939,1.0,0.72027,0.04656
2030-02-13 18:00:00,6362.44065,0.32814,1.0,0.72591,0.0
2030-02-13 19:00:00,6165.2879,0.49318,1.0,0.62074,0.0
2030-02-13 20:00:00,5918.84697,0.4634,1.0,0.60757,0.0
2030-02-13 21:00:00,5672.40604,0.36866,0.8859,0.62694,0.0
2030-02-13 22:00:00,5425.96511,0.40925,0.8859,0.5785,0.0
2030-02-13 23:00:00,5179.52417,0.39738,0.8859,0.55635,0.0
2030-02-14 00:00:00,5037.62431,0.43329,0.88196,0.52218,0.0
2030-02-14 01:00:00,4887.45754,0.37342,0.88196,0.53506,0.0
2030-02-14 02:00:00,4787.34637,0.47643,0.88196,0.47204,0.0
2030-02-14 03:00:00,4737.29078,0.42538,0.88196,0.49191,0.0
2030-02-14 04:00:00,4737.29078,0.4396,0.88196,0.48478,0.0
2030-02-14 05:00:00,4837.40195,0.48579,0.88196,0.47305,0.0
2030-02-14 06:00:00,5137.73548,0.54127,0.88196,0.4795,0.0
2030-02-14 07:00:00,5588.23577,0.47611,0.88196,0.5635,0.0
2030-02-14 08:00:00,5938.62488,0.40586,0.88196,0.63865,0.04755
2030-02-14 09:00:00,6038.73606,0.27154,0.88196,0.71736,0.10825
2030-02-14 10:00:00,6038.73606,0.22538,0.88196,0.74049,0.20937
2030-02-14 11:00:00,5988.68047,0.2823,0.88196,0.70626,0.28274
2030-02-14 12:00:00,5938.62488,0.26812,0.88196,0.70766,0.24236
2030-02-14 13:00:00,5888.56929,0.19255,0.88196,0.73982,0.12523
2030-02-14 14:00:00,5838.51371,0.1067,0.88196,0.77712,0.13341
2030-02-14 15:00:00,5888.56929,0.13824,0.88196,0.76703,0.14163
2030-02-14 16:00:00,6138.84723,0.24951,0.88196,0.73981,0.1187
2030-02-14 17:00:00,6439.18076,0.17502,1.0,0.81137,0.05363
2030-02-14 18:00:00,6439.18076,0.1985,1.0,0.79961,0.0
2030-02-14 19:00:00,6238.95841,0.10442,1.0,0.82392,0.0
2030-02-14 20:00:00,5988.68047,0.12078,1.0,0.78719,0.0
2030-02-14 21:00:00,5738.40253,0.1056,0.88196,0.76626,0.0
2030-02-14 22:00:00,5488.12459,0.1465,0.88196,0.71724,0.0
2030-02-14 23:00:00,5237.84666,0.30132,0.88196,0.61114,0.0
2030-02-15 00:00:00,5025.02475,0.36697,0.87789,0.55398,0.0
2030-02-15 01:00:00,4875.38297,0.2722,0.87789,0.5844,0.0
2030-02-15 02:00:00,4775.62178,0.34518,0.87789,0.53646,0.0
2030-02-15 03:00:00,4725.74119,0.35528,0.87789,0.52572,0.0
2030-02-15 04:00:00,4725.74119,0.38707,0.87789,0.50979,0.0
2030-02-15 05:00:00,4825.50237,0.37298,0.87789,0.52822,0.0
2030-02-15 06:00:00,5124.78594,0.37766,0.87789,0.56,0.0
2030-02-15 07:00:00,5573.71128,0.4563,0.87789,0.57177,0.0
2030-02-15 08:00:00,5922.87544,0.54946,0.87789,0.56491,0.02191
2030-02-15 09:00:00,6022.63663,0.54432,0.87789,0.57886,0.10731
2030-02-15 10:00:00,6022.63663,0.56971,0.87789,0.56613,0.10547
2030-02-15 11:00:00,5972.75603,0.5566,0.87789,0.56702,0.1249
2030-02-15 12:00:00,5922.87544,0.50734,0.87789,0.58601,0.14874
2030-02-15 13:00:00,5872.99484,0.43399,0.87789,0.61708,0.182
2030-02-15 14:00:00,5823.11425,0.4128,0.87789,0.622,0.23396
2030-02-15 15:00:00,5872.99484,0.44366,0.87789,0.61223,0.21685
2030-02-15 16:00:00,6122.39781,0.49799,0.87789,0.61344,0.12117
2030-02-15 17:00:00,6421.68138,0.536,1.0,0.62852,0.04683
2030-02-15 18:00:00,6421.68138,0.56748,1.0,0.61275,0.0
2030-02-15 19:00:00,6222.159,0.50529,1.0,0.62116,0.0
2030-02-15 20:00:00,5972.75603,0.48985,1.0,0.60046,0.0
2030-02-15 21:00:00,5723.35306,0.4649,0.87789,0.58453,0.0
2030-02-15 22:00:00,5473.95009,0.36936,0.87789,0.60396,0.0
2030-02-15 23:00:00,5224.54712,0.25798,0.87789,0.63133,0.0
2030-02-16 00:00:00,4658.44578,0.2485,0.87371,0.57154,0.0
2030-02-16 01:00:00,4524.07812,0.25552,0.87371,0.55271,0.0
2030-02-16 02:00:00,4434.49968,0.2418,0.87371,0.54937,0.0
2030-02-16 03:00:00,4389.71046,0.26278,0.87371,0.53375,0.0
2030-02-16 04:00:00,4389.71046,0.37868,0.87371,0.47568,0.0
2030-02-16 05:00:00,4479.2889,0.41426,0.87371,0.46807,0.0
2030-02-16 06:00:00,4748.02421,0.46458,0.87371,0.47349,0.0
2030-02-16 07:00:00,5151.12719,0.32961,0.87371,0.58707,0.0
2030-02-16 08:00:00,5464.65172,0.38387,0.87371,0.59563,0.01136
2030-02-16 09:00:00,5554.23016,0.37545,0.87371,0.61006,0.04487
2030-02-16 10:00:00,5554.23016,0.42919,0.87371,0.58314,0.09342
2030-02-16 11:00:00,5509.44094,0.32415,0.87371,0.63066,0.17917
2030-02-16 12:00:00,5464.65172,0.19904,0.87371,0.68824,0.13266
2030-02-16 13:00:00,5419.8625,0.30674,0.87371,0.62917,0.16502
2030-02-16 14:00:00,5375.07328,0.32844,0.87371,0.61319,0.18923
2030-02-16 15:00:00,5419.8625,0.40582,0.87371,0.57953,0.20814
2030-02-16 16:00:00,5643.8086,0.3652,0.87371,0.62541,0.15685
2030-02-16 17:00:00,5912.54391,0.29885,1.0,0.68929,0.07846
2030-02-16 18:00:00,5912.54391,0.20055,1.0,0.73854,0.0
2030-02-16 19:00:00,5733.38704,0.17884,1.0,0.729,0.0
2030-02-16 20:00:00,5509.44094,0.16959,1.0,0.7081,0.0
2030-02-16 21:00:00,5285.49484,0.12671,0.87371,0.70405,0.0
2030-02-16 22:00:00,5061.54875,0.11239,0.87371,0.68569,0.0
2030-02-16 23:00:00,4837.60265,0.14819,0.87371,0.64223,0.0
2030-02-17 00:00:00,4680.13373,0.22975,0.8694,0.58341,0.0
2030-02-17 01:00:00,4544.86241,0.37767,0.8694,0.49388,0.0
2030-02-17 02:00:00,4454.68153,0.3857,0.8694,0.47957,0.0
2030-02-17 03:00:00,4409.59108,0.5601,0.8694,0.38705,0.0
2030-02-17 04:00:00,4409.59108,0.55615,0.8694,0.38903,0.0
2030-02-17 05:00:00,4499.77197,0.44057,0.8694,0.45722,0.0
2030-02-17 06:00:00,4770.31461,0.533,0.8694,0.44175,0.0
2030-02-17 07:00:00,5176.12858,0.36058,0.8694,0.57441,0.0
2030-02-17 08:00:00,5491.76166,0.28252,0.8694,0.6495,0.02371
2030-02-17 09:00:00,5581.94254,0.31625,0.8694,0.64288,0.12283
2030-02-17 10:00:00,5581.94254,0.29329,0.8694,0.65439,0.17981
2030-02-17 11:00:00,5536.8521,0.29256,0.8694,0.64961,0.20808
2030-02-17 12:00:00,5491.76166,0.20617,0.8694,0.68775,0.3666
2030-02-17 13:00:00,5446.67122,0.3103,0.8694,0.63044,0.38826
2030-02-17 14:00:00,5401.58078,0.35713,0.8694,0.60184,0.40916
2030-02-17 15:00:00,5446.67122,0.27072,0.8694,0.65027,0.4532
2030-02-17 16:00:00,5672.12342,0.40477,0.8694,0.60881,0.31697
2030-02-17 17:00:00,5942.66607,0.6854,1.0,0.49905,0.09887
2030-02-17 18:00:00,5942.66607,0.66776,1.0,0.50789,0.0
2030-02-17 19:00:00,5762.30431,0.67029,1.0,0.48606,0.0
2030-02-17 20:00:00,5536.8521,0.6151,1.0,0.48801,0.0
2030-02-17 21:00:00,5311.3999,0.69567,0.8694,0.42194,0.0
2030-02-17 22:00:00,5085.9477,0.61572,0.8694,0.43629,0.0
2030-02-17 23:00:00,4860.49549,0.6453,0.8694,0.39577,0.0
2030-02-18 00:00:00,5075.07871,0.65352,0.86498,0.41612,0.0
2030-02-18 01:00:00,4923.35135,0.78958,0.86498,0.33065,0.0
2030-02-18 02:00:00,4822.19977,0.74104,0.86498,0.34343,0.0
2030-02-18 03:00:00,4771.62399,0.73861,0.86498,0.33888,0.0
2030-02-18 04:00:00,4771.62399,0.76893,0.86498,0.3237,0.0
2030-02-18 05:00:00,4872.77556,0.69357,0.86498,0.37299,0.0
2030-02-18 06:00:00,5176.23029,0.68949,0.86498,0.40963,0.0
2030-02-18 07:00:00,5631.41238,0.70585,0.86498,0.45332,0.0
2030-02-18 08:00:00,5985.44289,0.66133,0.86498,0.51599,0.02
2030-02-18 09:00:00,6086.59447,0.66817,0.86498,0.5241,0.08807
2030-02-18 10:00:00,6086.59447,0.63132,0.86498,0.54256,0.15119
2030-02-18 11:00:00,6036.01868,0.51994,0.86498,0.5926,0.23484
2030-02-18 12:00:00,5985.44289,0.41587,0.86498,0.63897,0.19844
2030-02-18 13:00:00,5934.8671,0.59297,0.86498,0.54447,0.30061
2030-02-18 14:00:00,5884.29131,0.68184,0.86498,0.49418,0.1836
2030-02-18 15:00:00,5934.8671,0.68736,0.86498,0.49718,0.11092
2030-02-18 16:00:00,6187.74604,0.71798,0.86498,0.51067,0.08681
2030-02-18 17:00:00,6491.20077,0.69602,1.0,0.55627,0.03909
2030-02-18 18:00:00,6491.20077,0.78039,1.0,0.514,0.0
2030-02-18 19:00:00,6288.89762,0.80624,1.0,0.47798,0.0
2030-02-18 20:00:00,6036.01868,0.81103,1.0,0.44675,0.0
2030-02-18 21:00:00,5783.13974,0.85168,0.86498,0.39755,0.0
2030-02-18 22:00:00,5530.2608,0.84918,0.86498,0.36998,0.0
2030-02-18 23:00:00,5277.38186,0.83527,0.86498,0.34812,0.0
2030-02-19 00:00:00,4946.28492,0.82364,0.86044,0.31619,0.0
2030-02-19 01:00:00,4799.92396,0.83778,0.86044,0.29242,0.0
2030-02-19 02:00:00,4702.34999,0.8578,0.86044,0.27127,0.0
2030-02-19 03:00:00,4653.56301,0.8511,0.86044,0.26907,0.0
2030-02-19 04:00:00,4653.56301,0.7956,0.86044,0.29687,0.0
2030-02-19 05:00:00,4751.13698,0.77305,0.86044,0.31929,0.0
2030-02-19 06:00:00,5043.85889,0.8404,0.86044,0.31892,0.0
2030-02-19 07:00:00,5482.94176,0.78238,0.86044,0.39805,0.0
2030-02-19 08:00:00,5824.45065,0.74479,0.86044,0.45582,0.03003
2030-02-19 09:00:00,5922.02462,0.74103,0.86044,0.46883,0.06733
2030-02-19 10:00:00,5922.02462,0.76064,0.86044,0.459,0.17108
2030-02-19 11:00:00,5873.23764,0.80771,0.86044,0.42986,0.17084
2030-02-19 12:00:00,5824.45065,0.86153,0.86044,0.39733,0.19193
2030-02-19 13:00:00,5775.66367,0.83192,0.86044,0.4066,0.2101
2030-02-19 14:00:00,5726.87668,0.7965,0.86044,0.41879,0.228
2030-02-19 15:00:00,5775.66367,0.8342,0.86044,0.40546,0.21423
2030-02-19 16:00:00,6019.59859,0.83416,0.86044,0.43329,0.11368
2030-02-19 17:00:00,6312.3205,0.85805,1.0,0.4547,0.04531
2030-02-19 18:00:00,6312.3205,0.83251,1.0,0.46749,0.0
2030-02-19 19:00:00,6117.17256,0.84233,1.0,0.44032,0.0
2030-02-19 20:00:00,5873.23764,0.82569,1.0,0.42085,0.0
2030-02-19 21:00:00,5629.30271,0.82329,0.86044,0.39424,0.0
2030-02-19 22:00:00,5385.36779,0.85955,0.86044,0.34826,0.0
2030-02-19 23:00:00,5141.43286,0.87092,0.86044,0.31475,0.0
2030-02-20 00:00:00,4926.57173,0.83981,0.85579,0.30585,0.0
2030-02-20 01:00:00,4781.03216,0.77864,0.85579,0.3199,0.0
2030-02-20 02:00:00,4684.00578,0.73862,0.85579,0.32889,0.0
2030-02-20 03:00:00,4635.49259,0.66804,0.85579,0.35872,0.0
2030-02-20 04:00:00,4635.49259,0.70128,0.85579,0.34207,0.0
2030-02-20 05:00:00,4732.51897,0.7161,0.85579,0.3457,0.0
2030-02-20 06:00:00,5023.59812,0.6791,0.85579,0.39743,0.0
2030-02-20 07:00:00,5460.21683,0.64117,0.85579,0.46621,0.0
2030-02-20 08:00:00,5799.80917,0.53788,0.85579,0.55668,0.08175
2030-02-20 09:00:00,5896.83555,0.49429,0.85579,0.58958,0.15035
2030-02-20 10:00:00,5896.83555,0.52128,0.85579,0.57605,0.12562
2030-02-20 11:00:00,5848.32236,0.59545,0.85579,0.53337,0.18459
2030-02-20 12:00:00,5799.80917,0.56042,0.85579,0.54538,0.2715
2030-02-20 13:00:00,5751.29598,0.42873,0.85579,0.60583,0.20713
2030-02-20 14:00:00,5702.78279,0.36221,0.85579,0.63363,0.24933
2030-02-20 15:00:00,5751.29598,0.48838,0.85579,0.57595,0.26999
2030-02-20 16:00:00,5993.86193,0.51569,0.85579,0.58992,0.15525
2030-02-20 17:00:00,6284.94108,0.40537,1.0,0.67838,0.0815
2030-02-20 18:00:00,6284.94108,0.35372,1.0,0.70426,0.0
2030-02-20 19:00:00,6090.88831,0.34674,1.0,0.68563,0.0
2030-02-20 20:00:00,5848.32236,0.43262,1.0,0.61495,0.0
2030-02-20 21:00:00,5605.7564,0.41989,0.85579,0.59367,0.0
2030-02-20 22:00:00,5363.19045,0.48135,0.85579,0.53523,0.0
2030-02-20 23:00:00,5120.6245,0.46109,0.85579,0.51772,0.0
2030-02-21 00:00:00,5097.76707,0.42226,0.85102,0.53457,0.0
2030-02-21 01:00:00,4945.09436,0.61095,0.85102,0.42262,0.0
2030-02-21 02:00:00,4843.31256,0.58863,0.85102,0.4222,0.0
2030-02-21 03:00:00,4792.42165,0.61964,0.85102,0.40087,0.0
2030-02-21 04:00:00,4792.42165,0.63276,0.85102,0.39429,0.0
2030-02-21 05:00:00,4894.20346,0.66825,0.85102,0.38811,0.0
2030-02-21 06:00:00,5199.54888,0.73248,0.85102,0.39075,0.0
2030-02-21 07:00:00,5657.56702,0.64859,0.85102,0.48499,0.0
2030-02-21 08:00:00,6013.80334,0.58258,0.85102,0.55868,0.07741
2030-02-21 09:00:00,6115.58515,0.36252,0.85102,0.68054,0.15876
2030-02-21 10:00:00,6115.58515,0.42332,0.85102,0.65008,0.14816
2030-02-21 11:00:00,6064.69425,0.44338,0.85102,0.63423,0.16766
2030-02-21 12:00:00,6013.80334,0.44427,0.85102,0.62798,0.19933
2030-02-21 13:00:00,5962.91244,0.42262,0.85102,0.63302,0.27586
2030-02-21 14:00:00,5912.02154,0.46782,0.85102,0.60457,0.29547
2030-02-21 15:00:00,5962.91244,0.48083,0.85102,0.60386,0.33495
2030-02-21 16:00:00,6217.36696,0.46378,0.85102,0.64141,0.25501
2030-02-21 17:00:00,6522.71238,0.46068,1.0,0.67777,0.1479
2030-02-21 18:00:00,6522.71238,0.44072,1.0,0.68777,0.0
2030-02-21 19:00:00,6319.14877,0.4673,1.0,0.65125,0.0
2030-02-21 20:00:00,6064.69425,0.45818,1.0,0.62681,0.0
2030-02-21 21:00:00,5810.23973,0.42653,0.85102,0.61365,0.0
2030-02-21 22:00:00,5555.78521,0.49086,0.85102,0.55242,0.0
2030-02-21 23:00:00,5301.33069,0.66361,0.85102,0.43685,0.0
2030-02-22 00:00:00,4855.85693,0.60765,0.84615,0.4141,0.0
2030-02-22 01:00:00,4713.26381,0.59764,0.84615,0.40286,0.0
2030-02-22 02:00:00,4618.20173,0.58183,0.84615,0.39995,0.0
2030-02-22 03:00:00,4570.67069,0.56282,0.84615,0.40405,0.0
2030-02-22 04:00:00,4570.67069,0.51567,0.84615,0.42767,0.0
2030-02-22 05:00:00,4665.73277,0.55174,0.84615,0.42044,0.0
2030-02-22 06:00:00,4950.91901,0.59297,0.84615,0.43229,0.0
2030-02-22 07:00:00,5378.69838,0.53819,0.84615,0.50851,0.0
2030-02-22 08:00:00,5711.41566,0.54459,0.84615,0.54324,0.05369
2030-02-22 09:00:00,5806.47774,0.44915,0.84615,0.60189,0.11867
2030-02-22 10:00:00,5806.47774,0.45914,0.84615,0.59689,0.2309
2030-02-22 11:00:00,5758.9467,0.45446,0.84615,0.59382,0.35195
2030-02-22 12:00:00,5711.41566,0.45616,0.84615,0.58755,0.46343
2030-02-22 13:00:00,5663.88462,0.32402,0.84615,0.64833,0.46249
2030-02-22 14:00:00,5616.35358,0.27912,0.84615,0.66541,0.44343
2030-02-22 15:00:00,5663.88462,0.30558,0.84615,0.65757,0.32949
2030-02-22 16:00:00,5901.53983,0.17659,0.84615,0.74929,0.28341
2030-02-22 17:00:00,6186.72607,0.22204,1.0,0.75903,0.1484
2030-02-22 18:00:00,6186.72607,0.21119,1.0,0.76447,0.0
2030-02-22 19:00:00,5996.60191,0.28673,1.0,0.70495,0.0
2030-02-22 20:00:00,5758.9467,0.21663,1.0,0.71297,0.0
2030-02-22 21:00:00,5521.2915,0.183,0.84615,0.70273,0.0
2030-02-22 22:00:00,5283.6363,0.17346,0.84615,0.68042,0.0
2030-02-22 23:00:00,5045.98109,0.23356,0.84615,0.62321,0.0
2030-02-23 00:00:00,4493.54224,0.23062,0.84116,0.5617,0.0
2030-02-23 01:00:00,4366.04556,0.18223,0.84116,0.57141,0.0
2030-02-23 02:00:00,4281.04778,0.20678,0.84116,0.54942,0.0
2030-02-23 03:00:00,4238.54889,0.10478,0.84116,0.59568,0.0
2030-02-23 04:00:00,4238.54889,0.09799,0.84116,0.59908,0.0
2030-02-23 05:00:00,4323.54667,0.1185,0.84116,0.59849,0.0
2030-02-23 06:00:00,4578.54003,0.09045,0.84116,0.64162,0.0
2030-02-23 07:00:00,4961.03006,0.06557,0.84116,0.69769,0.0
2030-02-23 08:00:00,5258.5223,0.05683,0.84116,0.73599,0.01311
2030-02-23 09:00:00,5343.52009,0.04408,0.84116,0.75206,0.05006
2030-02-23 10:00:00,5343.52009,0.03285,0.84116,0.7577,0.08796
2030-02-23 11:00:00,5301.02119,0.03003,0.84116,0.75426,0.08019
2030-02-23 12:00:00,5258.5223,0.02695,0.84116,0.75096,0.11498
2030-02-23 13:00:00,5216.02341,0.03742,0.84116,0.74087,0.07705
2030-02-23 14:00:00,5173.52452,0.05672,0.84116,0.72636,0.07058
2030-02-23 15:00:00,5216.02341,0.144,0.84116,0.68747,0.06708
2030-02-23 16:00:00,5428.51787,0.14521,0.84116,0.71109,0.09164
2030-02-23 17:00:00,5683.51122,0.11959,1.0,0.753,0.03876
2030-02-23 18:00:00,5683.51122,0.11652,1.0,0.75453,0.0
2030-02-23 19:00:00,5513.51565,0.13013,1.0,0.72833,0.0
2030-02-23 20:00:00,5301.02119,0.06208,1.0,0.7382,0.0
2030-02-23 21:00:00,5088.52673,0.09015,0.84116,0.69991,0.0
2030-02-23 22:00:00,4876.03227,0.09307,0.84116,0.67422,0.0
2030-02-23 23:00:00,4663.53781,0.12229,0.84116,0.63536,0.0
2030-02-24 00:00:00,4609.30595,0.14383,0.83606,0.61838,0.0
2030-02-24 01:00:00,4476.98578,0.1193,0.83606,0.61559,0.0
2030-02-24 02:00:00,4388.77234,0.13121,0.83606,0.59956,0.0
2030-02-24 03:00:00,4344.66562,0.10279,0.83606,0.60877,0.0
2030-02-24 04:00:00,4344.66562,0.09156,0.83606,0.6144,0.0
2030-02-24 05:00:00,4432.87906,0.07061,0.83606,0.63496,0.0
2030-02-24 06:00:00,4697.51939,0.08454,0.83606,0.65814,0.0
2030-02-24 07:00:00,5094.47988,0.08551,0.83606,0.70291,0.0
2030-02-24 08:00:00,5403.22693,0.08799,0.83606,0.73687,0.02073
2030-02-24 09:00:00,5491.44038,0.02808,0.83606,0.77695,0.0657
2030-02-24 10:00:00,5491.44038,0.03118,0.83606,0.77539,0.05828
2030-02-24 11:00:00,5447.33365,0.03897,0.83606,0.76646,0.06531
2030-02-24 12:00:00,5403.22693,0.03692,0.83606,0.76246,0.06256
2030-02-24 13:00:00,5359.12021,0.0233,0.83606,0.76426,0.03689
2030-02-24 14:00:00,5315.01349,0.02936,0.83606,0.75619,0.05901
2030-02-24 15:00:00,5359.12021,0.03331,0.83606,0.75924,0.07436
2030-02-24 16:00:00,5579.65382,0.04936,0.83606,0.77634,0.05276
2030-02-24 17:00:00,5844.29415,0.07019,1.0,0.79608,0.0368
2030-02-24 18:00:00,5844.29415,0.06599,1.0,0.79818,2e-05
2030-02-24 19:00:00,5667.86726,0.05086,1.0,0.78565,0.0
2030-02-24 20:00:00,5447.33365,0.09566,1.0,0.73806,0.0
2030-02-24 21:00:00,5226.80005,0.18034,0.83606,0.67049,0.0
2030-02-24 22:00:00,5006.26644,0.21474,0.83606,0.62811,0.0
2030-02-24 23:00:00,4785.73283,0.33365,0.83606,0.54339,0.0
2030-02-25 00:00:00,5081.5409,0.27698,0.83085,0.60551,0.0
2030-02-25 01:00:00,4929.54427,0.35897,0.83085,0.5471,0.0
2030-02-25 02:00:00,4828.21319,0.39966,0.83085,0.51516,0.0
2030-02-25 03:00:00,4777.54765,0.59769,0.83085,0.41017,0.0
2030-02-25 04:00:00,4777.54765,0.58778,0.83085,0.41513,0.0
2030-02-25 05:00:00,4878.87873,0.64671,0.83085,0.39716,0.0
2030-02-25 06:00:00,5182.87198,0.60844,0.83085,0.45099,0.0
2030-02-25 07:00:00,5638.86184,0.70742,0.83085,0.45338,0.0
2030-02-25 08:00:00,5993.52062,0.72932,0.83085,0.48284,0.02059
2030-02-25 09:00:00,6094.8517,0.70175,0.83085,0.50821,0.03574
2030-02-25 10:00:00,6094.8517,0.68074,0.83085,0.51874,0.06947
2030-02-25 11:00:00,6044.18616,0.69341,0.83085,0.50661,0.09663
2030-02-25 12:00:00,5993.52062,0.66159,0.83085,0.51678,0.08337
2030-02-25 13:00:00,5942.85508,0.76823,0.83085,0.45757,0.1456
2030-02-25 14:00:00,5892.18954,0.77309,0.83085,0.44936,0.15462
2030-02-25 15:00:00,5942.85508,0.80117,0.83085,0.44107,0.15767
2030-02-25 16:00:00,6196.18278,0.80835,0.83085,0.46635,0.11635
2030-02-25 17:00:00,6500.17602,0.8525,1.0,0.47889,0.04804
2030-02-25 18:00:00,6500.17602,0.821,1.0,0.49468,0.00023
2030-02-25 19:00:00,6297.51386,0.83372,1.0,0.4652,0.0
2030-02-25 20:00:00,6044.18616,0.78467,1.0,0.46089,0.0
2030-02-25 21:00:00,5790.85846,0.7676,0.83085,0.44056,0.0
2030-02-25 22:00:00,5537.53076,0.78428,0.83085,0.40332,0.0
2030-02-25 23:00:00,5284.20306,0.80119,0.83085,0.36597,0.0
2030-02-26 00:00:00,5031.37697,0.82019,0.82554,0.32763,0.0
2030-02-26 01:00:00,4881.47051,0.81053,0.82554,0.31537,0.0
2030-02-26 02:00:00,4781.53287,0.88246,0.82554,0.26794,0.0
2030-02-26 03:00:00,4731.56405,0.87811,0.82554,0.26443,0.0
2030-02-26 04:00:00,4731.56405,0.88331,0.82554,0.26182,0.0
2030-02-26 05:00:00,4831.50169,0.87006,0.82554,0.27985,0.0
2030-02-26 06:00:00,5131.31461,0.86994,0.82554,0.31409,0.0
2030-02-26 07:00:00,5581.03398,0.85516,0.82554,0.37277,0.0
2030-02-26 08:00:00,5930.81571,0.87089,0.82554,0.40477,0.06121
2030-02-26 09:00:00,6030.75335,0.84508,0.82554,0.42909,0.10996
2030-02-26 10:00:00,6030.75335,0.8783,0.82554,0.41245,0.16183
2030-02-26 11:00:00,5980.78453,0.8757,0.82554,0.40805,0.20949
2030-02-26 12:00:00,5930.81571,0.84699,0.82554,0.41674,0.24537
2030-02-26 13:00:00,5880.84689,0.85736,0.82554,0.40585,0.2138
2030-02-26 14:00:00,5830.87807,0.85355,0.82554,0.40206,0.12923
2030-02-26 15:00:00,5880.84689,0.86997,0.82554,0.39953,0.16215
2030-02-26 16:00:00,6130.69099,0.88051,0.82554,0.42273,0.08691
2030-02-26 17:00:00,6430.5039,0.86798,1.0,0.46319,0.04834
2030-02-26 18:00:00,6430.5039,0.8434,1.0,0.47551,0.00025
2030-02-26 19:00:00,6230.62863,0.83177,1.0,0.45855,0.0
2030-02-26 20:00:00,5980.78453,0.83602,1.0,0.42793,0.0
2030-02-26 21:00:00,5730.94043,0.84852,0.82554,0.39319,0.0
2030-02-26 22:00:00,5481.09634,0.84354,0.82554,0.3672,0.0
2030-02-26 23:00:00,5231.25224,0.85274,0.82554,0.33411,0.0
2030-02-27 00:00:00,5114.03103,0.84574,0.82012,0.32425,0.0
2030-02-27 01:00:00,4960.68065,0.85187,0.82012,0.30369,0.0
2030-02-27 02:00:00,4858.44707,0.78257,0.82012,0.32676,0.0
2030-02-27 03:00:00,4807.33028,0.8059,0.82012,0.30924,0.0
2030-02-27 04:00:00,4807.33028,0.79828,0.82012,0.31306,0.0
2030-02-27 05:00:00,4909.56386,0.8712,0.82012,0.28818,0.0
2030-02-27 06:00:00,5216.26461,0.84175,0.82012,0.3379,0.0
2030-02-27 07:00:00,5676.31574,0.84834,0.82012,0.38705,0.0
2030-02-27 08:00:00,6034.13329,0.83532,0.82012,0.43437,0.03734
2030-02-27 09:00:00,6136.36687,0.82989,0.82012,0.44874,0.08493
2030-02-27 10:00:00,6136.36687,0.79723,0.82012,0.46511,0.12476
2030-02-27 11:00:00,6085.25008,0.77829,0.82012,0.46877,0.26376
2030-02-27 12:00:00,6034.13329,0.79237,0.82012,0.45589,0.39155
2030-02-27 13:00:00,5983.01649,0.73589,0.82012,0.47836,0.35175
2030-02-27 14:00:00,5931.8997,0.67669,0.82012,0.50219,0.21667
2030-02-27 15:00:00,5983.01649,0.68705,0.82012,0.50283,0.20191
2030-02-27 16:00:00,6238.60045,0.75945,0.82012,0.49569,0.12987
2030-02-27 17:00:00,6545.30121,0.80629,1.0,0.50719,0.06336
2030-02-27 18:00:00,6545.30121,0.80922,1.0,0.50572,0.00138
2030-02-27 19:00:00,6340.83404,0.76481,1.0,0.50466,0.0
2030-02-27 20:00:00,6085.25008,0.7526,1.0,0.48164,0.0
2030-02-27 21:00:00,5829.66612,0.75149,0.82012,0.45306,0.0
2030-02-27 22:00:00,5574.08216,0.75844,0.82012,0.42043,0.0
2030-02-27 23:00:00,5318.4982,0.74544,0.82012,0.39781,0.0
2030-02-28 00:00:00,5090.81186,0.78706,0.8146,0.351,0.0
2030-02-28 01:00:00,4938.42895,0.79393,0.8146,0.33019,0.0
2030-02-28 02:00:00,4836.84034,0.75159,0.8146,0.33982,0.0
2030-02-28 03:00:00,4786.04604,0.7297,0.8146,0.34499,0.0
2030-02-28 04:00:00,4786.04604,0.67953,0.8146,0.37013,0.0
2030-02-28 05:00:00,4887.63464,0.65188,0.8146,0.39556,0.0
2030-02-28 06:00:00,5192.40046,0.57823,0.8146,0.46721,0.0
2030-02-28 07:00:00,5649.5492,0.46697,0.8146,0.57508,0.0
2030-02-28 08:00:00,6005.10932,0.48922,0.8146,0.60446,0.03385
2030-02-28 09:00:00,6106.69793,0.45682,0.8146,0.63228,0.08816
2030-02-28 10:00:00,6106.69793,0.47707,0.8146,0.62213,0.13854
2030-02-28 11:00:00,6055.90363,0.57358,0.8146,0.56799,0.17131
2030-02-28 12:00:00,6005.10932,0.64139,0.8146,0.52822,0.18489
2030-02-28 13:00:00,5954.31502,0.65435,0.8146,0.51594,0.1082
2030-02-28 14:00:00,5903.52072,0.78086,0.8146,0.44676,0.18834
2030-02-28 15:00:00,5954.31502,0.7344,0.8146,0.47583,0.16553
2030-02-28 16:00:00,6208.28654,0.63577,0.8146,0.5542,0.15059
2030-02-28 17:00:00,6513.05236,0.72128,1.0,0.54611,0.09304
2030-02-28 18:00:00,6513.05236,0.54004,1.0,0.63691,0.00246
2030-02-28 19:00:00,6309.87514,0.64677,1.0,0.56027,0.0
2030-02-28 20:00:00,6055.90363,0.66327,1.0,0.52305,0.0
2030-02-28 21:00:00,5801.93211,0.59267,0.8146,0.52947,0.0
2030-02-28 22:00:00,5547.96059,0.74224,0.8146,0.42558,0.0
2030-02-28 23:00:00,5293.98907,0.82921,0.8146,0.35304,0.0
2030-03-01 00:00:00,5061.1272,0.77319,0.80898,0.35456,0.0
2030-03-01 01:00:00,4909.98115,0.7256,0.80898,0.36118,0.0
2030-03-01 02:00:00,4809.21712,0.71624,0.80898,0.35438,0.0
2030-03-01 03:00:00,4758.8351,0.74226,0.80898,0.3356,0.0
2030-03-01 04:00:00,4758.8351,0.60101,0.80898,0.40637,0.0
2030-03-01 05:00:00,4859.59914,0.59071,0.80898,0.42302,0.0
2030-03-01 06:00:00,5161.89124,0.54764,0.80898,0.47906,0.0
2030-03-01 07:00:00,5615.32939,0.61793,0.80898,0.49554,0.0
2030-03-01 08:00:00,5968.00351,0.71891,0.80898,0.48515,0.0644
2030-03-01 09:00:00,6068.76754,0.81408,0.80898,0.44896,0.18743
2030-03-01 10:00:00,6068.76754,0.73666,0.80898,0.48774,0.26709
2030-03-01 11:00:00,6018.38552,0.73757,0.80898,0.48155,0.20004
2030-03-01 12:00:00,5968.00351,0.87814,0.80898,0.40537,0.27592
2030-03-01 13:00:00,5917.62149,0.86723,0.80898,0.40509,0.27674
2030-03-01 14:00:00,5867.23947,0.88002,0.80898,0.39294,0.17759
2030-03-01 15:00:00,5917.62149,0.84241,0.80898,0.41753,0.13595
2030-03-01 16:00:00,6169.53157,0.83153,0.80898,0.4517,0.09722
2030-03-01 17:00:00,6471.82367,0.88247,1.0,0.46064,0.07348
2030-03-01 18:00:00,6471.82367,0.85459,1.0,0.47461,0.00586
2030-03-01 19:00:00,6270.29561,0.8269,1.0,0.46551,0.0
2030-03-01 20:00:00,6018.38552,0.86872,1.0,0.41584,0.0
2030-03-01 21:00:00,5766.47544,0.85342,0.80898,0.39478,0.0
2030-03-01 22:00:00,5514.56536,0.84058,0.80898,0.3725,0.0
2030-03-01 23:00:00,5262.65527,0.82772,0.80898,0.35022,0.0
2030-03-02 00:00:00,4706.74535,0.78619,0.80325,0.30765,0.0
2030-03-02 01:00:00,4570.36521,0.76326,0.80325,0.30359,0.0
2030-03-02 02:00:00,4479.44512,0.84064,0.80325,0.25445,0.0
2030-03-02 03:00:00,4433.98507,0.8383,0.80325,0.25044,0.0
2030-03-02 04:00:00,4433.98507,0.85799,0.80325,0.24058,0.0
2030-03-02 05:00:00,4524.90517,0.8623,0.80325,0.24878,0.0
2030-03-02 06:00:00,4797.66545,0.8459,0.80325,0.2881,0.0
2030-03-02 07:00:00,5206.80587,0.83751,0.80325,0.33895,0.0
2030-03-02 08:00:00,5525.02619,0.64444,0.80325,0.47196,0.04804
2030-03-02 09:00:00,5615.94628,0.63149,0.80325,0.48881,0.08202
2030-03-02 10:00:00,5615.94628,0.63334,0.80325,0.48789,0.09367
2030-03-02 11:00:00,5570.48624,0.76048,0.80325,0.419,0.11417
2030-03-02 12:00:00,5525.02619,0.81836,0.80325,0.38482,0.19249
2030-03-02 13:00:00,5479.56615,0.78297,0.80325,0.39737,0.29828
2030-03-02 14:00:00,5434.1061,0.69953,0.80325,0.434,0.25874
2030-03-02 15:00:00,5479.56615,0.72995,0.80325,0.42394,0.25424
2030-03-02 16:00:00,5706.86638,0.65592,0.80325,0.48694,0.21199
2030-03-02 17:00:00,5979.62666,0.70488,1.0,0.49351,0.134
2030-03-02 18:00:00,5979.62666,0.60888,1.0,0.54161,0.00554
2030-03-02 19:00:00,5797.78647,0.57326,1.0,0.53872,0.0
2030-03-02 20:00:00,5570.48624,0.59765,1.0,0.50059,0.0
2030-03-02 21:00:00,5343.18601,0.66589,0.80325,0.44048,0.0
2030-03-02 22:00:00,5115.88577,0.63065,0.80325,0.43223,0.0
2030-03-02 23:00:00,4888.58554,0.68616,0.80325,0.3785,0.0
2030-03-03 00:00:00,4725.0903,0.69419,0.79743,0.35583,0.0
2030-03-03 01:00:00,4587.94579,0.7053,0.79743,0.33463,0.0
2030-03-03 02:00:00,4496.51611,0.50805,0.79743,0.42304,0.0
2030-03-03 03:00:00,4450.80127,0.65242,0.79743,0.34549,0.0
2030-03-03 04:00:00,4450.80127,0.62939,0.79743,0.35703,0.0
2030-03-03 05:00:00,4542.23095,0.65973,0.79743,0.35226,0.0
2030-03-03 06:00:00,4816.51997,0.80104,0.79743,0.31273,0.0
2030-03-03 07:00:00,5227.95351,0.73492,0.79743,0.39276,0.0
2030-03-03 08:00:00,5547.95737,0.70904,0.79743,0.44221,0.08388
2030-03-03 09:00:00,5639.38705,0.68269,0.79743,0.46583,0.12017
2030-03-03 10:00:00,5639.38705,0.70281,0.79743,0.45575,0.14776
2030-03-03 11:00:00,5593.67221,0.59151,0.79743,0.50631,0.17729
2030-03-03 12:00:00,5547.95737,0.55268,0.79743,0.52055,0.28038
2030-03-03 13:00:00,5502.24254,0.51155,0.79743,0.53595,0.31622
2030-03-03 14:00:00,5456.5277,0.39838,0.79743,0.58743,0.39937
2030-03-03 15:00:00,5502.24254,0.3232,0.79743,0.63032,0.34418
2030-03-03 16:00:00,5730.81672,0.27159,0.79743,0.68223,0.23123
2030-03-03 17:00:00,6005.10575,0.24673,0.99679,0.72596,0.19874
2030-03-03 18:00:00,6005.10575,0.18288,0.99679,0.75795,0.01737
2030-03-03 19:00:00,5822.2464,0.17369,0.99679,0.74171,0.0
2030-03-03 20:00:00,5593.67221,0.2644,0.99679,0.6702,0.0
2030-03-03 21:00:00,5365.09802,0.26961,0.79743,0.64153,0.0
2030-03-03 22:00:00,5136.52384,0.31468,0.79743,0.59289,0.0
2030-03-03 23:00:00,4907.94965,0.31659,0.79743,0.56587,0.0
2030-03-04 00:00:00,5121.81807,0.45229,0.79152,0.52226,0.0
2030-03-04 01:00:00,4968.14323,0.33174,0.79152,0.56514,0.0
2030-03-04 02:00:00,4865.69334,0.44334,0.79152,0.49755,0.0
2030-03-04 03:00:00,4814.4684,0.46357,0.79152,0.48157,0.0
2030-03-04 04:00:00,4814.4684,0.47017,0.79152,0.47826,0.0
2030-03-04 05:00:00,4916.91829,0.62092,0.79152,0.41442,0.0
2030-03-04 06:00:00,5224.26796,0.54933,0.79152,0.48533,0.0
2030-03-04 07:00:00,5685.29247,0.49409,0.79152,0.56556,0.0
2030-03-04 08:00:00,6043.86709,0.47859,0.79152,0.61421,0.08441
2030-03-04 09:00:00,6146.31698,0.56108,0.79152,0.58456,0.11137
2030-03-04 10:00:00,6146.31698,0.53947,0.79152,0.59539,0.20884
2030-03-04 11:00:00,6095.09203,0.60191,0.79152,0.55826,0.26085
2030-03-04 12:00:00,6043.86709,0.46166,0.79152,0.62269,0.2526
2030-03-04 13:00:00,5992.64214,0.30215,0.79152,0.69677,0.18699
2030-03-04 14:00:00,5941.41719,0.2545,0.79152,0.7148,0.2879
2030-03-04 15:00:00,5992.64214,0.32804,0.79152,0.6838,0.15893
2030-03-04 16:00:00,6248.76687,0.42893,0.79152,0.66245,0.17169
2030-03-04 17:00:00,6556.11654,0.48649,0.9894,0.66865,0.1083
2030-03-04 18:00:00,6556.11654,0.46944,0.9894,0.67719,0.00499
2030-03-04 19:00:00,6351.21676,0.42136,0.9894,0.67792,0.0
2030-03-04 20:00:00,6095.09203,0.36955,0.9894,0.67468,0.0
2030-03-04 21:00:00,5838.9673,0.52247,0.79152,0.56886,0.0
2030-03-04 22:00:00,5582.84258,0.4458,0.79152,0.57808,0.0
2030-03-04 23:00:00,5326.71785,0.49264,0.79152,0.52541,0.0
2030-03-05 00:00:00,5019.2415,0.47055,0.78551,0.50142,0.0
2030-03-05 01:00:00,4869.84069,0.2644,0.78551,0.58768,0.0
2030-03-05 02:00:00,4770.24015,0.20537,0.78551,0.6059,0.0
2030-03-05 03:00:00,4720.43987,0.15464,0.78551,0.62564,0.0
2030-03-05 04:00:00,4720.43987,0.21814,0.78551,0.59382,0.0
2030-03-05 05:00:00,4820.04042,0.18462,0.78551,0.62197,0.0
2030-03-05 06:00:00,5118.84204,0.2328,0.78551,0.6319,0.0
2030-03-05 07:00:00,5567.04448,0.15094,0.78551,0.72401,0.0
2030-03-05 08:00:00,5915.64638,0.17704,0.78551,0.75067,0.02974
2030-03-05 09:00:00,6015.24692,0.15864,0.78551,0.77125,0.0453
2030-03-05 10:00:00,6015.24692,0.24974,0.78551,0.72561,0.06557
2030-03-05 11:00:00,5965.44665,0.39799,0.78551,0.64565,0.09345
2030-03-05 12:00:00,5915.64638,0.55327,0.78551,0.56217,0.10113
2030-03-05 13:00:00,5865.8461,0.44454,0.78551,0.61098,0.13682
2030-03-05 14:00:00,5816.04583,0.42933,0.78551,0.61292,0.1092
2030-03-05 15:00:00,5865.8461,0.26641,0.78551,0.70022,0.08673
2030-03-05 16:00:00,6114.84746,0.16805,0.78551,0.77789,0.04701
2030-03-05 17:00:00,6413.64908,0.17883,0.98188,0.80656,0.02596
2030-03-05 18:00:00,6413.64908,0.18246,0.98188,0.80474,0.00302
2030-03-05 19:00:00,6214.448,0.23141,0.98188,0.7575,0.0
2030-03-05 20:00:00,5965.44665,0.22994,0.98188,0.72985,0.0
2030-03-05 21:00:00,5716.44529,0.16054,0.78551,0.73623,0.0
2030-03-05 22:00:00,5467.44394,0.27583,0.78551,0.65008,0.0
2030-03-05 23:00:00,5218.44258,0.25791,0.78551,0.63067,0.0
2030-03-06 00:00:00,4979.04429,0.21753,0.7794,0.62361,0.0
2030-03-06 01:00:00,4831.31836,0.12685,0.7794,0.6522,0.0
2030-03-06 02:00:00,4732.83441,0.18063,0.7794,0.61403,0.0
2030-03-06 03:00:00,4683.59243,0.1728,0.7794,0.61234,0.0
2030-03-06 04:00:00,4683.59243,0.22297,0.7794,0.5872,0.0
2030-03-06 05:00:00,4782.07638,0.1823,0.7794,0.6188,0.0
2030-03-06 06:00:00,5077.52824,0.19849,0.7794,0.64438,0.0
2030-03-06 07:00:00,5520.70603,0.2584,0.7794,0.66489,0.0
2030-03-06 08:00:00,5865.39986,0.22319,0.7794,0.72182,0.1406
2030-03-06 09:00:00,5963.88382,0.27238,0.7794,0.70841,0.288
2030-03-06 10:00:00,5963.88382,0.29867,0.7794,0.69524,0.34622
2030-03-06 11:00:00,5914.64184,0.36808,0.7794,0.65484,0.38878
2030-03-06 12:00:00,5865.39986,0.34695,0.7794,0.65982,0.38581
2030-03-06 13:00:00,5816.15789,0.31435,0.7794,0.67054,0.52756
2030-03-06 14:00:00,5766.91591,0.21911,0.7794,0.71264,0.42626
2030-03-06 15:00:00,5816.15789,0.3149,0.7794,0.67026,0.36965
2030-03-06 16:00:00,6062.36777,0.37534,0.7794,0.66805,0.26774
2030-03-06 17:00:00,6357.81963,0.49746,0.97425,0.64055,0.17974
2030-03-06 18:00:00,6357.81963,0.60407,0.97425,0.58713,0.04921
2030-03-06 19:00:00,6160.85172,0.63894,0.97425,0.54721,0.0
2030-03-06 20:00:00,5914.64184,0.63335,0.97425,0.52194,0.0
2030-03-06 21:00:00,5668.43196,0.6809,0.7794,0.47004,0.0
2030-03-06 22:00:00,5422.22208,0.79441,0.7794,0.3851,0.0
2030-03-06 23:00:00,5176.0122,0.77457,0.7794,0.36697,0.0
2030-03-07 00:00:00,4897.33101,0.74986,0.77321,0.34758,0.0
2030-03-07 01:00:00,4753.0098,0.79141,0.77321,0.31031,0.0
2030-03-07 02:00:00,4656.79566,0.80825,0.77321,0.2909,0.0
2030-03-07 03:00:00,4608.68859,0.83812,0.77321,0.27045,0.0
2030-03-07 04:00:00,4608.68859,0.84237,0.77321,0.26832,0.0
2030-03-07 05:00:00,4704.90273,0.83938,0.77321,0.28079,0.0
2030-03-07 06:00:00,4993.54515,0.83452,0.77321,0.31613,0.0
2030-03-07 07:00:00,5426.50878,0.78392,0.77321,0.39084,0.0
2030-03-07 08:00:00,5763.25826,0.72343,0.77321,0.45955,0.04397
2030-03-07 09:00:00,5859.4724,0.64062,0.77321,0.51201,0.13694
2030-03-07 10:00:00,5859.4724,0.67943,0.77321,0.49256,0.22662
2030-03-07 11:00:00,5811.36533,0.6024,0.77321,0.52567,0.23095
2030-03-07 12:00:00,5763.25826,0.429,0.77321,0.60706,0.24839
2030-03-07 13:00:00,5715.15119,0.4231,0.77321,0.60453,0.16335
2030-03-07 14:00:00,5667.04413,0.50858,0.77321,0.55622,0.11582
2030-03-07 15:00:00,5715.15119,0.59845,0.77321,0.51668,0.12035
2030-03-07 16:00:00,5955.68654,0.51328,0.77321,0.58677,0.05407
2030-03-07 17:00:00,6244.32896,0.47838,0.96651,0.63717,0.06762
2030-03-07 18:00:00,6244.32896,0.36001,0.96651,0.69648,0.01575
2030-03-07 19:00:00,6051.90068,0.41228,0.96651,0.64835,0.0
2030-03-07 20:00:00,5811.36533,0.33255,0.96651,0.66087,0.0
2030-03-07 21:00:00,5570.82999,0.23392,0.77321,0.68286,0.0
2030-03-07 22:00:00,5330.29464,0.23045,0.77321,0.65718,0.0
2030-03-07 23:00:00,5089.75929,0.27089,0.77321,0.6095,0.0
2030-03-08 00:00:00,5018.27045,0.28079,0.76692,0.59639,0.0
2030-03-08 01:00:00,4868.9101,0.39336,0.76692,0.52296,0.0
2030-03-08 02:00:00,4769.33653,0.38527,0.76692,0.51566,0.0
2030-03-08 03:00:00,4719.54975,0.53912,0.76692,0.4329,0.0
2030-03-08 04:00:00,4719.54975,0.68107,0.76692,0.36178,0.0
2030-03-08 05:00:00,4819.12332,0.50532,0.76692,0.46119,0.0
2030-03-08 06:00:00,5117.84402,0.48803,0.76692,0.50391,0.0
2030-03-08 07:00:00,5565.92508,0.60012,0.76692,0.49883,0.0
2030-03-08 08:00:00,5914.43256,0.78097,0.76692,0.44795,0.11007
2030-03-08 09:00:00,6014.00613,0.80674,0.76692,0.44639,0.21361
2030-03-08 10:00:00,6014.00613,0.76813,0.76692,0.46574,0.31217
2030-03-08 11:00:00,5964.21935,0.73084,0.76692,0.47874,0.29988
2030-03-08 12:00:00,5914.43256,0.79144,0.76692,0.44271,0.28203
2030-03-08 13:00:00,5864.64578,0.85376,0.76692,0.4058,0.23858
2030-03-08 14:00:00,5814.859,0.83362,0.76692,0.41022,0.28475
2030-03-08 15:00:00,5864.64578,0.7997,0.76692,0.43289,0.19349
2030-03-08 16:00:00,6113.5797,0.76439,0.76692,0.47896,0.17705
2030-03-08 17:00:00,6412.30041,0.71249,0.95865,0.53902,0.07333
2030-03-08 18:00:00,6412.30041,0.7659,0.95865,0.51226,0.0204
2030-03-08 19:00:00,6213.15327,0.60667,0.95865,0.56934,0.0
2030-03-08 20:00:00,5964.21935,0.57947,0.95865,0.55458,0.0
2030-03-08 21:00:00,5715.28543,0.5357,0.76692,0.54813,0.0
2030-03-08 22:00:00,5466.35151,0.58699,0.76692,0.49406,0.0
2030-03-08 23:00:00,5217.41759,0.59428,0.76692,0.46202,0.0
2030-03-09 00:00:00,4662.01651,0.52354,0.76055,0.43415,0.0
2030-03-09 01:00:00,4527.50007,0.49619,0.76055,0.43251,0.0
2030-03-09 02:00:00,4437.82245,0.39087,0.76055,0.47506,0.0
2030-03-09 03:00:00,4392.98364,0.38511,0.76055,0.47283,0.0
2030-03-09 04:00:00,4392.98364,0.44217,0.76055,0.44424,0.0
2030-03-09 05:00:00,4482.66126,0.31797,0.76055,0.5167,0.0
2030-03-09 06:00:00,4751.69414,0.24663,0.76055,0.58311,0.0
2030-03-09 07:00:00,5155.24345,0.31535,0.76055,0.59469,0.0
2030-03-09 08:00:00,5469.11514,0.31751,0.76055,0.62939,0.13394
2030-03-09 09:00:00,5558.79277,0.35511,0.76055,0.62077,0.15236
2030-03-09 10:00:00,5558.79277,0.3305,0.76055,0.63311,0.16776
2030-03-09 11:00:00,5513.95395,0.29734,0.76055,0.64461,0.26584
2030-03-09 12:00:00,5469.11514,0.25726,0.76055,0.65958,0.22079
2030-03-09 13:00:00,5424.27633,0.30453,0.76055,0.63078,0.17131
2030-03-09 14:00:00,5379.43752,0.42802,0.76055,0.56379,0.14882
2030-03-09 15:00:00,5424.27633,0.42414,0.76055,0.57085,0.10767
2030-03-09 16:00:00,5648.47039,0.37429,0.76055,0.62139,0.08409
2030-03-09 17:00:00,5917.50327,0.41376,0.95069,0.63229,0.04721
2030-03-09 18:00:00,5917.50327,0.21689,0.95069,0.73092,0.01434
2030-03-09 19:00:00,5738.14802,0.24564,0.95069,0.69607,0.0
2030-03-09 20:00:00,5513.95395,0.16969,0.95069,0.70856,0.0
2030-03-09 21:00:00,5289.75989,0.12185,0.76055,0.70697,0.0
2030-03-09 22:00:00,5065.56583,0.19632,0.76055,0.6441,0.0
2030-03-09 23:00:00,4841.37176,0.31468,0.76055,0.55924,0.0
2030-03-10 00:00:00,4643.89095,0.35988,0.75409,0.51408,0.0
2030-03-10 01:00:00,4510.12974,0.36328,0.75409,0.49713,0.0
2030-03-10 02:00:00,4420.95561,0.33364,0.75409,0.50181,0.0
2030-03-10 03:00:00,4376.36854,0.31663,0.75409,0.50525,0.0
2030-03-10 04:00:00,4376.36854,0.32451,0.75409,0.5013,0.0
2030-03-10 05:00:00,4465.54267,0.4042,0.75409,0.47154,0.0
2030-03-10 06:00:00,4733.06509,0.23302,0.75409,0.5878,0.0
2030-03-10 07:00:00,5134.34871,0.16952,0.75409,0.66537,1e-05
2030-03-10 08:00:00,5446.45819,0.14169,0.75409,0.7149,0.1885
2030-03-10 09:00:00,5535.63232,0.14973,0.75409,0.72104,0.29807
2030-03-10 10:00:00,5535.63232,0.11347,0.75409,0.7392,0.36056
2030-03-10 11:00:00,5491.04526,0.12716,0.75409,0.72726,0.32098
2030-03-10 12:00:00,5446.45819,0.114,0.75409,0.72877,0.33102
2030-03-10 13:00:00,5401.87112,0.20498,0.75409,0.6781,0.39394
2030-03-10 14:00:00,5357.28405,0.30499,0.75409,0.62291,0.27545
2030-03-10 15:00:00,5401.87112,0.33541,0.75409,0.61275,0.2256
2030-03-10 16:00:00,5624.80646,0.25047,0.75409,0.68073,0.16921
2030-03-10 17:00:00,5892.32888,0.25631,0.94262,0.7083,0.08318
2030-03-10 18:00:00,5892.32888,0.31326,0.94262,0.67977,0.0306
2030-03-10 19:00:00,5713.9806,0.33081,0.94262,0.65064,0.0
2030-03-10 20:00:00,5491.04526,0.31423,0.94262,0.63353,0.0
2030-03-10 21:00:00,5268.10991,0.38908,0.75409,0.57062,0.0
2030-03-10 22:00:00,5045.17457,0.43076,0.75409,0.52431,0.0
2030-03-10 23:00:00,4822.23922,0.41546,0.75409,0.50656,0.0
2030-03-11 00:00:00,5010.32919,0.39769,0.74755,0.53691,0.0
2030-03-11 01:00:00,4861.29972,0.42337,0.74755,0.50705,0.0
2030-03-11 02:00:00,4761.94674,0.41536,0.74755,0.49974,0.0
2030-03-11 03:00:00,4712.27026,0.48615,0.74755,0.45861,0.0
2030-03-11 04:00:00,4712.27026,0.44963,0.74755,0.47691,0.0
2030-03-11 05:00:00,4811.62323,0.52852,0.74755,0.44871,0.0
2030-03-11 06:00:00,5109.68217,0.50994,0.74755,0.492,0.0
2030-03-11 07:00:00,5556.77056,0.51017,0.74755,0.54285,0.00066
2030-03-11 08:00:00,5904.50599,0.51547,0.74755,0.57984,0.05898
2030-03-11 09:00:00,6003.85896,0.59942,0.74755,0.54911,0.17241
2030-03-11 10:00:00,6003.85896,0.54562,0.74755,0.57606,0.2177
2030-03-11 11:00:00,5954.18247,0.64191,0.74755,0.52216,0.21877
2030-03-11 12:00:00,5904.50599,0.613,0.74755,0.53098,0.34039
2030-03-11 13:00:00,5854.8295,0.57407,0.74755,0.54482,0.36357
2030-03-11 14:00:00,5805.15301,0.52748,0.74755,0.5625,0.34702
2030-03-11 15:00:00,5854.8295,0.51658,0.74755,0.57362,0.32655
2030-03-11 16:00:00,6103.21194,0.53522,0.74755,0.5926,0.24347
2030-03-11 17:00:00,6401.27087,0.535,0.93444,0.62669,0.19462
2030-03-11 18:00:00,6401.27087,0.59206,0.93444,0.5981,0.03628
2030-03-11 19:00:00,6202.56492,0.63294,0.93444,0.55497,0.0
2030-03-11 20:00:00,5954.18247,0.62367,0.93444,0.53129,0.0
2030-03-11 21:00:00,5705.80003,0.54263,0.74755,0.54358,0.0
2030-03-11 22:00:00,5457.41759,0.51793,0.74755,0.52764,0.0
2030-03-11 23:00:00,5209.03514,0.50881,0.74755,0.50389,0.0
2030-03-12 00:00:00,4938.52428,0.49256,0.74093,0.48119,0.0
2030-03-12 01:00:00,4792.48669,0.43037,0.74093,0.4957,0.0
2030-03-12 02:00:00,4695.12829,0.41113,0.74093,0.49424,0.0
2030-03-12 03:00:00,4646.44909,0.43627,0.74093,0.47609,0.0
2030-03-12 04:00:00,4646.44909,0.47816,0.74093,0.45511,0.0
2030-03-12 05:00:00,4743.80749,0.46866,0.74093,0.47097,0.0
2030-03-12 06:00:00,5035.88268,0.46721,0.74093,0.50499,0.0
2030-03-12 07:00:00,5473.99546,0.47627,0.74093,0.5504,0.00376
2030-03-12 08:00:00,5814.74985,0.44479,0.74093,0.60502,0.12733
2030-03-12 09:00:00,5912.10825,0.50242,0.74093,0.58725,0.20611
2030-03-12 10:00:00,5912.10825,0.47689,0.74093,0.60004,0.23085
2030-03-12 11:00:00,5863.42905,0.48102,0.74093,0.59242,0.34762
2030-03-12 12:00:00,5814.74985,0.58333,0.74093,0.53561,0.40909
2030-03-12 13:00:00,5766.07065,0.56642,0.74093,0.53853,0.31373
2030-03-12 14:00:00,5717.39145,0.52512,0.74093,0.55368,0.19551
2030-03-12 15:00:00,5766.07065,0.57461,0.74093,0.53443,0.15903
2030-03-12 16:00:00,6009.46665,0.59079,0.74093,0.55407,0.12326
2030-03-12 17:00:00,6301.54184,0.63147,0.92616,0.56699,0.06359
2030-03-12 18:00:00,6301.54184,0.5911,0.92616,0.58721,0.01634
2030-03-12 19:00:00,6106.82504,0.50847,0.92616,0.60642,0.0
2030-03-12 20:00:00,5863.42905,0.43189,0.92616,0.61704,0.0
2030-03-12 21:00:00,5620.03306,0.43131,0.74093,0.58958,0.0
2030-03-12 22:00:00,5376.63707,0.43812,0.74093,0.55842,0.0
2030-03-12 23:00:00,5133.24107,0.52116,0.74093,0.48906,0.0
2030-03-13 00:00:00,4865.11624,0.58333,0.73423,0.42735,0.0
2030-03-13 01:00:00,4722.13731,0.57575,0.73423,0.41484,0.0
2030-03-13 02:00:00,4626.81803,0.47772,0.73423,0.45309,0.0
2030-03-13 03:00:00,4579.15839,0.4533,0.73423,0.45989,0.0
2030-03-13 04:00:00,4579.15839,0.50826,0.73423,0.43235,0.0
2030-03-13 05:00:00,4674.47767,0.46961,0.73423,0.46259,0.0
2030-03-13 06:00:00,4960.43552,0.47059,0.73423,0.4947,0.0
2030-03-13 07:00:00,5389.3723,0.55119,0.73423,0.50322,0.00164
2030-03-13 08:00:00,5722.9898,0.54826,0.73423,0.54272,0.02312
2030-03-13 09:00:00,5818.30908,0.50047,0.73423,0.57753,0.06922
2030-03-13 10:00:00,5818.30908,0.42888,0.73423,0.6134,0.14053
2030-03-13 11:00:00,5770.64944,0.45553,0.73423,0.59462,0.08929
2030-03-13 12:00:00,5722.9898,0.46749,0.73423,0.58319,0.08673
2030-03-13 13:00:00,5675.33016,0.46727,0.73423,0.57786,0.14098
2030-03-13 14:00:00,5627.67052,0.3871,0.73423,0.6126,0.15421
2030-03-13 15:00:00,5675.33016,0.35087,0.73423,0.63618,0.1504
2030-03-13 16:00:00,5913.62837,0.25202,0.73423,0.71288,0.08116
2030-03-13 17:00:00,6199.58622,0.20823,0.91778,0.76742,0.05849
2030-03-13 18:00:00,6199.58622,0.11676,0.91778,0.81325,0.03045
2030-03-13 19:00:00,6008.94765,0.18573,0.91778,0.75696,0.0
2030-03-13 20:00:00,5770.64944,0.12186,0.91778,0.76179,0.0
2030-03-13 21:00:00,5532.35123,0.09585,0.73423,0.74766,0.0
2030-03-13 22:00:00,5294.05302,0.13986,0.73423,0.69844,0.0
2030-03-13 23:00:00,5055.75481,0.06721,0.73423,0.70767,0.0
2030-03-14 00:00:00,4977.67135,0.03907,0.72745,0.71287,0.0
2030-03-14 01:00:00,4830.00262,0.03434,0.72745,0.6984,0.0
2030-03-14 02:00:00,4731.55681,0.06719,0.72745,0.67072,0.0
2030-03-14 03:00:00,4682.3339,0.05473,0.72745,0.67135,0.0
2030-03-14 04:00:00,4682.3339,0.06383,0.72745,0.66679,0.0
2030-03-14 05:00:00,4780.77972,0.0919,0.72745,0.66395,0.0
2030-03-14 06:00:00,5076.11716,0.0827,0.72745,0.70223,0.0
2030-03-14 07:00:00,5519.12333,0.10871,0.72745,0.7397,0.00489
2030-03-14 08:00:00,5863.68369,0.08061,0.72745,0.79307,0.06831
2030-03-14 09:00:00,5962.1295,0.08797,0.72745,0.8006,0.13753
2030-03-14 10:00:00,5962.1295,0.09831,0.72745,0.79542,0.14092
2030-03-14 11:00:00,5912.90659,0.08471,0.72745,0.79663,0.20752
2030-03-14 12:00:00,5863.68369,0.06084,0.72745,0.80297,0.30866
2030-03-14 13:00:00,5814.46078,0.10093,0.72745,0.77727,0.34972
2030-03-14 14:00:00,5765.23787,0.09584,0.72745,0.77421,0.27913
2030-03-14 15:00:00,5814.46078,0.11394,0.72745,0.77076,0.16787
2030-03-14 16:00:00,6060.57532,0.10962,0.72745,0.80098,0.07398
2030-03-14 17:00:00,6355.91276,0.08106,0.90931,0.84896,0.05129
2030-03-14 18:00:00,6355.91276,0.06261,0.90931,0.8582,0.01184
2030-03-14 19:00:00,6159.02113,0.03553,0.90931,0.84933,0.0
2030-03-14 20:00:00,5912.90659,0.03903,0.90931,0.81951,0.0
2030-03-14 21:00:00,5666.79205,0.03077,0.72745,0.79559,0.0
2030-03-14 22:00:00,5420.67752,0.01637,0.72745,0.77475,0.0
2030-03-14 23:00:00,5174.56298,0.01301,0.72745,0.74837,0.0
2030-03-15 00:00:00,5022.935,0.01847,0.72059,0.72835,0.0
2030-03-15 01:00:00,4873.38029,0.01679,0.72059,0.71214,0.0
2030-03-15 02:00:00,4773.67716,0.02554,0.72059,0.69639,0.0
2030-03-15 03:00:00,4723.82559,0.03952,0.72059,0.6837,0.0
2030-03-15 04:00:00,4723.82559,0.04671,0.72059,0.6801,0.0
2030-03-15 05:00:00,4823.52872,0.03624,0.72059,0.69671,0.0
2030-03-15 06:00:00,5122.63814,0.02771,0.72059,0.73509,0.0
2030-03-15 07:00:00,5571.30227,0.01927,0.72059,0.79046,0.00725
2030-03-15 08:00:00,5920.26325,0.02891,0.72059,0.82542,0.03177
2030-03-15 09:00:00,6019.96639,0.02853,0.72059,0.83698,0.07878
2030-03-15 10:00:00,6019.96639,0.01733,0.72059,0.84259,0.16765
2030-03-15 11:00:00,5970.11482,0.01883,0.72059,0.83616,0.25972
2030-03-15 12:00:00,5920.26325,0.02058,0.72059,0.82959,0.37229
2030-03-15 13:00:00,5870.41168,0.01206,0.72059,0.82818,0.36784
2030-03-15 14:00:00,5820.56012,0.00943,0.72059,0.82381,0.30953
2030-03-15 15:00:00,5870.41168,0.02177,0.72059,0.82331,0.32702
2030-03-15 16:00:00,6119.66953,0.02119,0.72059,0.85202,0.35263
2030-03-15 17:00:00,6418.77895,0.01747,0.90074,0.88799,0.15543
2030-03-15 18:00:00,6418.77895,0.01053,0.90074,0.89147,0.04702
2030-03-15 19:00:00,6219.37267,0.00641,0.90074,0.87079,0.0
2030-03-15 20:00:00,5970.11482,0.01009,0.90074,0.84053,0.0
2030-03-15 21:00:00,5720.85698,0.00845,0.72059,0.81294,0.0
2030-03-15 22:00:00,5471.59913,0.0137,0.72059,0.78189,0.0
2030-03-15 23:00:00,5222.34128,0.00875,0.72059,0.75595,0.0
2030-03-16 00:00:00,4729.30508,0.00668,0.71366,0.70078,0.0
2030-03-16 01:00:00,4591.98495,0.00518,0.71366,0.68588,0.0
2030-03-16 02:00:00,4500.4382,0.00501,0.71366,0.67553,0.0
2030-03-16 03:00:00,4454.66482,0.00384,0.71366,0.67089,0.0
2030-03-16 04:00:00,4454.66482,0.00736,0.71366,0.66913,0.0
2030-03-16 05:00:00,4546.21157,0.0132,0.71366,0.67664,0.0
2030-03-16 06:00:00,4820.85183,0.01123,0.71366,0.70894,0.0
2030-03-16 07:00:00,5232.81222,0.01212,0.71366,0.75546,0.00468
2030-03-16 08:00:00,5553.22585,0.00969,0.71366,0.79321,0.07811
2030-03-16 09:00:00,5644.7726,0.01218,0.71366,0.8024,0.13518
2030-03-16 10:00:00,5644.7726,0.01066,0.71366,0.80316,0.18964
2030-03-16 11:00:00,5598.99922,0.01424,0.71366,0.79614,0.17765
2030-03-16 12:00:00,5553.22585,0.00933,0.71366,0.79339,0.2033
2030-03-16 13:00:00,5507.45247,0.00739,0.71366,0.78914,0.20375
2030-03-16 14:00:00,5461.6791,0.01593,0.71366,0.77964,0.19359
2030-03-16 15:00:00,5507.45247,0.02585,0.71366,0.77989,0.13005
2030-03-16 16:00:00,5736.31935,0.03641,0.71366,0.80069,0.10864
2030-03-16 17:00:00,6010.95961,0.04124,0.89208,0.82958,0.07235
2030-03-16 18:00:00,6010.95961,0.03566,0.89208,0.83238,0.01538
2030-03-16 19:00:00,5827.86611,0.04626,0.89208,0.80619,0.0
2030-03-16 20:00:00,5598.99922,0.04982,0.89208,0.77831,0.0
2030-03-16 21:00:00,5370.13234,0.08871,0.71366,0.73274,0.0
2030-03-16 22:00:00,5141.26546,0.09601,0.71366,0.70299,0.0
2030-03-16 23:00:00,4912.39858,0.09604,0.71366,0.67688,0.0
2030-03-17 00:00:00,4771.69178,0.12041,0.70666,0.64863,0.0
2030-03-17 01:00:00,4632.60554,0.11927,0.70666,0.63334,0.0
2030-03-17 02:00:00,4539.88138,0.08843,0.70666,0.63822,0.0
2030-03-17 03:00:00,4493.5193,0.15206,0.70666,0.60106,0.0
2030-03-17 04:00:00,4493.5193,0.16632,0.70666,0.59391,0.0
2030-03-17 05:00:00,4586.24346,0.13496,0.70666,0.6202,0.0
2030-03-17 06:00:00,4864.41594,0.16248,0.70666,0.63812,0.0
2030-03-17 07:00:00,5281.67466,0.14187,0.70666,0.69602,0.00977
2030-03-17 08:00:00,5606.20923,0.14011,0.70666,0.7339,0.04782
2030-03-17 09:00:00,5698.93339,0.1758,0.70666,0.72659,0.09884
2030-03-17 10:00:00,5698.93339,0.16713,0.70666,0.73094,0.11455
2030-03-17 11:00:00,5652.57131,0.17404,0.70666,0.72219,0.10341
2030-03-17 12:00:00,5606.20923,0.18052,0.70666,0.71365,0.1348
2030-03-17 13:00:00,5559.84715,0.16235,0.70666,0.71747,0.1795
2030-03-17 14:00:00,5513.48507,0.17491,0.70666,0.70589,0.16247
2030-03-17 15:00:00,5559.84715,0.14359,0.70666,0.72687,0.09272
2030-03-17 16:00:00,5791.65755,0.11332,0.70666,0.76847,0.09783
2030-03-17 17:00:00,6069.83003,0.18614,0.88333,0.76369,0.05655
2030-03-17 18:00:00,6069.83003,0.17995,0.88333,0.7668,0.02288
2030-03-17 19:00:00,5884.38171,0.26094,0.88333,0.70507,0.0
2030-03-17 20:00:00,5652.57131,0.1637,0.88333,0.72737,0.0
2030-03-17 21:00:00,5420.76091,0.1382,0.70666,0.71372,0.0
2030-03-17 22:00:00,5188.9505,0.15442,0.70666,0.67916,0.0
2030-03-17 23:00:00,4957.1401,0.14031,0.70666,0.6598,0.0
2030-03-18 00:00:00,5076.65608,0.11429,0.69959,0.68646,0.0
2030-03-18 01:00:00,4924.86299,0.10905,0.69959,0.67178,0.0
2030-03-18 02:00:00,4823.6676,0.08429,0.69959,0.67265,0.0
2030-03-18 03:00:00,4773.06991,0.07054,0.69959,0.67378,0.0
2030-03-18 04:00:00,4773.06991,0.06041,0.69959,0.67885,0.0
2030-03-18 05:00:00,4874.2653,0.04382,0.69959,0.6987,0.0
2030-03-18 06:00:00,5177.85147,0.02595,0.69959,0.74226,0.0
2030-03-18 07:00:00,5633.23073,0.01941,0.69959,0.79746,0.02696
2030-03-18 08:00:00,5987.4146,0.03416,0.69959,0.83045,0.11265
2030-03-18 09:00:00,6088.60999,0.01672,0.69959,0.85072,0.14101
2030-03-18 10:00:00,6088.60999,0.03058,0.69959,0.84378,0.19393
2030-03-18 11:00:00,6038.0123,0.02561,0.69959,0.8405,0.24101
2030-03-18 12:00:00,5987.4146,0.06325,0.69959,0.81587,0.2029
2030-03-18 13:00:00,5936.81691,0.06369,0.69959,0.80988,0.21126
2030-03-18 14:00:00,5886.21921,0.09091,0.69959,0.79048,0.24942
2030-03-18 15:00:00,5936.81691,0.13588,0.69959,0.77371,0.20678
2030-03-18 16:00:00,6189.80538,0.14059,0.69959,0.80019,0.1957
2030-03-18 17:00:00,6493.39156,0.14952,0.87449,0.83033,0.12153
2030-03-18 18:00:00,6493.39156,0.13931,0.87449,0.83545,0.03682
2030-03-18 19:00:00,6291.00078,0.1289,0.87449,0.81759,0.0
2030-03-18 20:00:00,6038.0123,0.10679,0.87449,0.79982,0.0
2030-03-18 21:00:00,5785.02382,0.08088,0.69959,0.78396,0.0
2030-03-18 22:00:00,5532.03534,0.05839,0.69959,0.76639,0.0
2030-03-18 23:00:00,5279.04686,0.05122,0.69959,0.74114,0.0
2030-03-19 00:00:00,4882.52417,0.05612,0.69245,0.69348,0.0
2030-03-19 01:00:00,4738.81991,0.06709,0.69245,0.6716,0.0
2030-03-19 02:00:00,4643.01707,0.05636,0.69245,0.66605,0.0
2030-03-19 03:00:00,4595.11565,0.0996,0.69245,0.63892,0.0
2030-03-19 04:00:00,4595.11565,0.1748,0.69245,0.60125,0.0
2030-03-19 05:00:00,4690.91849,0.21606,0.69245,0.5915,0.0
2030-03-19 06:00:00,4978.327,0.27583,0.69245,0.59432,0.0
2030-03-19 07:00:00,5409.43978,0.28134,0.69245,0.64071,0.02485
2030-03-19 08:00:00,5744.74971,0.2368,0.69245,0.70125,0.13857
2030-03-19 09:00:00,5840.55255,0.1419,0.69245,0.75972,0.27355
2030-03-19 10:00:00,5840.55255,0.16757,0.69245,0.74686,0.33136
2030-03-19 11:00:00,5792.65113,0.1195,0.69245,0.76548,0.41026
2030-03-19 12:00:00,5744.74971,0.12457,0.69245,0.75748,0.42597
2030-03-19 13:00:00,5696.84829,0.13116,0.69245,0.74872,0.39406
2030-03-19 14:00:00,5648.94687,0.26449,0.69245,0.67645,0.48122
2030-03-19 15:00:00,5696.84829,0.36808,0.69245,0.63001,0.36638
2030-03-19 16:00:00,5936.35539,0.41246,0.69245,0.63508,0.27316
2030-03-19 17:00:00,6223.7639,0.46376,0.86557,0.64215,0.1793
2030-03-19 18:00:00,6223.7639,0.50549,0.86557,0.62124,0.05608
2030-03-19 19:00:00,6032.15822,0.48922,0.86557,0.60755,0.0
2030-03-19 20:00:00,5792.65113,0.48575,0.86557,0.58198,0.0
2030-03-19 21:00:00,5553.14403,0.54362,0.69245,0.52568,0.0
2030-03-19 22:00:00,5313.63694,0.54435,0.69245,0.49801,0.0
2030-03-19 23:00:00,5074.12984,0.61267,0.69245,0.43647,0.0
2030-03-20 00:00:00,4849.39859,0.52224,0.68525,0.45616,0.0
2030-03-20 01:00:00,4707.07456,0.46054,0.68525,0.47085,0.0
2030-03-20 02:00:00,4612.19188,0.44466,0.68525,0.46798,0.0
2030-03-20 03:00:00,4564.75054,0.3805,0.68525,0.49473,0.0
2030-03-20 04:00:00,4564.75054,0.3664,0.68525,0.50179,0.0
2030-03-20 05:00:00,4659.63322,0.35442,0.68525,0.51861,0.0
2030-03-20 06:00:00,4944.28127,0.30117,0.68525,0.57774,0.0
2030-03-20 07:00:00,5371.25334,0.32555,0.68525,0.6142,0.01876
2030-03-20 08:00:00,5703.34273,0.56267,0.68525,0.53326,0.09259
2030-03-20 09:00:00,5798.22542,0.66305,0.68525,0.49378,0.15854
2030-03-20 10:00:00,5798.22542,0.62213,0.68525,0.51429,0.22687
2030-03-20 11:00:00,5750.78408,0.50091,0.68525,0.56961,0.25372
2030-03-20 12:00:00,5703.34273,0.53557,0.68525,0.54684,0.23622
2030-03-20 13:00:00,5655.90139,0.5877,0.68525,0.51531,0.20462
2030-03-20 14:00:00,5608.46005,0.54581,0.68525,0.53089,0.26075
2030-03-20 15:00:00,5655.90139,0.54376,0.68525,0.53733,0.24213
2030-03-20 16:00:00,5893.1081,0.57582,0.68525,0.54831,0.18521
2030-03-20 17:00:00,6177.75615,0.39558,0.85656,0.67106,0.09634
2030-03-20 18:00:00,6177.75615,0.30145,0.85656,0.71823,0.02914
2030-03-20 19:00:00,5987.99078,0.26899,0.85656,0.71285,0.0
2030-03-20 20:00:00,5750.78408,0.19998,0.85656,0.72039,0.0
2030-03-20 21:00:00,5513.57737,0.16131,0.68525,0.71272,0.0
2030-03-20 22:00:00,5276.37066,0.16036,0.68525,0.68615,0.0
2030-03-20 23:00:00,5039.16395,0.23525,0.68525,0.62158,0.0
2030-03-21 00:00:00,4805.42242,0.24355,0.67798,0.59078,0.0
2030-03-21 01:00:00,4664.93073,0.18058,0.67798,0.60631,0.0
2030-03-21 02:00:00,4571.26961,0.0884,0.67798,0.64182,0.0
2030-03-21 03:00:00,4524.43905,0.10256,0.67798,0.62939,0.0
2030-03-21 04:00:00,4524.43905,0.08095,0.67798,0.64021,0.0
2030-03-21 05:00:00,4618.10017,0.11508,0.67798,0.63379,0.0
2030-03-21 06:00:00,4899.08354,0.15945,0.67798,0.64359,0.0
2030-03-21 07:00:00,5320.55859,0.11239,0.67798,0.71522,0.02323
2030-03-21 08:00:00,5648.37252,0.12891,0.67798,0.74432,0.07619
2030-03-21 09:00:00,5742.03364,0.10505,0.67798,0.76695,0.14552
2030-03-21 10:00:00,5742.03364,0.11411,0.67798,0.76241,0.16194
2030-03-21 11:00:00,5695.20308,0.13028,0.67798,0.74897,0.2708
2030-03-21 12:00:00,5648.37252,0.13727,0.67798,0.74013,0.37642
2030-03-21 13:00:00,5601.54196,0.16341,0.67798,0.72169,0.35283
2030-03-21 14:00:00,5554.7114,0.21761,0.67798,0.6892,0.30734
2030-03-21 15:00:00,5601.54196,0.31174,0.67798,0.64738,0.35466
2030-03-21 16:00:00,5835.69477,0.28557,0.67798,0.68719,0.23296
2030-03-21 17:00:00,6116.67813,0.31998,0.84748,0.70198,0.14234
2030-03-21 18:00:00,6116.67813,0.34477,0.84748,0.68956,0.06139
2030-03-21 19:00:00,5929.35589,0.50642,0.84748,0.58721,0.0
2030-03-21 20:00:00,5695.20308,0.30809,0.84748,0.65988,0.0
2030-03-21 21:00:00,5461.05028,0.3084,0.67798,0.63304,0.0
2030-03-21 22:00:00,5226.89747,0.43429,0.67798,0.54326,0.0
2030-03-21 23:00:00,4992.74466,0.38485,0.67798,0.54134,0.0
2030-03-22 00:00:00,4786.74142,0.28967,0.67066,0.56554,0.0
2030-03-22 01:00:00,4647.02811,0.396,0.67066,0.49634,0.0
2030-03-22 02:00:00,4553.88591,0.51443,0.67066,0.42638,0.0
2030-03-22 03:00:00,4507.3148,0.43969,0.67066,0.45852,0.0
2030-03-22 04:00:00,4507.3148,0.42239,0.67066,0.46719,0.0
2030-03-22 05:00:00,4600.45701,0.47122,0.67066,0.45334,0.0
2030-03-22 06:00:00,4879.88363,0.37728,0.67066,0.53227,0.0
2030-03-22 07:00:00,5299.02356,0.4678,0.67066,0.5347,0.02154
2030-03-22 08:00:00,5625.02128,0.38603,0.67066,0.61283,0.05585
2030-03-22 09:00:00,5718.16349,0.49276,0.67066,0.56998,0.04886
2030-03-22 10:00:00,5718.16349,0.40169,0.67066,0.61561,0.11457
2030-03-22 11:00:00,5671.59238,0.41633,0.67066,0.60296,0.18764
2030-03-22 12:00:00,5625.02128,0.51628,0.67066,0.54757,0.25844
2030-03-22 13:00:00,5578.45018,0.56129,0.67066,0.51971,0.31507
2030-03-22 14:00:00,5531.87907,0.69326,0.67066,0.44828,0.30514
2030-03-22 15:00:00,5578.45018,0.74473,0.67066,0.42781,0.27438
2030-03-22 16:00:00,5811.30569,0.67413,0.67066,0.48972,0.21368
2030-03-22 17:00:00,6090.73231,0.67151,0.83832,0.52289,0.12365
2030-03-22 18:00:00,6090.73231,0.68529,0.83832,0.51599,0.07789
2030-03-22 19:00:00,5904.4479,0.58157,0.83832,0.54672,0.0
2030-03-22 20:00:00,5671.59238,0.56696,0.83832,0.52749,0.0
2030-03-22 21:00:00,5438.73687,0.67469,0.67066,0.44697,0.0
2030-03-22 22:00:00,5205.88135,0.66424,0.67066,0.42566,0.0
2030-03-22 23:00:00,4973.02584,0.49188,0.67066,0.48547,0.0
2030-03-23 00:00:00,4430.26803,0.50211,0.66327,0.41846,0.0
2030-03-23 01:00:00,4305.40778,0.52954,0.66327,0.39049,0.0
2030-03-23 02:00:00,4222.16761,0.54151,0.66327,0.37499,0.0
2030-03-23 03:00:00,4180.54753,0.48222,0.66327,0.39996,0.0
2030-03-23 04:00:00,4180.54753,0.58598,0.66327,0.34797,0.0
2030-03-23 05:00:00,4263.7877,0.57298,0.66327,0.36397,0.0
2030-03-23 06:00:00,4513.5082,0.5814,0.66327,0.38823,0.0
2030-03-23 07:00:00,4888.08896,0.65201,0.66327,0.39555,0.01648
2030-03-23 08:00:00,5179.42954,0.60765,0.66327,0.45099,0.0549
2030-03-23 09:00:00,5262.66971,0.68058,0.66327,0.42394,0.09117
2030-03-23 10:00:00,5262.66971,0.57592,0.66327,0.47638,0.13619
2030-03-23 11:00:00,5221.04963,0.67968,0.66327,0.41965,0.16642
2030-03-23 12:00:00,5179.42954,0.61677,0.66327,0.44642,0.13992
2030-03-23 13:00:00,5137.80946,0.51999,0.66327,0.49017,0.15735
2030-03-23 14:00:00,5096.18937,0.30856,0.66327,0.59136,0.14209
2030-03-23 15:00:00,5137.80946,0.39188,0.66327,0.55435,0.17317
2030-03-23 16:00:00,5345.90988,0.4424,0.66327,0.55277,0.20487
2030-03-23 17:00:00,5595.63038,0.3396,0.82909,0.63275,0.11248
2030-03-23 18:00:00,5595.63038,0.22699,0.82909,0.68916,0.03916
2030-03-23 19:00:00,5429.15005,0.27467,0.82909,0.6463,0.0
2030-03-23 20:00:00,5221.04963,0.34549,0.82909,0.58709,0.0
2030-03-23 21:00:00,5012.94921,0.42764,0.66327,0.5222,0.0
2030-03-23 22:00:00,4804.84879,0.43472,0.66327,0.49493,0.0
2030-03-23 23:00:00,4596.74837,0.32968,0.66327,0.52383,0.0
2030-03-24 00:00:00,4389.1543,0.21225,0.65583,0.559,0.0
2030-03-24 01:00:00,4266.00712,0.21003,0.65583,0.54608,0.0
2030-03-24 02:00:00,4183.90901,0.16569,0.65583,0.55893,0.0
2030-03-24 03:00:00,4142.85995,0.21436,0.65583,0.52986,0.0
2030-03-24 04:00:00,4142.85995,0.21511,0.65583,0.52949,0.0
2030-03-24 05:00:00,4224.95806,0.18718,0.65583,0.55284,0.0
2030-03-24 06:00:00,4471.25242,0.17027,0.65583,0.58939,0.0
2030-03-24 07:00:00,4840.69396,0.12285,0.65583,0.65527,0.0286
2030-03-24 08:00:00,5128.03738,0.12973,0.65583,0.68459,0.08255
2030-03-24 09:00:00,5210.1355,0.10487,0.65583,0.7064,0.1108
2030-03-24 10:00:00,5210.1355,0.05354,0.65583,0.73212,0.15711
2030-03-24 11:00:00,5169.08644,0.04046,0.65583,0.73399,0.18505
2030-03-24 12:00:00,5128.03738,0.0391,0.65583,0.73,0.29169
2030-03-24 13:00:00,5086.98832,0.02799,0.65583,0.73088,0.36188
2030-03-24 14:00:00,5045.93926,0.05541,0.65583,0.71246,0.24978
2030-03-24 15:00:00,5086.98832,0.0825,0.65583,0.70357,0.26994
2030-03-24 16:00:00,5292.23362,0.06461,0.65583,0.73593,0.17189
2030-03-24 17:00:00,5538.52798,0.03709,0.81979,0.7778,0.10611
2030-03-24 18:00:00,5538.52798,0.02193,0.81979,0.7854,0.06474
2030-03-24 19:00:00,5374.33174,0.03808,0.81979,0.75859,0.0
2030-03-24 20:00:00,5169.08644,0.0348,0.81979,0.73683,0.0
2030-03-24 21:00:00,4963.84114,0.05453,0.65583,0.70355,0.0
2030-03-24 22:00:00,4758.59584,0.07685,0.65583,0.66896,0.0
2030-03-24 23:00:00,4553.35054,0.03939,0.65583,0.66433,0.0
2030-03-25 00:00:00,4810.48747,0.04242,0.64833,0.69213,0.0
2030-03-25 01:00:00,4669.78474,0.03309,0.64833,0.68076,0.0
2030-03-25 02:00:00,4575.98292,0.02688,0.64833,0.67318,0.0
2030-03-25 03:00:00,4529.08201,0.0279,0.64833,0.66732,0.0
2030-03-25 04:00:00,4529.08201,0.02331,0.64833,0.66962,0.0
2030-03-25 05:00:00,4622.88383,0.03055,0.64833,0.67669,0.0
2030-03-25 06:00:00,4904.28928,0.0501,0.64833,0.69897,0.0
2030-03-25 07:00:00,5326.39747,0.05965,0.64833,0.74231,0.03315
2030-03-25 08:00:00,5654.70383,0.06316,0.64833,0.77798,0.08529
2030-03-25 09:00:00,5748.50565,0.08181,0.64833,0.77933,0.1505
2030-03-25 10:00:00,5748.50565,0.09074,0.64833,0.77486,0.18557
2030-03-25 11:00:00,5701.60474,0.05344,0.64833,0.7882,0.2118
2030-03-25 12:00:00,5654.70383,0.04256,0.64833,0.78831,0.19242
2030-03-25 13:00:00,5607.80292,0.06008,0.64833,0.77418,0.20286
2030-03-25 14:00:00,5560.90201,0.07586,0.64833,0.76093,0.17377
2030-03-25 15:00:00,5607.80292,0.06805,0.64833,0.77019,0.21775
2030-03-25 16:00:00,5842.30747,0.05056,0.64833,0.80568,0.11544
2030-03-25 17:00:00,6123.71293,0.08164,0.81041,0.82219,0.06067
2030-03-25 18:00:00,6123.71293,0.06245,0.81041,0.83181,0.03366
2030-03-25 19:00:00,5936.10929,0.09512,0.81041,0.79405,0.0
2030-03-25 20:00:00,5701.60474,0.12084,0.81041,0.75443,0.0
2030-03-25 21:00:00,5467.1002,0.09388,0.64833,0.74121,0.0
2030-03-25 22:00:00,5232.59565,0.0896,0.64833,0.71661,0.0
2030-03-25 23:00:00,4998.0911,0.08367,0.64833,0.69285,0.0
2030-03-26 00:00:00,4872.1311,0.05785,0.64078,0.69143,0.0
2030-03-26 01:00:00,4728.85988,0.08089,0.64078,0.66355,0.0
2030-03-26 02:00:00,4633.34574,0.11588,0.64078,0.63513,0.0
2030-03-26 03:00:00,4585.58867,0.1343,0.64078,0.62046,0.0
2030-03-26 04:00:00,4585.58867,0.09907,0.64078,0.6381,0.0
2030-03-26 05:00:00,4681.10281,0.08634,0.64078,0.65537,0.0
2030-03-26 06:00:00,4967.64524,0.12217,0.64078,0.67009,0.0
2030-03-26 07:00:00,5397.45887,0.088,0.64078,0.73621,0.0384
2030-03-26 08:00:00,5731.75837,0.06935,0.64078,0.78367,0.11276
2030-03-26 09:00:00,5827.27251,0.14803,0.64078,0.75514,0.14986
2030-03-26 10:00:00,5827.27251,0.09389,0.64078,0.78226,0.21898
2030-03-26 11:00:00,5779.51544,0.12914,0.64078,0.75916,0.19563
2030-03-26 12:00:00,5731.75837,0.17263,0.64078,0.73192,0.25874
2030-03-26 13:00:00,5684.0013,0.21543,0.64078,0.70503,0.29911
2030-03-26 14:00:00,5636.24423,0.25509,0.64078,0.67972,0.234
2030-03-26 15:00:00,5684.0013,0.28049,0.64078,0.67244,0.16594
2030-03-26 16:00:00,5922.78665,0.39934,0.64078,0.64011,0.12375
2030-03-26 17:00:00,6209.32908,0.47377,0.80098,0.63549,0.09342
2030-03-26 18:00:00,6209.32908,0.42654,0.80098,0.65915,0.04479
2030-03-26 19:00:00,6018.30079,0.38726,0.80098,0.65705,0.0
2030-03-26 20:00:00,5779.51544,0.43578,0.80098,0.60552,0.0
2030-03-26 21:00:00,5540.73009,0.49122,0.64078,0.55052,0.0
2030-03-26 22:00:00,5301.94473,0.50348,0.64078,0.51715,0.0
2030-03-26 23:00:00,5063.15938,0.5176,0.64078,0.48286,0.0
2030-03-27 00:00:00,4853.27953,0.52733,0.63318,0.45405,0.0
2030-03-27 01:00:00,4710.7938,0.58677,0.63318,0.40803,0.0
2030-03-27 02:00:00,4615.80331,0.68043,0.63318,0.35027,0.0
2030-03-27 03:00:00,4568.30807,0.74934,0.63318,0.31033,0.0
2030-03-27 04:00:00,4568.30807,0.71856,0.63318,0.32575,0.0
2030-03-27 05:00:00,4663.29856,0.66606,0.63318,0.36288,0.0
2030-03-27 06:00:00,4948.27002,0.58141,0.63318,0.43779,0.0
2030-03-27 07:00:00,5375.72721,0.48662,0.63318,0.53401,0.03342
2030-03-27 08:00:00,5708.19392,0.51429,0.63318,0.55805,0.07339
2030-03-27 09:00:00,5803.1844,0.55591,0.63318,0.54803,0.11904
2030-03-27 10:00:00,5803.1844,0.41991,0.63318,0.61617,0.10985
2030-03-27 11:00:00,5755.68916,0.42091,0.63318,0.61025,0.20017
2030-03-27 12:00:00,5708.19392,0.33853,0.63318,0.64611,0.2474
2030-03-27 13:00:00,5660.69867,0.32946,0.63318,0.64524,0.31534
2030-03-27 14:00:00,5613.20343,0.41914,0.63318,0.5949,0.18499
2030-03-27 15:00:00,5660.69867,0.43349,0.63318,0.59312,0.13674
2030-03-27 16:00:00,5898.17489,0.39065,0.63318,0.64166,0.13498
2030-03-27 17:00:00,6183.14635,0.7028,0.79148,0.51775,0.11274
2030-03-27 18:00:00,6183.14635,0.70069,0.79148,0.51881,0.05498
2030-03-27 19:00:00,5993.16538,0.67186,0.79148,0.5116,0.0
2030-03-27 20:00:00,5755.68916,0.659,0.79148,0.49096,0.0
2030-03-27 21:00:00,5518.21294,0.6991,0.63318,0.4438,0.0
2030-03-27 22:00:00,5280.73672,0.56874,0.63318,0.48204,0.0
2030-03-27 23:00:00,5043.26051,0.58771,0.63318,0.44546,0.0
2030-03-28 00:00:00,4763.58896,0.60829,0.62553,0.40326,0.0
2030-03-28 01:00:00,4624.84034,0.54941,0.62553,0.41695,0.0
2030-03-28 02:00:00,4532.34126,0.44566,0.62553,0.45838,0.0
2030-03-28 03:00:00,4486.09171,0.49869,0.62553,0.42654,0.0
2030-03-28 04:00:00,4486.09171,0.47529,0.62553,0.43826,0.0
2030-03-28 05:00:00,4578.5908,0.43571,0.62553,0.46864,0.0
2030-03-28 06:00:00,4856.08804,0.42482,0.62553,0.50573,0.0
2030-03-28 07:00:00,5272.33391,0.41294,0.62553,0.55914,0.03055
2030-03-28 08:00:00,5596.0807,0.54145,0.62553,0.53166,0.09409
2030-03-28 09:00:00,5688.57979,0.49125,0.62553,0.56736,0.1564
2030-03-28 10:00:00,5688.57979,0.46899,0.62553,0.57851,0.21081
2030-03-28 11:00:00,5642.33024,0.52133,0.62553,0.54702,0.18331
2030-03-28 12:00:00,5596.0807,0.56113,0.62553,0.5218,0.09111
2030-03-28 13:00:00,5549.83116,0.57723,0.62553,0.50846,0.11766
2030-03-28 14:00:00,5503.58162,0.55158,0.62553,0.51604,0.12073
2030-03-28 15:00:00,5549.83116,0.53147,0.62553,0.53139,0.13334
2030-03-28 16:00:00,5781.07887,0.52319,0.62553,0.5619,0.10871
2030-03-28 17:00:00,6058.57611,0.5414,0.78192,0.58442,0.06891
2030-03-28 18:00:00,6058.57611,0.51656,0.78192,0.59686,0.02919
2030-03-28 19:00:00,5873.57795,0.56999,0.78192,0.549,0.0
2030-03-28 20:00:00,5642.33024,0.50976,0.78192,0.55281,0.0
2030-03-28 21:00:00,5411.08254,0.48318,0.62553,0.53977,0.0
2030-03-28 22:00:00,5179.83483,0.41663,0.62553,0.54675,0.0
2030-03-28 23:00:00,4948.58713,0.42093,0.62553,0.51823,0.0
2030-03-29 00:00:00,4692.25904,0.45136,0.61784,0.47376,0.0
2030-03-29 01:00:00,4556.4825,0.37724,0.61784,0.49542,0.0
2030-03-29 02:00:00,4465.9648,0.45614,0.61784,0.44556,0.0
2030-03-29 03:00:00,4420.70595,0.54966,0.61784,0.39355,0.0
2030-03-29 04:00:00,4420.70595,0.60362,0.61784,0.36651,0.0
2030-03-29 05:00:00,4511.22365,0.59029,0.61784,0.38351,0.0
2030-03-29 06:00:00,4782.77674,0.61225,0.61784,0.40347,0.0
2030-03-29 07:00:00,5190.10637,0.55749,0.61784,0.47734,0.05435
2030-03-29 08:00:00,5506.9183,0.48346,0.61784,0.55055,0.15287
2030-03-29 09:00:00,5597.436,0.53359,0.61784,0.53575,0.22012
2030-03-29 10:00:00,5597.436,0.48606,0.61784,0.55957,0.30766
2030-03-29 11:00:00,5552.17715,0.41328,0.61784,0.59087,0.30148
2030-03-29 12:00:00,5506.9183,0.49703,0.61784,0.54375,0.36089
2030-03-29 13:00:00,5461.65945,0.55752,0.61784,0.50829,0.38283
2030-03-29 14:00:00,5416.40061,0.5664,0.61784,0.49868,0.25442
2030-03-29 15:00:00,5461.65945,0.53364,0.61784,0.52025,0.32167
2030-03-29 16:00:00,5687.95369,0.5072,0.61784,0.5593,0.27415
2030-03-29 17:00:00,5959.50678,0.51087,0.7723,0.58842,0.17011
2030-03-29 18:00:00,5959.50678,0.5606,0.7723,0.5635,0.05033
2030-03-29 19:00:00,5778.47139,0.53866,0.7723,0.55386,0.0
2030-03-29 20:00:00,5552.17715,0.49463,0.7723,0.55012,0.0
2030-03-29 21:00:00,5325.88291,0.29759,0.61784,0.62304,0.0
2030-03-29 22:00:00,5099.58867,0.18592,0.61784,0.65319,0.0
2030-03-29 23:00:00,4873.29443,0.20263,0.61784,0.61902,0.0
2030-03-30 00:00:00,4431.61705,0.21156,0.6101,0.56419,0.0
2030-03-30 01:00:00,4306.70059,0.21522,0.6101,0.54812,0.0
2030-03-30 02:00:00,4223.42295,0.21627,0.6101,0.5381,0.0
2030-03-30 03:00:00,4181.78413,0.15772,0.6101,0.56268,0.0
2030-03-30 04:00:00,4181.78413,0.12924,0.6101,0.57695,0.0
2030-03-30 05:00:00,4265.06177,0.17549,0.6101,0.56328,0.0
2030-03-30 06:00:00,4514.89469,0.27736,0.6101,0.54072,0.0
2030-03-30 07:00:00,4889.64407,0.34694,0.6101,0.54858,0.01652
2030-03-30 08:00:00,5181.11581,0.25254,0.6101,0.6291,0.03068
2030-03-30 09:00:00,5264.39345,0.25653,0.6101,0.6366,0.056
2030-03-30 10:00:00,5264.39345,0.31369,0.6101,0.60796,0.06472
2030-03-30 11:00:00,5222.75463,0.37738,0.6101,0.5713,0.07407
2030-03-30 12:00:00,5181.11581,0.31711,0.6101,0.59676,0.09053
2030-03-30 13:00:00,5139.47699,0.38638,0.6101,0.5573,0.10026
2030-03-30 14:00:00,5097.83817,0.33361,0.6101,0.57899,0.08326
2030-03-30 15:00:00,5139.47699,0.34233,0.6101,0.57937,0.11571
2030-03-30 16:00:00,5347.67109,0.25342,0.6101,0.64765,0.07001
2030-03-30 17:00:00,5597.50401,0.29559,0.76263,0.65501,0.05095
2030-03-30 18:00:00,5597.50401,0.18199,0.76263,0.71193,0.02383
2030-03-30 19:00:00,5430.94873,0.14855,0.76263,0.70969,0.0001
2030-03-30 20:00:00,5222.75463,0.1482,0.76263,0.68613,0.0
2030-03-30 21:00:00,5014.56053,0.09721,0.6101,0.68794,0.0
2030-03-30 22:00:00,4806.36643,0.0746,0.6101,0.67554,0.0
2030-03-30 23:00:00,4598.17233,0.10641,0.6101,0.63586,0.0
2030-03-31 00:00:00,4502.77231,0.10026,0.60233,0.62807,0.0
2030-03-31 01:00:00,4374.89105,0.1831,0.60233,0.57198,0.0
2030-03-31 02:00:00,4289.63687,0.19073,0.60233,0.55844,0.0
2030-03-31 03:00:00,4247.00979,0.18888,0.60233,0.55451,0.0
2030-03-31 04:00:00,4247.00979,0.24696,0.60233,0.52541,0.0
2030-03-31 05:00:00,4332.26396,0.32867,0.60233,0.49419,0.0
2030-03-31 06:00:00,4588.02649,0.53221,0.60233,0.42137,0.0
2030-03-31 07:00:00,4971.67028,0.65834,0.60233,0.40191,0.02654
2030-03-31 08:00:00,5270.05989,0.4965,0.60233,0.51701,0.07851
2030-03-31 09:00:00,5355.31407,0.46981,0.60233,0.54011,0.11085
2030-03-31 10:00:00,5355.31407,0.47108,0.60233,0.53947,0.15268
2030-03-31 11:00:00,5312.68698,0.40566,0.60233,0.56739,0.19609
2030-03-31 12:00:00,5270.05989,0.44139,0.60233,0.54463,0.16687
2030-03-31 13:00:00,5227.4328,0.46298,0.60233,0.52895,0.12883
2030-03-31 14:00:00,5184.80572,0.50614,0.60233,0.50246,0.10405
2030-03-31 15:00:00,5227.4328,0.5141,0.60233,0.50334,0.11876
2030-03-31 16:00:00,5440.56824,0.42416,0.60233,0.5727,0.09188
2030-03-31 17:00:00,5696.33077,0.39848,0.75291,0.61472,0.07803
2030-03-31 18:00:00,5696.33077,0.34414,0.75291,0.64195,0.04628
2030-03-31 19:00:00,5525.82242,0.45617,0.75291,0.56638,0.00019
2030-03-31 20:00:00,5312.68698,0.31495,0.75291,0.61284,0.0
2030-03-31 21:00:00,5099.55154,0.41477,0.60233,0.53853,0.0
2030-03-31 22:00:00,4886.4161,0.43012,0.60233,0.50653,0.0
2030-03-31 23:00:00,4673.28066,0.51016,0.60233,0.44213,0.0
2030-04-01 00:00:00,4808.10474,0.50869,0.59451,0.45824,0.0
2030-04-01 01:00:00,4667.50129,0.5387,0.59451,0.42718,0.0
2030-04-01 02:00:00,4573.76566,0.72272,0.59451,0.32429,0.0
2030-04-01 03:00:00,4526.89785,0.67762,0.59451,0.34154,0.0
2030-04-01 04:00:00,4526.89785,0.64836,0.59451,0.3562,0.0
2030-04-01 05:00:00,4620.63348,0.63435,0.59451,0.37391,0.0
2030-04-01 06:00:00,4901.84037,0.67626,0.59451,0.38497,0.0
2030-04-01 07:00:00,5323.65072,0.63139,0.59451,0.45554,0.03795
2030-04-01 08:00:00,5651.72543,0.57616,0.59451,0.52062,0.08912
2030-04-01 09:00:00,5745.46106,0.68937,0.59451,0.47458,0.1686
2030-04-01 10:00:00,5745.46106,0.75836,0.59451,0.44001,0.19016
2030-04-01 11:00:00,5698.59324,0.79407,0.59451,0.41678,0.21279
2030-04-01 12:00:00,5651.72543,0.78596,0.59451,0.4155,0.21108
2030-04-01 13:00:00,5604.85761,0.81484,0.59451,0.39569,0.2403
2030-04-01 14:00:00,5557.9898,0.78795,0.59451,0.40382,0.18609
2030-04-01 15:00:00,5604.85761,0.68759,0.59451,0.45944,0.15771
2030-04-01 16:00:00,5839.19669,0.7167,0.59451,0.47157,0.16974
2030-04-01 17:00:00,6120.40359,0.70677,0.74314,0.50861,0.10306
2030-04-01 18:00:00,6120.40359,0.62257,0.74314,0.55079,0.05429
2030-04-01 19:00:00,5932.93232,0.56047,0.74314,0.56054,0.00021
2030-04-01 20:00:00,5698.59324,0.61395,0.74314,0.50702,0.0
2030-04-01 21:00:00,5464.25416,0.68419,0.59451,0.44512,0.0
2030-04-01 22:00:00,5229.91508,0.66376,0.59451,0.42863,0.0
2030-04-01 23:00:00,4995.576,0.74982,0.59451,0.3588,0.0
2030-04-02 00:00:00,4770.53505,0.76032,0.58666,0.32789,0.0
2030-04-02 01:00:00,4631.49701,0.77545,0.58666,0.30445,0.0
2030-04-02 02:00:00,4538.80498,0.82795,0.58666,0.26758,0.0
2030-04-02 03:00:00,4492.45896,0.83459,0.58666,0.25897,0.0
2030-04-02 04:00:00,4492.45896,0.68211,0.58666,0.33537,0.0
2030-04-02 05:00:00,4585.15099,0.77508,0.58666,0.29935,0.0
2030-04-02 06:00:00,4863.22708,0.80364,0.58666,0.31675,0.0
2030-04-02 07:00:00,5280.34121,0.79387,0.58666,0.3692,0.0778
2030-04-02 08:00:00,5604.76332,0.73702,0.58666,0.43467,0.18585
2030-04-02 09:00:00,5697.45535,0.69406,0.58666,0.46676,0.23233
2030-04-02 10:00:00,5697.45535,0.5614,0.58666,0.53322,0.26144
2030-04-02 11:00:00,5651.10933,0.55896,0.58666,0.52916,0.23525
2030-04-02 12:00:00,5604.76332,0.53229,0.58666,0.53724,0.29501
2030-04-02 13:00:00,5558.4173,0.31709,0.58666,0.63978,0.49425
2030-04-02 14:00:00,5512.07129,0.3447,0.58666,0.62066,0.47641
2030-04-02 15:00:00,5558.4173,0.23523,0.58666,0.68079,0.41088
2030-04-02 16:00:00,5790.14737,0.21942,0.58666,0.71513,0.30344
2030-04-02 17:00:00,6068.22346,0.27024,0.73332,0.72137,0.19804
2030-04-02 18:00:00,6068.22346,0.34714,0.73332,0.68285,0.06035
2030-04-02 19:00:00,5882.8394,0.42365,0.73332,0.62338,0.00048
2030-04-02 20:00:00,5651.10933,0.36887,0.73332,0.6244,0.0
2030-04-02 21:00:00,5419.37926,0.35791,0.58666,0.60348,0.0
2030-04-02 22:00:00,5187.64918,0.52696,0.58666,0.49236,0.0
2030-04-02 23:00:00,4955.91911,0.24501,0.58666,0.6072,0.0
2030-04-03 00:00:00,4689.23039,0.1351,0.57877,0.63187,0.0
2030-04-03 01:00:00,4553.58004,0.13188,0.57877,0.61802,0.0
2030-04-03 02:00:00,4463.14647,0.21653,0.57877,0.56529,0.0
2030-04-03 03:00:00,4417.92969,0.24822,0.57877,0.54426,0.0
2030-04-03 04:00:00,4417.92969,0.18879,0.57877,0.57404,0.0
2030-04-03 05:00:00,4508.36326,0.28822,0.57877,0.53453,0.0
2030-04-03 06:00:00,4779.66396,0.45062,0.57877,0.48409,0.0
2030-04-03 07:00:00,5186.61501,0.61169,0.57877,0.44979,0.03814
2030-04-03 08:00:00,5503.13249,0.57707,0.57877,0.50322,0.09251
2030-04-03 09:00:00,5593.56605,0.54604,0.57877,0.52908,0.17902
2030-04-03 10:00:00,5593.56605,0.50493,0.57877,0.54968,0.17378
2030-04-03 11:00:00,5548.34927,0.37944,0.57877,0.60739,0.3521
2030-04-03 12:00:00,5503.13249,0.53261,0.57877,0.5255,0.28343
2030-04-03 13:00:00,5457.9157,0.52975,0.57877,0.52177,0.27169
2030-04-03 14:00:00,5412.69892,0.49907,0.57877,0.53199,0.18074
2030-04-03 15:00:00,5457.9157,0.50987,0.57877,0.53174,0.20472
2030-04-03 16:00:00,5683.99962,0.49467,0.57877,0.56512,0.18255
2030-04-03 17:00:00,5955.30032,0.45219,0.72347,0.61734,0.07788
2030-04-03 18:00:00,5955.30032,0.38716,0.72347,0.64992,0.05112
2030-04-03 19:00:00,5774.43319,0.47686,0.72347,0.58436,0.00057
2030-04-03 20:00:00,5548.34927,0.42741,0.72347,0.58336,0.0
2030-04-03 21:00:00,5322.26535,0.36285,0.57877,0.58993,0.0
2030-04-03 22:00:00,5096.18144,0.31402,0.57877,0.58862,0.0
2030-04-03 23:00:00,4870.09752,0.31823,0.57877,0.56074,0.0
2030-04-04 00:00:00,4569.95496,0.32067,0.57086,0.52529,0.0
2030-04-04 01:00:00,4439.27442,0.41632,0.57086,0.46247,0.0
2030-04-04 02:00:00,4352.15406,0.24404,0.57086,0.53886,0.0
2030-04-04 03:00:00,4308.59388,0.26566,0.57086,0.52306,0.0
2030-04-04 04:00:00,4308.59388,0.20975,0.57086,0.55107,0.0
2030-04-04 05:00:00,4395.71424,0.16507,0.57086,0.58339,0.0
2030-04-04 06:00:00,4657.07532,0.24802,0.57086,0.57163,0.00023
2030-04-04 07:00:00,5049.11695,0.22034,0.57086,0.63019,0.04101
2030-04-04 08:00:00,5354.03821,0.24176,0.57086,0.65422,0.07571
2030-04-04 09:00:00,5441.15857,0.2656,0.57086,0.65221,0.09295
2030-04-04 10:00:00,5441.15857,0.32657,0.57086,0.62166,0.12062
2030-04-04 11:00:00,5397.59839,0.35176,0.57086,0.60407,0.14654
2030-04-04 12:00:00,5354.03821,0.45962,0.57086,0.54507,0.15853
2030-04-04 13:00:00,5310.47803,0.52767,0.57086,0.50601,0.20633
2030-04-04 14:00:00,5266.91785,0.35698,0.57086,0.58656,0.14221
2030-04-04 15:00:00,5310.47803,0.31002,0.57086,0.61505,0.11353
2030-04-04 16:00:00,5528.27893,0.29122,0.57086,0.6493,0.10701
2030-04-04 17:00:00,5789.64001,0.26438,0.71357,0.69255,0.08889
2030-04-04 18:00:00,5789.64001,0.27914,0.71357,0.68516,0.04804
2030-04-04 19:00:00,5615.39929,0.28587,0.71357,0.66192,0.00125
2030-04-04 20:00:00,5397.59839,0.29173,0.71357,0.63415,0.0
2030-04-04 21:00:00,5179.79749,0.35142,0.57086,0.57942,0.0
2030-04-04 22:00:00,4961.99659,0.38727,0.57086,0.53662,0.0
2030-04-04 23:00:00,4744.19568,0.35306,0.57086,0.52893,0.0
2030-04-05 00:00:00,4567.81106,0.42326,0.56291,0.47365,0.0
2030-04-05 01:00:00,4437.21985,0.37731,0.56291,0.48178,0.0
2030-04-05 02:00:00,4350.15904,0.38537,0.56291,0.46782,0.0
2030-04-05 03:00:00,4306.62863,0.31152,0.56291,0.49986,0.0
2030-04-05 04:00:00,4306.62863,0.32424,0.56291,0.49349,0.0
2030-04-05 05:00:00,4393.68944,0.49214,0.56291,0.41929,0.0
2030-04-05 06:00:00,4654.87186,0.49938,0.56291,0.44544,0.00139
2030-04-05 07:00:00,5046.6455,0.34952,0.56291,0.56519,0.06596
2030-04-05 08:00:00,5351.35832,0.32261,0.56291,0.61341,0.14548
2030-04-05 09:00:00,5438.41913,0.41896,0.56291,0.57506,0.2348
2030-04-05 10:00:00,5438.41913,0.40438,0.56291,0.58236,0.31349
2030-04-05 11:00:00,5394.88872,0.25546,0.56291,0.65201,0.34247
2030-04-05 12:00:00,5351.35832,0.23172,0.56291,0.65894,0.49777
2030-04-05 13:00:00,5307.82792,0.23755,0.56291,0.65106,0.43735
2030-04-05 14:00:00,5264.29751,0.23109,0.56291,0.64933,0.48695
2030-04-05 15:00:00,5307.82792,0.23379,0.56291,0.65295,0.34747
2030-04-05 16:00:00,5525.47994,0.25399,0.56291,0.66764,0.28381
2030-04-05 17:00:00,5786.66236,0.20518,0.70364,0.72187,0.1331
2030-04-05 18:00:00,5786.66236,0.17621,0.70364,0.73638,0.06175
2030-04-05 19:00:00,5612.54074,0.21113,0.70364,0.69904,0.00219
2030-04-05 20:00:00,5394.88872,0.16218,0.70364,0.69875,0.0
2030-04-05 21:00:00,5177.23671,0.2519,0.56291,0.62899,0.0
2030-04-05 22:00:00,4959.58469,0.27858,0.56291,0.59081,0.0
2030-04-05 23:00:00,4741.93267,0.18899,0.56291,0.61088,0.0
2030-04-06 00:00:00,4183.51021,0.16619,0.55493,0.55863,0.0
2030-04-06 01:00:00,4068.93153,0.13382,0.55493,0.56179,0.0
2030-04-06 02:00:00,3992.54575,0.09479,0.55493,0.57264,0.0
2030-04-06 03:00:00,3954.35286,0.12469,0.55493,0.5533,0.0
2030-04-06 04:00:00,3954.35286,0.13586,0.55493,0.54771,0.0
2030-04-06 05:00:00,4030.73864,0.17009,0.55493,0.53926,0.0
2030-04-06 06:00:00,4259.89599,0.2035,0.55493,0.54865,0.00254
2030-04-06 07:00:00,4603.63202,0.26808,0.55493,0.55548,0.05534
2030-04-06 08:00:00,4870.98226,0.27532,0.55493,0.58234,0.09216
2030-04-06 09:00:00,4947.36804,0.27117,0.55493,0.59312,0.12275
2030-04-06 10:00:00,4947.36804,0.19859,0.55493,0.62949,0.18321
2030-04-06 11:00:00,4909.17515,0.19567,0.55493,0.6266,0.16307
2030-04-06 12:00:00,4870.98226,0.29215,0.55493,0.5739,0.15321
2030-04-06 13:00:00,4832.78937,0.39892,0.55493,0.51605,0.11912
2030-04-06 14:00:00,4794.59647,0.45481,0.55493,0.4837,0.12413
2030-04-06 15:00:00,4832.78937,0.38649,0.55493,0.52228,0.1205
2030-04-06 16:00:00,5023.75383,0.32963,0.55493,0.57254,0.11618
2030-04-06 17:00:00,5252.91118,0.3097,0.69367,0.60865,0.11263
2030-04-06 18:00:00,5252.91118,0.40136,0.69367,0.56273,0.04046
2030-04-06 19:00:00,5100.13961,0.42983,0.69367,0.53104,0.00375
2030-04-06 20:00:00,4909.17515,0.42552,0.69367,0.51144,0.0
2030-04-06 21:00:00,4718.21069,0.44963,0.55493,0.47758,0.0
2030-04-06 22:00:00,4527.24623,0.65714,0.55493,0.35184,0.0
2030-04-06 23:00:00,4336.28177,0.68098,0.55493,0.31813,0.0
2030-04-07 00:00:00,4210.76344,0.64851,0.54694,0.32009,0.0
2030-04-07 01:00:00,4095.04921,0.49674,0.54694,0.38294,0.0
2030-04-07 02:00:00,4017.90639,0.55701,0.54694,0.34394,0.0
2030-04-07 03:00:00,3979.33498,0.64775,0.54694,0.29408,0.0
2030-04-07 04:00:00,3979.33498,0.69943,0.54694,0.26819,0.0
2030-04-07 05:00:00,4056.4778,0.8193,0.54694,0.21693,0.0
2030-04-07 06:00:00,4287.90626,0.85473,0.54694,0.22556,0.00327
2030-04-07 07:00:00,4635.04894,0.81459,0.54694,0.28525,0.06505
2030-04-07 08:00:00,4905.0488,0.82878,0.54694,0.30892,0.16785
2030-04-07 09:00:00,4982.19162,0.7798,0.54694,0.34225,0.21984
2030-04-07 10:00:00,4982.19162,0.76402,0.54694,0.35016,0.34114
2030-04-07 11:00:00,4943.62021,0.72041,0.54694,0.36761,0.47561
2030-04-07 12:00:00,4905.0488,0.71217,0.54694,0.36734,0.46705
2030-04-07 13:00:00,4866.47739,0.69482,0.54694,0.37164,0.34403
2030-04-07 14:00:00,4827.90598,0.68723,0.54694,0.37105,0.29179
2030-04-07 15:00:00,4866.47739,0.73093,0.54694,0.35355,0.2661
2030-04-07 16:00:00,5059.33443,0.67152,0.54694,0.4053,0.1754
2030-04-07 17:00:00,5290.76289,0.70076,0.68367,0.41703,0.1414
2030-04-07 18:00:00,5290.76289,0.63102,0.68367,0.45198,0.09289
2030-04-07 19:00:00,5136.47725,0.71247,0.68367,0.39358,0.00504
2030-04-07 20:00:00,4943.62021,0.79922,0.68367,0.32813,0.0
2030-04-07 21:00:00,4750.76316,0.77342,0.54694,0.31906,0.0
2030-04-07 22:00:00,4557.90612,0.74105,0.54694,0.3133,0.0
2030-04-07 23:00:00,4365.04907,0.70715,0.54694,0.30829,0.0
2030-04-08 00:00:00,4755.22176,0.62258,0.53891,0.39515,0.0
2030-04-08 01:00:00,4616.82177,0.45762,0.53891,0.46202,0.0
2030-04-08 02:00:00,4524.55511,0.64793,0.53891,0.35615,0.0
2030-04-08 03:00:00,4478.42178,0.64409,0.53891,0.35281,0.0
2030-04-08 04:00:00,4478.42178,0.55869,0.53891,0.3956,0.0
2030-04-08 05:00:00,4570.68844,0.61203,0.53891,0.3794,0.0
2030-04-08 06:00:00,4847.48842,0.77767,0.53891,0.32797,0.00535
2030-04-08 07:00:00,5262.6884,0.69378,0.53891,0.41733,0.0867
2030-04-08 08:00:00,5585.62171,0.69107,0.53891,0.45551,0.19684
2030-04-08 09:00:00,5677.88837,0.76605,0.53891,0.42846,0.24686
2030-04-08 10:00:00,5677.88837,0.77567,0.53891,0.42364,0.27677
2030-04-08 11:00:00,5631.75504,0.78703,0.53891,0.41269,0.2885
2030-04-08 12:00:00,5585.62171,0.71536,0.53891,0.44333,0.3474
2030-04-08 13:00:00,5539.48838,0.58597,0.53891,0.5029,0.33332
2030-04-08 14:00:00,5493.35505,0.49869,0.53891,0.54138,0.34308
2030-04-08 15:00:00,5539.48838,0.47854,0.53891,0.55673,0.20957
2030-04-08 16:00:00,5770.15503,0.45492,0.53891,0.59487,0.12823
2030-04-08 17:00:00,6046.95501,0.45223,0.67364,0.62777,0.09029
2030-04-08 18:00:00,6046.95501,0.41847,0.67364,0.64468,0.06312
2030-04-08 19:00:00,5862.42169,0.45524,0.67364,0.60522,0.00632
2030-04-08 20:00:00,5631.75504,0.35493,0.67364,0.62918,0.0
2030-04-08 21:00:00,5401.08839,0.29933,0.53891,0.63074,0.0
2030-04-08 22:00:00,5170.42173,0.23246,0.53891,0.63795,0.0
2030-04-08 23:00:00,4939.75508,0.40173,0.53891,0.52684,0.0
2030-04-09 00:00:00,4681.15,0.52628,0.53087,0.43495,0.0
2030-04-09 01:00:00,4545.83633,0.48257,0.53087,0.44143,0.0
2030-04-09 02:00:00,4455.62722,0.42098,0.53087,0.462,0.0
2030-04-09 03:00:00,4410.52267,0.38446,0.53087,0.47516,0.0
2030-04-09 04:00:00,4410.52267,0.33288,0.53087,0.501,0.0
2030-04-09 05:00:00,4500.73178,0.33225,0.53087,0.5116,0.0
2030-04-09 06:00:00,4771.35911,0.53932,0.53087,0.43871,0.00846
2030-04-09 07:00:00,5177.30011,0.47675,0.53087,0.51634,0.08066
2030-04-09 08:00:00,5493.032,0.60857,0.53087,0.48629,0.11128
2030-04-09 09:00:00,5583.24111,0.53577,0.53087,0.53304,0.2449
2030-04-09 10:00:00,5583.24111,0.54823,0.53087,0.5268,0.34372
2030-04-09 11:00:00,5538.13656,0.58665,0.53087,0.50241,0.44823
2030-04-09 12:00:00,5493.032,0.49322,0.53087,0.54408,0.38255
2030-04-09 13:00:00,5447.92744,0.55809,0.53087,0.50643,0.23254
2030-04-09 14:00:00,5402.82289,0.70248,0.53087,0.42895,0.23738
2030-04-09 15:00:00,5447.92744,0.58839,0.53087,0.49125,0.20248
2030-04-09 16:00:00,5673.45022,0.59474,0.53087,0.51379,0.21044
2030-04-09 17:00:00,5944.07756,0.54901,0.66359,0.56755,0.12941
2030-04-09 18:00:00,5944.07756,0.56664,0.66359,0.55871,0.0581
2030-04-09 19:00:00,5763.65933,0.4884,0.66359,0.57735,0.00617
2030-04-09 20:00:00,5538.13656,0.40313,0.66359,0.59436,0.0
2030-04-09 21:00:00,5312.61378,0.40446,0.53087,0.56798,0.0
2030-04-09 22:00:00,5087.091,0.32878,0.53087,0.58019,0.0
2030-04-09 23:00:00,4861.56822,0.42255,0.53087,0.5075,0.0
2030-04-10 00:00:00,4721.23467,0.31248,0.52281,0.54664,0.0
2030-04-10 01:00:00,4584.25081,0.31088,0.52281,0.53183,0.0
2030-04-10 02:00:00,4492.92823,0.30978,0.52281,0.52197,0.0
2030-04-10 03:00:00,4447.26695,0.19253,0.52281,0.57551,0.0
2030-04-10 04:00:00,4447.26695,0.16523,0.52281,0.58919,0.0
2030-04-10 05:00:00,4538.58952,0.1197,0.52281,0.62241,0.0
2030-04-10 06:00:00,4812.55724,0.26898,0.52281,0.57885,0.0089
2030-04-10 07:00:00,5223.50883,0.26714,0.52281,0.62663,0.06434
2030-04-10 08:00:00,5543.13784,0.29908,0.52281,0.64706,0.17299
2030-04-10 09:00:00,5634.46041,0.39922,0.52281,0.6073,0.18106
2030-04-10 10:00:00,5634.46041,0.42792,0.52281,0.59292,0.28049
2030-04-10 11:00:00,5588.79912,0.39714,0.52281,0.60314,0.27549
2030-04-10 12:00:00,5543.13784,0.49276,0.52281,0.55002,0.38192
2030-04-10 13:00:00,5497.47655,0.49468,0.52281,0.54386,0.2652
2030-04-10 14:00:00,5451.81526,0.42449,0.52281,0.57382,0.17253
2030-04-10 15:00:00,5497.47655,0.41072,0.52281,0.58592,0.1681
2030-04-10 16:00:00,5725.78298,0.39251,0.52281,0.62107,0.12529
2030-04-10 17:00:00,5999.75071,0.47758,0.65352,0.60968,0.07866
2030-04-10 18:00:00,5999.75071,0.31654,0.65352,0.69037,0.04509
2030-04-10 19:00:00,5817.10556,0.24652,0.65352,0.70463,0.00898
2030-04-10 20:00:00,5588.79912,0.18649,0.65352,0.70868,0.0
2030-04-10 21:00:00,5360.49269,0.2755,0.52281,0.63805,0.0
2030-04-10 22:00:00,5132.18625,0.36406,0.52281,0.56765,0.0
2030-04-10 23:00:00,4903.87982,0.25,0.52281,0.59877,0.0
2030-04-11 00:00:00,4745.14843,0.28812,0.51474,0.56158,0.0
2030-04-11 01:00:00,4607.16816,0.35821,0.51474,0.51073,0.0
2030-04-11 02:00:00,4515.18131,0.4833,0.51474,0.43757,0.0
2030-04-11 03:00:00,4469.18789,0.47492,0.51474,0.43652,0.0
2030-04-11 04:00:00,4469.18789,0.53452,0.51474,0.40666,0.0
2030-04-11 05:00:00,4561.17474,0.64828,0.51474,0.36015,0.0
2030-04-11 06:00:00,4837.13527,0.65548,0.51474,0.38801,0.01165
2030-04-11 07:00:00,5251.07608,0.5882,0.51474,0.46891,0.0531
2030-04-11 08:00:00,5573.03003,0.53279,0.51474,0.53337,0.09452
2030-04-11 09:00:00,5665.01688,0.62533,0.51474,0.4975,0.12825
2030-04-11 10:00:00,5665.01688,0.44797,0.51474,0.58636,0.20627
2030-04-11 11:00:00,5619.02346,0.40326,0.51474,0.60351,0.2267
2030-04-11 12:00:00,5573.03003,0.52831,0.51474,0.53562,0.27384
2030-04-11 13:00:00,5527.03661,0.6407,0.51474,0.47406,0.29202
2030-04-11 14:00:00,5481.04319,0.64507,0.51474,0.46663,0.31236
2030-04-11 15:00:00,5527.03661,0.61529,0.51474,0.4868,0.28344
2030-04-11 16:00:00,5757.00373,0.74757,0.51474,0.44674,0.15065
2030-04-11 17:00:00,6032.96426,0.64798,0.64343,0.5281,0.10184
2030-04-11 18:00:00,6032.96426,0.68664,0.64343,0.50873,0.08183
2030-04-11 19:00:00,5848.99057,0.67364,0.64343,0.49427,0.01179
2030-04-11 20:00:00,5619.02346,0.72481,0.64343,0.44241,0.0
2030-04-11 21:00:00,5389.05634,0.72006,0.51474,0.41857,0.0
2030-04-11 22:00:00,5159.08923,0.74494,0.51474,0.37989,0.0
2030-04-11 23:00:00,4929.12212,0.72986,0.51474,0.36123,0.0
2030-04-12 00:00:00,4741.97118,0.82319,0.50665,0.29313,0.0
2030-04-12 01:00:00,4604.12329,0.80316,0.50665,0.28745,0.0
2030-04-12 02:00:00,4512.2247,0.84819,0.50665,0.25441,0.0
2030-04-12 03:00:00,4466.27541,0.7905,0.50665,0.27808,0.0
2030-04-12 04:00:00,4466.27541,0.83514,0.50665,0.25571,0.0
2030-04-12 05:00:00,4558.174,0.79613,0.50665,0.28573,0.0
2030-04-12 06:00:00,4833.86976,0.76633,0.50665,0.33209,0.01004
2030-04-12 07:00:00,5247.41341,0.82231,0.50665,0.35119,0.04738
2030-04-12 08:00:00,5569.05847,0.78027,0.50665,0.40892,0.07028
2030-04-12 09:00:00,5660.95706,0.77809,0.50665,0.4205,0.12054
2030-04-12 10:00:00,5660.95706,0.80619,0.50665,0.40641,0.19101
2030-04-12 11:00:00,5615.00776,0.84463,0.50665,0.38192,0.18817
2030-04-12 12:00:00,5569.05847,0.70999,0.50665,0.44414,0.22704
2030-04-12 13:00:00,5523.10918,0.66971,0.50665,0.45908,0.21687
2030-04-12 14:00:00,5477.15988,0.71471,0.50665,0.4313,0.23165
2030-04-12 15:00:00,5523.10918,0.62046,0.50665,0.48376,0.26623
2030-04-12 16:00:00,5752.85565,0.65189,0.50665,0.4942,0.25568
2030-04-12 17:00:00,6028.55141,0.59294,0.63332,0.55517,0.20398
2030-04-12 18:00:00,6028.55141,0.69955,0.63332,0.50176,0.0973
2030-04-12 19:00:00,5844.75423,0.67089,0.63332,0.49516,0.01212
2030-04-12 20:00:00,5615.00776,0.49509,0.63332,0.55705,0.0
2030-04-12 21:00:00,5385.26129,0.37373,0.50665,0.59166,0.0
2030-04-12 22:00:00,5155.51482,0.44951,0.50665,0.5275,0.0
2030-04-12 23:00:00,4925.76835,0.49942,0.50665,0.4763,0.0
2030-04-13 00:00:00,4318.53067,0.37343,0.49856,0.47019,0.0
2030-04-13 01:00:00,4198.32614,0.48426,0.49856,0.40096,0.0
2030-04-13 02:00:00,4118.18979,0.36225,0.49856,0.45296,0.0
2030-04-13 03:00:00,4078.12161,0.3571,0.49856,0.45097,0.0
2030-04-13 04:00:00,4078.12161,0.41672,0.49856,0.4211,0.0
2030-04-13 05:00:00,4158.25797,0.4143,0.49856,0.43144,0.0
2030-04-13 06:00:00,4398.66702,0.28407,0.49856,0.5241,0.01638
2030-04-13 07:00:00,4759.28061,0.3055,0.49856,0.55448,0.07981
2030-04-13 08:00:00,5039.75784,0.24006,0.49856,0.61924,0.12366
2030-04-13 09:00:00,5119.89419,0.26087,0.49856,0.61795,0.13864
2030-04-13 10:00:00,5119.89419,0.34978,0.49856,0.57341,0.12969
2030-04-13 11:00:00,5079.82601,0.34859,0.49856,0.56944,0.13776
2030-04-13 12:00:00,5039.75784,0.43564,0.49856,0.52125,0.27903
2030-04-13 13:00:00,4999.68966,0.30728,0.49856,0.581,0.26952
2030-04-13 14:00:00,4959.62149,0.35681,0.49856,0.55161,0.22852
2030-04-13 15:00:00,4999.68966,0.40774,0.49856,0.53066,0.25432
2030-04-13 16:00:00,5200.03054,0.37945,0.49856,0.56768,0.20235
2030-04-13 17:00:00,5440.4396,0.3817,0.6232,0.59396,0.10348
2030-04-13 18:00:00,5440.4396,0.40489,0.6232,0.58234,0.06104
2030-04-13 19:00:00,5280.16689,0.41811,0.6232,0.55744,0.00848
2030-04-13 20:00:00,5079.82601,0.47746,0.6232,0.50487,0.0
2030-04-13 21:00:00,4879.48513,0.45989,0.49856,0.49083,0.0
2030-04-13 22:00:00,4679.14425,0.57344,0.49856,0.4111,0.0
2030-04-13 23:00:00,4478.80337,0.53373,0.49856,0.40815,0.0
2030-04-14 00:00:00,4216.98457,0.57945,0.49045,0.35539,0.0
2030-04-14 01:00:00,4101.01113,0.63261,0.49045,0.31554,0.0
2030-04-14 02:00:00,4023.6955,0.6049,0.49045,0.32061,0.0
2030-04-14 03:00:00,3985.03769,0.67368,0.49045,0.28174,0.0
2030-04-14 04:00:00,3985.03769,0.59082,0.49045,0.32326,0.0
2030-04-14 05:00:00,4062.35331,0.64389,0.49045,0.30548,0.0
2030-04-14 06:00:00,4294.30019,0.61398,0.49045,0.34691,0.01529
2030-04-14 07:00:00,4642.22052,0.58099,0.49045,0.40311,0.0919
2030-04-14 08:00:00,4912.82521,0.69737,0.49045,0.37565,0.2321
2030-04-14 09:00:00,4990.14084,0.69936,0.49045,0.38346,0.34578
2030-04-14 10:00:00,4990.14084,0.67581,0.49045,0.39526,0.35916
2030-04-14 11:00:00,4951.48302,0.59742,0.49045,0.43013,0.40638
2030-04-14 12:00:00,4912.82521,0.73851,0.49045,0.35504,0.52239
2030-04-14 13:00:00,4874.1674,0.68842,0.49045,0.37572,0.6004
2030-04-14 14:00:00,4835.50958,0.63335,0.49045,0.39891,0.63331
2030-04-14 15:00:00,4874.1674,0.69943,0.49045,0.37021,0.60093
2030-04-14 16:00:00,5067.45646,0.74046,0.49045,0.37169,0.49229
2030-04-14 17:00:00,5299.40335,0.75332,0.61307,0.39169,0.32333
2030-04-14 18:00:00,5299.40335,0.69339,0.61307,0.42171,0.15252
2030-04-14 19:00:00,5144.77209,0.65597,0.61307,0.42283,0.01126
2030-04-14 20:00:00,4951.48302,0.64709,0.61307,0.40525,0.0
2030-04-14 21:00:00,4758.19396,0.59113,0.49045,0.41125,0.0
2030-04-14 22:00:00,4564.90489,0.52431,0.49045,0.42269,0.0
2030-04-14 23:00:00,4371.61582,0.53394,0.49045,0.39583,0.0
2030-04-15 00:00:00,4500.31211,0.58562,0.48234,0.38461,0.0
2030-04-15 01:00:00,4372.53336,0.45986,0.48234,0.43305,0.0
2030-04-15 02:00:00,4287.34752,0.54983,0.48234,0.37826,0.0
2030-04-15 03:00:00,4244.7546,0.53553,0.48234,0.38057,0.0
2030-04-15 04:00:00,4244.7546,0.39081,0.48234,0.45308,0.0
2030-04-15 05:00:00,4329.94044,0.40978,0.48234,0.45329,0.0
2030-04-15 06:00:00,4585.49795,0.39892,0.48234,0.48786,0.02105
2030-04-15 07:00:00,4968.83421,0.39729,0.48234,0.53238,0.10714
2030-04-15 08:00:00,5266.98464,0.38011,0.48234,0.57498,0.26026
2030-04-15 09:00:00,5352.17048,0.40754,0.48234,0.57095,0.30638
2030-04-15 10:00:00,5352.17048,0.39414,0.48234,0.57766,0.38348
2030-04-15 11:00:00,5309.57756,0.42944,0.48234,0.55512,0.47106
2030-04-15 12:00:00,5266.98464,0.48521,0.48234,0.52232,0.32279
2030-04-15 13:00:00,5224.39172,0.46848,0.48234,0.52585,0.30827
2030-04-15 14:00:00,5181.79881,0.52321,0.48234,0.49357,0.19916
2030-04-15 15:00:00,5224.39172,0.52861,0.48234,0.49572,0.22046
2030-04-15 16:00:00,5437.35632,0.49308,0.48234,0.5378,0.27817
2030-04-15 17:00:00,5692.91382,0.61001,0.60293,0.50835,0.2201
2030-04-15 18:00:00,5692.91382,0.53029,0.60293,0.54829,0.10746
2030-04-15 19:00:00,5522.54215,0.52963,0.60293,0.5292,0.01813
2030-04-15 20:00:00,5309.57756,0.58473,0.60293,0.47732,0.0
2030-04-15 21:00:00,5096.61297,0.51555,0.48234,0.4877,0.0
2030-04-15 22:00:00,4883.64838,0.39329,0.48234,0.52467,0.0
2030-04-15 23:00:00,4670.68379,0.39253,0.48234,0.50078,0.0
2030-04-16 00:00:00,4625.61886,0.38692,0.47423,0.49845,0.0
2030-04-16 01:00:00,4492.61899,0.46729,0.47423,0.44302,0.0
2030-04-16 02:00:00,4403.95241,0.488,0.47423,0.42253,0.0
2030-04-16 03:00:00,4359.61912,0.50823,0.47423,0.40734,0.0
2030-04-16 04:00:00,4359.61912,0.4996,0.47423,0.41167,0.0
2030-04-16 05:00:00,4448.2857,0.34712,0.47423,0.49817,0.0
2030-04-16 06:00:00,4714.28544,0.33943,0.47423,0.53235,0.01642
2030-04-16 07:00:00,5113.28505,0.27181,0.47423,0.61172,0.08421
2030-04-16 08:00:00,5423.61808,0.27131,0.47423,0.64735,0.11988
2030-04-16 09:00:00,5512.28466,0.28913,0.47423,0.64853,0.15492
2030-04-16 10:00:00,5512.28466,0.21258,0.47423,0.68688,0.19535
2030-04-16 11:00:00,5467.95137,0.23247,0.47423,0.67187,0.28224
2030-04-16 12:00:00,5423.61808,0.18516,0.47423,0.69051,0.48356
2030-04-16 13:00:00,5379.28479,0.1684,0.47423,0.69386,0.42685
2030-04-16 14:00:00,5334.9515,0.20602,0.47423,0.66995,0.43974
2030-04-16 15:00:00,5379.28479,0.1293,0.47423,0.71345,0.41089
2030-04-16 16:00:00,5600.95124,0.1552,0.47423,0.72574,0.31637
2030-04-16 17:00:00,5866.95098,0.23201,0.59279,0.71758,0.15216
2030-04-16 18:00:00,5866.95098,0.25591,0.59279,0.70561,0.08818
2030-04-16 19:00:00,5689.61782,0.25944,0.59279,0.68362,0.01818
2030-04-16 20:00:00,5467.95137,0.23985,0.59279,0.66817,0.0
2030-04-16 21:00:00,5246.28492,0.33722,0.47423,0.59411,0.0
2030-04-16 22:00:00,5024.61847,0.32994,0.47423,0.57248,0.0
2030-04-16 23:00:00,4802.95202,0.33219,0.47423,0.54609,0.0
2030-04-17 00:00:00,4607.10186,0.475,0.46612,0.4522,0.0
2030-04-17 01:00:00,4474.87353,0.40497,0.46612,0.47222,0.0
2030-04-17 02:00:00,4386.72131,0.3366,0.46612,0.49642,0.0
2030-04-17 03:00:00,4342.64521,0.32595,0.46612,0.49673,0.0
2030-04-17 04:00:00,4342.64521,0.22176,0.46612,0.54894,0.0
2030-04-17 05:00:00,4430.79742,0.20397,0.46612,0.5679,0.0
2030-04-17 06:00:00,4695.25408,0.17292,0.46612,0.61361,0.01725
2030-04-17 07:00:00,5091.93906,0.27884,0.46612,0.60576,0.0744
2030-04-17 08:00:00,5400.47183,0.319,0.46612,0.62082,0.10628
2030-04-17 09:00:00,5488.62404,0.33607,0.46612,0.62231,0.14926
2030-04-17 10:00:00,5488.62404,0.40304,0.46612,0.58876,0.21914
2030-04-17 11:00:00,5444.54794,0.47797,0.46612,0.54619,0.29835
2030-04-17 12:00:00,5400.47183,0.63466,0.46612,0.46266,0.33137
2030-04-17 13:00:00,5356.39572,0.50745,0.46612,0.52137,0.41176
2030-04-17 14:00:00,5312.31961,0.43641,0.46612,0.55194,0.33227
2030-04-17 15:00:00,5356.39572,0.44555,0.46612,0.55239,0.28216
2030-04-17 16:00:00,5576.77626,0.42435,0.46612,0.58813,0.26357
2030-04-17 17:00:00,5841.23292,0.48961,0.58264,0.58559,0.22466
2030-04-17 18:00:00,5841.23292,0.40231,0.58264,0.62933,0.10412
2030-04-17 19:00:00,5664.92848,0.36361,0.58264,0.62861,0.01961
2030-04-17 20:00:00,5444.54794,0.30231,0.58264,0.6342,0.0
2030-04-17 21:00:00,5224.16739,0.30966,0.46612,0.6054,0.0
2030-04-17 22:00:00,5003.78684,0.33299,0.46612,0.56858,0.0
2030-04-17 23:00:00,4783.4063,0.32688,0.46612,0.54652,0.0
2030-04-18 00:00:00,4644.99849,0.39311,0.458,0.49755,0.0
2030-04-18 01:00:00,4511.19113,0.34086,0.458,0.50848,0.0
2030-04-18 02:00:00,4421.98623,0.32975,0.458,0.50387,0.0
2030-04-18 03:00:00,4377.38378,0.30151,0.458,0.51294,0.0
2030-04-18 04:00:00,4377.38378,0.23095,0.458,0.54829,0.0
2030-04-18 05:00:00,4466.58868,0.30998,0.458,0.51887,0.0
2030-04-18 06:00:00,4734.20339,0.36185,0.458,0.52339,0.02054
2030-04-18 07:00:00,5135.62545,0.36203,0.458,0.56906,0.06877
2030-04-18 08:00:00,5447.84261,0.30935,0.458,0.63105,0.16332
2030-04-18 09:00:00,5537.04751,0.29042,0.458,0.65071,0.16184
2030-04-18 10:00:00,5537.04751,0.22709,0.458,0.68244,0.18109
2030-04-18 11:00:00,5492.44506,0.27762,0.458,0.65203,0.24078
2030-04-18 12:00:00,5447.84261,0.27879,0.458,0.64636,0.40515
2030-04-18 13:00:00,5403.24016,0.27378,0.458,0.64379,0.36052
2030-04-18 14:00:00,5358.63771,0.30864,0.458,0.62124,0.20278
2030-04-18 15:00:00,5403.24016,0.47684,0.458,0.54205,0.18432
2030-04-18 16:00:00,5626.25241,0.64889,0.458,0.48127,0.14317
2030-04-18 17:00:00,5893.86712,0.57218,0.5725,0.55022,0.10043
2030-04-18 18:00:00,5893.86712,0.61781,0.5725,0.52736,0.06836
2030-04-18 19:00:00,5715.45732,0.30785,0.5725,0.66231,0.01565
2030-04-18 20:00:00,5492.44506,0.25545,0.5725,0.66314,0.0
2030-04-18 21:00:00,5269.4328,0.2817,0.458,0.62456,0.0
2030-04-18 22:00:00,5046.42055,0.32167,0.458,0.57911,0.0
2030-04-18 23:00:00,4823.40829,0.44104,0.458,0.49388,0.0
2030-04-19 00:00:00,4605.12079,0.44572,0.44989,0.46665,0.0
2030-04-19 01:00:00,4472.97501,0.6495,0.44989,0.34948,0.0
2030-04-19 02:00:00,4384.87782,0.58462,0.44989,0.37195,0.0
2030-04-19 03:00:00,4340.82923,0.69068,0.44989,0.31379,0.0
2030-04-19 04:00:00,4340.82923,0.59558,0.44989,0.36144,0.0
2030-04-19 05:00:00,4428.92642,0.62361,0.44989,0.35743,0.0
2030-04-19 06:00:00,4693.21798,0.47151,0.44989,0.46377,0.02738
2030-04-19 07:00:00,5089.65533,0.31654,0.44989,0.58661,0.09521
2030-04-19 08:00:00,5397.99549,0.33881,0.44989,0.61061,0.1593
2030-04-19 09:00:00,5486.09268,0.38323,0.44989,0.5984,0.2274
2030-04-19 10:00:00,5486.09268,0.24922,0.44989,0.66554,0.24798
2030-04-19 11:00:00,5442.04409,0.22134,0.44989,0.67448,0.21831
2030-04-19 12:00:00,5397.99549,0.13298,0.44989,0.71373,0.17585
2030-04-19 13:00:00,5353.9469,0.12679,0.44989,0.71182,0.13488
2030-04-19 14:00:00,5309.8983,0.14753,0.44989,0.6964,0.1065
2030-04-19 15:00:00,5353.9469,0.24153,0.44989,0.65433,0.13403
2030-04-19 16:00:00,5574.18987,0.27208,0.44989,0.66413,0.09849
2030-04-19 17:00:00,5838.48144,0.38243,0.56237,0.63897,0.10912
2030-04-19 18:00:00,5838.48144,0.39179,0.56237,0.63428,0.08294
2030-04-19 19:00:00,5662.28706,0.32504,0.56237,0.64764,0.02061
2030-04-19 20:00:00,5442.04409,0.3019,0.56237,0.63412,0.0
2030-04-19 21:00:00,5221.80111,0.26137,0.44989,0.62932,0.0
2030-04-19 22:00:00,5001.55814,0.19469,0.44989,0.63762,0.0
2030-04-19 23:00:00,4781.31517,0.1461,0.44989,0.63685,0.0
2030-04-20 00:00:00,4189.97011,0.13693,0.44179,0.57403,0.0
2030-04-20 01:00:00,4075.12227,0.13876,0.44179,0.56002,0.0
2030-04-20 02:00:00,3998.55705,0.09973,0.44179,0.57085,0.0
2030-04-20 03:00:00,3960.27444,0.11651,0.44179,0.55808,0.0
2030-04-20 04:00:00,3960.27444,0.14463,0.44179,0.54399,0.0
2030-04-20 05:00:00,4036.83966,0.17378,0.44179,0.53811,0.0
2030-04-20 06:00:00,4266.53534,0.21535,0.44179,0.54347,0.02371
2030-04-20 07:00:00,4611.07885,0.21446,0.44179,0.5832,0.07383
2030-04-20 08:00:00,4879.05714,0.20951,0.44179,0.61623,0.1531
2030-04-20 09:00:00,4955.62237,0.19135,0.44179,0.63406,0.1514
2030-04-20 10:00:00,4955.62237,0.10921,0.44179,0.67521,0.1705
2030-04-20 11:00:00,4917.33975,0.08366,0.44179,0.68365,0.13487
2030-04-20 12:00:00,4879.05714,0.04255,0.44179,0.69988,0.12914
2030-04-20 13:00:00,4840.77453,0.03585,0.44179,0.69887,0.15369
2030-04-20 14:00:00,4802.49192,0.01669,0.44179,0.70411,0.1833
2030-04-20 15:00:00,4840.77453,0.01043,0.44179,0.71161,0.13417
2030-04-20 16:00:00,5032.18759,0.01408,0.44179,0.7316,0.15022
2030-04-20 17:00:00,5261.88327,0.02036,0.55224,0.75465,0.09178
2030-04-20 18:00:00,5261.88327,0.01362,0.55224,0.75802,0.05159
2030-04-20 19:00:00,5108.75282,0.00669,0.55224,0.74404,0.01504
2030-04-20 20:00:00,4917.33975,0.01421,0.55224,0.71845,0.0
2030-04-20 21:00:00,4725.92669,0.03196,0.44179,0.68773,0.0
2030-04-20 22:00:00,4534.51363,0.03158,0.44179,0.6661,0.0
2030-04-20 23:00:00,4343.10056,0.02005,0.44179,0.65005,0.0
2030-04-21 00:00:00,4188.31636,0.01883,0.4337,0.63302,0.0
2030-04-21 01:00:00,4073.53743,0.00797,0.4337,0.62537,0.0
2030-04-21 02:00:00,3997.01814,0.00872,0.4337,0.61627,0.0
2030-04-21 03:00:00,3958.7585,0.0114,0.4337,0.61057,0.0
2030-04-21 04:00:00,3958.7585,0.00773,0.4337,0.61241,0.0
2030-04-21 05:00:00,4035.27779,0.01416,0.4337,0.61791,0.0
2030-04-21 06:00:00,4264.83565,0.01263,0.4337,0.64484,0.01399
2030-04-21 07:00:00,4609.17245,0.02579,0.4337,0.67751,0.05363
2030-04-21 08:00:00,4876.98995,0.01964,0.4337,0.71112,0.15024
2030-04-21 09:00:00,4953.50924,0.03346,0.4337,0.71292,0.15059
2030-04-21 10:00:00,4953.50924,0.04843,0.4337,0.70542,0.13378
2030-04-21 11:00:00,4915.2496,0.05813,0.4337,0.6962,0.17617
2030-04-21 12:00:00,4876.98995,0.08677,0.4337,0.67749,0.25861
2030-04-21 13:00:00,4838.73031,0.08792,0.4337,0.67255,0.23578
2030-04-21 14:00:00,4800.47067,0.19904,0.4337,0.61251,0.17132
2030-04-21 15:00:00,4838.73031,0.29857,0.4337,0.56701,0.15143
2030-04-21 16:00:00,5030.02853,0.29358,0.4337,0.59132,0.08814
2030-04-21 17:00:00,5259.58639,0.2897,0.54212,0.61943,0.06696
2030-04-21 18:00:00,5259.58639,0.2576,0.54212,0.63551,0.03672
2030-04-21 19:00:00,5106.54782,0.35857,0.54212,0.56748,0.01435
2030-04-21 20:00:00,4915.2496,0.37232,0.54212,0.53878,0.0
2030-04-21 21:00:00,4723.95138,0.37425,0.4337,0.51601,0.0
2030-04-21 22:00:00,4532.65316,0.24437,0.4337,0.55927,0.0
2030-04-21 23:00:00,4341.35494,0.19047,0.4337,0.56447,0.0
2030-04-22 00:00:00,4524.99072,0.18929,0.42562,0.58599,0.0
2030-04-22 01:00:00,4396.18369,0.16515,0.42562,0.5834,0.0
2030-04-22 02:00:00,4310.31234,0.13294,0.42562,0.58975,0.0
2030-04-22 03:00:00,4267.37666,0.19138,0.42562,0.55558,0.0
2030-04-22 04:00:00,4267.37666,0.13314,0.42562,0.58475,0.0
2030-04-22 05:00:00,4353.24801,0.13862,0.42562,0.5918,0.0
2030-04-22 06:00:00,4610.86208,0.10801,0.42562,0.63651,0.02881
2030-04-22 07:00:00,4997.28317,0.06999,0.42562,0.69961,0.06958
2030-04-22 08:00:00,5297.8329,0.0787,0.42562,0.72951,0.19801
2030-04-22 09:00:00,5383.70426,0.04803,0.42562,0.75467,0.19904
2030-04-22 10:00:00,5383.70426,0.06026,0.42562,0.74854,0.21546
2030-04-22 11:00:00,5340.76858,0.0788,0.42562,0.73436,0.33964
2030-04-22 12:00:00,5297.8329,0.06885,0.42562,0.73445,0.48997
2030-04-22 13:00:00,5254.89723,0.05002,0.42562,0.73899,0.53007
2030-04-22 14:00:00,5211.96155,0.11321,0.42562,0.70243,0.52112
2030-04-22 15:00:00,5254.89723,0.13814,0.42562,0.69484,0.35635
2030-04-22 16:00:00,5469.57561,0.16497,0.42562,0.70587,0.34705
2030-04-22 17:00:00,5727.18967,0.11902,0.53202,0.75826,0.23735
2030-04-22 18:00:00,5727.18967,0.10222,0.53202,0.76668,0.11601
2030-04-22 19:00:00,5555.44696,0.09303,0.53202,0.7517,0.02579
2030-04-22 20:00:00,5340.76858,0.13308,0.53202,0.70716,0.0
2030-04-22 21:00:00,5126.0902,0.11139,0.42562,0.69355,0.0
2030-04-22 22:00:00,4911.41181,0.1956,0.42562,0.62689,0.0
2030-04-22 23:00:00,4696.73343,0.1053,0.42562,0.64766,0.0
2030-04-23 00:00:00,4516.92112,0.09642,0.41755,0.63161,0.0
2030-04-23 01:00:00,4388.45032,0.07363,0.41755,0.62838,0.0
2030-04-23 02:00:00,4302.80312,0.0961,0.41755,0.60736,0.0
2030-04-23 03:00:00,4259.97953,0.08562,0.41755,0.60772,0.0
2030-04-23 04:00:00,4259.97953,0.06657,0.41755,0.61727,0.0
2030-04-23 05:00:00,4345.62672,0.06321,0.41755,0.62871,0.0
2030-04-23 06:00:00,4602.56832,0.0486,0.41755,0.66533,0.03166
2030-04-23 07:00:00,4987.98071,0.04621,0.41755,0.71047,0.11542
2030-04-23 08:00:00,5287.7459,0.03604,0.41755,0.74973,0.23171
2030-04-23 09:00:00,5373.3931,0.06053,0.41755,0.74723,0.32555
2030-04-23 10:00:00,5373.3931,0.04739,0.41755,0.75381,0.40442
2030-04-23 11:00:00,5330.5695,0.05174,0.41755,0.74675,0.49276
2030-04-23 12:00:00,5287.7459,0.07307,0.41755,0.73118,0.51302
2030-04-23 13:00:00,5244.9223,0.07902,0.41755,0.72332,0.48408
2030-04-23 14:00:00,5202.0987,0.06865,0.41755,0.72363,0.32283
2030-04-23 15:00:00,5244.9223,0.05627,0.41755,0.73472,0.30935
2030-04-23 16:00:00,5459.0403,0.05473,0.41755,0.7599,0.22749
2030-04-23 17:00:00,5715.98189,0.10261,0.52194,0.76521,0.14208
2030-04-23 18:00:00,5715.98189,0.06059,0.52194,0.78626,0.09965
2030-04-23 19:00:00,5544.68749,0.03755,0.52194,0.77827,0.02756
2030-04-23 20:00:00,5330.5695,0.03674,0.52194,0.75427,0.0
2030-04-23 21:00:00,5116.4515,0.0304,0.41755,0.73303,0.0
2030-04-23 22:00:00,4902.33351,0.06594,0.41755,0.69082,0.0
2030-04-23 23:00:00,4688.21552,0.07593,0.41755,0.6614,0.0
2030-04-24 00:00:00,4526.24991,0.09078,0.4095,0.63549,0.0
2030-04-24 01:00:00,4397.39041,0.12993,0.4095,0.60119,0.0
2030-04-24 02:00:00,4311.48408,0.14448,0.4095,0.5841,0.0
2030-04-24 03:00:00,4268.53092,0.15348,0.4095,0.57469,0.0
2030-04-24 04:00:00,4268.53092,0.13996,0.4095,0.58147,0.0
2030-04-24 05:00:00,4354.43725,0.11619,0.4095,0.60317,0.0
2030-04-24 06:00:00,4612.15624,0.10171,0.4095,0.63981,0.03235
2030-04-24 07:00:00,4998.73473,0.14691,0.4095,0.66124,0.11297
2030-04-24 08:00:00,5299.40689,0.18391,0.4095,0.67698,0.25403
2030-04-24 09:00:00,5385.31322,0.13511,0.4095,0.71122,0.36758
2030-04-24 10:00:00,5385.31322,0.14086,0.4095,0.70834,0.41173
2030-04-24 11:00:00,5342.36005,0.13831,0.4095,0.70472,0.35801
2030-04-24 12:00:00,5299.40689,0.11583,0.4095,0.71109,0.31044
2030-04-24 13:00:00,5256.45372,0.16153,0.4095,0.68329,0.41296
2030-04-24 14:00:00,5213.50056,0.11709,0.4095,0.70066,0.37027
2030-04-24 15:00:00,5256.45372,0.1532,0.4095,0.68747,0.31699
2030-04-24 16:00:00,5471.21955,0.20444,0.4095,0.68628,0.25983
2030-04-24 17:00:00,5728.93854,0.18226,0.51187,0.72677,0.20318
2030-04-24 18:00:00,5728.93854,0.17554,0.51187,0.73014,0.08539
2030-04-24 19:00:00,5557.12588,0.21751,0.51187,0.68953,0.02219
2030-04-24 20:00:00,5342.36005,0.29046,0.51187,0.62849,0.0
2030-04-24 21:00:00,5127.59423,0.30172,0.4095,0.59837,0.0
2030-04-24 22:00:00,4912.8284,0.31277,0.4095,0.56834,0.0
2030-04-24 23:00:00,4698.06257,0.19643,0.4095,0.60215,0.0
2030-04-25 00:00:00,4579.1277,0.17915,0.40146,0.59725,0.0
2030-04-25 01:00:00,4448.06496,0.15279,0.40146,0.59551,0.0
2030-04-25 02:00:00,4360.68981,0.22464,0.40146,0.54955,0.0
2030-04-25 03:00:00,4317.00223,0.25075,0.40146,0.53149,0.0
2030-04-25 04:00:00,4317.00223,0.29565,0.40146,0.50899,0.0
2030-04-25 05:00:00,4404.37738,0.23681,0.40146,0.54843,0.0
2030-04-25 06:00:00,4666.50286,0.22716,0.40146,0.58315,0.02034
2030-04-25 07:00:00,5059.69107,0.16531,0.40146,0.65897,0.06629
2030-04-25 08:00:00,5365.50413,0.07605,0.40146,0.73855,0.12609
2030-04-25 09:00:00,5452.87929,0.08976,0.40146,0.74165,0.14267
2030-04-25 10:00:00,5452.87929,0.06524,0.40146,0.75393,0.21099
2030-04-25 11:00:00,5409.19171,0.09886,0.40146,0.73211,0.25313
2030-04-25 12:00:00,5365.50413,0.0835,0.40146,0.73482,0.34384
2030-04-25 13:00:00,5321.81655,0.08451,0.40146,0.72934,0.34549
2030-04-25 14:00:00,5278.12897,0.0722,0.40146,0.73052,0.38087
2030-04-25 15:00:00,5321.81655,0.0862,0.40146,0.72849,0.34815
2030-04-25 16:00:00,5540.25444,0.06869,0.40146,0.76216,0.17682
2030-04-25 17:00:00,5802.37992,0.06809,0.50183,0.79235,0.12651
2030-04-25 18:00:00,5802.37992,0.06962,0.50183,0.79158,0.09237
2030-04-25 19:00:00,5627.6296,0.09437,0.50183,0.75926,0.02088
2030-04-25 20:00:00,5409.19171,0.11232,0.50183,0.72536,0.0
2030-04-25 21:00:00,5190.75381,0.13728,0.40146,0.68795,0.0
2030-04-25 22:00:00,4972.31591,0.15474,0.40146,0.6543,0.0
2030-04-25 23:00:00,4753.87802,0.07549,0.40146,0.66911,0.0
2030-04-26 00:00:00,4456.55711,0.08901,0.39345,0.62844,0.0
2030-04-26 01:00:00,4330.60148,0.10058,0.39345,0.60828,0.0
2030-04-26 02:00:00,4246.63106,0.0726,0.39345,0.61272,0.0
2030-04-26 03:00:00,4204.64585,0.06595,0.39345,0.61127,0.0
2030-04-26 04:00:00,4204.64585,0.04178,0.39345,0.62338,0.0
2030-04-26 05:00:00,4288.61627,0.03671,0.39345,0.63549,0.0
2030-04-26 06:00:00,4540.52753,0.06276,0.39345,0.65116,0.03394
2030-04-26 07:00:00,4918.39442,0.08544,0.39345,0.68287,0.08864
2030-04-26 08:00:00,5212.29088,0.08742,0.39345,0.71539,0.09968
2030-04-26 09:00:00,5296.2613,0.11845,0.39345,0.70942,0.09863
2030-04-26 10:00:00,5296.2613,0.11723,0.39345,0.71003,0.14491
2030-04-26 11:00:00,5254.27609,0.08697,0.39345,0.7204,0.1364
2030-04-26 12:00:00,5212.29088,0.06605,0.39345,0.7261,0.20046
2030-04-26 13:00:00,5170.30567,0.07775,0.39345,0.71545,0.25834
2030-04-26 14:00:00,5128.32047,0.05871,0.39345,0.7202,0.29931
2030-04-26 15:00:00,5170.30567,0.10453,0.39345,0.70203,0.22469
2030-04-26 16:00:00,5380.23172,0.12674,0.39345,0.71484,0.20871
2030-04-26 17:00:00,5632.14298,0.0957,0.49181,0.75911,0.14828
2030-04-26 18:00:00,5632.14298,0.16233,0.49181,0.72573,0.06832
2030-04-26 19:00:00,5464.20214,0.18302,0.49181,0.69621,0.02382
2030-04-26 20:00:00,5254.27609,0.16693,0.49181,0.68034,0.0
2030-04-26 21:00:00,5044.35005,0.12956,0.39345,0.67513,0.0
2030-04-26 22:00:00,4834.424,0.11942,0.39345,0.65628,0.0
2030-04-26 23:00:00,4624.49795,0.0859,0.39345,0.64914,0.0
2030-04-27 00:00:00,4025.48621,0.10364,0.38546,0.57196,0.0
2030-04-27 01:00:00,3917.49187,0.08831,0.38546,0.56733,0.0
2030-04-27 02:00:00,3845.49564,0.07372,0.38546,0.56643,0.0
2030-04-27 03:00:00,3809.49753,0.05805,0.38546,0.57018,0.0
2030-04-27 04:00:00,3809.49753,0.05808,0.38546,0.57016,0.0
2030-04-27 05:00:00,3881.49376,0.05616,0.38546,0.57933,0.0
2030-04-27 06:00:00,4097.48244,0.0395,0.38546,0.6123,0.03577
2030-04-27 07:00:00,4421.46547,0.04122,0.38546,0.64838,0.12837
2030-04-27 08:00:00,4673.45227,0.03587,0.38546,0.67979,0.21247
2030-04-27 09:00:00,4745.4485,0.02416,0.38546,0.69386,0.22207
2030-04-27 10:00:00,4745.4485,0.01673,0.38546,0.69759,0.38254
2030-04-27 11:00:00,4709.45038,0.00947,0.38546,0.69712,0.4503
2030-04-27 12:00:00,4673.45227,0.00719,0.38546,0.69416,0.44916
2030-04-27 13:00:00,4637.45415,0.00723,0.38546,0.69003,0.40245
2030-04-27 14:00:00,4601.45604,0.00465,0.38546,0.68722,0.34356
2030-04-27 15:00:00,4637.45415,0.00492,0.38546,0.69119,0.28873
2030-04-27 16:00:00,4817.44473,0.00549,0.38546,0.71143,0.25401
2030-04-27 17:00:00,5033.43341,0.00557,0.48183,0.73601,0.15176
2030-04-27 18:00:00,5033.43341,0.00967,0.48183,0.73395,0.07187
2030-04-27 19:00:00,4889.44095,0.01844,0.48183,0.71315,0.03045
2030-04-27 20:00:00,4709.45038,0.0176,0.48183,0.69305,0.0
2030-04-27 21:00:00,4529.45981,0.00903,0.38546,0.67682,0.0
2030-04-27 22:00:00,4349.46924,0.00748,0.38546,0.65708,0.0
2030-04-27 23:00:00,4169.47867,0.01669,0.38546,0.63194,0.0
2030-04-28 00:00:00,4000.38325,0.05316,0.3775,0.59439,0.0
2030-04-28 01:00:00,3893.43486,0.03082,0.3775,0.59339,0.0
2030-04-28 02:00:00,3822.13594,0.02633,0.3775,0.58751,0.0
2030-04-28 03:00:00,3786.48648,0.04737,0.3775,0.5729,0.0
2030-04-28 04:00:00,3786.48648,0.04037,0.3775,0.57641,0.0
2030-04-28 05:00:00,3857.7854,0.04982,0.3775,0.57981,0.0
2030-04-28 06:00:00,4071.68217,0.0138,0.3775,0.62224,0.04609
2030-04-28 07:00:00,4392.52733,0.01518,0.3775,0.65812,0.09758
2030-04-28 08:00:00,4642.07356,0.01984,0.3775,0.68424,0.17141
2030-04-28 09:00:00,4713.37248,0.01094,0.3775,0.69683,0.21623
2030-04-28 10:00:00,4713.37248,0.01094,0.3775,0.69683,0.26093
2030-04-28 11:00:00,4677.72302,0.00874,0.3775,0.69387,0.35183
2030-04-28 12:00:00,4642.07356,0.012,0.3775,0.68817,0.26885
2030-04-28 13:00:00,4606.4241,0.01312,0.3775,0.68354,0.15889
2030-04-28 14:00:00,4570.77464,0.01078,0.3775,0.68065,0.13625
2030-04-28 15:00:00,4606.4241,0.01459,0.3775,0.68281,0.11621
2030-04-28 16:00:00,4784.67141,0.02165,0.3775,0.69959,0.08044
2030-04-28 17:00:00,4998.56818,0.01146,0.47187,0.72908,0.10195
2030-04-28 18:00:00,4998.56818,0.01181,0.47187,0.72891,0.08772
2030-04-28 19:00:00,4855.97033,0.01641,0.47187,0.71035,0.03374
2030-04-28 20:00:00,4677.72302,0.01051,0.47187,0.69298,0.0
2030-04-28 21:00:00,4499.47571,0.01675,0.3775,0.66953,0.0
2030-04-28 22:00:00,4321.2284,0.01628,0.3775,0.64945,0.0
2030-04-28 23:00:00,4142.98109,0.01706,0.3775,0.62873,0.0
2030-04-29 00:00:00,4274.76563,0.01639,0.36956,0.64409,0.0
2030-04-29 01:00:00,4156.38465,0.01217,0.36956,0.63271,0.0
2030-04-29 02:00:00,4077.46399,0.01772,0.36956,0.62093,0.0
2030-04-29 03:00:00,4038.00366,0.01127,0.36956,0.61967,0.0
2030-04-29 04:00:00,4038.00366,0.01177,0.36956,0.61942,0.0
2030-04-29 05:00:00,4116.92432,0.0164,0.36956,0.6261,9e-05
2030-04-29 06:00:00,4353.68629,0.01419,0.36956,0.65419,0.04679
2030-04-29 07:00:00,4708.82924,0.01908,0.36956,0.69223,0.14573
2030-04-29 08:00:00,4985.05154,0.01578,0.36956,0.72538,0.26357
2030-04-29 09:00:00,5063.9722,0.02352,0.36956,0.7305,0.34476
2030-04-29 10:00:00,5063.9722,0.034,0.36956,0.72525,0.39367
2030-04-29 11:00:00,5024.51187,0.03943,0.36956,0.71803,0.3338
2030-04-29 12:00:00,4985.05154,0.05665,0.36956,0.7049,0.26017
2030-04-29 13:00:00,4945.59121,0.04213,0.36956,0.70768,0.19935
2030-04-29 14:00:00,4906.13088,0.10584,0.36956,0.67126,0.23874
2030-04-29 15:00:00,4945.59121,0.15989,0.36956,0.64868,0.2141
2030-04-29 16:00:00,5142.89285,0.1543,0.36956,0.67397,0.16325
2030-04-29 17:00:00,5379.65482,0.14114,0.46195,0.70756,0.10921
2030-04-29 18:00:00,5379.65482,0.17461,0.46195,0.69078,0.06928
2030-04-29 19:00:00,5221.81351,0.21516,0.46195,0.65247,0.02862
2030-04-29 20:00:00,5024.51187,0.22803,0.46195,0.62353,0.0
2030-04-29 21:00:00,4827.21023,0.26895,0.36956,0.58054,0.0
2030-04-29 22:00:00,4629.90858,0.25804,0.36956,0.56351,0.0
2030-04-29 23:00:00,4432.60694,0.2607,0.36956,0.53968,0.0
2030-04-30 00:00:00,4168.62849,0.20391,0.36165,0.53804,0.0
2030-04-30 01:00:00,4054.66988,0.11041,0.36165,0.5719,0.0
2030-04-30 02:00:00,3978.69748,0.12755,0.36165,0.55465,0.0
2030-04-30 03:00:00,3940.71128,0.18263,0.36165,0.52272,0.0
2030-04-30 04:00:00,3940.71128,0.18636,0.36165,0.52085,0.0
2030-04-30 05:00:00,4016.68368,0.11824,0.36165,0.56364,0.00016
2030-04-30 06:00:00,4244.60089,0.09469,0.36165,0.60142,0.02177
2030-04-30 07:00:00,4586.4767,0.14067,0.36165,0.61736,0.04274
2030-04-30 08:00:00,4852.38011,0.29874,0.36165,0.56848,0.06735
2030-04-30 09:00:00,4928.35251,0.25704,0.36165,0.59803,0.12546
2030-04-30 10:00:00,4928.35251,0.30119,0.36165,0.57592,0.18305
2030-04-30 11:00:00,4890.36631,0.30492,0.36165,0.56972,0.26701
2030-04-30 12:00:00,4852.38011,0.36892,0.36165,0.53332,0.31133
2030-04-30 13:00:00,4814.39391,0.34963,0.36165,0.53865,0.26568
2030-04-30 14:00:00,4776.40771,0.36579,0.36165,0.52622,0.28099
2030-04-30 15:00:00,4814.39391,0.22272,0.36165,0.60224,0.18468
2030-04-30 16:00:00,5004.32492,0.121,0.36165,0.67486,0.2158
2030-04-30 17:00:00,5232.24212,0.07197,0.45207,0.7254,0.10686
2030-04-30 18:00:00,5232.24212,0.05425,0.45207,0.73428,0.07554
2030-04-30 19:00:00,5080.29732,0.09096,0.45207,0.69857,0.03035
2030-04-30 20:00:00,4890.36631,0.11828,0.45207,0.66323,0.0
2030-04-30 21:00:00,4700.43531,0.1295,0.36165,0.63595,0.0
2030-04-30 22:00:00,4510.5043,0.0665,0.36165,0.64587,0.0
2030-04-30 23:00:00,4320.57329,0.07247,0.36165,0.62122,0.0
2030-05-01 00:00:00,4211.67556,0.1566,0.35378,0.56665,0.0
2030-05-01 01:00:00,4095.92333,0.12173,0.35378,0.57093,0.0
2030-05-01 02:00:00,4018.75517,0.11876,0.35378,0.56362,0.0
2030-05-01 03:00:00,3980.17109,0.128,0.35378,0.55459,0.0
2030-05-01 04:00:00,3980.17109,0.10792,0.35378,0.56465,0.0
2030-05-01 05:00:00,4057.33925,0.20424,0.35378,0.52519,0.00064
2030-05-01 06:00:00,4288.84371,0.22929,0.35378,0.53903,0.03949
2030-05-01 07:00:00,4636.10041,0.20531,0.35378,0.59063,0.11067
2030-05-01 08:00:00,4906.18895,0.21161,0.35378,0.61827,0.18279
2030-05-01 09:00:00,4983.3571,0.19512,0.35378,0.63533,0.1924
2030-05-01 10:00:00,4983.3571,0.29368,0.35378,0.58595,0.25612
2030-05-01 11:00:00,4944.77303,0.25798,0.35378,0.59944,0.24331
2030-05-01 12:00:00,4906.18895,0.29044,0.35378,0.57877,0.19113
2030-05-01 13:00:00,4867.60487,0.25621,0.35378,0.59153,0.20173
2030-05-01 14:00:00,4829.02079,0.26954,0.35378,0.58045,0.21095
2030-05-01 15:00:00,4867.60487,0.27797,0.35378,0.58062,0.27581
2030-05-01 16:00:00,5060.52526,0.22916,0.35378,0.62707,0.17597
2030-05-01 17:00:00,5292.02972,0.27916,0.44222,0.62841,0.14885
2030-05-01 18:00:00,5292.02972,0.30237,0.44222,0.61678,0.08849
2030-05-01 19:00:00,5137.69341,0.34557,0.44222,0.57755,0.03808
2030-05-01 20:00:00,4944.77303,0.32208,0.44222,0.56732,0.0
2030-05-01 21:00:00,4751.85264,0.30984,0.35378,0.55146,0.0
2030-05-01 22:00:00,4558.93225,0.3355,0.35378,0.51661,0.0
2030-05-01 23:00:00,4366.01187,0.1927,0.35378,0.56616,0.0
2030-05-02 00:00:00,4167.53573,0.15074,0.34594,0.56456,0.0
2030-05-02 01:00:00,4053.62266,0.10619,0.34594,0.57389,0.0
2030-05-02 02:00:00,3977.68061,0.12108,0.34594,0.55777,0.0
2030-05-02 03:00:00,3939.70959,0.22233,0.34594,0.50271,0.0
2030-05-02 04:00:00,3939.70959,0.1497,0.34594,0.5391,0.0
2030-05-02 05:00:00,4015.65164,0.21313,0.34594,0.51598,0.00181
2030-05-02 06:00:00,4243.47778,0.18097,0.34594,0.55807,0.03669
2030-05-02 07:00:00,4585.217,0.25055,0.34594,0.56217,0.10917
2030-05-02 08:00:00,4851.01417,0.22999,0.34594,0.60277,0.17209
2030-05-02 09:00:00,4926.95621,0.16363,0.34594,0.64468,0.26249
2030-05-02 10:00:00,4926.95621,0.16887,0.34594,0.64205,0.34251
2030-05-02 11:00:00,4888.98519,0.1583,0.34594,0.64302,0.3651
2030-05-02 12:00:00,4851.01417,0.13829,0.34594,0.64872,0.40446
2030-05-02 13:00:00,4813.04314,0.09007,0.34594,0.66854,0.44501
2030-05-02 14:00:00,4775.07212,0.06044,0.34594,0.67906,0.37875
2030-05-02 15:00:00,4813.04314,0.06625,0.34594,0.68048,0.3292
2030-05-02 16:00:00,5002.89826,0.08684,0.34594,0.69181,0.1522
2030-05-02 17:00:00,5230.72441,0.06323,0.43243,0.72961,0.18714
2030-05-02 18:00:00,5230.72441,0.11573,0.43243,0.70331,0.1227
2030-05-02 19:00:00,5078.84031,0.12249,0.43243,0.68261,0.03851
2030-05-02 20:00:00,4888.98519,0.12081,0.43243,0.6618,0.0
2030-05-02 21:00:00,4699.13007,0.12302,0.34594,0.63905,0.0
2030-05-02 22:00:00,4509.27495,0.13301,0.34594,0.6124,0.0
2030-05-02 23:00:00,4319.41983,0.09983,0.34594,0.60738,0.0
2030-05-03 00:00:00,4303.95879,0.14373,0.33814,0.58362,0.0
2030-05-03 01:00:00,4184.36142,0.14119,0.33814,0.57126,0.0
2030-05-03 02:00:00,4104.62984,0.26293,0.33814,0.50117,0.0
2030-05-03 03:00:00,4064.76406,0.20269,0.33814,0.52681,0.0
2030-05-03 04:00:00,4064.76406,0.19218,0.33814,0.53208,0.0
2030-05-03 05:00:00,4144.49563,0.21562,0.33814,0.52942,0.00124
2030-05-03 06:00:00,4383.69037,0.2144,0.33814,0.5573,0.03492
2030-05-03 07:00:00,4742.48246,0.21053,0.33814,0.60015,0.07154
2030-05-03 08:00:00,5021.54299,0.25065,0.33814,0.61186,0.14218
2030-05-03 09:00:00,5101.27456,0.26401,0.33814,0.61426,0.13987
2030-05-03 10:00:00,5101.27456,0.31141,0.33814,0.59051,0.12673
2030-05-03 11:00:00,5061.40877,0.25176,0.33814,0.61585,0.22908
2030-05-03 12:00:00,5021.54299,0.21344,0.33814,0.6305,0.21268
2030-05-03 13:00:00,4981.6772,0.16098,0.33814,0.65224,0.19319
2030-05-03 14:00:00,4941.81141,0.08276,0.33814,0.68689,0.16588
2030-05-03 15:00:00,4981.6772,0.1118,0.33814,0.67688,0.12765
2030-05-03 16:00:00,5181.00614,0.13535,0.33814,0.68781,0.09129
2030-05-03 17:00:00,5420.20087,0.16234,0.42267,0.70156,0.07265
2030-05-03 18:00:00,5420.20087,0.16321,0.42267,0.70112,0.07306
2030-05-03 19:00:00,5260.73772,0.1543,0.42267,0.6874,0.03217
2030-05-03 20:00:00,5061.40877,0.13323,0.42267,0.67523,0.0
2030-05-03 21:00:00,4862.07983,0.16149,0.33814,0.63836,0.0
2030-05-03 22:00:00,4662.75089,0.14662,0.33814,0.62308,0.0
2030-05-03 23:00:00,4463.42194,0.12969,0.33814,0.60884,0.0
2030-05-04 00:00:00,4005.39866,0.10057,0.33038,0.57121,0.0
2030-05-04 01:00:00,3898.2413,0.0887,0.33038,0.56494,0.0
2030-05-04 02:00:00,3826.80306,0.05744,0.33038,0.57246,0.0
2030-05-04 03:00:00,3791.08394,0.0689,0.33038,0.56264,0.0
2030-05-04 04:00:00,3791.08394,0.05265,0.33038,0.57078,0.0
2030-05-04 05:00:00,3862.52218,0.04495,0.33038,0.58279,0.00165
2030-05-04 06:00:00,4076.8369,0.0859,0.33038,0.5867,0.03156
2030-05-04 07:00:00,4398.30899,0.13049,0.33038,0.60101,0.09155
2030-05-04 08:00:00,4648.34283,0.10096,0.33038,0.64431,0.12295
2030-05-04 09:00:00,4719.78107,0.13893,0.33038,0.63343,0.27142
2030-05-04 10:00:00,4719.78107,0.13001,0.33038,0.6379,0.40056
2030-05-04 11:00:00,4684.06195,0.12441,0.33038,0.63664,0.38036
2030-05-04 12:00:00,4648.34283,0.095,0.33038,0.6473,0.26365
2030-05-04 13:00:00,4612.62371,0.12277,0.33038,0.62931,0.28611
2030-05-04 14:00:00,4576.90459,0.17285,0.33038,0.60015,0.25199
2030-05-04 15:00:00,4612.62371,0.1771,0.33038,0.60209,0.22704
2030-05-04 16:00:00,4791.21931,0.21335,0.33038,0.60429,0.2502
2030-05-04 17:00:00,5005.53403,0.09834,0.41297,0.68635,0.18617
2030-05-04 18:00:00,5005.53403,0.13218,0.41297,0.66939,0.12823
2030-05-04 19:00:00,4862.65755,0.15446,0.41297,0.64194,0.04527
2030-05-04 20:00:00,4684.06195,0.18353,0.41297,0.60702,5e-05
2030-05-04 21:00:00,4505.46635,0.29739,0.33038,0.52961,0.0
2030-05-04 22:00:00,4326.87075,0.1858,0.33038,0.56515,0.0
2030-05-04 23:00:00,4148.27515,0.19049,0.33038,0.54244,0.0
2030-05-05 00:00:00,4101.6248,0.22963,0.32266,0.51752,0.0
2030-05-05 01:00:00,3990.45802,0.21866,0.32266,0.51034,0.0
2030-05-05 02:00:00,3916.34683,0.28252,0.32266,0.46989,0.0
2030-05-05 03:00:00,3879.29124,0.27565,0.32266,0.46911,0.0
2030-05-05 04:00:00,3879.29124,0.27842,0.32266,0.46772,0.0
2030-05-05 05:00:00,3953.40242,0.46649,0.32266,0.38194,0.00327
2030-05-05 06:00:00,4175.73599,0.45909,0.32266,0.411,0.04133
2030-05-05 07:00:00,4509.23634,0.43582,0.32266,0.46068,0.07991
2030-05-05 08:00:00,4768.6255,0.43963,0.32266,0.48834,0.14492
2030-05-05 09:00:00,4842.73669,0.53261,0.32266,0.45021,0.16391
2030-05-05 10:00:00,4842.73669,0.43928,0.32266,0.49697,0.18512
2030-05-05 11:00:00,4805.6811,0.58726,0.32266,0.4186,0.21414
2030-05-05 12:00:00,4768.6255,0.60598,0.32266,0.40499,0.13046
2030-05-05 13:00:00,4731.56991,0.61001,0.32266,0.39875,0.08931
2030-05-05 14:00:00,4694.51431,0.67985,0.32266,0.35953,0.14152
2030-05-05 15:00:00,4731.56991,0.67822,0.32266,0.36458,0.17024
2030-05-05 16:00:00,4916.84788,0.66275,0.32266,0.39345,0.17266
2030-05-05 17:00:00,5139.18145,0.69346,0.40332,0.40341,0.07787
2030-05-05 18:00:00,5139.18145,0.7201,0.40332,0.39006,0.05987
2030-05-05 19:00:00,4990.95907,0.71314,0.40332,0.37665,0.03894
2030-05-05 20:00:00,4805.6811,0.62836,0.40332,0.39801,0.00016
2030-05-05 21:00:00,4620.40313,0.61346,0.32266,0.38435,0.0
2030-05-05 22:00:00,4435.12515,0.49077,0.32266,0.4247,0.0
2030-05-05 23:00:00,4249.84718,0.36766,0.32266,0.46525,0.0
2030-05-06 00:00:00,4475.55114,0.38178,0.31498,0.48392,0.0
2030-05-06 01:00:00,4348.8041,0.44379,0.31498,0.43839,0.0
2030-05-06 02:00:00,4264.30606,0.46495,0.31498,0.41816,0.0
2030-05-06 03:00:00,4222.05705,0.52626,0.31498,0.38262,0.0
2030-05-06 04:00:00,4222.05705,0.40744,0.31498,0.44216,0.0
2030-05-06 05:00:00,4306.55508,0.41498,0.31498,0.44801,0.00308
2030-05-06 06:00:00,4560.04918,0.34214,0.31498,0.51341,0.03385
2030-05-06 07:00:00,4940.29032,0.30463,0.31498,0.57555,0.10328
2030-05-06 08:00:00,5236.03343,0.42638,0.31498,0.54827,0.1202
2030-05-06 09:00:00,5320.53146,0.42107,0.31498,0.56056,0.10032
2030-05-06 10:00:00,5320.53146,0.45556,0.31498,0.54328,0.16487
2030-05-06 11:00:00,5278.28245,0.48479,0.31498,0.52382,0.21737
2030-05-06 12:00:00,5236.03343,0.50691,0.31498,0.50792,0.2643
2030-05-06 13:00:00,5193.78441,0.59898,0.31498,0.45697,0.27299
2030-05-06 14:00:00,5151.5354,0.596,0.31498,0.45365,0.31036
2030-05-06 15:00:00,5193.78441,0.62393,0.31498,0.44447,0.36878
2030-05-06 16:00:00,5405.02949,0.6613,0.31498,0.44983,0.32863
2030-05-06 17:00:00,5658.52359,0.59045,0.39373,0.51423,0.19417
2030-05-06 18:00:00,5658.52359,0.63986,0.39373,0.48947,0.09559
2030-05-06 19:00:00,5489.52753,0.60686,0.39373,0.48674,0.03476
2030-05-06 20:00:00,5278.28245,0.62451,0.39373,0.45381,0.00023
2030-05-06 21:00:00,5067.03737,0.5886,0.31498,0.44772,0.0
2030-05-06 22:00:00,4855.79229,0.54535,0.31498,0.44531,0.0
2030-05-06 23:00:00,4644.54721,0.49873,0.31498,0.44459,0.0
2030-05-07 00:00:00,4453.28702,0.53147,0.30735,0.40638,0.0
2030-05-07 01:00:00,4327.46764,0.53908,0.30735,0.38822,0.0
2030-05-07 02:00:00,4243.58806,0.49793,0.30735,0.39927,0.0
2030-05-07 03:00:00,4201.64827,0.4059,0.30735,0.4406,0.0
2030-05-07 04:00:00,4201.64827,0.34849,0.30735,0.46936,0.0
2030-05-07 05:00:00,4285.52785,0.41833,0.30735,0.44393,0.00465
2030-05-07 06:00:00,4537.1666,0.36467,0.30735,0.49951,0.03131
2030-05-07 07:00:00,4914.62473,0.2629,0.30735,0.59353,0.08623
2030-05-07 08:00:00,5208.20327,0.24217,0.30735,0.63739,0.10735
2030-05-07 09:00:00,5292.08286,0.20112,0.30735,0.66752,0.10883
2030-05-07 10:00:00,5292.08286,0.21748,0.30735,0.65932,0.13886
2030-05-07 11:00:00,5250.14306,0.14654,0.30735,0.69008,0.22563
2030-05-07 12:00:00,5208.20327,0.13466,0.30735,0.69126,0.24527
2030-05-07 13:00:00,5166.26348,0.10757,0.30735,0.70005,0.21637
2030-05-07 14:00:00,5124.32369,0.05664,0.30735,0.72079,0.20008
2030-05-07 15:00:00,5166.26348,0.07577,0.30735,0.71598,0.13692
2030-05-07 16:00:00,5375.96244,0.05123,0.30735,0.75218,0.13277
2030-05-07 17:00:00,5627.60119,0.05722,0.38419,0.77787,0.11973
2030-05-07 18:00:00,5627.60119,0.05016,0.38419,0.78141,0.07706
2030-05-07 19:00:00,5459.84202,0.05551,0.38419,0.7596,0.02537
2030-05-07 20:00:00,5250.14306,0.07938,0.38419,0.72373,0.00034
2030-05-07 21:00:00,5040.44411,0.09804,0.30735,0.69048,0.0
2030-05-07 22:00:00,4830.74515,0.08193,0.30735,0.67464,0.0
2030-05-07 23:00:00,4621.04619,0.08936,0.30735,0.64701,0.0
2030-05-08 00:00:00,4464.66898,0.07358,0.29977,0.63709,0.0
2030-05-08 01:00:00,4338.37536,0.06725,0.29977,0.62586,0.0
2030-05-08 02:00:00,4254.17961,0.05996,0.29977,0.61992,0.0
2030-05-08 03:00:00,4212.08173,0.0415,0.29977,0.62437,0.0
2030-05-08 04:00:00,4212.08173,0.02748,0.29977,0.63139,0.0
2030-05-08 05:00:00,4296.27748,0.03056,0.29977,0.63945,0.00872
2030-05-08 06:00:00,4548.86473,0.02531,0.29977,0.67087,0.05294
2030-05-08 07:00:00,4927.7456,0.02384,0.29977,0.7148,0.12242
2030-05-08 08:00:00,5222.43073,0.0365,0.29977,0.74206,0.18718
2030-05-08 09:00:00,5306.62648,0.05759,0.29977,0.74109,0.17461
2030-05-08 10:00:00,5306.62648,0.0385,0.29977,0.75066,0.22231
2030-05-08 11:00:00,5264.5286,0.03602,0.29977,0.7471,0.19169
2030-05-08 12:00:00,5222.43073,0.05102,0.29977,0.73478,0.19429
2030-05-08 13:00:00,5180.33285,0.03788,0.29977,0.73657,0.20416
2030-05-08 14:00:00,5138.23498,0.03946,0.29977,0.73098,0.28575
2030-05-08 15:00:00,5180.33285,0.02976,0.29977,0.74063,0.19216
2030-05-08 16:00:00,5390.82223,0.02962,0.29977,0.7647,0.14302
2030-05-08 17:00:00,5643.40948,0.02484,0.37471,0.7959,0.11366
2030-05-08 18:00:00,5643.40948,0.02908,0.37471,0.79377,0.08921
2030-05-08 19:00:00,5475.01798,0.04065,0.37471,0.76878,0.04169
2030-05-08 20:00:00,5264.5286,0.02197,0.37471,0.75414,0.00045
2030-05-08 21:00:00,5054.03923,0.02284,0.29977,0.72971,0.0
2030-05-08 22:00:00,4843.54985,0.02351,0.29977,0.70537,0.0
2030-05-08 23:00:00,4633.06048,0.01723,0.29977,0.68452,0.0
2030-05-09 00:00:00,4446.7232,0.01462,0.29224,0.66459,0.0
2030-05-09 01:00:00,4321.17731,0.00857,0.29224,0.6533,0.0
2030-05-09 02:00:00,4237.48006,0.00772,0.29224,0.64419,0.0
2030-05-09 03:00:00,4195.63143,0.01239,0.29224,0.63708,0.0
2030-05-09 04:00:00,4195.63143,0.00878,0.29224,0.63889,0.0
2030-05-09 05:00:00,4279.32869,0.00466,0.29224,0.65049,0.00795
2030-05-09 06:00:00,4530.42045,0.00427,0.29224,0.67931,0.0332
2030-05-09 07:00:00,4907.0581,0.00603,0.29224,0.72137,0.06854
2030-05-09 08:00:00,5199.9985,0.00858,0.29224,0.75349,0.15084
2030-05-09 09:00:00,5283.69575,0.01197,0.29224,0.76134,0.22661
2030-05-09 10:00:00,5283.69575,0.03048,0.29224,0.75206,0.23417
2030-05-09 11:00:00,5241.84713,0.01491,0.29224,0.75509,0.27995
2030-05-09 12:00:00,5199.9985,0.01655,0.29224,0.7495,0.31846
2030-05-09 13:00:00,5158.14987,0.01107,0.29224,0.74747,0.33688
2030-05-09 14:00:00,5116.30124,0.01209,0.29224,0.74219,0.28301
2030-05-09 15:00:00,5158.14987,0.03522,0.29224,0.73537,0.22736
2030-05-09 16:00:00,5367.39301,0.07817,0.29224,0.73771,0.18377
2030-05-09 17:00:00,5618.48478,0.0588,0.3653,0.77604,0.1208
2030-05-09 18:00:00,5618.48478,0.10128,0.3653,0.75476,0.10165
2030-05-09 19:00:00,5451.09026,0.16236,0.3653,0.70507,0.0391
2030-05-09 20:00:00,5241.84713,0.21055,0.3653,0.65707,0.00123
2030-05-09 21:00:00,5032.60399,0.15479,0.29224,0.66115,0.0
2030-05-09 22:00:00,4823.36085,0.18758,0.29224,0.62087,0.0
2030-05-09 23:00:00,4614.11771,0.12032,0.29224,0.63071,0.0
2030-05-10 00:00:00,4340.74614,0.1288,0.28476,0.5953,0.0
2030-05-10 01:00:00,4219.61597,0.12065,0.28476,0.58557,0.0
2030-05-10 02:00:00,4138.86252,0.09129,0.28476,0.59107,0.0
2030-05-10 03:00:00,4098.48579,0.0875,0.28476,0.58837,0.0
2030-05-10 04:00:00,4098.48579,0.10508,0.28476,0.57956,0.0
2030-05-10 05:00:00,4179.23924,0.17081,0.28476,0.55584,0.01021
2030-05-10 06:00:00,4421.49959,0.12711,0.28476,0.60535,0.0504
2030-05-10 07:00:00,4784.89011,0.12064,0.28476,0.65002,0.18466
2030-05-10 08:00:00,5067.52717,0.15536,0.28476,0.66485,0.30714
2030-05-10 09:00:00,5148.28062,0.11721,0.28476,0.69317,0.35936
2030-05-10 10:00:00,5148.28062,0.07213,0.28476,0.71576,0.41924
2030-05-10 11:00:00,5107.9039,0.07012,0.28476,0.71216,0.45277
2030-05-10 12:00:00,5067.52717,0.09798,0.28476,0.6936,0.49492
2030-05-10 13:00:00,5027.15045,0.09048,0.28476,0.69275,0.49674
2030-05-10 14:00:00,4986.77373,0.06794,0.28476,0.69944,0.46554
2030-05-10 15:00:00,5027.15045,0.05309,0.28476,0.71148,0.44872
2030-05-10 16:00:00,5229.03407,0.07065,0.28476,0.7257,0.31406
2030-05-10 17:00:00,5471.29442,0.04664,0.35595,0.76535,0.22045
2030-05-10 18:00:00,5471.29442,0.0804,0.35595,0.74844,0.11269
2030-05-10 19:00:00,5309.78752,0.0488,0.35595,0.74585,0.04257
2030-05-10 20:00:00,5107.9039,0.09459,0.35595,0.6999,0.00234
2030-05-10 21:00:00,4906.02028,0.14101,0.28476,0.65362,0.0
2030-05-10 22:00:00,4704.13666,0.13049,0.28476,0.63588,0.0
2030-05-10 23:00:00,4502.25304,0.07193,0.28476,0.6422,0.0
2030-05-11 00:00:00,3976.90052,0.08154,0.27734,0.57749,0.0
2030-05-11 01:00:00,3870.93058,0.12098,0.27734,0.54565,0.0
2030-05-11 02:00:00,3800.28396,0.19165,0.27734,0.50219,0.0
2030-05-11 03:00:00,3764.96064,0.12933,0.27734,0.52939,0.0
2030-05-11 04:00:00,3764.96064,0.10376,0.27734,0.5422,0.0
2030-05-11 05:00:00,3835.60727,0.11153,0.27734,0.54636,0.0121
2030-05-11 06:00:00,4047.54715,0.09368,0.27734,0.57947,0.0514
2030-05-11 07:00:00,4365.45696,0.10714,0.27734,0.60896,0.09725
2030-05-11 08:00:00,4612.72015,0.05217,0.27734,0.6647,0.19427
2030-05-11 09:00:00,4683.36678,0.05244,0.27734,0.67261,0.33183
2030-05-11 10:00:00,4683.36678,0.04936,0.27734,0.67416,0.36088
2030-05-11 11:00:00,4648.04346,0.06079,0.27734,0.66441,0.47493
2030-05-11 12:00:00,4612.72015,0.06867,0.27734,0.65643,0.47475
2030-05-11 13:00:00,4577.39684,0.06377,0.27734,0.65486,0.43575
2030-05-11 14:00:00,4542.07352,0.05652,0.27734,0.65446,0.38277
2030-05-11 15:00:00,4577.39684,0.0489,0.27734,0.66231,0.32074
2030-05-11 16:00:00,4754.0134,0.04774,0.27734,0.68302,0.25974
2030-05-11 17:00:00,4965.95328,0.03519,0.34668,0.71348,0.22594
2030-05-11 18:00:00,4965.95328,0.02467,0.34668,0.71875,0.12002
2030-05-11 19:00:00,4824.66003,0.01817,0.34668,0.7059,0.03884
2030-05-11 20:00:00,4648.04346,0.01522,0.34668,0.68724,0.00349
2030-05-11 21:00:00,4471.4269,0.0202,0.27734,0.66461,0.0
2030-05-11 22:00:00,4294.81034,0.02398,0.27734,0.64258,0.0
2030-05-11 23:00:00,4118.19377,0.01914,0.27734,0.62487,0.0
2030-05-12 00:00:00,3856.37105,0.02101,0.26998,0.59408,0.0
2030-05-12 01:00:00,3755.42318,0.02556,0.26998,0.58029,0.0
2030-05-12 02:00:00,3688.12459,0.04601,0.26998,0.56237,0.0
2030-05-12 03:00:00,3654.4753,0.05916,0.26998,0.55195,0.0
2030-05-12 04:00:00,3654.4753,0.09159,0.26998,0.5357,0.0
2030-05-12 05:00:00,3721.77388,0.07656,0.26998,0.5509,0.01288
2030-05-12 06:00:00,3923.66964,0.06725,0.26998,0.57858,0.05821
2030-05-12 07:00:00,4226.51327,0.07514,0.26998,0.60916,0.1338
2030-05-12 08:00:00,4462.05832,0.08133,0.26998,0.63291,0.23438
2030-05-12 09:00:00,4529.3569,0.05875,0.26998,0.6519,0.29972
2030-05-12 10:00:00,4529.3569,0.05385,0.26998,0.65435,0.41867
2030-05-12 11:00:00,4495.70761,0.03527,0.26998,0.65982,0.44467
2030-05-12 12:00:00,4462.05832,0.04866,0.26998,0.64928,0.39563
2030-05-12 13:00:00,4428.40903,0.02326,0.26998,0.65817,0.3479
2030-05-12 14:00:00,4394.75973,0.02477,0.26998,0.65357,0.30611
2030-05-12 15:00:00,4428.40903,0.02579,0.26998,0.6569,0.22837
2030-05-12 16:00:00,4596.65549,0.01616,0.26998,0.6809,0.23462
2030-05-12 17:00:00,4798.55124,0.01815,0.33747,0.70293,0.23644
2030-05-12 18:00:00,4798.55124,0.01876,0.33747,0.70262,0.12465
2030-05-12 19:00:00,4663.95407,0.01435,0.33747,0.68949,0.04982
2030-05-12 20:00:00,4495.70761,0.01033,0.33747,0.67232,0.00435
2030-05-12 21:00:00,4327.46115,0.01018,0.26998,0.65321,0.0
2030-05-12 22:00:00,4159.21469,0.01355,0.26998,0.63234,0.0
2030-05-12 23:00:00,3990.96822,0.01273,0.26998,0.61357,0.0
2030-05-13 00:00:00,4222.0185,0.01842,0.26267,0.63707,0.0
2030-05-13 01:00:00,4105.83531,0.01151,0.26267,0.62728,0.0
2030-05-13 02:00:00,4028.37985,0.00968,0.26267,0.61936,0.0
2030-05-13 03:00:00,3989.65212,0.01227,0.26267,0.61366,0.0
2030-05-13 04:00:00,3989.65212,0.00605,0.26267,0.61677,0.0
2030-05-13 05:00:00,4067.10758,0.00894,0.26267,0.62415,0.01465
2030-05-13 06:00:00,4299.47395,0.00764,0.26267,0.65129,0.0614
2030-05-13 07:00:00,4648.02352,0.01632,0.26267,0.68669,0.14087
2030-05-13 08:00:00,4919.11762,0.01907,0.26267,0.71621,0.19886
2030-05-13 09:00:00,4996.57308,0.0187,0.26267,0.72523,0.23947
2030-05-13 10:00:00,4996.57308,0.02131,0.26267,0.72392,0.2619
2030-05-13 11:00:00,4957.84535,0.0191,0.26267,0.72061,0.31591
2030-05-13 12:00:00,4919.11762,0.01403,0.26267,0.71874,0.34476
2030-05-13 13:00:00,4880.38989,0.03378,0.26267,0.70443,0.36466
2030-05-13 14:00:00,4841.66216,0.02969,0.26267,0.70206,0.36743
2030-05-13 15:00:00,4880.38989,0.02657,0.26267,0.70804,0.31071
2030-05-13 16:00:00,5074.02854,0.02719,0.26267,0.72981,0.3075
2030-05-13 17:00:00,5306.39491,0.03531,0.32834,0.75223,0.19567
2030-05-13 18:00:00,5306.39491,0.01729,0.32834,0.76126,0.12509
2030-05-13 19:00:00,5151.48399,0.01951,0.32834,0.74248,0.05172
2030-05-13 20:00:00,4957.84535,0.01877,0.32834,0.72078,0.00541
2030-05-13 21:00:00,4764.2067,0.04023,0.26267,0.68795,0.0
2030-05-13 22:00:00,4570.56806,0.04211,0.26267,0.66493,0.0
2030-05-13 23:00:00,4376.92941,0.04015,0.26267,0.64384,0.0
2030-05-14 00:00:00,4260.97849,0.0263,0.25543,0.63756,0.0
2030-05-14 01:00:00,4143.17197,0.01746,0.25543,0.62855,0.0
2030-05-14 02:00:00,4064.63429,0.02699,0.25543,0.61483,0.0
2030-05-14 03:00:00,4025.36545,0.01899,0.25543,0.61436,0.0
2030-05-14 04:00:00,4025.36545,0.04218,0.25543,0.60274,0.0
2030-05-14 05:00:00,4103.90313,0.02446,0.25543,0.62057,0.00806
2030-05-14 06:00:00,4339.51618,0.0269,0.25543,0.64621,0.03668
2030-05-14 07:00:00,4692.93574,0.06631,0.25543,0.66676,0.07684
2030-05-14 08:00:00,4967.81762,0.06254,0.25543,0.69998,0.10996
2030-05-14 09:00:00,5046.3553,0.06268,0.25543,0.70887,0.17097
2030-05-14 10:00:00,5046.3553,0.0991,0.25543,0.69062,0.24012
2030-05-14 11:00:00,5007.08646,0.17405,0.25543,0.64859,0.26426
2030-05-14 12:00:00,4967.81762,0.15059,0.25543,0.65587,0.2939
2030-05-14 13:00:00,4928.54878,0.13449,0.25543,0.65946,0.28842
2030-05-14 14:00:00,4889.27994,0.13802,0.25543,0.65321,0.25909
2030-05-14 15:00:00,4928.54878,0.15656,0.25543,0.6484,0.12625
2030-05-14 16:00:00,5124.89298,0.13233,0.25543,0.68293,0.14817
2030-05-14 17:00:00,5360.50602,0.19824,0.31929,0.67677,0.10974
2030-05-14 18:00:00,5360.50602,0.18497,0.31929,0.68341,0.08736
2030-05-14 19:00:00,5203.43066,0.15033,0.31929,0.68286,0.04111
2030-05-14 20:00:00,5007.08646,0.21499,0.31929,0.62808,0.00693
2030-05-14 21:00:00,4810.74226,0.25072,0.25543,0.58779,0.0
2030-05-14 22:00:00,4614.39806,0.22994,0.25543,0.57582,0.0
2030-05-14 23:00:00,4418.05386,0.17465,0.25543,0.58114,0.0
2030-05-15 00:00:00,4256.49135,0.17543,0.24825,0.56233,0.0
2030-05-15 01:00:00,4138.87179,0.13133,0.24825,0.57101,0.0
2030-05-15 02:00:00,4060.45875,0.12387,0.24825,0.56581,0.0
2030-05-15 03:00:00,4021.25223,0.16175,0.24825,0.54236,0.0
2030-05-15 04:00:00,4021.25223,0.14029,0.24825,0.55312,0.0
2030-05-15 05:00:00,4099.66527,0.14708,0.24825,0.55865,0.01398
2030-05-15 06:00:00,4334.90438,0.14209,0.24825,0.58797,0.04266
2030-05-15 07:00:00,4687.76305,0.17986,0.24825,0.60928,0.07647
2030-05-15 08:00:00,4962.20868,0.19071,0.24825,0.63513,0.06995
2030-05-15 09:00:00,5040.62172,0.21921,0.24825,0.62979,0.06733
2030-05-15 10:00:00,5040.62172,0.22407,0.24825,0.62736,0.08029
2030-05-15 11:00:00,5001.4152,0.1809,0.24825,0.64451,0.15239
2030-05-15 12:00:00,4962.20868,0.23438,0.24825,0.61325,0.19958
2030-05-15 13:00:00,4923.00217,0.21527,0.24825,0.61835,0.15458
2030-05-15 14:00:00,4883.79565,0.16264,0.24825,0.64025,0.13563
2030-05-15 15:00:00,4923.00217,0.14622,0.24825,0.65295,0.17626
2030-05-15 16:00:00,5119.03476,0.0889,0.24825,0.70402,0.19728
2030-05-15 17:00:00,5354.27387,0.06418,0.31031,0.74322,0.15198
2030-05-15 18:00:00,5354.27387,0.05553,0.31031,0.74755,0.10847
2030-05-15 19:00:00,5197.4478,0.06349,0.31031,0.72569,0.04642
2030-05-15 20:00:00,5001.4152,0.08695,0.31031,0.69159,0.00593
2030-05-15 21:00:00,4805.38261,0.10997,0.24825,0.6577,0.0
2030-05-15 22:00:00,4609.35002,0.08024,0.24825,0.65025,0.0
2030-05-15 23:00:00,4413.31742,0.05366,0.24825,0.64122,0.0
2030-05-16 00:00:00,4166.53788,0.04291,0.24114,0.61847,0.0
2030-05-16 01:00:00,4052.66638,0.04997,0.24114,0.60195,0.0
2030-05-16 02:00:00,3976.75205,0.04023,0.24114,0.59817,0.0
2030-05-16 03:00:00,3938.79489,0.02544,0.24114,0.60126,0.0
2030-05-16 04:00:00,3938.79489,0.04457,0.24114,0.59167,0.0
2030-05-16 05:00:00,4014.70922,0.04663,0.24114,0.59929,0.01579
2030-05-16 06:00:00,4242.45221,0.09248,0.24114,0.60229,0.04736
2030-05-16 07:00:00,4584.06669,0.09526,0.24114,0.63984,0.07209
2030-05-16 08:00:00,4849.76685,0.04661,0.24114,0.69451,0.13355
2030-05-16 09:00:00,4925.68118,0.05925,0.24114,0.69683,0.16216
2030-05-16 10:00:00,4925.68118,0.04359,0.24114,0.70467,0.18497
2030-05-16 11:00:00,4887.72401,0.06173,0.24114,0.69126,0.24652
2030-05-16 12:00:00,4849.76685,0.07899,0.24114,0.67828,0.28526
2030-05-16 13:00:00,4811.80968,0.07682,0.24114,0.67505,0.32349
2030-05-16 14:00:00,4773.85252,0.06278,0.24114,0.67775,0.30016
2030-05-16 15:00:00,4811.80968,0.05204,0.24114,0.68746,0.38107
2030-05-16 16:00:00,5001.59551,0.09355,0.24114,0.6883,0.32406
2030-05-16 17:00:00,5229.3385,0.06496,0.30142,0.72859,0.25234
2030-05-16 18:00:00,5229.3385,0.07066,0.30142,0.72573,0.16093
2030-05-16 19:00:00,5077.50984,0.05302,0.30142,0.71726,0.05583
2030-05-16 20:00:00,4887.72401,0.03425,0.30142,0.70503,0.00885
2030-05-16 21:00:00,4697.93819,0.04303,0.24114,0.67899,0.0
2030-05-16 22:00:00,4508.15236,0.06037,0.24114,0.64866,0.0
2030-05-16 23:00:00,4318.36654,0.10617,0.24114,0.60408,0.0
2030-05-17 00:00:00,4159.45744,0.143,0.23409,0.56751,0.0
2030-05-17 01:00:00,4045.88097,0.15919,0.23409,0.54645,0.0
2030-05-17 02:00:00,3970.16332,0.19215,0.23409,0.5213,0.0
2030-05-17 03:00:00,3932.30449,0.29747,0.23409,0.46422,0.0
2030-05-17 04:00:00,3932.30449,0.26276,0.23409,0.48161,0.0
2030-05-17 05:00:00,4008.02214,0.24002,0.23409,0.50164,0.01521
2030-05-17 06:00:00,4235.1751,0.16193,0.23409,0.56666,0.06263
2030-05-17 07:00:00,4575.90453,0.21316,0.23409,0.57984,0.17855
2030-05-17 08:00:00,4840.91631,0.219,0.23409,0.60712,0.27234
2030-05-17 09:00:00,4916.63396,0.13588,0.23409,0.6574,0.28863
2030-05-17 10:00:00,4916.63396,0.16107,0.23409,0.64478,0.31453
2030-05-17 11:00:00,4878.77513,0.23663,0.23409,0.60261,0.36265
2030-05-17 12:00:00,4840.91631,0.18641,0.23409,0.62345,0.2925
2030-05-17 13:00:00,4803.05748,0.11416,0.23409,0.65534,0.21466
2030-05-17 14:00:00,4765.19865,0.06581,0.23409,0.67525,0.32949
2030-05-17 15:00:00,4803.05748,0.0726,0.23409,0.67616,0.23418
2030-05-17 16:00:00,4992.35161,0.09856,0.23409,0.68474,0.27568
2030-05-17 17:00:00,5219.50456,0.14099,0.29262,0.68937,0.24347
2030-05-17 18:00:00,5219.50456,0.08278,0.29262,0.71854,0.13385
2030-05-17 19:00:00,5068.06926,0.05815,0.29262,0.71361,0.061
2030-05-17 20:00:00,4878.77513,0.06267,0.29262,0.68977,0.01135
2030-05-17 21:00:00,4689.481,0.03645,0.23409,0.68132,0.0
2030-05-17 22:00:00,4500.18687,0.03111,0.23409,0.66242,0.0
2030-05-17 23:00:00,4310.89275,0.04358,0.23409,0.63459,0.0
2030-05-18 00:00:00,3853.76945,0.04007,0.22712,0.58423,0.0
2030-05-18 01:00:00,3752.92998,0.02584,0.22712,0.57987,0.0
2030-05-18 02:00:00,3685.70366,0.02883,0.22712,0.5707,0.0
2030-05-18 03:00:00,3652.0905,0.01857,0.22712,0.57201,0.0
2030-05-18 04:00:00,3652.0905,0.01734,0.22712,0.57263,0.0
2030-05-18 05:00:00,3719.31682,0.01885,0.22712,0.57954,0.01644
2030-05-18 06:00:00,3920.99577,0.01294,0.22712,0.60549,0.04788
2030-05-18 07:00:00,4223.5142,0.02211,0.22712,0.63539,0.0846
2030-05-18 08:00:00,4458.80632,0.0229,0.22712,0.66181,0.09295
2030-05-18 09:00:00,4526.03263,0.01866,0.22712,0.67161,0.14457
2030-05-18 10:00:00,4526.03263,0.02447,0.22712,0.66869,0.21285
2030-05-18 11:00:00,4492.41948,0.01317,0.22712,0.67052,0.25124
2030-05-18 12:00:00,4458.80632,0.00903,0.22712,0.66876,0.24989
2030-05-18 13:00:00,4425.19316,0.01564,0.22712,0.66162,0.21818
2030-05-18 14:00:00,4391.58,0.02422,0.22712,0.65349,0.20924
2030-05-18 15:00:00,4425.19316,0.03438,0.22712,0.65223,0.20919
2030-05-18 16:00:00,4593.25895,0.04021,0.22712,0.66847,0.22872
2030-05-18 17:00:00,4794.93791,0.05648,0.2839,0.68331,0.17323
2030-05-18 18:00:00,4794.93791,0.02212,0.2839,0.70052,0.15155
2030-05-18 19:00:00,4660.48527,0.01312,0.2839,0.68971,0.04697
2030-05-18 20:00:00,4492.41948,0.01732,0.2839,0.66844,0.00975
2030-05-18 21:00:00,4324.35368,0.02053,0.22712,0.64767,0.0
2030-05-18 22:00:00,4156.28788,0.02016,0.22712,0.6287,0.0
2030-05-18 23:00:00,3988.22209,0.03139,0.22712,0.60391,0.0
2030-05-19 00:00:00,3845.95788,0.03543,0.22022,0.58566,0.0
2030-05-19 01:00:00,3745.44388,0.01465,0.22022,0.58462,0.0
2030-05-19 02:00:00,3678.43455,0.00944,0.22022,0.57959,0.0
2030-05-19 03:00:00,3644.92989,0.02314,0.22022,0.56891,0.0
2030-05-19 04:00:00,3644.92989,0.02037,0.22022,0.57029,0.0
2030-05-19 05:00:00,3711.93922,0.03589,0.22022,0.57016,0.01801
2030-05-19 06:00:00,3912.96721,0.02179,0.22022,0.60014,0.05111
2030-05-19 07:00:00,4214.50919,0.02164,0.22022,0.6346,0.09542
2030-05-19 08:00:00,4449.04185,0.01192,0.22022,0.6662,0.15641
2030-05-19 09:00:00,4516.05118,0.01681,0.22022,0.67139,0.20434
2030-05-19 10:00:00,4516.05118,0.01547,0.22022,0.67207,0.1788
2030-05-19 11:00:00,4482.54651,0.02228,0.22022,0.66483,0.20784
2030-05-19 12:00:00,4449.04185,0.02711,0.22022,0.65859,0.20904
2030-05-19 13:00:00,4415.53718,0.05632,0.22022,0.64014,0.22272
2030-05-19 14:00:00,4382.03252,0.08447,0.22022,0.62221,0.32298
2030-05-19 15:00:00,4415.53718,0.05976,0.22022,0.63841,0.29561
2030-05-19 16:00:00,4583.06051,0.05178,0.22022,0.66151,0.23149
2030-05-19 17:00:00,4784.0885,0.02486,0.27527,0.69792,0.09617
2030-05-19 18:00:00,4784.0885,0.02827,0.27527,0.69621,0.06481
2030-05-19 19:00:00,4650.06984,0.024,0.27527,0.68307,0.03249
2030-05-19 20:00:00,4482.54651,0.03391,0.27527,0.659,0.011
2030-05-19 21:00:00,4315.02319,0.044,0.22022,0.63485,0.0
2030-05-19 22:00:00,4147.49986,0.0689,0.22022,0.60328,0.0
2030-05-19 23:00:00,3979.97654,0.07117,0.22022,0.58304,0.0
2030-05-20 00:00:00,4216.08963,0.12721,0.21339,0.58188,0.0
2030-05-20 01:00:00,4100.15348,0.10113,0.21339,0.58173,0.0
2030-05-20 02:00:00,4022.86271,0.08848,0.21339,0.57926,0.0
2030-05-20 03:00:00,3984.21733,0.11214,0.21339,0.56299,0.0
2030-05-20 04:00:00,3984.21733,0.10093,0.21339,0.56861,0.0
2030-05-20 05:00:00,4061.50809,0.14179,0.21339,0.55695,0.02454
2030-05-20 06:00:00,4293.3804,0.16442,0.21339,0.57205,0.06839
2030-05-20 07:00:00,4641.18885,0.12633,0.21339,0.63078,0.11497
2030-05-20 08:00:00,4911.70654,0.08403,0.21339,0.68282,0.10787
2030-05-20 09:00:00,4988.9973,0.08357,0.21339,0.69186,0.12784
2030-05-20 10:00:00,4988.9973,0.06125,0.21339,0.70304,0.24991
2030-05-20 11:00:00,4950.35192,0.05308,0.21339,0.70273,0.24819
2030-05-20 12:00:00,4911.70654,0.049,0.21339,0.70037,0.38068
2030-05-20 13:00:00,4873.06115,0.07031,0.21339,0.68529,0.31648
2030-05-20 14:00:00,4834.41577,0.06944,0.21339,0.68132,0.30841
2030-05-20 15:00:00,4873.06115,0.04245,0.21339,0.69925,0.28998
2030-05-20 16:00:00,5066.28807,0.03391,0.21339,0.72556,0.17474
2030-05-20 17:00:00,5298.16037,0.03818,0.26674,0.74985,0.10906
2030-05-20 18:00:00,5298.16037,0.04884,0.26674,0.74451,0.10839
2030-05-20 19:00:00,5143.57884,0.06524,0.26674,0.71867,0.05686
2030-05-20 20:00:00,4950.35192,0.05864,0.26674,0.69995,0.01196
2030-05-20 21:00:00,4757.125,0.05736,0.21339,0.67856,0.0
2030-05-20 22:00:00,4563.89808,0.03314,0.21339,0.66866,0.0
2030-05-20 23:00:00,4370.67116,0.08223,0.21339,0.62204,0.0
2030-05-21 00:00:00,4237.52085,0.11564,0.20664,0.59012,0.0
2030-05-21 01:00:00,4120.69173,0.12121,0.20664,0.57401,0.0
2030-05-21 02:00:00,4042.80565,0.14012,0.20664,0.55566,0.0
2030-05-21 03:00:00,4003.86261,0.13303,0.20664,0.55477,0.0
2030-05-21 04:00:00,4003.86261,0.17956,0.20664,0.53146,0.0
2030-05-21 05:00:00,4081.74869,0.30875,0.20664,0.47561,0.02293
2030-05-21 06:00:00,4315.40693,0.28847,0.20664,0.51241,0.07051
2030-05-21 07:00:00,4665.89428,0.28613,0.20664,0.55354,0.13299
2030-05-21 08:00:00,4938.49556,0.3651,0.20664,0.54505,0.21476
2030-05-21 09:00:00,5016.38164,0.3892,0.20664,0.54186,0.15127
2030-05-21 10:00:00,5016.38164,0.3916,0.20664,0.54065,0.20558
2030-05-21 11:00:00,4977.4386,0.39232,0.20664,0.53585,0.17864
2030-05-21 12:00:00,4938.49556,0.45339,0.20664,0.50081,0.40131
2030-05-21 13:00:00,4899.55252,0.57355,0.20664,0.43617,0.33537
2030-05-21 14:00:00,4860.60948,0.5219,0.20664,0.45761,0.34591
2030-05-21 15:00:00,4899.55252,0.633,0.20664,0.40639,0.34494
2030-05-21 16:00:00,5094.26772,0.55631,0.20664,0.46701,0.26508
2030-05-21 17:00:00,5327.92596,0.55748,0.2583,0.49306,0.17233
2030-05-21 18:00:00,5327.92596,0.5942,0.2583,0.47466,0.14409
2030-05-21 19:00:00,5172.1538,0.52582,0.2583,0.49117,0.05395
2030-05-21 20:00:00,4977.4386,0.53632,0.2583,0.4637,0.01162
2030-05-21 21:00:00,4782.7234,0.53094,0.20664,0.4442,0.0
2030-05-21 22:00:00,4588.00821,0.52383,0.20664,0.42557,0.0
2030-05-21 23:00:00,4393.29301,0.42211,0.20664,0.45433,0.0
2030-05-22 00:00:00,4196.37164,0.38077,0.19997,0.45259,0.0
2030-05-22 01:00:00,4081.25707,0.43637,0.19997,0.41161,0.0
2030-05-22 02:00:00,4004.51402,0.43128,0.19997,0.40541,0.0
2030-05-22 03:00:00,3966.1425,0.46635,0.19997,0.38346,0.0
2030-05-22 04:00:00,3966.1425,0.49994,0.19997,0.36664,0.0
2030-05-22 05:00:00,4042.88554,0.51735,0.19997,0.36666,0.02509
2030-05-22 06:00:00,4273.11468,0.57549,0.19997,0.36378,0.07156
2030-05-22 07:00:00,4618.45839,0.56859,0.19997,0.40661,0.15576
2030-05-22 08:00:00,4887.05904,0.54115,0.19997,0.45098,0.20788
2030-05-22 09:00:00,4963.80209,0.58462,0.19997,0.43795,0.17942
2030-05-22 10:00:00,4963.80209,0.54933,0.19997,0.45563,0.23469
2030-05-22 11:00:00,4925.43057,0.59393,0.19997,0.42891,0.32548
2030-05-22 12:00:00,4887.05904,0.57355,0.19997,0.43474,0.37657
2030-05-22 13:00:00,4848.68752,0.5399,0.19997,0.44723,0.33502
2030-05-22 14:00:00,4810.316,0.48659,0.19997,0.46957,0.3065
2030-05-22 15:00:00,4848.68752,0.35948,0.19997,0.53763,0.26045
2030-05-22 16:00:00,5040.54514,0.29499,0.19997,0.59181,0.19651
2030-05-22 17:00:00,5270.77427,0.26404,0.24996,0.63357,0.09487
2030-05-22 18:00:00,5270.77427,0.27312,0.24996,0.62902,0.06028
2030-05-22 19:00:00,5117.28818,0.2905,0.24996,0.60281,0.04107
2030-05-22 20:00:00,4925.43057,0.13145,0.24996,0.66063,0.0155
2030-05-22 21:00:00,4733.57295,0.1303,0.19997,0.63933,0.0
2030-05-22 22:00:00,4541.71534,0.1587,0.19997,0.60323,0.0
2030-05-22 23:00:00,4349.85773,0.24373,0.19997,0.53875,0.0
2030-05-23 00:00:00,4261.05736,0.26523,0.19337,0.51786,0.0
2030-05-23 01:00:00,4143.24755,0.32823,0.19337,0.47286,0.0
2030-05-23 02:00:00,4064.70768,0.25916,0.19337,0.49851,0.0
2030-05-23 03:00:00,4025.43774,0.17072,0.19337,0.53834,0.0
2030-05-23 04:00:00,4025.43774,0.16142,0.19337,0.54301,0.0
2030-05-23 05:00:00,4103.97761,0.096,0.19337,0.58473,0.02396
2030-05-23 06:00:00,4339.59723,0.09002,0.19337,0.61459,0.07254
2030-05-23 07:00:00,4693.02665,0.06437,0.19337,0.66774,0.15031
2030-05-23 08:00:00,4967.9162,0.0503,0.19337,0.70613,0.23948
2030-05-23 09:00:00,5046.45607,0.05673,0.19337,0.71186,0.32778
2030-05-23 10:00:00,5046.45607,0.04946,0.19337,0.7155,0.25901
2030-05-23 11:00:00,5007.18613,0.06815,0.19337,0.70166,0.21947
2030-05-23 12:00:00,4967.9162,0.05062,0.19337,0.70597,0.24802
2030-05-23 13:00:00,4928.64626,0.05796,0.19337,0.69781,0.2713
2030-05-23 14:00:00,4889.37632,0.05723,0.19337,0.6937,0.20622
2030-05-23 15:00:00,4928.64626,0.03661,0.19337,0.70851,0.2488
2030-05-23 16:00:00,5124.99594,0.04452,0.19337,0.72693,0.15389
2030-05-23 17:00:00,5360.61555,0.03794,0.24172,0.75709,0.15435
2030-05-23 18:00:00,5360.61555,0.03328,0.24172,0.75943,0.07387
2030-05-23 19:00:00,5203.53581,0.01974,0.24172,0.7483,0.03639
2030-05-23 20:00:00,5007.18613,0.01471,0.24172,0.72843,0.01047
2030-05-23 21:00:00,4810.83645,0.01221,0.19337,0.7073,0.0
2030-05-23 22:00:00,4614.48678,0.01023,0.19337,0.68591,0.0
2030-05-23 23:00:00,4418.1371,0.02625,0.19337,0.6555,0.0
2030-05-24 00:00:00,4254.72423,0.01822,0.18686,0.64089,0.0
2030-05-24 01:00:00,4137.1783,0.02019,0.18686,0.6265,0.0
2030-05-24 02:00:00,4058.81435,0.0212,0.18686,0.61707,0.0
2030-05-24 03:00:00,4019.63237,0.02966,0.18686,0.60836,0.0
2030-05-24 04:00:00,4019.63237,0.0294,0.18686,0.60849,0.0
2030-05-24 05:00:00,4097.99632,0.03771,0.18686,0.61326,0.01711
2030-05-24 06:00:00,4333.08818,0.03269,0.18686,0.64257,0.04259
2030-05-24 07:00:00,4685.72596,0.01785,0.18686,0.69021,0.05238
2030-05-24 08:00:00,4959.99978,0.00828,0.18686,0.72628,0.08009
2030-05-24 09:00:00,5038.36373,0.01804,0.18686,0.73032,0.10719
2030-05-24 10:00:00,5038.36373,0.03092,0.18686,0.72387,0.10016
2030-05-24 11:00:00,4999.18176,0.02275,0.18686,0.7235,0.10799
2030-05-24 12:00:00,4959.99978,0.0213,0.18686,0.71976,0.1151
2030-05-24 13:00:00,4920.81781,0.01891,0.18686,0.71649,0.13556
2030-05-24 14:00:00,4881.63583,0.01506,0.18686,0.71395,0.16027
2030-05-24 15:00:00,4920.81781,0.01247,0.18686,0.71971,0.14926
2030-05-24 16:00:00,5116.72768,0.01227,0.18686,0.74215,0.15007
2030-05-24 17:00:00,5351.81954,0.03198,0.23358,0.75908,0.11681
2030-05-24 18:00:00,5351.81954,0.02305,0.23358,0.76355,0.08752
2030-05-24 19:00:00,5195.09164,0.03917,0.23358,0.7376,0.05357
2030-05-24 20:00:00,4999.18176,0.06239,0.23358,0.70363,0.01322
2030-05-24 21:00:00,4803.27188,0.03769,0.18686,0.69368,0.0
2030-05-24 22:00:00,4607.362,0.08512,0.18686,0.64758,0.0
2030-05-24 23:00:00,4411.45213,0.1732,0.18686,0.58111,0.0
2030-05-25 00:00:00,3963.22718,0.16427,0.18044,0.53449,0.0
2030-05-25 01:00:00,3857.82697,0.1678,0.18044,0.5207,0.0
2030-05-25 02:00:00,3787.56016,0.27487,0.18044,0.45904,0.0
2030-05-25 03:00:00,3752.42675,0.23673,0.18044,0.47415,0.0
2030-05-25 04:00:00,3752.42675,0.25956,0.18044,0.46271,0.0
2030-05-25 05:00:00,3822.69356,0.22096,0.18044,0.49006,0.02002
2030-05-25 06:00:00,4033.494,0.16245,0.18044,0.54341,0.05041
2030-05-25 07:00:00,4349.69464,0.16146,0.18044,0.57995,0.06465
2030-05-25 08:00:00,4595.62848,0.14869,0.18044,0.61439,0.0705
2030-05-25 09:00:00,4665.89529,0.17309,0.18044,0.61017,0.0761
2030-05-25 10:00:00,4665.89529,0.23043,0.18044,0.58145,0.192
2030-05-25 11:00:00,4630.76189,0.18514,0.18044,0.60013,0.34505
2030-05-25 12:00:00,4595.62848,0.19538,0.18044,0.59099,0.1959
2030-05-25 13:00:00,4560.49508,0.13439,0.18044,0.61755,0.23312
2030-05-25 14:00:00,4525.36167,0.15515,0.18044,0.60314,0.23927
2030-05-25 15:00:00,4560.49508,0.27153,0.18044,0.54883,0.2661
2030-05-25 16:00:00,4736.1621,0.24341,0.18044,0.58295,0.19195
2030-05-25 17:00:00,4946.96254,0.18642,0.22555,0.63554,0.15284
2030-05-25 18:00:00,4946.96254,0.18809,0.22555,0.6347,0.11469
2030-05-25 19:00:00,4806.42891,0.23827,0.22555,0.59354,0.04686
2030-05-25 20:00:00,4630.76189,0.20971,0.22555,0.58782,0.0175
2030-05-25 21:00:00,4455.09486,0.21186,0.18044,0.56671,0.0
2030-05-25 22:00:00,4279.42783,0.36904,0.18044,0.46794,0.0
2030-05-25 23:00:00,4103.76081,0.24621,0.18044,0.50945,0.0
2030-05-26 00:00:00,3970.78696,0.19774,0.1741,0.51857,0.0
2030-05-26 01:00:00,3865.07175,0.26019,0.1741,0.47523,0.0
2030-05-26 02:00:00,3794.59495,0.1853,0.1741,0.50472,0.0
2030-05-26 03:00:00,3759.35654,0.14916,0.1741,0.51881,0.0
2030-05-26 04:00:00,3759.35654,0.15513,0.1741,0.51582,0.0
2030-05-26 05:00:00,3829.83335,0.18352,0.1741,0.50963,0.01932
2030-05-26 06:00:00,4041.26376,0.17175,0.1741,0.53964,0.05468
2030-05-26 07:00:00,4358.40938,0.24475,0.1741,0.53922,0.09251
2030-05-26 08:00:00,4605.0782,0.28126,0.1741,0.54904,0.10194
2030-05-26 09:00:00,4675.555,0.16972,0.1741,0.61296,0.18013
2030-05-26 10:00:00,4675.555,0.15531,0.1741,0.62018,0.22408
2030-05-26 11:00:00,4640.3166,0.1535,0.1741,0.61707,0.29752
2030-05-26 12:00:00,4605.0782,0.12422,0.1741,0.62772,0.4458
2030-05-26 13:00:00,4569.83979,0.09707,0.1741,0.63731,0.46821
2030-05-26 14:00:00,4534.60139,0.09217,0.1741,0.63575,0.45606
2030-05-26 15:00:00,4569.83979,0.13841,0.1741,0.6166,0.3599
2030-05-26 16:00:00,4746.03181,0.07944,0.1741,0.66623,0.20965
2030-05-26 17:00:00,4957.46222,0.05639,0.21762,0.70189,0.18016
2030-05-26 18:00:00,4957.46222,0.05636,0.21762,0.7019,0.08359
2030-05-26 19:00:00,4816.50861,0.05045,0.21762,0.68879,0.05025
2030-05-26 20:00:00,4640.3166,0.04576,0.21762,0.67105,0.01577
2030-05-26 21:00:00,4464.12459,0.03899,0.1741,0.65436,0.0
2030-05-26 22:00:00,4287.93258,0.03322,0.1741,0.63716,0.0
2030-05-26 23:00:00,4111.74057,0.03497,0.1741,0.6162,0.0
2030-05-27 00:00:00,4232.94789,0.0372,0.16785,0.6289,0.0
2030-05-27 01:00:00,4116.30931,0.03404,0.16785,0.61718,0.0
2030-05-27 02:00:00,4038.55026,0.04212,0.16785,0.60427,0.0
2030-05-27 03:00:00,3999.67073,0.0583,0.16785,0.59173,0.0
2030-05-27 04:00:00,3999.67073,0.0695,0.16785,0.58612,0.0
2030-05-27 05:00:00,4077.42978,0.05196,0.16785,0.60378,0.02434
2030-05-27 06:00:00,4310.70694,0.08597,0.16785,0.61333,0.06545
2030-05-27 07:00:00,4660.62268,0.08864,0.16785,0.65189,0.18609
2030-05-27 08:00:00,4932.77936,0.11078,0.16785,0.67182,0.26624
2030-05-27 09:00:00,5010.53842,0.16684,0.16785,0.6526,0.37773
2030-05-27 10:00:00,5010.53842,0.2285,0.16785,0.6217,0.35123
2030-05-27 11:00:00,4971.65889,0.17515,0.16785,0.644,0.35731
2030-05-27 12:00:00,4932.77936,0.23922,0.16785,0.60747,0.36747
2030-05-27 13:00:00,4893.89984,0.24429,0.16785,0.60049,0.41625
2030-05-27 14:00:00,4855.02031,0.12992,0.16785,0.65337,0.36824
2030-05-27 15:00:00,4893.89984,0.08104,0.16785,0.68229,0.3766
2030-05-27 16:00:00,5088.29747,0.06191,0.16785,0.71404,0.26507
2030-05-27 17:00:00,5321.57463,0.06312,0.20981,0.74002,0.17126
2030-05-27 18:00:00,5321.57463,0.09212,0.20981,0.7255,0.11575
2030-05-27 19:00:00,5166.05652,0.07741,0.20981,0.71514,0.05601
2030-05-27 20:00:00,4971.65889,0.05485,0.20981,0.70428,0.01759
2030-05-27 21:00:00,4777.26126,0.04245,0.16785,0.68833,0.0
2030-05-27 22:00:00,4582.86363,0.02827,0.16785,0.67327,0.0
2030-05-27 23:00:00,4388.46599,0.02145,0.16785,0.65452,0.0
2030-05-28 00:00:00,4276.5778,0.03016,0.16169,0.6374,0.0
2030-05-28 01:00:00,4158.12131,0.01785,0.16169,0.63007,0.0
2030-05-28 02:00:00,4079.15031,0.01191,0.16169,0.62404,0.0
2030-05-28 03:00:00,4039.66482,0.01265,0.16169,0.61917,0.0
2030-05-28 04:00:00,4039.66482,0.02142,0.16169,0.61477,0.0
2030-05-28 05:00:00,4118.63581,0.0274,0.16169,0.62078,0.02733
2030-05-28 06:00:00,4355.5488,0.01475,0.16169,0.65412,0.0656
2030-05-28 07:00:00,4710.91827,0.00919,0.16169,0.69743,0.11762
2030-05-28 08:00:00,4987.31675,0.00482,0.16169,0.73112,0.2201
2030-05-28 09:00:00,5066.28775,0.00312,0.16169,0.74098,0.31539
2030-05-28 10:00:00,5066.28775,0.00275,0.16169,0.74117,0.2862
2030-05-28 11:00:00,5026.80225,0.00336,0.16169,0.73636,0.32111
2030-05-28 12:00:00,4987.31675,0.00327,0.16169,0.7319,0.44377
2030-05-28 13:00:00,4947.83125,0.0036,0.16169,0.72724,0.42989
2030-05-28 14:00:00,4908.34576,0.0052,0.16169,0.72193,0.29484
2030-05-28 15:00:00,4947.83125,0.00645,0.16169,0.72581,0.19017
2030-05-28 16:00:00,5145.25874,0.0073,0.16169,0.74789,0.13487
2030-05-28 17:00:00,5382.17172,0.007,0.20211,0.77505,0.10105
2030-05-28 18:00:00,5382.17172,0.013,0.20211,0.77204,0.06963
2030-05-28 19:00:00,5224.22973,0.0089,0.20211,0.75609,0.05125
2030-05-28 20:00:00,5026.80225,0.01061,0.20211,0.73273,0.01768
2030-05-28 21:00:00,4829.37476,0.0137,0.16169,0.70867,0.0
2030-05-28 22:00:00,4631.94728,0.00994,0.16169,0.68805,0.0
2030-05-28 23:00:00,4434.51979,0.01105,0.16169,0.66498,0.0
2030-05-29 00:00:00,4177.78143,0.02471,0.15562,0.62887,0.0
2030-05-29 01:00:00,4063.44145,0.01792,0.15562,0.61924,0.0
2030-05-29 02:00:00,3987.2148,0.02115,0.15562,0.60893,0.0
2030-05-29 03:00:00,3949.10147,0.02352,0.15562,0.6034,0.0
2030-05-29 04:00:00,3949.10147,0.01814,0.15562,0.60609,0.0
2030-05-29 05:00:00,4025.32812,0.01417,0.15562,0.61677,0.02812
2030-05-29 06:00:00,4254.00808,0.03024,0.15562,0.63479,0.07021
2030-05-29 07:00:00,4597.028,0.02362,0.15562,0.67721,0.13379
2030-05-29 08:00:00,4863.82128,0.03271,0.15562,0.70308,0.2274
2030-05-29 09:00:00,4940.04793,0.04997,0.15562,0.70312,0.23015
2030-05-29 10:00:00,4940.04793,0.0388,0.15562,0.70871,0.26372
2030-05-29 11:00:00,4901.93461,0.03676,0.15562,0.70539,0.20013
2030-05-29 12:00:00,4863.82128,0.02702,0.15562,0.70593,0.34378
2030-05-29 13:00:00,4825.70796,0.03351,0.15562,0.69833,0.45709
2030-05-29 14:00:00,4787.59463,0.06685,0.15562,0.67728,0.53389
2030-05-29 15:00:00,4825.70796,0.09262,0.15562,0.66871,0.50699
2030-05-29 16:00:00,5016.27458,0.10071,0.15562,0.68639,0.29472
2030-05-29 17:00:00,5244.95454,0.18513,0.19452,0.67016,0.19749
2030-05-29 18:00:00,5244.95454,0.30234,0.19452,0.61143,0.1614
2030-05-29 19:00:00,5092.50123,0.38482,0.19452,0.55273,0.06542
2030-05-29 20:00:00,4901.93461,0.25909,0.19452,0.594,0.02103
2030-05-29 21:00:00,4711.36798,0.29494,0.15562,0.55431,0.0
2030-05-29 22:00:00,4520.80135,0.24873,0.15562,0.55573,0.0
2030-05-29 23:00:00,4330.23473,0.20177,0.15562,0.55754,0.0
2030-05-30 00:00:00,4228.76052,0.15807,0.14964,0.56786,0.0
2030-05-30 01:00:00,4112.29642,0.10925,0.14964,0.57905,0.0
2030-05-30 02:00:00,4034.65368,0.12278,0.14964,0.56341,0.0
2030-05-30 03:00:00,3995.83231,0.15349,0.14964,0.5436,0.0
2030-05-30 04:00:00,3995.83231,0.21501,0.14964,0.51278,0.0
2030-05-30 05:00:00,4073.47505,0.22331,0.14964,0.51747,0.02987
2030-05-30 06:00:00,4306.40326,0.23278,0.14964,0.53928,0.08394
2030-05-30 07:00:00,4655.79558,0.20489,0.14964,0.59309,0.15022
2030-05-30 08:00:00,4927.54516,0.23924,0.14964,0.60686,0.21312
2030-05-30 09:00:00,5005.18789,0.26221,0.14964,0.60421,0.3125
2030-05-30 10:00:00,5005.18789,0.20926,0.14964,0.63073,0.3889
2030-05-30 11:00:00,4966.36652,0.26698,0.14964,0.59739,0.54146
2030-05-30 12:00:00,4927.54516,0.31301,0.14964,0.5699,0.52958
2030-05-30 13:00:00,4888.72379,0.42284,0.14964,0.51044,0.55175
2030-05-30 14:00:00,4849.90242,0.25926,0.14964,0.58798,0.46394
2030-05-30 15:00:00,4888.72379,0.22176,0.14964,0.61119,0.3217
2030-05-30 16:00:00,5082.83063,0.29609,0.14964,0.59608,0.22335
2030-05-30 17:00:00,5315.75884,0.4197,0.18705,0.5607,0.17561
2030-05-30 18:00:00,5315.75884,0.46459,0.18705,0.53821,0.11366
2030-05-30 19:00:00,5160.47337,0.43535,0.18705,0.53516,0.06566
2030-05-30 20:00:00,4966.36652,0.29957,0.18705,0.58106,0.02324
2030-05-30 21:00:00,4772.25968,0.27447,0.14964,0.57151,0.0
2030-05-30 22:00:00,4578.15284,0.1642,0.14964,0.60462,0.0
2030-05-30 23:00:00,4384.046,0.1562,0.14964,0.58651,0.0
2030-05-31 00:00:00,4123.69504,0.10886,0.14376,0.58054,0.0
2030-05-31 01:00:00,4011.60867,0.10642,0.14376,0.56899,0.0
2030-05-31 02:00:00,3936.88442,0.09201,0.14376,0.56769,0.0
2030-05-31 03:00:00,3899.52229,0.13684,0.14376,0.54097,0.0
2030-05-31 04:00:00,3899.52229,0.11769,0.14376,0.55056,0.0
2030-05-31 05:00:00,3974.24654,0.18402,0.14376,0.52585,0.02561
2030-05-31 06:00:00,4198.4193,0.15078,0.14376,0.56806,0.07667
2030-05-31 07:00:00,4534.67843,0.20572,0.14376,0.57887,0.18149
2030-05-31 08:00:00,4796.21331,0.24599,0.14376,0.58851,0.28769
2030-05-31 09:00:00,4870.93756,0.27664,0.14376,0.58167,0.35141
2030-05-31 10:00:00,4870.93756,0.1996,0.14376,0.62027,0.47026
2030-05-31 11:00:00,4833.57543,0.1971,0.14376,0.61726,0.50154
2030-05-31 12:00:00,4796.21331,0.16361,0.14376,0.62978,0.63758
2030-05-31 13:00:00,4758.85118,0.14784,0.14376,0.63342,0.64746
2030-05-31 14:00:00,4721.48906,0.18633,0.14376,0.60988,0.5606
2030-05-31 15:00:00,4758.85118,0.21948,0.14376,0.59753,0.52667
2030-05-31 16:00:00,4945.66181,0.17223,0.14376,0.6425,0.33179
2030-05-31 17:00:00,5169.83456,0.14756,0.1797,0.68042,0.21366
2030-05-31 18:00:00,5169.83456,0.13956,0.1797,0.68442,0.15238
2030-05-31 19:00:00,5020.38606,0.16739,0.1797,0.65344,0.07077
2030-05-31 20:00:00,4833.57543,0.17588,0.1797,0.62789,0.0229
2030-05-31 21:00:00,4646.7648,0.2569,0.14376,0.566,0.0
2030-05-31 22:00:00,4459.95418,0.28989,0.14376,0.52818,0.0
2030-05-31 23:00:00,4273.14355,0.26018,0.14376,0.52176,0.0
2030-06-01 00:00:00,3722.36958,0.21175,0.13798,0.48323,0.0
2030-06-01 01:00:00,3627.0051,0.10273,0.13798,0.52698,0.0
2030-06-01 02:00:00,3563.42878,0.10155,0.13798,0.52033,0.0
2030-06-01 03:00:00,3531.64061,0.10265,0.13798,0.51615,0.0
2030-06-01 04:00:00,3531.64061,0.05833,0.13798,0.53836,0.0
2030-06-01 05:00:00,3595.21694,0.07662,0.13798,0.53644,0.02042
2030-06-01 06:00:00,3785.9459,0.07705,0.13798,0.55797,0.03723
2030-06-01 07:00:00,4072.03935,0.10385,0.13798,0.57716,0.05318
2030-06-01 08:00:00,4294.55647,0.07647,0.13798,0.61625,0.06981
2030-06-01 09:00:00,4358.1328,0.08735,0.13798,0.61805,0.11617
2030-06-01 10:00:00,4358.1328,0.07423,0.13798,0.62462,0.16184
2030-06-01 11:00:00,4326.34464,0.0699,0.13798,0.62316,0.19494
2030-06-01 12:00:00,4294.55647,0.07216,0.13798,0.61841,0.13155
2030-06-01 13:00:00,4262.76831,0.06664,0.13798,0.61755,0.12352
2030-06-01 14:00:00,4230.98015,0.03092,0.13798,0.63182,0.14958
2030-06-01 15:00:00,4262.76831,0.03347,0.13798,0.63417,0.1234
2030-06-01 16:00:00,4421.70912,0.02715,0.13798,0.65546,0.1148
2030-06-01 17:00:00,4612.43808,0.03274,0.17247,0.6744,0.06841
2030-06-01 18:00:00,4612.43808,0.04588,0.17247,0.66782,0.07567
2030-06-01 19:00:00,4485.28544,0.0535,0.17247,0.6495,0.04356
2030-06-01 20:00:00,4326.34464,0.06558,0.17247,0.62533,0.0144
2030-06-01 21:00:00,4167.40383,0.10191,0.13798,0.58901,0.0
2030-06-01 22:00:00,4008.46303,0.09896,0.13798,0.57237,0.0
2030-06-01 23:00:00,3849.52222,0.04191,0.13798,0.58283,0.0
2030-06-02 00:00:00,3822.75327,0.03933,0.13229,0.58107,0.0
2030-06-02 01:00:00,3723.20614,0.02408,0.13229,0.57736,0.0
2030-06-02 02:00:00,3656.84138,0.02618,0.13229,0.56874,0.0
2030-06-02 03:00:00,3623.659,0.02164,0.13229,0.56723,0.0
2030-06-02 04:00:00,3623.659,0.01746,0.13229,0.56933,0.0
2030-06-02 05:00:00,3690.02376,0.01692,0.13229,0.57717,0.03233
2030-06-02 06:00:00,3889.11803,0.01068,0.13229,0.60299,0.07926
2030-06-02 07:00:00,4187.75944,0.0105,0.13229,0.63712,0.13023
2030-06-02 08:00:00,4420.03609,0.01297,0.13229,0.66237,0.24945
2030-06-02 09:00:00,4486.40085,0.01007,0.13229,0.67139,0.24615
2030-06-02 10:00:00,4486.40085,0.0119,0.13229,0.67047,0.31199
2030-06-02 11:00:00,4453.21847,0.01761,0.13229,0.66383,0.31176
2030-06-02 12:00:00,4420.03609,0.01987,0.13229,0.65891,0.26329
2030-06-02 13:00:00,4386.85371,0.01557,0.13229,0.65728,0.32748
2030-06-02 14:00:00,4353.67133,0.02002,0.13229,0.65127,0.36863
2030-06-02 15:00:00,4386.85371,0.02042,0.13229,0.65485,0.28147
2030-06-02 16:00:00,4552.76561,0.00746,0.13229,0.68026,0.25949
2030-06-02 17:00:00,4751.85988,0.00588,0.16536,0.70375,0.19571
2030-06-02 18:00:00,4751.85988,0.01428,0.16536,0.69954,0.15595
2030-06-02 19:00:00,4619.13036,0.01865,0.16536,0.68222,0.07107
2030-06-02 20:00:00,4453.21847,0.02168,0.16536,0.66179,0.02517
2030-06-02 21:00:00,4287.30658,0.0164,0.13229,0.64552,0.0
2030-06-02 22:00:00,4121.39468,0.01567,0.13229,0.62697,0.0
2030-06-02 23:00:00,3955.48279,0.01658,0.13229,0.6076,0.0
2030-06-03 00:00:00,4080.99151,0.01026,0.12671,0.62507,0.0
2030-06-03 01:00:00,3970.68445,0.01525,0.12671,0.61,0.0
2030-06-03 02:00:00,3897.14641,0.01067,0.12671,0.60391,0.0
2030-06-03 03:00:00,3860.37739,0.01411,0.12671,0.598,0.0
2030-06-03 04:00:00,3860.37739,0.00949,0.12671,0.60031,0.0
2030-06-03 05:00:00,3933.91543,0.01671,0.12671,0.60507,0.03345
2030-06-03 06:00:00,4154.52955,0.0325,0.12671,0.62231,0.08209
2030-06-03 07:00:00,4485.45074,0.04882,0.12671,0.65186,0.13403
2030-06-03 08:00:00,4742.83389,0.09205,0.12671,0.65955,0.13167
2030-06-03 09:00:00,4816.37193,0.06309,0.12671,0.68244,0.14236
2030-06-03 10:00:00,4816.37193,0.09597,0.12671,0.66597,0.21055
2030-06-03 11:00:00,4779.60291,0.06945,0.12671,0.67507,0.13778
2030-06-03 12:00:00,4742.83389,0.08391,0.12671,0.66363,0.15244
2030-06-03 13:00:00,4706.06487,0.11845,0.12671,0.64213,0.12165
2030-06-03 14:00:00,4669.29585,0.09416,0.12671,0.65011,0.10891
2030-06-03 15:00:00,4706.06487,0.10385,0.12671,0.64944,0.13838
2030-06-03 16:00:00,4889.90997,0.07431,0.12671,0.68521,0.16772
2030-06-03 17:00:00,5110.5241,0.05345,0.15838,0.72081,0.15802
2030-06-03 18:00:00,5110.5241,0.03772,0.15838,0.72869,0.08729
2030-06-03 19:00:00,4963.44802,0.05891,0.15838,0.70131,0.05213
2030-06-03 20:00:00,4779.60291,0.04902,0.15838,0.6853,0.01601
2030-06-03 21:00:00,4595.75781,0.03724,0.12671,0.67024,0.0
2030-06-03 22:00:00,4411.9127,0.05984,0.12671,0.63796,0.0
2030-06-03 23:00:00,4228.0676,0.0715,0.12671,0.61116,0.0
2030-06-04 00:00:00,4103.90054,0.06998,0.12122,0.59776,0.0
2030-06-04 01:00:00,3992.63893,0.03942,0.12122,0.60039,0.0
2030-06-04 02:00:00,3918.46453,0.02319,0.12122,0.60006,0.0
2030-06-04 03:00:00,3881.37733,0.02189,0.12122,0.59649,0.0
2030-06-04 04:00:00,3881.37733,0.02324,0.12122,0.59581,0.0
2030-06-04 05:00:00,3955.55173,0.01952,0.12122,0.60614,0.03334
2030-06-04 06:00:00,4178.07494,0.02413,0.12122,0.62919,0.06625
2030-06-04 07:00:00,4511.85976,0.02899,0.12122,0.66481,0.12567
2030-06-04 08:00:00,4771.47018,0.03232,0.12122,0.69274,0.17749
2030-06-04 09:00:00,4845.64458,0.021,0.12122,0.70687,0.175
2030-06-04 10:00:00,4845.64458,0.0271,0.12122,0.70381,0.14545
2030-06-04 11:00:00,4808.55738,0.02456,0.12122,0.70086,0.14408
2030-06-04 12:00:00,4771.47018,0.01286,0.12122,0.70249,0.18068
2030-06-04 13:00:00,4734.38297,0.00701,0.12122,0.70119,0.12599
2030-06-04 14:00:00,4697.29577,0.00967,0.12122,0.69563,0.12841
2030-06-04 15:00:00,4734.38297,0.00342,0.12122,0.70299,0.15508
2030-06-04 16:00:00,4919.81898,0.0041,0.12122,0.72379,0.09624
2030-06-04 17:00:00,5142.3422,0.00663,0.15153,0.74789,0.11271
2030-06-04 18:00:00,5142.3422,0.00532,0.15153,0.74855,0.13036
2030-06-04 19:00:00,4993.99339,0.00351,0.15153,0.73254,0.07538
2030-06-04 20:00:00,4808.55738,0.00563,0.15153,0.71034,0.02606
2030-06-04 21:00:00,4623.12137,0.00795,0.12122,0.68804,0.0
2030-06-04 22:00:00,4437.68536,0.00852,0.12122,0.66661,0.0
2030-06-04 23:00:00,4252.24935,0.00317,0.12122,0.64815,0.0
2030-06-05 00:00:00,4044.26942,0.00255,0.11585,0.62475,0.0
2030-06-05 01:00:00,3935.49244,0.00398,0.11585,0.61163,0.0
2030-06-05 02:00:00,3862.97446,0.00277,0.11585,0.60397,0.0
2030-06-05 03:00:00,3826.71547,0.00622,0.11585,0.59811,0.0
2030-06-05 04:00:00,3826.71547,0.00677,0.11585,0.59783,1e-05
2030-06-05 05:00:00,3899.23345,0.00713,0.11585,0.60592,0.02434
2030-06-05 06:00:00,4116.7874,0.00576,0.11585,0.63141,0.06456
2030-06-05 07:00:00,4443.11833,0.00654,0.11585,0.66822,0.10847
2030-06-05 08:00:00,4696.93127,0.0088,0.11585,0.69603,0.18544
2030-06-05 09:00:00,4769.44926,0.00756,0.11585,0.70491,0.2421
2030-06-05 10:00:00,4769.44926,0.00825,0.11585,0.70457,0.3031
2030-06-05 11:00:00,4733.19027,0.00875,0.11585,0.70019,0.35368
2030-06-05 12:00:00,4696.93127,0.00752,0.11585,0.69667,0.35889
2030-06-05 13:00:00,4660.67228,0.00235,0.11585,0.69512,0.25169
2030-06-05 14:00:00,4624.41329,0.00413,0.11585,0.6901,0.18154
2030-06-05 15:00:00,4660.67228,0.00534,0.11585,0.69363,0.18678
2030-06-05 16:00:00,4841.96724,0.00586,0.11585,0.71403,0.14643
2030-06-05 17:00:00,5059.52119,0.00579,0.14481,0.73888,0.12094
2030-06-05 18:00:00,5059.52119,0.00451,0.14481,0.73952,0.08584
2030-06-05 19:00:00,4914.48523,0.00332,0.14481,0.72357,0.06422
2030-06-05 20:00:00,4733.19027,0.00677,0.14481,0.70118,0.02235
2030-06-05 21:00:00,4551.89531,0.00668,0.11585,0.68055,0.0
2030-06-05 22:00:00,4370.60035,0.00621,0.11585,0.66012,0.0
2030-06-05 23:00:00,4189.30539,0.00489,0.11585,0.64011,0.0
2030-06-06 00:00:00,4048.83733,0.00357,0.11057,0.62476,0.0
2030-06-06 01:00:00,3939.87003,0.00366,0.11057,0.61229,0.0
2030-06-06 02:00:00,3867.22516,0.00421,0.11057,0.60373,0.0
2030-06-06 03:00:00,3830.90272,0.0052,0.11057,0.5991,0.0
2030-06-06 04:00:00,3830.90272,0.00429,0.11057,0.59955,4e-05
2030-06-06 05:00:00,3903.54759,0.00445,0.11057,0.60775,0.03407
2030-06-06 06:00:00,4121.4822,0.00356,0.11057,0.63305,0.08812
2030-06-06 07:00:00,4448.38412,0.00545,0.11057,0.66937,0.19475
2030-06-06 08:00:00,4702.64117,0.00407,0.11057,0.69905,0.30707
2030-06-06 09:00:00,4775.28604,0.0084,0.11057,0.70516,0.45273
2030-06-06 10:00:00,4775.28604,0.00706,0.11057,0.70583,0.50894
2030-06-06 11:00:00,4738.9636,0.00656,0.11057,0.70194,0.56938
2030-06-06 12:00:00,4702.64117,0.01532,0.11057,0.69341,0.60969
2030-06-06 13:00:00,4666.31873,0.01645,0.11057,0.6887,0.58445
2030-06-06 14:00:00,4629.9963,0.02864,0.11057,0.67845,0.5117
2030-06-06 15:00:00,4666.31873,0.02562,0.11057,0.68411,0.50091
2030-06-06 16:00:00,4847.93091,0.03294,0.11057,0.70115,0.39731
2030-06-06 17:00:00,5065.86552,0.04297,0.13822,0.72097,0.29907
2030-06-06 18:00:00,5065.86552,0.03199,0.13822,0.72647,0.18482
2030-06-06 19:00:00,4920.57578,0.03518,0.13822,0.70831,0.0705
2030-06-06 20:00:00,4738.9636,0.06852,0.13822,0.6709,0.03051
2030-06-06 21:00:00,4557.35143,0.06227,0.11057,0.65332,0.0
2030-06-06 22:00:00,4375.73925,0.07515,0.11057,0.62616,0.0
2030-06-06 23:00:00,4194.12707,0.11113,0.11057,0.58743,0.0
2030-06-07 00:00:00,4090.34515,0.12014,0.10541,0.57109,0.0
2030-06-07 01:00:00,3979.64835,0.16104,0.10541,0.53797,0.0
2030-06-07 02:00:00,3905.85049,0.14375,0.10541,0.53823,0.0
2030-06-07 03:00:00,3868.95155,0.11255,0.10541,0.54965,0.0
2030-06-07 04:00:00,3868.95155,0.104,0.10541,0.55393,3e-05
2030-06-07 05:00:00,3942.74942,0.10242,0.10541,0.56314,0.02413
2030-06-07 06:00:00,4164.14301,0.11773,0.10541,0.58071,0.06231
2030-06-07 07:00:00,4496.23341,0.14845,0.10541,0.60318,0.11835
2030-06-07 08:00:00,4754.52594,0.21467,0.10541,0.59945,0.18058
2030-06-07 09:00:00,4828.3238,0.20836,0.10541,0.61102,0.23664
2030-06-07 10:00:00,4828.3238,0.22084,0.10541,0.60477,0.34095
2030-06-07 11:00:00,4791.42487,0.22011,0.10541,0.60093,0.27402
2030-06-07 12:00:00,4754.52594,0.24543,0.10541,0.58404,0.29849
2030-06-07 13:00:00,4717.627,0.2159,0.10541,0.59462,0.28589
2030-06-07 14:00:00,4680.72807,0.32113,0.10541,0.53769,0.28416
2030-06-07 15:00:00,4717.627,0.33893,0.10541,0.53298,0.31108
2030-06-07 16:00:00,4902.12167,0.23706,0.10541,0.60505,0.27953
2030-06-07 17:00:00,5123.51526,0.18961,0.13176,0.65407,0.20376
2030-06-07 18:00:00,5123.51526,0.21071,0.13176,0.6435,0.14487
2030-06-07 19:00:00,4975.91953,0.32199,0.13176,0.57092,0.06515
2030-06-07 20:00:00,4791.42487,0.41334,0.13176,0.50411,0.02732
2030-06-07 21:00:00,4606.93021,0.36252,0.10541,0.50854,0.0
2030-06-07 22:00:00,4422.43554,0.27379,0.10541,0.53196,0.0
2030-06-07 23:00:00,4237.94088,0.38264,0.10541,0.45639,0.0
2030-06-08 00:00:00,3802.88226,0.38006,0.10035,0.40808,0.0
2030-06-08 01:00:00,3704.16308,0.39802,0.10035,0.38783,0.0
2030-06-08 02:00:00,3638.35029,0.38716,0.10035,0.38577,0.0
2030-06-08 03:00:00,3605.4439,0.2432,0.10035,0.45415,0.0
2030-06-08 04:00:00,3605.4439,0.21356,0.10035,0.469,0.00017
2030-06-08 05:00:00,3671.25669,0.22058,0.10035,0.47298,0.03008
2030-06-08 06:00:00,3868.69504,0.10562,0.10035,0.55309,0.05887
2030-06-08 07:00:00,4164.85257,0.08305,0.10035,0.59816,0.11729
2030-06-08 08:00:00,4395.19732,0.09283,0.10035,0.61953,0.24805
2030-06-08 09:00:00,4461.01011,0.1386,0.10035,0.60409,0.17651
2030-06-08 10:00:00,4461.01011,0.12308,0.10035,0.61187,0.30656
2030-06-08 11:00:00,4428.10371,0.10548,0.10035,0.61694,0.33599
2030-06-08 12:00:00,4395.19732,0.1079,0.10035,0.61198,0.30937
2030-06-08 13:00:00,4362.29093,0.08246,0.10035,0.62097,0.36324
2030-06-08 14:00:00,4329.38454,0.09313,0.10035,0.61187,0.31456
2030-06-08 15:00:00,4362.29093,0.08803,0.10035,0.61818,0.27768
2030-06-08 16:00:00,4526.82289,0.09615,0.10035,0.63287,0.23665
2030-06-08 17:00:00,4724.26125,0.11532,0.12544,0.64577,0.20855
2030-06-08 18:00:00,4724.26125,0.14516,0.12544,0.63082,0.12298
2030-06-08 19:00:00,4592.63568,0.11919,0.12544,0.62883,0.06782
2030-06-08 20:00:00,4428.10371,0.1491,0.12544,0.59509,0.0294
2030-06-08 21:00:00,4263.57175,0.16286,0.10035,0.56943,0.0
2030-06-08 22:00:00,4099.03979,0.21907,0.10035,0.52251,0.0
2030-06-08 23:00:00,3934.50783,0.161,0.10035,0.53285,0.0
2030-06-09 00:00:00,3732.91677,0.12431,0.0954,0.52825,0.0
2030-06-09 01:00:00,3637.11282,0.14331,0.0954,0.50781,0.0
2030-06-09 02:00:00,3573.24352,0.16549,0.0954,0.48941,0.0
2030-06-09 03:00:00,3541.30887,0.1569,0.0954,0.49007,0.0
2030-06-09 04:00:00,3541.30887,0.15933,0.0954,0.48885,0.00017
2030-06-09 05:00:00,3605.17817,0.12987,0.0954,0.5109,0.0271
2030-06-09 06:00:00,3796.78607,0.09876,0.0954,0.54833,0.05602
2030-06-09 07:00:00,4084.19792,0.19214,0.0954,0.53431,0.11713
2030-06-09 08:00:00,4307.74046,0.16061,0.0954,0.57559,0.15815
2030-06-09 09:00:00,4371.60976,0.20719,0.0954,0.55954,0.18161
2030-06-09 10:00:00,4371.60976,0.19918,0.0954,0.56355,0.21406
2030-06-09 11:00:00,4339.67511,0.17155,0.0954,0.57375,0.2127
2030-06-09 12:00:00,4307.74046,0.25676,0.0954,0.52742,0.23166
2030-06-09 13:00:00,4275.80581,0.17119,0.0954,0.56665,0.27383
2030-06-09 14:00:00,4243.87117,0.10516,0.0954,0.59609,0.23098
2030-06-09 15:00:00,4275.80581,0.09181,0.0954,0.60643,0.2475
2030-06-09 16:00:00,4435.47906,0.08445,0.0954,0.62832,0.17483
2030-06-09 17:00:00,4627.08696,0.04732,0.11925,0.66876,0.17077
2030-06-09 18:00:00,4627.08696,0.04935,0.11925,0.66775,0.14606
2030-06-09 19:00:00,4499.34836,0.05896,0.11925,0.64837,0.07902
2030-06-09 20:00:00,4339.67511,0.04751,0.11925,0.6359,0.02593
2030-06-09 21:00:00,4180.00187,0.07806,0.0954,0.60239,0.0
2030-06-09 22:00:00,4020.32862,0.08895,0.0954,0.57873,0.0
2030-06-09 23:00:00,3860.65537,0.08044,0.0954,0.56479,0.0
2030-06-10 00:00:00,4042.0753,0.08289,0.09056,0.58425,0.0
2030-06-10 01:00:00,3933.38974,0.10068,0.09056,0.56294,0.0
2030-06-10 02:00:00,3860.9327,0.13196,0.09056,0.53901,0.0
2030-06-10 03:00:00,3824.70419,0.1406,0.09056,0.53055,0.0
2030-06-10 04:00:00,3824.70419,0.14792,0.09056,0.52688,0.00026
2030-06-10 05:00:00,3897.16122,0.09302,0.09056,0.56265,0.03536
2030-06-10 06:00:00,4114.53233,0.09802,0.09056,0.58493,0.06948
2030-06-10 07:00:00,4440.58899,0.11593,0.09056,0.61313,0.14016
2030-06-10 08:00:00,4694.18862,0.12205,0.09056,0.63897,0.20999
2030-06-10 09:00:00,4766.64566,0.11301,0.09056,0.65176,0.30038
2030-06-10 10:00:00,4766.64566,0.14169,0.09056,0.63739,0.42789
2030-06-10 11:00:00,4730.41714,0.21753,0.09056,0.59527,0.3666
2030-06-10 12:00:00,4694.18862,0.27884,0.09056,0.56042,0.35151
2030-06-10 13:00:00,4657.9601,0.17618,0.09056,0.60772,0.31789
2030-06-10 14:00:00,4621.73158,0.28209,0.09056,0.55053,0.2959
2030-06-10 15:00:00,4657.9601,0.2235,0.09056,0.58401,0.322
2030-06-10 16:00:00,4839.10269,0.19399,0.09056,0.61945,0.28197
2030-06-10 17:00:00,5056.4738,0.20881,0.1132,0.63681,0.22553
2030-06-10 18:00:00,5056.4738,0.17297,0.1132,0.65477,0.16629
2030-06-10 19:00:00,4911.55973,0.17108,0.1132,0.63919,0.06569
2030-06-10 20:00:00,4730.41714,0.12952,0.1132,0.63936,0.03069
2030-06-10 21:00:00,4549.27455,0.135,0.09056,0.61596,0.0
2030-06-10 22:00:00,4368.13196,0.10622,0.09056,0.60973,0.0
2030-06-10 23:00:00,4186.98937,0.20988,0.09056,0.53714,0.0
2030-06-11 00:00:00,4011.62751,0.2537,0.08584,0.49519,0.0
2030-06-11 01:00:00,3904.21061,0.18108,0.08584,0.51934,0.0
2030-06-11 02:00:00,3832.59935,0.16351,0.08584,0.51997,0.0
2030-06-11 03:00:00,3796.79372,0.10396,0.08584,0.54573,0.0
2030-06-11 04:00:00,3796.79372,0.14732,0.08584,0.524,0.00046
2030-06-11 05:00:00,3868.40498,0.13445,0.08584,0.53861,0.02483
2030-06-11 06:00:00,4083.23877,0.132,0.08584,0.56434,0.08002
2030-06-11 07:00:00,4405.48946,0.12594,0.08584,0.60411,0.16691
2030-06-11 08:00:00,4656.12889,0.12677,0.08584,0.63227,0.27339
2030-06-11 09:00:00,4727.74015,0.07869,0.08584,0.66452,0.36763
2030-06-11 10:00:00,4727.74015,0.10261,0.08584,0.65254,0.41516
2030-06-11 11:00:00,4691.93452,0.11383,0.08584,0.64283,0.36257
2030-06-11 12:00:00,4656.12889,0.12226,0.08584,0.63453,0.2836
2030-06-11 13:00:00,4620.32325,0.104,0.08584,0.63959,0.23378
2030-06-11 14:00:00,4584.51762,0.12022,0.08584,0.62739,0.19616
2030-06-11 15:00:00,4620.32325,0.15582,0.08584,0.61363,0.20456
2030-06-11 16:00:00,4799.35141,0.14157,0.08584,0.64118,0.18289
2030-06-11 17:00:00,5014.18521,0.18282,0.1073,0.64501,0.13703
2030-06-11 18:00:00,5014.18521,0.2361,0.1073,0.61831,0.09223
2030-06-11 19:00:00,4870.96268,0.24408,0.1073,0.59799,0.05518
2030-06-11 20:00:00,4691.93452,0.21379,0.1073,0.59275,0.02464
2030-06-11 21:00:00,4512.90636,0.14433,0.08584,0.60714,0.0
2030-06-11 22:00:00,4333.8782,0.11986,0.08584,0.59899,0.0
2030-06-11 23:00:00,4154.85004,0.15463,0.08584,0.56116,0.0
2030-06-12 00:00:00,3946.0221,0.10682,0.08123,0.56131,0.0
2030-06-12 01:00:00,3841.33877,0.05298,0.08123,0.57635,0.0
2030-06-12 02:00:00,3771.54987,0.04651,0.08123,0.57163,0.0
2030-06-12 03:00:00,3736.65543,0.03519,0.08123,0.57333,0.0
2030-06-12 04:00:00,3736.65543,0.03396,0.08123,0.57394,0.00013
2030-06-12 05:00:00,3806.44432,0.02628,0.08123,0.58575,0.03626
2030-06-12 06:00:00,4015.811,0.01108,0.08123,0.61723,0.07018
2030-06-12 07:00:00,4329.86101,0.01578,0.08123,0.65068,0.10964
2030-06-12 08:00:00,4574.12213,0.01887,0.08123,0.67698,0.17781
2030-06-12 09:00:00,4643.91102,0.01832,0.08123,0.68521,0.24273
2030-06-12 10:00:00,4643.91102,0.03037,0.08123,0.67918,0.35318
2030-06-12 11:00:00,4609.01658,0.01831,0.08123,0.68124,0.31147
2030-06-12 12:00:00,4574.12213,0.03965,0.08123,0.66657,0.39458
2030-06-12 13:00:00,4539.22768,0.0448,0.08123,0.66001,0.44068
2030-06-12 14:00:00,4504.33324,0.04141,0.08123,0.65773,0.34316
2030-06-12 15:00:00,4539.22768,0.04297,0.08123,0.66093,0.3286
2030-06-12 16:00:00,4713.69991,0.05093,0.08123,0.67683,0.27002
2030-06-12 17:00:00,4923.06659,0.08075,0.10154,0.68576,0.21041
2030-06-12 18:00:00,4923.06659,0.07381,0.10154,0.68924,0.12056
2030-06-12 19:00:00,4783.48881,0.14573,0.10154,0.63729,0.07719
2030-06-12 20:00:00,4609.01658,0.1707,0.10154,0.60489,0.03166
2030-06-12 21:00:00,4434.54435,0.18762,0.08123,0.57652,0.0
2030-06-12 22:00:00,4260.07212,0.25029,0.08123,0.52523,0.0
2030-06-12 23:00:00,4085.59989,0.25782,0.08123,0.50157,0.0
2030-06-13 00:00:00,3986.81112,0.19096,0.07673,0.5238,0.0
2030-06-13 01:00:00,3880.42824,0.14866,0.07673,0.53286,0.0
2030-06-13 02:00:00,3809.50632,0.13266,0.07673,0.5328,0.0
2030-06-13 03:00:00,3774.04536,0.12176,0.07673,0.53422,0.0
2030-06-13 04:00:00,3774.04536,0.1084,0.07673,0.54091,0.00016
2030-06-13 05:00:00,3844.96728,0.10887,0.07673,0.54876,0.02159
2030-06-13 06:00:00,4057.73304,0.09209,0.07673,0.58142,0.05117
2030-06-13 07:00:00,4376.88168,0.13931,0.07673,0.59415,0.11161
2030-06-13 08:00:00,4625.1084,0.09239,0.07673,0.64596,0.16883
2030-06-13 09:00:00,4696.03032,0.05753,0.07673,0.67151,0.2156
2030-06-13 10:00:00,4696.03032,0.03398,0.07673,0.68331,0.20474
2030-06-13 11:00:00,4660.56936,0.05476,0.07673,0.66886,0.27235
2030-06-13 12:00:00,4625.1084,0.05476,0.07673,0.66481,0.17644
2030-06-13 13:00:00,4589.64744,0.05802,0.07673,0.65914,0.17409
2030-06-13 14:00:00,4554.18648,0.08672,0.07673,0.64071,0.17343
2030-06-13 15:00:00,4589.64744,0.08305,0.07673,0.64659,0.20038
2030-06-13 16:00:00,4766.95224,0.05086,0.07673,0.68294,0.25361
2030-06-13 17:00:00,4979.718,0.01974,0.09592,0.72278,0.17716
2030-06-13 18:00:00,4979.718,0.01709,0.09592,0.72411,0.14776
2030-06-13 19:00:00,4837.87416,0.01019,0.09592,0.7114,0.07665
2030-06-13 20:00:00,4660.56936,0.00648,0.09592,0.69304,0.03159
2030-06-13 21:00:00,4483.26456,0.00137,0.07673,0.67539,0.0
2030-06-13 22:00:00,4305.95976,0.00075,0.07673,0.65549,0.0
2030-06-13 23:00:00,4128.65496,0.00068,0.07673,0.63531,0.0
2030-06-14 00:00:00,4022.97544,0.001,0.07236,0.6231,0.0
2030-06-14 01:00:00,3915.08571,0.00059,0.07236,0.611,0.0
2030-06-14 02:00:00,3843.15923,0.00048,0.07236,0.60286,0.0
2030-06-14 03:00:00,3807.19599,0.00059,0.07236,0.5987,0.0
2030-06-14 04:00:00,3807.19599,0.00091,0.07236,0.59854,0.00019
2030-06-14 05:00:00,3879.12247,0.0012,0.07236,0.6066,0.03076
2030-06-14 06:00:00,4094.90192,0.00168,0.07236,0.63096,0.07915
2030-06-14 07:00:00,4418.5711,0.00141,0.07236,0.668,0.17914
2030-06-14 08:00:00,4670.3138,0.00137,0.07236,0.69672,0.27518
2030-06-14 09:00:00,4742.24028,0.00151,0.07236,0.70485,0.27082
2030-06-14 10:00:00,4742.24028,0.00173,0.07236,0.70473,0.28693
2030-06-14 11:00:00,4706.27704,0.00139,0.07236,0.70081,0.36703
2030-06-14 12:00:00,4670.3138,0.00138,0.07236,0.69671,0.39688
2030-06-14 13:00:00,4634.35056,0.00167,0.07236,0.69246,0.37037
2030-06-14 14:00:00,4598.38732,0.00217,0.07236,0.68812,0.3654
2030-06-14 15:00:00,4634.35056,0.0016,0.07236,0.6925,0.32928
2030-06-14 16:00:00,4814.16677,0.00207,0.07236,0.71277,0.27226
2030-06-14 17:00:00,5029.94622,0.00522,0.09045,0.73578,0.17848
2030-06-14 18:00:00,5029.94622,0.01008,0.09045,0.73335,0.09135
2030-06-14 19:00:00,4886.09325,0.0069,0.09045,0.71854,0.05646
2030-06-14 20:00:00,4706.27704,0.0063,0.09045,0.69835,0.02246
2030-06-14 21:00:00,4526.46083,0.00574,0.07236,0.67812,0.0
2030-06-14 22:00:00,4346.64462,0.0121,0.07236,0.65444,0.0
2030-06-14 23:00:00,4166.82841,0.02232,0.07236,0.62882,0.0
2030-06-15 00:00:00,3710.94736,0.0222,0.0681,0.5769,0.0
2030-06-15 01:00:00,3616.0588,0.0231,0.0681,0.56564,0.0
2030-06-15 02:00:00,3552.79976,0.0258,0.0681,0.55707,0.0
2030-06-15 03:00:00,3521.17024,0.03394,0.0681,0.54939,0.0
2030-06-15 04:00:00,3521.17024,0.04281,0.0681,0.54494,0.00048
2030-06-15 05:00:00,3584.42928,0.04093,0.0681,0.55309,0.03467
2030-06-15 06:00:00,3774.20639,0.04224,0.0681,0.57408,0.08477
2030-06-15 07:00:00,4058.87206,0.05177,0.0681,0.60176,0.21077
2030-06-15 08:00:00,4280.2787,0.05451,0.0681,0.62562,0.28621
2030-06-15 09:00:00,4343.53773,0.05508,0.0681,0.63255,0.33479
2030-06-15 10:00:00,4343.53773,0.08953,0.0681,0.61529,0.34669
2030-06-15 11:00:00,4311.90821,0.09611,0.0681,0.60839,0.39081
2030-06-15 12:00:00,4280.2787,0.13134,0.0681,0.58713,0.39845
2030-06-15 13:00:00,4248.64918,0.10975,0.0681,0.59434,0.50455
2030-06-15 14:00:00,4217.01966,0.13072,0.0681,0.58023,0.47371
2030-06-15 15:00:00,4248.64918,0.07455,0.0681,0.61198,0.41931
2030-06-15 16:00:00,4406.79677,0.05731,0.0681,0.63864,0.3003
2030-06-15 17:00:00,4596.57388,0.08644,0.08512,0.64569,0.159
2030-06-15 18:00:00,4596.57388,0.07176,0.08512,0.65304,0.12433
2030-06-15 19:00:00,4470.05581,0.05129,0.08512,0.64887,0.06046
2030-06-15 20:00:00,4311.90821,0.06093,0.08512,0.62601,0.0317
2030-06-15 21:00:00,4153.76062,0.05624,0.0681,0.61033,0.0
2030-06-15 22:00:00,3995.61303,0.06695,0.0681,0.58694,0.0
2030-06-15 23:00:00,3837.46543,0.03832,0.0681,0.58325,0.0
2030-06-16 00:00:00,3773.23392,0.03106,0.06396,0.57956,0.0
2030-06-16 01:00:00,3675.75009,0.02665,0.06396,0.57066,0.0
2030-06-16 02:00:00,3610.76087,0.02102,0.06396,0.56607,0.0
2030-06-16 03:00:00,3578.26626,0.02282,0.06396,0.56146,0.0
2030-06-16 04:00:00,3578.26626,0.029,0.06396,0.55837,0.00062
2030-06-16 05:00:00,3643.25548,0.0288,0.06396,0.56588,0.03441
2030-06-16 06:00:00,3838.22314,0.03331,0.06396,0.58585,0.07918
2030-06-16 07:00:00,4130.67463,0.03259,0.06396,0.61955,0.15392
2030-06-16 08:00:00,4358.1369,0.03915,0.06396,0.6422,0.16651
2030-06-16 09:00:00,4423.12612,0.02581,0.06396,0.65629,0.15424
2030-06-16 10:00:00,4423.12612,0.02282,0.06396,0.65779,0.20698
2030-06-16 11:00:00,4390.63151,0.0254,0.06396,0.65279,0.25633
2030-06-16 12:00:00,4358.1369,0.02309,0.06396,0.65024,0.34044
2030-06-16 13:00:00,4325.64229,0.01263,0.06396,0.65178,0.33964
2030-06-16 14:00:00,4293.14768,0.02747,0.06396,0.64064,0.38499
2030-06-16 15:00:00,4325.64229,0.0317,0.06396,0.64222,0.33842
2030-06-16 16:00:00,4488.11534,0.02573,0.06396,0.66374,0.27465
2030-06-16 17:00:00,4683.08301,0.03034,0.07995,0.68365,0.22473
2030-06-16 18:00:00,4683.08301,0.02514,0.07995,0.68626,0.16664
2030-06-16 19:00:00,4553.10456,0.02702,0.07995,0.6705,0.07958
2030-06-16 20:00:00,4390.63151,0.01739,0.07995,0.6568,0.03043
2030-06-16 21:00:00,4228.15846,0.03974,0.06396,0.62708,0.0
2030-06-16 22:00:00,4065.68541,0.03957,0.06396,0.60864,0.0
2030-06-16 23:00:00,3903.21236,0.02791,0.06396,0.59596,0.0
2030-06-17 00:00:00,4102.0438,0.03425,0.05994,0.61545,0.0
2030-06-17 01:00:00,3990.85956,0.01643,0.05994,0.61171,0.0
2030-06-17 02:00:00,3916.73673,0.00938,0.05994,0.60679,0.0
2030-06-17 03:00:00,3879.67532,0.01777,0.05994,0.59836,0.0
2030-06-17 04:00:00,3879.67532,0.03379,0.05994,0.59033,0.00031
2030-06-17 05:00:00,3953.79815,0.04156,0.05994,0.59489,0.03652
2030-06-17 06:00:00,4176.16663,0.05386,0.05994,0.61408,0.07553
2030-06-17 07:00:00,4509.71936,0.08219,0.05994,0.63791,0.18493
2030-06-17 08:00:00,4769.14926,0.09954,0.05994,0.6588,0.31512
2030-06-17 09:00:00,4843.27208,0.18613,0.05994,0.62386,0.41339
2030-06-17 10:00:00,4843.27208,0.24849,0.05994,0.59262,0.50547
2030-06-17 11:00:00,4806.21067,0.20017,0.05994,0.6126,0.41601
2030-06-17 12:00:00,4769.14926,0.20707,0.05994,0.60492,0.35222
2030-06-17 13:00:00,4732.08784,0.13922,0.05994,0.63469,0.26736
2030-06-17 14:00:00,4695.02643,0.09334,0.05994,0.65345,0.18965
2030-06-17 15:00:00,4732.08784,0.07143,0.05994,0.66865,0.2364
2030-06-17 16:00:00,4917.39491,0.1102,0.05994,0.67036,0.24306
2030-06-17 17:00:00,5139.7634,0.12008,0.07492,0.69076,0.2231
2030-06-17 18:00:00,5139.7634,0.16492,0.07492,0.66829,0.15996
2030-06-17 19:00:00,4991.51774,0.18345,0.07492,0.64211,0.07817
2030-06-17 20:00:00,4806.21067,0.18804,0.07492,0.61868,0.02996
2030-06-17 21:00:00,4620.9036,0.25549,0.05994,0.56376,0.0
2030-06-17 22:00:00,4435.59653,0.32958,0.05994,0.50551,0.0
2030-06-17 23:00:00,4250.28946,0.29559,0.05994,0.50142,0.0
2030-06-18 00:00:00,4122.12904,0.28947,0.05604,0.48987,0.0
2030-06-18 01:00:00,4010.10791,0.22131,0.05604,0.51125,0.0
2030-06-18 02:00:00,3935.42716,0.21458,0.05604,0.50611,0.0
2030-06-18 03:00:00,3898.08678,0.16131,0.05604,0.52854,0.0
2030-06-18 04:00:00,3898.08678,0.12484,0.05604,0.54681,0.00012
2030-06-18 05:00:00,3972.76753,0.18465,0.05604,0.52536,0.01155
2030-06-18 06:00:00,4196.80979,0.2422,0.05604,0.52207,0.03431
2030-06-18 07:00:00,4532.87317,0.227,0.05604,0.568,0.06466
2030-06-18 08:00:00,4794.25579,0.20245,0.05604,0.6101,0.09962
2030-06-18 09:00:00,4868.93655,0.1583,0.05604,0.64073,0.09789
2030-06-18 10:00:00,4868.93655,0.18691,0.05604,0.6264,0.09834
2030-06-18 11:00:00,4831.59617,0.16909,0.05604,0.63107,0.18161
2030-06-18 12:00:00,4794.25579,0.21671,0.05604,0.60295,0.22266
2030-06-18 13:00:00,4756.91542,0.25676,0.05604,0.57863,0.21392
2030-06-18 14:00:00,4719.57504,0.33575,0.05604,0.5348,0.26069
2030-06-18 15:00:00,4756.91542,0.31962,0.05604,0.54714,0.15831
2030-06-18 16:00:00,4943.6173,0.34129,0.05604,0.55757,0.15071
2030-06-18 17:00:00,5167.65955,0.32347,0.07005,0.59203,0.12659
2030-06-18 18:00:00,5167.65955,0.31901,0.07005,0.59427,0.12635
2030-06-18 19:00:00,5018.29805,0.36063,0.07005,0.55639,0.07175
2030-06-18 20:00:00,4831.59617,0.43498,0.07005,0.49785,0.0302
2030-06-18 21:00:00,4644.89429,0.34237,0.05604,0.52297,0.0
2030-06-18 22:00:00,4458.19242,0.37073,0.05604,0.48747,0.0
2030-06-18 23:00:00,4271.49054,0.28169,0.05604,0.51079,0.0
2030-06-19 00:00:00,4126.41078,0.25792,0.05227,0.50617,0.0
2030-06-19 01:00:00,4014.21125,0.38432,0.05227,0.43004,0.0
2030-06-19 02:00:00,3939.41156,0.37439,0.05227,0.42649,0.0
2030-06-19 03:00:00,3902.01171,0.25445,0.05227,0.48232,0.0
2030-06-19 04:00:00,3902.01171,0.17322,0.05227,0.52302,0.00043
2030-06-19 05:00:00,3976.8114,0.18651,0.05227,0.52489,0.03402
2030-06-19 06:00:00,4201.21047,0.12454,0.05227,0.58152,0.07049
2030-06-19 07:00:00,4537.80906,0.14028,0.05227,0.61201,0.15476
2030-06-19 08:00:00,4799.60797,0.08883,0.05227,0.66763,0.23801
2030-06-19 09:00:00,4874.40766,0.12095,0.05227,0.66007,0.333
2030-06-19 10:00:00,4874.40766,0.08494,0.05227,0.67811,0.36222
2030-06-19 11:00:00,4837.00782,0.07211,0.05227,0.68028,0.3092
2030-06-19 12:00:00,4799.60797,0.05864,0.05227,0.68276,0.35561
2030-06-19 13:00:00,4762.20813,0.08324,0.05227,0.66617,0.42533
2030-06-19 14:00:00,4724.80829,0.05782,0.05227,0.67464,0.4104
2030-06-19 15:00:00,4762.20813,0.06511,0.05227,0.67525,0.299
2030-06-19 16:00:00,4949.20735,0.06445,0.05227,0.69691,0.35519
2030-06-19 17:00:00,5173.60642,0.10753,0.06533,0.7009,0.2488
2030-06-19 18:00:00,5173.60642,0.11165,0.06533,0.69884,0.19102
2030-06-19 19:00:00,5024.00704,0.14159,0.06533,0.66678,0.08149
2030-06-19 20:00:00,4837.00782,0.09212,0.06533,0.67025,0.03639
2030-06-19 21:00:00,4650.0086,0.0711,0.05227,0.65946,0.0
2030-06-19 22:00:00,4463.00938,0.05879,0.05227,0.64431,0.0
2030-06-19 23:00:00,4276.01016,0.09325,0.05227,0.60573,0.0
2030-06-20 00:00:00,4122.02013,0.0753,0.04862,0.59716,0.0
2030-06-20 01:00:00,4010.00354,0.07661,0.04862,0.58374,0.0
2030-06-20 02:00:00,3935.32582,0.08944,0.04862,0.56879,0.0
2030-06-20 03:00:00,3897.98695,0.06255,0.04862,0.57801,0.0
2030-06-20 04:00:00,3897.98695,0.04067,0.04862,0.58897,0.00033
2030-06-20 05:00:00,3972.66468,0.07813,0.04862,0.57872,0.03543
2030-06-20 06:00:00,4196.69786,0.05114,0.04862,0.61778,0.08065
2030-06-20 07:00:00,4532.74762,0.05346,0.04862,0.65493,0.14982
2030-06-20 08:00:00,4794.11966,0.06205,0.04862,0.68043,0.22337
2030-06-20 09:00:00,4868.79739,0.03562,0.04862,0.70218,0.27738
2030-06-20 10:00:00,4868.79739,0.06666,0.04862,0.68663,0.32645
2030-06-20 11:00:00,4831.45853,0.11325,0.04862,0.65903,0.39047
2030-06-20 12:00:00,4794.11966,0.11722,0.04862,0.65279,0.37154
2030-06-20 13:00:00,4756.7808,0.11994,0.04862,0.64716,0.36286
2030-06-20 14:00:00,4719.44194,0.10522,0.04862,0.65028,0.3799
2030-06-20 15:00:00,4756.7808,0.1205,0.04862,0.64689,0.246
2030-06-20 16:00:00,4943.47512,0.09761,0.04862,0.67964,0.21826
2030-06-20 17:00:00,5167.50829,0.10837,0.06077,0.69979,0.1725
2030-06-20 18:00:00,5167.50829,0.11331,0.06077,0.69731,0.09188
2030-06-20 19:00:00,5018.15284,0.11643,0.06077,0.67872,0.06134
2030-06-20 20:00:00,4831.45853,0.12106,0.06077,0.65512,0.02424
2030-06-20 21:00:00,4644.76421,0.09372,0.04862,0.64753,0.0
2030-06-20 22:00:00,4458.0699,0.12399,0.04862,0.61108,0.0
2030-06-20 23:00:00,4271.37558,0.13993,0.04862,0.58181,0.0
2030-06-21 00:00:00,4076.64976,0.20681,0.04509,0.5261,0.0
2030-06-21 01:00:00,3966.5236,0.17938,0.04509,0.52729,0.0
2030-06-21 02:00:00,3893.10616,0.2085,0.04509,0.50433,0.0
2030-06-21 03:00:00,3856.39744,0.3252,0.04509,0.44167,0.0
2030-06-21 04:00:00,3856.39744,0.33628,0.04509,0.43612,0.0002
2030-06-21 05:00:00,3929.81488,0.33964,0.04509,0.44281,0.0238
2030-06-21 06:00:00,4150.06719,0.34072,0.04509,0.46738,0.04488
2030-06-21 07:00:00,4480.44566,0.35521,0.04509,0.49779,0.06913
2030-06-21 08:00:00,4737.4067,0.45706,0.04509,0.47605,0.12348
2030-06-21 09:00:00,4810.82413,0.2794,0.04509,0.57343,0.13557
2030-06-21 10:00:00,4810.82413,0.20927,0.04509,0.60857,0.1189
2030-06-21 11:00:00,4774.11541,0.17245,0.04509,0.62283,0.12943
2030-06-21 12:00:00,4737.4067,0.13063,0.04509,0.6396,0.11643
2030-06-21 13:00:00,4700.69798,0.14458,0.04509,0.62843,0.28895
2030-06-21 14:00:00,4663.98926,0.14722,0.04509,0.62292,0.33298
2030-06-21 15:00:00,4700.69798,0.13022,0.04509,0.63562,0.24438
2030-06-21 16:00:00,4884.24157,0.15765,0.04509,0.6428,0.23481
2030-06-21 17:00:00,5104.49388,0.15116,0.05636,0.67116,0.10645
2030-06-21 18:00:00,5104.49388,0.1998,0.05636,0.6468,0.07012
2030-06-21 19:00:00,4957.65901,0.10436,0.05636,0.67787,0.04015
2030-06-21 20:00:00,4774.11541,0.09027,0.05636,0.66401,0.01425
2030-06-21 21:00:00,4590.57182,0.11472,0.04509,0.63083,0.0
2030-06-21 22:00:00,4407.02823,0.18027,0.04509,0.57706,0.0
2030-06-21 23:00:00,4223.48463,0.1407,0.04509,0.57596,0.0
2030-06-22 00:00:00,3744.72389,0.10007,0.04169,0.54174,0.0
2030-06-22 01:00:00,3648.42798,0.09616,0.04169,0.53272,0.0
2030-06-22 02:00:00,3584.2307,0.07153,0.04169,0.53774,0.0
2030-06-22 03:00:00,3552.13206,0.07012,0.04169,0.53479,0.0
2030-06-22 04:00:00,3552.13206,0.05683,0.04169,0.54145,0.00028
2030-06-22 05:00:00,3616.32934,0.05471,0.04169,0.54983,0.03275
2030-06-22 06:00:00,3808.92116,0.05255,0.04169,0.57287,0.06466
2030-06-22 07:00:00,4097.8089,0.06425,0.04169,0.59994,0.13735
2030-06-22 08:00:00,4322.49936,0.05211,0.04169,0.63164,0.18418
2030-06-22 09:00:00,4386.69663,0.05765,0.04169,0.63618,0.25774
2030-06-22 10:00:00,4386.69663,0.06507,0.04169,0.63246,0.31321
2030-06-22 11:00:00,4354.598,0.05402,0.04169,0.63434,0.36809
2030-06-22 12:00:00,4322.49936,0.05652,0.04169,0.62943,0.40726
2030-06-22 13:00:00,4290.40072,0.08828,0.04169,0.60986,0.40465
2030-06-22 14:00:00,4258.30209,0.08219,0.04169,0.60925,0.45579
2030-06-22 15:00:00,4290.40072,0.08068,0.04169,0.61366,0.3909
2030-06-22 16:00:00,4450.89391,0.04028,0.04169,0.65221,0.38808
2030-06-22 17:00:00,4643.48573,0.02034,0.05212,0.68415,0.30706
2030-06-22 18:00:00,4643.48573,0.03664,0.05212,0.67599,0.17241
2030-06-22 19:00:00,4515.09118,0.02145,0.05212,0.66896,0.08164
2030-06-22 20:00:00,4354.598,0.02406,0.05212,0.64935,0.03564
2030-06-22 21:00:00,4194.10481,0.01219,0.04169,0.637,0.0
2030-06-22 22:00:00,4033.61162,0.00618,0.04169,0.62172,0.0
2030-06-22 23:00:00,3873.11844,0.00772,0.04169,0.60265,0.0
2030-06-23 00:00:00,3776.41937,0.02518,0.03842,0.58288,0.0
2030-06-23 01:00:00,3678.80282,0.01295,0.03842,0.57787,0.0
2030-06-23 02:00:00,3613.72511,0.01312,0.03842,0.57037,0.0
2030-06-23 03:00:00,3581.18626,0.01727,0.03842,0.56458,0.0
2030-06-23 04:00:00,3581.18626,0.02872,0.03842,0.55884,0.00045
2030-06-23 05:00:00,3646.26396,0.04169,0.03842,0.55976,0.02919
2030-06-23 06:00:00,3841.49708,0.05198,0.03842,0.57687,0.07252
2030-06-23 07:00:00,4134.34675,0.07892,0.03842,0.59675,0.1048
2030-06-23 08:00:00,4362.11872,0.06007,0.03842,0.63217,0.13618
2030-06-23 09:00:00,4427.19642,0.02613,0.03842,0.65659,0.14996
2030-06-23 10:00:00,4427.19642,0.03129,0.03842,0.65401,0.12949
2030-06-23 11:00:00,4394.65757,0.02433,0.03842,0.65379,0.191
2030-06-23 12:00:00,4362.11872,0.02838,0.03842,0.64804,0.20447
2030-06-23 13:00:00,4329.57986,0.04993,0.03842,0.63354,0.28231
2030-06-23 14:00:00,4297.04101,0.0541,0.03842,0.62774,0.23031
2030-06-23 15:00:00,4329.57986,0.09548,0.03842,0.61071,0.3136
2030-06-23 16:00:00,4492.27413,0.11758,0.03842,0.61819,0.20399
2030-06-23 17:00:00,4687.50724,0.07738,0.04803,0.66059,0.17193
2030-06-23 18:00:00,4687.50724,0.07504,0.04803,0.66176,0.15497
2030-06-23 19:00:00,4557.35183,0.08259,0.04803,0.64314,0.07303
2030-06-23 20:00:00,4394.65757,0.10006,0.04803,0.61584,0.03298
2030-06-23 21:00:00,4231.96331,0.15177,0.03842,0.57139,0.0
2030-06-23 22:00:00,4069.26905,0.13612,0.03842,0.56068,0.0
2030-06-23 23:00:00,3906.57478,0.14843,0.03842,0.53596,0.0
2030-06-24 00:00:00,4099.56506,0.13813,0.03528,0.56312,0.0
2030-06-24 01:00:00,3988.4841,0.13659,0.03528,0.55123,0.0
2030-06-24 02:00:00,3914.43012,0.1693,0.03528,0.5264,0.0
2030-06-24 03:00:00,3877.40314,0.13611,0.03528,0.53881,0.0
2030-06-24 04:00:00,3877.40314,0.17982,0.03528,0.51691,0.00035
2030-06-24 05:00:00,3951.45711,0.12345,0.03528,0.55359,0.03255
2030-06-24 06:00:00,4173.61903,0.19312,0.03528,0.54401,0.06553
2030-06-24 07:00:00,4506.86192,0.23597,0.03528,0.56054,0.10851
2030-06-24 08:00:00,4766.05082,0.28788,0.03528,0.56408,0.1229
2030-06-24 09:00:00,4840.1048,0.21272,0.03528,0.61018,0.16699
2030-06-24 10:00:00,4840.1048,0.18908,0.03528,0.62202,0.16336
2030-06-24 11:00:00,4803.07781,0.15859,0.03528,0.63308,0.21103
2030-06-24 12:00:00,4766.05082,0.19016,0.03528,0.61304,0.38589
2030-06-24 13:00:00,4729.02384,0.11684,0.03528,0.64555,0.3354
2030-06-24 14:00:00,4691.99685,0.12759,0.03528,0.63594,0.23501
2030-06-24 15:00:00,4729.02384,0.1618,0.03528,0.62303,0.27801
2030-06-24 16:00:00,4914.15877,0.24988,0.03528,0.6,0.2669
2030-06-24 17:00:00,5136.32069,0.29384,0.0441,0.60331,0.175
2030-06-24 18:00:00,5136.32069,0.23743,0.0441,0.63157,0.13731
2030-06-24 19:00:00,4988.21275,0.25345,0.0441,0.60666,0.07103
2030-06-24 20:00:00,4803.07781,0.25216,0.0441,0.5862,0.03055
2030-06-24 21:00:00,4617.94288,0.1881,0.03528,0.59719,0.0
2030-06-24 22:00:00,4432.80794,0.21278,0.03528,0.56372,0.0
2030-06-24 23:00:00,4247.67301,0.23547,0.03528,0.53124,0.0
2030-06-25 00:00:00,4020.42361,0.24517,0.03226,0.50047,0.0
2030-06-25 01:00:00,3912.64021,0.19772,0.03226,0.51196,0.0
2030-06-25 02:00:00,3840.78461,0.23602,0.03226,0.48457,0.0
2030-06-25 03:00:00,3804.85681,0.25739,0.03226,0.46977,0.0
2030-06-25 04:00:00,3804.85681,0.23292,0.03226,0.48203,0.00051
2030-06-25 05:00:00,3876.71241,0.23287,0.03226,0.49025,0.03295
2030-06-25 06:00:00,4092.27921,0.26927,0.03226,0.49659,0.07954
2030-06-25 07:00:00,4415.62942,0.2698,0.03226,0.53319,0.17694
2030-06-25 08:00:00,4667.12402,0.33362,0.03226,0.52988,0.26314
2030-06-25 09:00:00,4738.97962,0.27655,0.03226,0.56667,0.23314
2030-06-25 10:00:00,4738.97962,0.34116,0.03226,0.5343,0.31578
2030-06-25 11:00:00,4703.05182,0.38023,0.03226,0.51063,0.33618
2030-06-25 12:00:00,4667.12402,0.49577,0.03226,0.44864,0.36877
2030-06-25 13:00:00,4631.19622,0.3658,0.03226,0.50966,0.36424
2030-06-25 14:00:00,4595.26842,0.42888,0.03226,0.47396,0.27829
2030-06-25 15:00:00,4631.19622,0.35066,0.03226,0.51725,0.28645
2030-06-25 16:00:00,4810.83522,0.37157,0.03226,0.52726,0.28101
2030-06-25 17:00:00,5026.40202,0.30548,0.04033,0.58494,0.18648
2030-06-25 18:00:00,5026.40202,0.20092,0.04033,0.63733,0.11744
2030-06-25 19:00:00,4882.69082,0.15978,0.04033,0.64156,0.06376
2030-06-25 20:00:00,4703.05182,0.1477,0.04033,0.62713,0.0289
2030-06-25 21:00:00,4523.41282,0.13713,0.03226,0.61195,0.0
2030-06-25 22:00:00,4343.77381,0.14325,0.03226,0.5884,0.0
2030-06-25 23:00:00,4164.13481,0.13307,0.03226,0.57302,0.0
2030-06-26 00:00:00,4000.73234,0.18863,0.02938,0.52655,0.0
2030-06-26 01:00:00,3893.76941,0.1481,0.02938,0.53467,0.0
2030-06-26 02:00:00,3822.46079,0.20368,0.02938,0.49869,0.0
2030-06-26 03:00:00,3786.80648,0.14922,0.02938,0.52191,0.0
2030-06-26 04:00:00,3786.80648,0.11434,0.02938,0.53938,6e-05
2030-06-26 05:00:00,3858.1151,0.06869,0.02938,0.57039,0.01632
2030-06-26 06:00:00,4072.04096,0.13003,0.02938,0.56404,0.02773
2030-06-26 07:00:00,4392.92975,0.1547,0.02938,0.58827,0.05592
2030-06-26 08:00:00,4642.50992,0.15089,0.02938,0.61863,0.11021
2030-06-26 09:00:00,4713.81854,0.14363,0.02938,0.6304,0.11221
2030-06-26 10:00:00,4713.81854,0.13701,0.02938,0.63371,0.21874
2030-06-26 11:00:00,4678.16423,0.10276,0.02938,0.64681,0.30932
2030-06-26 12:00:00,4642.50992,0.05073,0.02938,0.66881,0.25692
2030-06-26 13:00:00,4606.85561,0.03773,0.02938,0.67126,0.23259
2030-06-26 14:00:00,4571.2013,0.04242,0.02938,0.66485,0.17524
2030-06-26 15:00:00,4606.85561,0.03713,0.02938,0.67156,0.10059
2030-06-26 16:00:00,4785.12716,0.05008,0.02938,0.6854,0.11571
2030-06-26 17:00:00,4999.05303,0.04035,0.03672,0.71466,0.11336
2030-06-26 18:00:00,4999.05303,0.04089,0.03672,0.71439,0.08625
2030-06-26 19:00:00,4856.43579,0.02145,0.03672,0.70788,0.05838
2030-06-26 20:00:00,4678.16423,0.0221,0.03672,0.68722,0.02193
2030-06-26 21:00:00,4499.89268,0.02517,0.02938,0.66536,0.0
2030-06-26 22:00:00,4321.62113,0.02999,0.02938,0.64262,0.0
2030-06-26 23:00:00,4143.34958,0.02845,0.02938,0.62307,0.0
2030-06-27 00:00:00,4046.07842,0.04436,0.02663,0.60401,0.0
2030-06-27 01:00:00,3937.22607,0.04664,0.02663,0.59045,0.0
2030-06-27 02:00:00,3864.65783,0.04195,0.02663,0.58453,0.0
2030-06-27 03:00:00,3828.37372,0.04307,0.02663,0.57983,0.0
2030-06-27 04:00:00,3828.37372,0.03938,0.02663,0.58168,0.0004
2030-06-27 05:00:00,3900.94195,0.05124,0.02663,0.58402,0.03178
2030-06-27 06:00:00,4118.64665,0.054,0.02663,0.60745,0.07744
2030-06-27 07:00:00,4445.2037,0.07295,0.02663,0.63518,0.15316
2030-06-27 08:00:00,4699.19252,0.08549,0.02663,0.65786,0.19944
2030-06-27 09:00:00,4771.76076,0.11339,0.02663,0.65215,0.33788
2030-06-27 10:00:00,4771.76076,0.1367,0.02663,0.64048,0.31958
2030-06-27 11:00:00,4735.47664,0.20346,0.02663,0.60289,0.30706
2030-06-27 12:00:00,4699.19252,0.33349,0.02663,0.53361,0.4216
2030-06-27 13:00:00,4662.90841,0.2776,0.02663,0.55747,0.45817
2030-06-27 14:00:00,4626.62429,0.29919,0.02663,0.54252,0.27181
2030-06-27 15:00:00,4662.90841,0.33699,0.02663,0.52772,0.20748
2030-06-27 16:00:00,4844.32899,0.42872,0.02663,0.50244,0.16519
2030-06-27 17:00:00,5062.03369,0.45648,0.03328,0.51335,0.12209
2030-06-27 18:00:00,5062.03369,0.39428,0.03328,0.54452,0.12592
2030-06-27 19:00:00,4916.89723,0.43538,0.03328,0.50738,0.06079
2030-06-27 20:00:00,4735.47664,0.47958,0.03328,0.46455,0.0269
2030-06-27 21:00:00,4554.05606,0.48084,0.02663,0.44323,0.0
2030-06-27 22:00:00,4372.63547,0.46648,0.02663,0.42975,0.0
2030-06-27 23:00:00,4191.21489,0.58974,0.02663,0.3473,0.0
2030-06-28 00:00:00,4054.88719,0.65886,0.024,0.29713,0.0
2030-06-28 01:00:00,3945.66781,0.56344,0.024,0.33248,0.0
2030-06-28 02:00:00,3872.85488,0.57472,0.024,0.31853,0.0
2030-06-28 03:00:00,3836.44842,0.49055,0.024,0.35656,0.0
2030-06-28 04:00:00,3836.44842,0.49848,0.024,0.35258,0.00013
2030-06-28 05:00:00,3909.26135,0.49195,0.024,0.36415,0.02852
2030-06-28 06:00:00,4127.70011,0.3574,0.024,0.45647,0.06989
2030-06-28 07:00:00,4455.35826,0.52867,0.024,0.40802,0.10498
2030-06-28 08:00:00,4710.20349,0.49277,0.024,0.45506,0.15909
2030-06-28 09:00:00,4783.01641,0.43631,0.024,0.49165,0.24723
2030-06-28 10:00:00,4783.01641,0.50219,0.024,0.45864,0.26295
2030-06-28 11:00:00,4746.60995,0.44435,0.024,0.48347,0.24848
2030-06-28 12:00:00,4710.20349,0.50388,0.024,0.44949,0.29591
2030-06-28 13:00:00,4673.79703,0.44844,0.024,0.47312,0.31764
2030-06-28 14:00:00,4637.39056,0.45848,0.024,0.46394,0.29719
2030-06-28 15:00:00,4673.79703,0.44039,0.024,0.47715,0.26413
2030-06-28 16:00:00,4855.82933,0.35539,0.024,0.54049,0.19722
2030-06-28 17:00:00,5074.2681,0.29364,0.03001,0.59633,0.13387
2030-06-28 18:00:00,5074.2681,0.41936,0.03001,0.53334,0.05153
2030-06-28 19:00:00,4928.64225,0.37723,0.03001,0.53785,0.03087
2030-06-28 20:00:00,4746.60995,0.43216,0.03001,0.48958,0.01648
2030-06-28 21:00:00,4564.57764,0.35523,0.024,0.50737,0.0
2030-06-28 22:00:00,4382.54534,0.24738,0.024,0.54065,0.0
2030-06-28 23:00:00,4200.51303,0.28996,0.024,0.49856,0.0
2030-06-29 00:00:00,3698.69787,0.2801,0.02151,0.44629,0.0
2030-06-29 01:00:00,3604.31971,0.16442,0.02151,0.49349,0.0
2030-06-29 02:00:00,3541.40093,0.1223,0.02151,0.50742,0.0
2030-06-29 03:00:00,3509.94155,0.10451,0.02151,0.51275,0.0
2030-06-29 04:00:00,3509.94155,0.10458,0.02151,0.51271,8e-05
2030-06-29 05:00:00,3572.86032,0.07057,0.02151,0.53692,0.03064
2030-06-29 06:00:00,3761.61664,0.08034,0.02151,0.55355,0.07449
2030-06-29 07:00:00,4044.75113,0.09585,0.02151,0.57806,0.12407
2030-06-29 08:00:00,4264.96684,0.10538,0.02151,0.59839,0.18652
2030-06-29 09:00:00,4327.88561,0.11037,0.02151,0.60307,0.1779
2030-06-29 10:00:00,4327.88561,0.11357,0.02151,0.60146,0.23818
2030-06-29 11:00:00,4296.42622,0.15096,0.02151,0.57914,0.29755
2030-06-29 12:00:00,4264.96684,0.1277,0.02151,0.58721,0.29036
2030-06-29 13:00:00,4233.50745,0.13741,0.02151,0.57875,0.3292
2030-06-29 14:00:00,4202.04806,0.16453,0.02151,0.56158,0.38756
2030-06-29 15:00:00,4233.50745,0.15325,0.02151,0.57082,0.38301
2030-06-29 16:00:00,4390.80438,0.1219,0.02151,0.60446,0.2784
2030-06-29 17:00:00,4579.56071,0.15119,0.02689,0.6113,0.167
2030-06-29 18:00:00,4579.56071,0.14453,0.02689,0.61464,0.12489
2030-06-29 19:00:00,4453.72316,0.17636,0.02689,0.58435,0.07406
2030-06-29 20:00:00,4296.42622,0.17087,0.02689,0.56917,0.03253
2030-06-29 21:00:00,4139.12929,0.18061,0.02151,0.54635,0.0
2030-06-29 22:00:00,3981.83235,0.1563,0.02151,0.5406,0.0
2030-06-29 23:00:00,3824.53542,0.1393,0.02151,0.53118,0.0
2030-06-30 00:00:00,3625.10029,0.13814,0.01916,0.50903,0.0
2030-06-30 01:00:00,3533.7887,0.14947,0.01916,0.49294,0.0
2030-06-30 02:00:00,3472.9143,0.12728,0.01916,0.49712,0.0
2030-06-30 03:00:00,3442.4771,0.09282,0.01916,0.51091,0.0
2030-06-30 04:00:00,3442.4771,0.09943,0.01916,0.5076,0.00015
2030-06-30 05:00:00,3503.3515,0.09179,0.01916,0.51837,0.02439
2030-06-30 06:00:00,3685.97469,0.06602,0.01916,0.5521,0.06648
2030-06-30 07:00:00,3959.90948,0.05679,0.01916,0.58796,0.15181
2030-06-30 08:00:00,4172.96987,0.06865,0.01916,0.6063,0.18397
2030-06-30 09:00:00,4233.84426,0.04733,0.01916,0.62392,0.26646
2030-06-30 10:00:00,4233.84426,0.02947,0.01916,0.63288,0.32249
2030-06-30 11:00:00,4203.40707,0.04215,0.01916,0.62305,0.29601
2030-06-30 12:00:00,4172.96987,0.02828,0.01916,0.62653,0.34398
2030-06-30 13:00:00,4142.53267,0.03327,0.01916,0.62056,0.4242
2030-06-30 14:00:00,4112.09547,0.05415,0.01916,0.60663,0.47115
2030-06-30 15:00:00,4142.53267,0.03811,0.01916,0.61814,0.3004
2030-06-30 16:00:00,4294.71866,0.03608,0.01916,0.6365,0.21245
2030-06-30 17:00:00,4477.34185,0.05463,0.02395,0.64803,0.15573
2030-06-30 18:00:00,4477.34185,0.06342,0.02395,0.64363,0.09854
2030-06-30 19:00:00,4355.59306,0.05843,0.02395,0.63224,0.05559
2030-06-30 20:00:00,4203.40707,0.08213,0.02395,0.60302,0.03277
2030-06-30 21:00:00,4051.22107,0.05416,0.01916,0.59969,0.0
2030-06-30 22:00:00,3899.03508,0.03477,0.01916,0.59205,0.0
2030-06-30 23:00:00,3746.84909,0.02491,0.01916,0.57964,0.0
2030-07-01 00:00:00,3989.50173,0.02473,0.01694,0.60739,0.0
2030-07-01 01:00:00,3883.00674,0.01652,0.01694,0.59936,0.0
2030-07-01 02:00:00,3812.01009,0.02186,0.01694,0.5886,0.0
2030-07-01 03:00:00,3776.51176,0.03349,0.01694,0.57872,0.0
2030-07-01 04:00:00,3776.51176,0.02375,0.01694,0.5836,6e-05
2030-07-01 05:00:00,3847.50841,0.01928,0.01694,0.59393,0.03558
2030-07-01 06:00:00,4060.49839,0.03172,0.01694,0.61198,0.08441
2030-07-01 07:00:00,4379.98336,0.03639,0.01694,0.64607,0.15169
2030-07-01 08:00:00,4628.47167,0.03747,0.01694,0.67385,0.25614
2030-07-01 09:00:00,4699.46833,0.02934,0.01694,0.68602,0.42119
2030-07-01 10:00:00,4699.46833,0.0209,0.01694,0.69025,0.49729
2030-07-01 11:00:00,4663.97,0.05918,0.01694,0.66702,0.52118
2030-07-01 12:00:00,4628.47167,0.0338,0.01694,0.67569,0.5472
2030-07-01 13:00:00,4592.97334,0.04335,0.01694,0.66686,0.51327
2030-07-01 14:00:00,4557.47501,0.05081,0.01694,0.65908,0.58296
2030-07-01 15:00:00,4592.97334,0.0667,0.01694,0.65517,0.56087
2030-07-01 16:00:00,4770.46499,0.0636,0.01694,0.67695,0.43661
2030-07-01 17:00:00,4983.45496,0.09144,0.02117,0.68729,0.28034
2030-07-01 18:00:00,4983.45496,0.06094,0.02117,0.70257,0.13247
2030-07-01 19:00:00,4841.46165,0.04093,0.02117,0.6964,0.08305
2030-07-01 20:00:00,4663.97,0.0739,0.02117,0.65965,0.03542
2030-07-01 21:00:00,4486.47835,0.07736,0.01694,0.63768,0.0
2030-07-01 22:00:00,4308.9867,0.11739,0.01694,0.59739,0.0
2030-07-01 23:00:00,4131.49505,0.13644,0.01694,0.56761,0.0
2030-07-02 00:00:00,4013.77344,0.18481,0.01485,0.52996,0.0
2030-07-02 01:00:00,3906.26713,0.18775,0.01485,0.51623,0.0
2030-07-02 02:00:00,3834.59625,0.31544,0.01485,0.44408,0.0
2030-07-02 03:00:00,3798.76082,0.28503,0.01485,0.45523,0.0
2030-07-02 04:00:00,3798.76082,0.35252,0.01485,0.42141,1e-05
2030-07-02 05:00:00,3870.43169,0.45945,0.01485,0.37601,0.03142
2030-07-02 06:00:00,4085.44431,0.33339,0.01485,0.46368,0.06985
2030-07-02 07:00:00,4407.96324,0.38881,0.01485,0.47269,0.14339
2030-07-02 08:00:00,4658.81129,0.43377,0.01485,0.47876,0.24865
2030-07-02 09:00:00,4730.48217,0.53649,0.01485,0.43547,0.22915
2030-07-02 10:00:00,4730.48217,0.60712,0.01485,0.40008,0.30043
2030-07-02 11:00:00,4694.64673,0.65356,0.01485,0.37272,0.33038
2030-07-02 12:00:00,4658.81129,0.59216,0.01485,0.3994,0.24193
2030-07-02 13:00:00,4622.97586,0.63345,0.01485,0.37463,0.24496
2030-07-02 14:00:00,4587.14042,0.59975,0.01485,0.38743,0.27414
2030-07-02 15:00:00,4622.97586,0.5972,0.01485,0.39279,0.17846
2030-07-02 16:00:00,4802.15304,0.67166,0.01485,0.37591,0.27676
2030-07-02 17:00:00,5017.16566,0.63228,0.01856,0.42015,0.25634
2030-07-02 18:00:00,5017.16566,0.72253,0.01856,0.37494,0.16412
2030-07-02 19:00:00,4873.82391,0.76248,0.01856,0.33858,0.08653
2030-07-02 20:00:00,4694.64673,0.72761,0.01856,0.33562,0.03214
2030-07-02 21:00:00,4515.46955,0.7255,0.01485,0.31625,0.0
2030-07-02 22:00:00,4336.29236,0.72265,0.01485,0.29725,0.0
2030-07-02 23:00:00,4157.11518,0.72978,0.01485,0.27325,0.0
2030-07-03 00:00:00,4038.72507,0.7697,0.0129,0.23975,0.0
2030-07-03 01:00:00,3930.17911,0.76104,0.0129,0.23172,0.0
2030-07-03 02:00:00,3857.81513,0.80364,0.0129,0.20212,0.0
2030-07-03 03:00:00,3821.63315,0.80488,0.0129,0.19737,0.0
2030-07-03 04:00:00,3821.63315,0.77667,0.0129,0.21151,0.0
2030-07-03 05:00:00,3893.99712,0.74966,0.0129,0.23329,0.02914
2030-07-03 06:00:00,4111.08904,0.77373,0.0129,0.24598,0.06387
2030-07-03 07:00:00,4436.72693,0.8085,0.0129,0.26569,0.18472
2030-07-03 08:00:00,4690.00084,0.79576,0.0129,0.30094,0.2798
2030-07-03 09:00:00,4762.36481,0.72628,0.0129,0.34401,0.30836
2030-07-03 10:00:00,4762.36481,0.68863,0.0129,0.36287,0.3394
2030-07-03 11:00:00,4726.18283,0.66743,0.0129,0.36937,0.34753
2030-07-03 12:00:00,4690.00084,0.67115,0.0129,0.36338,0.37068
2030-07-03 13:00:00,4653.81885,0.73486,0.0129,0.32733,0.42769
2030-07-03 14:00:00,4617.63686,0.75647,0.0129,0.31238,0.44771
2030-07-03 15:00:00,4653.81885,0.71867,0.0129,0.33544,0.35865
2030-07-03 16:00:00,4834.72879,0.75192,0.0129,0.33941,0.31616
2030-07-03 17:00:00,5051.82071,0.75267,0.01612,0.36378,0.22029
2030-07-03 18:00:00,5051.82071,0.70212,0.01612,0.38911,0.17092
2030-07-03 19:00:00,4907.09276,0.73882,0.01612,0.35423,0.07593
2030-07-03 20:00:00,4726.18283,0.7196,0.01612,0.34323,0.03229
2030-07-03 21:00:00,4545.27289,0.64207,0.0129,0.36145,0.0
2030-07-03 22:00:00,4364.36295,0.65164,0.0129,0.33603,0.0
2030-07-03 23:00:00,4183.45302,0.54664,0.0129,0.36801,0.0
2030-07-04 00:00:00,3981.20565,0.56747,0.01108,0.33452,0.0
2030-07-04 01:00:00,3875.05633,0.56862,0.01108,0.32184,0.0
2030-07-04 02:00:00,3804.29012,0.53534,0.01108,0.33045,0.0
2030-07-04 03:00:00,3768.90701,0.60275,0.01108,0.29264,0.0
2030-07-04 04:00:00,3768.90701,0.66652,0.01108,0.26069,0.0
2030-07-04 05:00:00,3839.67322,0.75167,0.01108,0.22609,0.0308
2030-07-04 06:00:00,4051.97186,0.76663,0.01108,0.2428,0.0725
2030-07-04 07:00:00,4370.41982,0.71134,0.01108,0.30681,0.14716
2030-07-04 08:00:00,4618.10156,0.753,0.01108,0.31417,0.23707
2030-07-04 09:00:00,4688.86777,0.78147,0.01108,0.30798,0.20163
2030-07-04 10:00:00,4688.86777,0.71943,0.01108,0.33906,0.27044
2030-07-04 11:00:00,4653.48467,0.61782,0.01108,0.38594,0.45277
2030-07-04 12:00:00,4618.10156,0.5327,0.01108,0.42455,0.3957
2030-07-04 13:00:00,4582.71845,0.41084,0.01108,0.48157,0.38414
2030-07-04 14:00:00,4547.33535,0.47969,0.01108,0.44304,0.33949
2030-07-04 15:00:00,4582.71845,0.57722,0.01108,0.39821,0.28136
2030-07-04 16:00:00,4759.63398,0.49813,0.01108,0.45801,0.31746
2030-07-04 17:00:00,4971.93262,0.43272,0.01385,0.51498,0.26272
2030-07-04 18:00:00,4971.93262,0.43276,0.01385,0.51496,0.18765
2030-07-04 19:00:00,4830.4002,0.38197,0.01385,0.52428,0.0774
2030-07-04 20:00:00,4653.48467,0.44698,0.01385,0.47153,0.03176
2030-07-04 21:00:00,4476.56913,0.42212,0.01108,0.46382,0.0
2030-07-04 22:00:00,4299.6536,0.39775,0.01108,0.45586,0.0
2030-07-04 23:00:00,4122.73807,0.32098,0.01108,0.47415,0.0
2030-07-05 00:00:00,3906.38826,0.38689,0.0094,0.41646,0.0
2030-07-05 01:00:00,3803.35633,0.48871,0.0094,0.3537,0.0
2030-07-05 02:00:00,3734.66838,0.44739,0.0094,0.36657,0.0
2030-07-05 03:00:00,3700.32441,0.51916,0.0094,0.3267,0.0
2030-07-05 04:00:00,3700.32441,0.51428,0.0094,0.32914,0.0
2030-07-05 05:00:00,3769.01236,0.51428,0.0094,0.33698,0.02656
2030-07-05 06:00:00,3975.07621,0.35943,0.0094,0.43805,0.05101
2030-07-05 07:00:00,4284.172,0.43909,0.0094,0.43338,0.11395
2030-07-05 08:00:00,4524.57983,0.47576,0.0094,0.44242,0.163
2030-07-05 09:00:00,4593.26778,0.39166,0.0094,0.49238,0.17072
2030-07-05 10:00:00,4593.26778,0.33565,0.0094,0.52044,0.18377
2030-07-05 11:00:00,4558.9238,0.27882,0.0094,0.54501,0.30465
2030-07-05 12:00:00,4524.57983,0.25465,0.0094,0.5532,0.41893
2030-07-05 13:00:00,4490.23585,0.23011,0.0094,0.56158,0.43211
2030-07-05 14:00:00,4455.89188,0.19238,0.0094,0.57656,0.31452
2030-07-05 15:00:00,4490.23585,0.15583,0.0094,0.59879,0.23553
2030-07-05 16:00:00,4661.95573,0.19951,0.0094,0.59649,0.12654
2030-07-05 17:00:00,4868.01959,0.18247,0.01175,0.62852,0.11374
2030-07-05 18:00:00,4868.01959,0.15597,0.01175,0.64179,0.07276
2030-07-05 19:00:00,4730.64368,0.08911,0.01175,0.65963,0.04893
2030-07-05 20:00:00,4558.9238,0.09844,0.01175,0.63538,0.02241
2030-07-05 21:00:00,4387.20392,0.13653,0.0094,0.59672,0.0
2030-07-05 22:00:00,4215.48405,0.15242,0.0094,0.56918,0.0
2030-07-05 23:00:00,4043.76417,0.15718,0.0094,0.54722,0.0
2030-07-06 00:00:00,3696.49131,0.10027,0.00786,0.53614,0.0
2030-07-06 01:00:00,3602.20509,0.11518,0.00786,0.51792,0.0
2030-07-06 02:00:00,3539.34761,0.17436,0.00786,0.48111,0.0
2030-07-06 03:00:00,3507.91887,0.23888,0.00786,0.44519,0.0
2030-07-06 04:00:00,3507.91887,0.34996,0.00786,0.38954,0.0
2030-07-06 05:00:00,3570.77635,0.36684,0.00786,0.38825,0.02658
2030-07-06 06:00:00,3759.3488,0.29849,0.00786,0.44399,0.06848
2030-07-06 07:00:00,4042.20746,0.39568,0.00786,0.42754,0.1612
2030-07-06 08:00:00,4262.20864,0.34979,0.00786,0.47562,0.26112
2030-07-06 09:00:00,4325.06613,0.35671,0.00786,0.47932,0.32078
2030-07-06 10:00:00,4325.06613,0.28935,0.00786,0.51306,0.45918
2030-07-06 11:00:00,4293.63738,0.35148,0.00786,0.47835,0.55737
2030-07-06 12:00:00,4262.20864,0.40222,0.00786,0.44935,0.51291
2030-07-06 13:00:00,4230.7799,0.38923,0.00786,0.45228,0.45759
2030-07-06 14:00:00,4199.35116,0.40428,0.00786,0.44115,0.51022
2030-07-06 15:00:00,4230.7799,0.42734,0.00786,0.43318,0.47402
2030-07-06 16:00:00,4387.92361,0.52042,0.00786,0.40446,0.42991
2030-07-06 17:00:00,4576.49605,0.43673,0.00982,0.46789,0.3363
2030-07-06 18:00:00,4576.49605,0.4812,0.00982,0.44561,0.20896
2030-07-06 19:00:00,4450.78109,0.5898,0.00982,0.37687,0.07199
2030-07-06 20:00:00,4293.63738,0.61671,0.00982,0.34547,0.02719
2030-07-06 21:00:00,4136.49368,0.58635,0.00786,0.34276,0.0
2030-07-06 22:00:00,3979.34998,0.49924,0.00786,0.36849,0.0
2030-07-06 23:00:00,3822.20628,0.46718,0.00786,0.36664,0.0
2030-07-07 00:00:00,3721.49084,0.39858,0.00645,0.38953,0.0
2030-07-07 01:00:00,3626.16297,0.45247,0.00645,0.35166,0.0
2030-07-07 02:00:00,3562.61106,0.30079,0.00645,0.42041,0.0
2030-07-07 03:00:00,3530.8351,0.42266,0.00645,0.35572,0.0
2030-07-07 04:00:00,3530.8351,0.53804,0.00645,0.29792,0.0
2030-07-07 05:00:00,3594.38701,0.50173,0.00645,0.32335,0.02307
2030-07-07 06:00:00,3785.04275,0.41973,0.00645,0.38618,0.04177
2030-07-07 07:00:00,4071.02636,0.4931,0.00645,0.38202,0.06153
2030-07-07 08:00:00,4293.45805,0.53189,0.00645,0.38795,0.09984
2030-07-07 09:00:00,4357.00996,0.42164,0.00645,0.45043,0.12615
2030-07-07 10:00:00,4357.00996,0.48921,0.00645,0.41657,0.24872
2030-07-07 11:00:00,4325.234,0.47303,0.00645,0.42106,0.29474
2030-07-07 12:00:00,4293.45805,0.5609,0.00645,0.37341,0.35684
2030-07-07 13:00:00,4261.68209,0.44908,0.00645,0.42581,0.34761
2030-07-07 14:00:00,4229.90614,0.48824,0.00645,0.40257,0.34688
2030-07-07 15:00:00,4261.68209,0.56148,0.00645,0.3695,0.31788
2030-07-07 16:00:00,4420.56187,0.54895,0.00645,0.39389,0.2337
2030-07-07 17:00:00,4611.21761,0.37424,0.00806,0.50316,0.19403
2030-07-07 18:00:00,4611.21761,0.35848,0.00806,0.51106,0.16597
2030-07-07 19:00:00,4484.11378,0.40353,0.00806,0.47399,0.07659
2030-07-07 20:00:00,4325.234,0.42063,0.00806,0.44731,0.03296
2030-07-07 21:00:00,4166.35422,0.4879,0.00645,0.39549,0.0
2030-07-07 22:00:00,4007.47444,0.40838,0.00645,0.41722,0.0
2030-07-07 23:00:00,3848.59466,0.42138,0.00645,0.3926,0.0
2030-07-08 00:00:00,4028.19077,0.38608,0.00518,0.43076,0.0
2030-07-08 01:00:00,3920.08374,0.43619,0.00518,0.39332,0.0
2030-07-08 02:00:00,3848.01238,0.35203,0.00518,0.42728,0.0
2030-07-08 03:00:00,3811.97671,0.248,0.00518,0.47529,0.0
2030-07-08 04:00:00,3811.97671,0.26478,0.00518,0.46688,0.0
2030-07-08 05:00:00,3884.04806,0.21159,0.00518,0.50175,0.01416
2030-07-08 06:00:00,4100.26213,0.22963,0.00518,0.51736,0.03793
2030-07-08 07:00:00,4424.58322,0.1646,0.00518,0.58692,0.07079
2030-07-08 08:00:00,4676.83296,0.13767,0.00518,0.62917,0.08379
2030-07-08 09:00:00,4748.90432,0.13651,0.00518,0.63797,0.19322
2030-07-08 10:00:00,4748.90432,0.20725,0.00518,0.60252,0.31929
2030-07-08 11:00:00,4712.86864,0.23506,0.00518,0.58448,0.37301
2030-07-08 12:00:00,4667.15145,0.21526,0.00518,0.58919,0.37896
2030-07-08 13:00:00,4603.45202,0.19087,0.00518,0.59415,0.39489
2030-07-08 14:00:00,4524.21196,0.29305,0.00518,0.53392,0.33014
2030-07-08 15:00:00,4495.92063,0.23451,0.00518,0.56002,0.30205
2030-07-08 16:00:00,4567.59141,0.23524,0.00518,0.56783,0.21229
2030-07-08 17:00:00,4628.4673,0.3274,0.00648,0.52859,0.24082
2030-07-08 18:00:00,4499.32748,0.47861,0.00648,0.43811,0.12936
2030-07-08 19:00:00,4277.10627,0.61031,0.00648,0.34679,0.07723
2030-07-08 20:00:00,4057.58432,0.48317,0.00648,0.38546,0.03367
2030-07-08 21:00:00,3869.35002,0.47853,0.00518,0.36633,0.0
2030-07-08 22:00:00,3714.91013,0.51746,0.00518,0.32922,0.0
2030-07-08 23:00:00,3594.80837,0.38641,0.00518,0.38118,0.0
2030-07-09 00:00:00,3535.11477,0.33713,0.00405,0.39907,0.0
2030-07-09 01:00:00,3476.06684,0.3551,0.00405,0.38333,0.0
2030-07-09 02:00:00,3439.49564,0.32489,0.00405,0.3943,0.0
2030-07-09 03:00:00,3417.90735,0.34286,0.00405,0.38284,0.0
2030-07-09 04:00:00,3406.2317,0.4056,0.00405,0.35007,0.0
2030-07-09 05:00:00,3402.3,0.44579,0.00405,0.32948,0.02663
2030-07-09 06:00:00,3408.52092,0.45407,0.00405,0.32604,0.06329
2030-07-09 07:00:00,3437.21787,0.43826,0.00405,0.33724,0.16954
2030-07-09 08:00:00,3497.5353,0.55722,0.00405,0.28451,0.23981
2030-07-09 09:00:00,3577.41965,0.61673,0.00405,0.2638,0.31732
2030-07-09 10:00:00,3669.67945,0.64072,0.00405,0.2623,0.31451
2030-07-09 11:00:00,3767.14067,0.73236,0.00405,0.2275,0.37319
2030-07-09 12:00:00,3870.02232,0.76542,0.00405,0.22266,0.40516
2030-07-09 13:00:00,3974.1442,0.79169,0.00405,0.22137,0.27531
2030-07-09 14:00:00,4075.47518,0.82758,0.00405,0.21494,0.31326
2030-07-09 15:00:00,4214.47694,0.7822,0.00405,0.25353,0.31696
2030-07-09 16:00:00,4457.37948,0.7816,0.00405,0.28152,0.2958
2030-07-09 17:00:00,4751.09976,0.79242,0.00506,0.30958,0.20463
2030-07-09 18:00:00,4879.49436,0.77535,0.00506,0.33278,0.14873
2030-07-09 19:00:00,4857.27035,0.81556,0.00506,0.3101,0.06564
2030-07-09 20:00:00,4763.90393,0.83131,0.00506,0.29156,0.02032
2030-07-09 21:00:00,4634.9832,0.88196,0.00405,0.25148,0.0
2030-07-09 22:00:00,4476.73094,0.88788,0.00405,0.23048,0.0
2030-07-09 23:00:00,4296.60104,0.89041,0.00405,0.20867,0.0
2030-07-10 00:00:00,4010.4201,0.89317,0.00306,0.17466,0.0
2030-07-10 01:00:00,3903.05351,0.89648,0.00306,0.16076,0.0
2030-07-10 02:00:00,3831.47579,0.89637,0.00306,0.15266,0.0
2030-07-10 03:00:00,3795.68692,0.89353,0.00306,0.15,0.0
2030-07-10 04:00:00,3795.68692,0.89142,0.00306,0.15106,0.0
2030-07-10 05:00:00,3867.26465,0.87284,0.00306,0.16853,0.02226
2030-07-10 06:00:00,4081.99782,0.83446,0.00306,0.21224,0.03785
2030-07-10 07:00:00,4404.09759,0.85851,0.00306,0.23691,0.05805
2030-07-10 08:00:00,4654.61962,0.83716,0.00306,0.27617,0.07338
2030-07-10 09:00:00,4726.19735,0.8132,0.00306,0.29633,0.05582
2030-07-10 10:00:00,4726.19735,0.73782,0.00306,0.3341,0.09011
2030-07-10 11:00:00,4690.40849,0.73921,0.00306,0.32933,0.12963
2030-07-10 12:00:00,4654.61962,0.71251,0.00306,0.33862,0.19871
2030-07-10 13:00:00,4618.83076,0.7816,0.00306,0.29992,0.29533
2030-07-10 14:00:00,4583.0419,0.84741,0.00306,0.26287,0.24838
2030-07-10 15:00:00,4618.83076,0.84378,0.00306,0.26877,0.25756
2030-07-10 16:00:00,4797.77507,0.81242,0.00306,0.30489,0.21536
2030-07-10 17:00:00,5012.50825,0.84054,0.00382,0.31528,0.24167
2030-07-10 18:00:00,5012.50825,0.82052,0.00382,0.32531,0.18429
2030-07-10 19:00:00,4869.3528,0.75649,0.00382,0.34107,0.07417
2030-07-10 20:00:00,4690.40849,0.65165,0.00382,0.3732,0.02955
2030-07-10 21:00:00,4511.46417,0.58519,0.00306,0.38609,0.0
2030-07-10 22:00:00,4332.51986,0.5024,0.00306,0.40717,0.0
2030-07-10 23:00:00,4153.57555,0.40781,0.00306,0.43416,0.0
2030-07-11 00:00:00,4002.70623,0.54408,0.00221,0.34869,0.0
2030-07-11 01:00:00,3895.66105,0.448,0.00221,0.38462,0.0
2030-07-11 02:00:00,3824.2976,0.38582,0.00221,0.40764,0.0
2030-07-11 03:00:00,3788.61587,0.40122,0.00221,0.39586,0.0
2030-07-11 04:00:00,3788.61587,0.38106,0.00221,0.40596,0.0
2030-07-11 05:00:00,3859.97932,0.38728,0.00221,0.41098,0.02724
2030-07-11 06:00:00,4074.06968,0.24053,0.00221,0.50891,0.07698
2030-07-11 07:00:00,4395.20521,0.27179,0.00221,0.52986,0.18038
2030-07-11 08:00:00,4644.97728,0.32409,0.00221,0.53213,0.27751
2030-07-11 09:00:00,4716.34073,0.38024,0.00221,0.51214,0.33634
2030-07-11 10:00:00,4716.34073,0.42046,0.00221,0.49199,0.48851
2030-07-11 11:00:00,4680.65901,0.38726,0.00221,0.50455,0.46947
2030-07-11 12:00:00,4644.97728,0.4041,0.00221,0.49205,0.48135
2030-07-11 13:00:00,4609.29556,0.36043,0.00221,0.50986,0.53372
2030-07-11 14:00:00,4573.61383,0.2989,0.00221,0.53662,0.46439
2030-07-11 15:00:00,4609.29556,0.3054,0.00221,0.53743,0.32999
2030-07-11 16:00:00,4787.70419,0.31412,0.00221,0.5534,0.28465
2030-07-11 17:00:00,5001.79454,0.32708,0.00276,0.57131,0.19761
2030-07-11 18:00:00,5001.79454,0.42592,0.00276,0.52179,0.11685
2030-07-11 19:00:00,4859.06764,0.31929,0.00276,0.55895,0.07207
2030-07-11 20:00:00,4680.65901,0.52787,0.00276,0.4341,0.03122
2030-07-11 21:00:00,4502.25038,0.55099,0.00221,0.40218,0.0
2030-07-11 22:00:00,4323.84176,0.45395,0.00221,0.43046,0.0
2030-07-11 23:00:00,4145.43313,0.55237,0.00221,0.36081,0.0
2030-07-12 00:00:00,4132.54593,0.59878,0.00149,0.33608,0.0
2030-07-12 01:00:00,4020.09077,0.53142,0.00149,0.35701,0.0
2030-07-12 02:00:00,3945.12066,0.60116,0.00149,0.31352,0.0
2030-07-12 03:00:00,3907.6356,0.6219,0.00149,0.29886,0.0
2030-07-12 04:00:00,3907.6356,0.5961,0.00149,0.31179,0.0
2030-07-12 05:00:00,3982.60571,0.433,0.00149,0.40205,0.02244
2030-07-12 06:00:00,4207.51604,0.35374,0.00149,0.46741,0.06265
2030-07-12 07:00:00,4544.88153,0.35942,0.00149,0.50302,0.08446
2030-07-12 08:00:00,4807.27692,0.53587,0.00149,0.44453,0.12573
2030-07-12 09:00:00,4882.24702,0.41606,0.00149,0.5131,0.14968
2030-07-12 10:00:00,4882.24702,0.38372,0.00149,0.52931,0.1774
2030-07-12 11:00:00,4844.76197,0.43243,0.00149,0.50063,0.25169
2030-07-12 12:00:00,4807.27692,0.43803,0.00149,0.49355,0.30328
2030-07-12 13:00:00,4769.79186,0.4384,0.00149,0.48909,0.24593
2030-07-12 14:00:00,4732.30681,0.49762,0.00149,0.45515,0.34903
2030-07-12 15:00:00,4769.79186,0.43222,0.00149,0.49219,0.37019
2030-07-12 16:00:00,4957.21713,0.43779,0.00149,0.51076,0.27136
2030-07-12 17:00:00,5182.12746,0.35109,0.00187,0.57984,0.1827
2030-07-12 18:00:00,5182.12746,0.44748,0.00187,0.53155,0.11601
2030-07-12 19:00:00,5032.18724,0.36188,0.00187,0.55734,0.07381
2030-07-12 20:00:00,4844.76197,0.29468,0.00187,0.56965,0.02952
2030-07-12 21:00:00,4657.3367,0.33295,0.00149,0.5291,0.0
2030-07-12 22:00:00,4469.91142,0.1939,0.00149,0.5774,0.0
2030-07-12 23:00:00,4282.48615,0.14364,0.00149,0.58122,0.0
2030-07-13 00:00:00,3793.33976,0.14956,0.00092,0.52248,0.0
2030-07-13 01:00:00,3695.01819,0.21752,0.00092,0.47722,0.0
2030-07-13 02:00:00,3629.47047,0.25217,0.00092,0.45239,0.0
2030-07-13 03:00:00,3596.69661,0.36274,0.00092,0.39326,0.0
2030-07-13 04:00:00,3596.69661,0.44477,0.00092,0.35216,0.0
2030-07-13 05:00:00,3662.24433,0.38567,0.00092,0.38924,0.02507
2030-07-13 06:00:00,3858.88748,0.48056,0.00092,0.36412,0.07571
2030-07-13 07:00:00,4153.8522,0.48059,0.00092,0.39773,0.14226
2030-07-13 08:00:00,4383.2692,0.32621,0.00092,0.50124,0.17555
2030-07-13 09:00:00,4448.81692,0.27309,0.00092,0.53532,0.24622
2030-07-13 10:00:00,4448.81692,0.29313,0.00092,0.52528,0.38693
2030-07-13 11:00:00,4416.04306,0.26813,0.00092,0.53407,0.29491
2030-07-13 12:00:00,4383.2692,0.26378,0.00092,0.53251,0.45698
2030-07-13 13:00:00,4350.49534,0.31309,0.00092,0.50407,0.4963
2030-07-13 14:00:00,4317.72149,0.30662,0.00092,0.50358,0.38609
2030-07-13 15:00:00,4350.49534,0.29509,0.00092,0.51309,0.40541
2030-07-13 16:00:00,4514.36463,0.31824,0.00092,0.52017,0.31678
2030-07-13 17:00:00,4711.00778,0.17984,0.00115,0.61194,0.19521
2030-07-13 18:00:00,4711.00778,0.1426,0.00115,0.63059,0.15908
2030-07-13 19:00:00,4579.91235,0.09215,0.00115,0.64093,0.07764
2030-07-13 20:00:00,4416.04306,0.1084,0.00115,0.6141,0.02782
2030-07-13 21:00:00,4252.17377,0.0857,0.00092,0.60679,0.0
2030-07-13 22:00:00,4088.30448,0.1173,0.00092,0.57228,0.0
2030-07-13 23:00:00,3924.43519,0.18596,0.00092,0.51919,0.0
2030-07-14 00:00:00,3739.76224,0.31975,0.00048,0.43111,0.0
2030-07-14 01:00:00,3643.67306,0.2832,0.00048,0.43846,0.0
2030-07-14 02:00:00,3579.61361,0.27705,0.00048,0.43424,0.0
2030-07-14 03:00:00,3547.58389,0.28948,0.00048,0.42436,0.0
2030-07-14 04:00:00,3547.58389,0.36316,0.00048,0.38745,0.0
2030-07-14 05:00:00,3611.64334,0.35909,0.00048,0.39679,0.02509
2030-07-14 06:00:00,3803.82169,0.38322,0.00048,0.40661,0.07012
2030-07-14 07:00:00,4092.08922,0.37009,0.00048,0.44605,0.1476
2030-07-14 08:00:00,4316.2973,0.54312,0.00048,0.38492,0.28877
2030-07-14 09:00:00,4380.35675,0.55128,0.00048,0.38813,0.37068
2030-07-14 10:00:00,4380.35675,0.48294,0.00048,0.42238,0.35172
2030-07-14 11:00:00,4348.32703,0.34443,0.00048,0.48812,0.39837
2030-07-14 12:00:00,4316.2973,0.46339,0.00048,0.42487,0.37585
2030-07-14 13:00:00,4284.26758,0.54218,0.00048,0.38174,0.30137
2030-07-14 14:00:00,4252.23785,0.46629,0.00048,0.41611,0.3031
2030-07-14 15:00:00,4284.26758,0.52643,0.00048,0.38963,0.33077
2030-07-14 16:00:00,4444.4162,0.5561,0.00048,0.39303,0.18897
2030-07-14 17:00:00,4636.59456,0.54688,0.0006,0.41956,0.19211
2030-07-14 18:00:00,4636.59456,0.62634,0.0006,0.37974,0.17158
2030-07-14 19:00:00,4508.47566,0.59271,0.0006,0.38199,0.07789
2030-07-14 20:00:00,4348.32703,0.55183,0.0006,0.38421,0.02475
2030-07-14 21:00:00,4188.1784,0.54531,0.00048,0.36922,0.0
2030-07-14 22:00:00,4028.02977,0.48749,0.00048,0.37993,0.0
2030-07-14 23:00:00,3867.88114,0.48178,0.00048,0.36453,0.0
2030-07-15 00:00:00,4007.43488,0.56606,0.00018,0.33822,0.0
2030-07-15 01:00:00,3900.19268,0.46325,0.00018,0.3775,0.0
2030-07-15 02:00:00,3828.69788,0.51558,0.00018,0.34313,0.0
2030-07-15 03:00:00,3792.95048,0.42854,0.00018,0.38266,0.0
2030-07-15 04:00:00,3792.95048,0.50984,0.00018,0.34193,0.0
2030-07-15 05:00:00,3864.44528,0.39558,0.00018,0.40733,0.01112
2030-07-15 06:00:00,4078.92968,0.32173,0.00018,0.46878,0.03019
2030-07-15 07:00:00,4400.6563,0.38339,0.00018,0.47457,0.0642
2030-07-15 08:00:00,4650.8881,0.29314,0.00018,0.54832,0.08977
2030-07-15 09:00:00,4722.38291,0.28377,0.00018,0.56116,0.13855
2030-07-15 10:00:00,4722.38291,0.25179,0.00018,0.57718,0.09423
2030-07-15 11:00:00,4686.6355,0.2823,0.00018,0.55782,0.09757
2030-07-15 12:00:00,4650.8881,0.31562,0.00018,0.53705,0.1454
2030-07-15 13:00:00,4615.1407,0.27,0.00018,0.55583,0.26044
2030-07-15 14:00:00,4579.3933,0.3632,0.00018,0.50506,0.17009
2030-07-15 15:00:00,4615.1407,0.36173,0.00018,0.50988,0.17419
2030-07-15 16:00:00,4793.87771,0.39138,0.00018,0.51539,0.1448
2030-07-15 17:00:00,5008.36212,0.46089,0.00023,0.50502,0.12501
2030-07-15 18:00:00,5008.36212,0.49791,0.00023,0.48647,0.10253
2030-07-15 19:00:00,4865.37251,0.46219,0.00023,0.48807,0.07515
2030-07-15 20:00:00,4686.6355,0.39463,0.00023,0.50154,0.02895
2030-07-15 21:00:00,4507.8985,0.39035,0.00018,0.48331,0.0
2030-07-15 22:00:00,4329.16149,0.3206,0.00018,0.49788,0.0
2030-07-15 23:00:00,4150.42449,0.37054,0.00018,0.45248,0.0
2030-07-16 00:00:00,4002.09514,0.40305,3e-05,0.41928,0.0
2030-07-16 01:00:00,3895.07542,0.4713,3e-05,0.37288,0.0
2030-07-16 02:00:00,3823.72895,0.45202,3e-05,0.37441,0.0
2030-07-16 03:00:00,3788.05571,0.37959,3e-05,0.40663,0.0
2030-07-16 04:00:00,3788.05571,0.36829,3e-05,0.41229,0.0
2030-07-16 05:00:00,3859.40218,0.40155,3e-05,0.40376,0.02015
2030-07-16 06:00:00,4073.44161,0.41428,3e-05,0.42178,0.06023
2030-07-16 07:00:00,4394.50076,0.41611,3e-05,0.45747,0.12237
2030-07-16 08:00:00,4644.21342,0.38617,3e-05,0.50094,0.16646
2030-07-16 09:00:00,4715.5599,0.28085,3e-05,0.56184,0.21627
2030-07-16 10:00:00,4715.5599,0.20047,3e-05,0.60212,0.26199
2030-07-16 11:00:00,4679.88666,0.25013,3e-05,0.57317,0.40816
2030-07-16 12:00:00,4644.21342,0.3013,3e-05,0.54347,0.33166
2030-07-16 13:00:00,4608.54018,0.2528,3e-05,0.5637,0.22918
2030-07-16 14:00:00,4572.86695,0.23558,3e-05,0.56826,0.41927
2030-07-16 15:00:00,4608.54018,0.26275,3e-05,0.55871,0.27012
2030-07-16 16:00:00,4786.90637,0.29455,3e-05,0.56311,0.28432
2030-07-16 17:00:00,5000.9458,0.33713,3e-05,0.56618,0.18916
2030-07-16 18:00:00,5000.9458,0.34287,3e-05,0.56331,0.07853
2030-07-16 19:00:00,4858.25285,0.36668,3e-05,0.53511,0.04448
2030-07-16 20:00:00,4679.88666,0.2853,3e-05,0.55555,0.01708
2030-07-16 21:00:00,4501.52047,0.31258,3e-05,0.52155,0.0
2030-07-16 22:00:00,4323.15428,0.30373,3e-05,0.50565,0.0
2030-07-16 23:00:00,4144.78809,0.38418,3e-05,0.445,0.0
2030-07-17 00:00:00,4023.05798,0.34699,1e-05,0.44976,0.0
2030-07-17 01:00:00,3915.16481,0.31805,1e-05,0.45196,0.0
2030-07-17 02:00:00,3843.23603,0.31875,1e-05,0.44341,0.0
2030-07-17 03:00:00,3807.27165,0.28454,1e-05,0.45644,0.0
2030-07-17 04:00:00,3807.27165,0.25848,1e-05,0.4695,0.0
2030-07-17 05:00:00,3879.20042,0.2253,1e-05,0.49433,0.01245
2030-07-17 06:00:00,4094.98675,0.27324,1e-05,0.49491,0.03274
2030-07-17 07:00:00,4418.66625,0.27334,1e-05,0.53176,0.06873
2030-07-17 08:00:00,4670.41697,0.30601,1e-05,0.54409,0.15579
2030-07-17 09:00:00,4742.34575,0.26668,1e-05,0.572,0.21875
2030-07-17 10:00:00,4742.34575,0.2338,1e-05,0.58847,0.22346
2030-07-17 11:00:00,4706.38136,0.16382,1e-05,0.61943,0.22693
2030-07-17 12:00:00,4670.41697,0.2167,1e-05,0.58884,0.34722
2030-07-17 13:00:00,4634.45258,0.13425,1e-05,0.62605,0.29661
2030-07-17 14:00:00,4598.48819,0.12523,1e-05,0.62647,0.23197
2030-07-17 15:00:00,4634.45258,0.09611,1e-05,0.64516,0.16665
2030-07-17 16:00:00,4814.27453,0.15004,1e-05,0.63864,0.15595
2030-07-17 17:00:00,5030.06086,0.19346,1e-05,0.64149,0.17397
2030-07-17 18:00:00,5030.06086,0.12137,1e-05,0.67761,0.15653
2030-07-17 19:00:00,4886.2033,0.12563,1e-05,0.65907,0.07261
2030-07-17 20:00:00,4706.38136,0.15086,1e-05,0.62593,0.03009
2030-07-17 21:00:00,4526.55942,0.10684,1e-05,0.62748,0.0
2030-07-17 22:00:00,4346.73747,0.16053,1e-05,0.58008,0.0
2030-07-17 23:00:00,4166.91553,0.17392,1e-05,0.55287,0.0
2030-07-18 00:00:00,4072.28922,0.18451,0.00013,0.53678,0.0
2030-07-18 01:00:00,3962.34475,0.13457,0.00013,0.54927,0.0
2030-07-18 02:00:00,3889.04844,0.11881,0.00013,0.5488,0.0
2030-07-18 03:00:00,3852.40028,0.12546,0.00013,0.54129,0.0
2030-07-18 04:00:00,3852.40028,0.16291,0.00013,0.52253,0.0
2030-07-18 05:00:00,3925.6966,0.1091,0.00013,0.55785,0.01886
2030-07-18 06:00:00,4145.58553,0.10395,0.00013,0.5855,0.03506
2030-07-18 07:00:00,4475.41893,0.16302,0.00013,0.59351,0.09335
2030-07-18 08:00:00,4731.95603,0.10417,0.00013,0.65224,0.1318
2030-07-18 09:00:00,4805.25234,0.03925,0.00013,0.69312,0.16281
2030-07-18 10:00:00,4805.25234,0.04262,0.00013,0.69143,0.18019
2030-07-18 11:00:00,4768.60418,0.05428,0.00013,0.68141,0.13173
2030-07-18 12:00:00,4731.95603,0.05823,0.00013,0.67525,0.14262
2030-07-18 13:00:00,4695.30787,0.05629,0.00013,0.67205,0.17898
2030-07-18 14:00:00,4658.65971,0.08317,0.00013,0.6544,0.12519
2030-07-18 15:00:00,4695.30787,0.0735,0.00013,0.66343,0.17575
2030-07-18 16:00:00,4878.54865,0.06587,0.00013,0.68814,0.1515
2030-07-18 17:00:00,5098.43758,0.09244,0.00016,0.6999,0.10506
2030-07-18 18:00:00,5098.43758,0.09335,0.00016,0.69944,0.09089
2030-07-18 19:00:00,4951.84496,0.0657,0.00016,0.69658,0.07444
2030-07-18 20:00:00,4768.60418,0.04971,0.00016,0.6837,0.02778
2030-07-18 21:00:00,4585.3634,0.03691,0.00013,0.66922,0.0
2030-07-18 22:00:00,4402.12262,0.03818,0.00013,0.64769,0.0
2030-07-18 23:00:00,4218.88184,0.02518,0.00013,0.63332,0.0
2030-07-19 00:00:00,4087.96542,0.039,0.00039,0.61147,0.0
2030-07-19 01:00:00,3977.36778,0.03121,0.00039,0.60276,0.0
2030-07-19 02:00:00,3903.63601,0.02934,0.00039,0.59529,0.0
2030-07-19 03:00:00,3866.77013,0.02819,0.00039,0.59166,0.0
2030-07-19 04:00:00,3866.77013,0.02144,0.00039,0.59505,0.0
2030-07-19 05:00:00,3940.50189,0.01755,0.00039,0.6054,0.0174
2030-07-19 06:00:00,4161.69718,0.02753,0.00039,0.62562,0.0557
2030-07-19 07:00:00,4493.49011,0.01938,0.00039,0.66753,0.09544
2030-07-19 08:00:00,4751.55127,0.01291,0.00039,0.70019,0.10266
2030-07-19 09:00:00,4825.28304,0.00928,0.00039,0.71042,0.16818
2030-07-19 10:00:00,4825.28304,0.01001,0.00039,0.71005,0.19046
2030-07-19 11:00:00,4788.41715,0.01245,0.00039,0.70463,0.23726
2030-07-19 12:00:00,4751.55127,0.01238,0.00039,0.70046,0.24543
2030-07-19 13:00:00,4714.68539,0.023,0.00039,0.69094,0.34283
2030-07-19 14:00:00,4677.81951,0.01799,0.00039,0.68924,0.25438
2030-07-19 15:00:00,4714.68539,0.0221,0.00039,0.69139,0.32254
2030-07-19 16:00:00,4899.0148,0.05589,0.00039,0.69547,0.26996
2030-07-19 17:00:00,5120.21008,0.08908,0.00049,0.70406,0.15752
2030-07-19 18:00:00,5120.21008,0.09101,0.00049,0.70309,0.13194
2030-07-19 19:00:00,4972.74656,0.0686,0.00049,0.69751,0.05644
2030-07-19 20:00:00,4788.41715,0.05174,0.00049,0.68494,0.01831
2030-07-19 21:00:00,4604.08775,0.06133,0.00039,0.65912,0.0
2030-07-19 22:00:00,4419.75835,0.05291,0.00039,0.64233,0.0
2030-07-19 23:00:00,4235.42894,0.04027,0.00039,0.62764,0.0
2030-07-20 00:00:00,3788.08172,0.03604,0.00079,0.57876,0.0
2030-07-20 01:00:00,3689.97923,0.05092,0.00079,0.56012,0.0
2030-07-20 02:00:00,3624.57757,0.04857,0.00079,0.55385,0.0
2030-07-20 03:00:00,3591.87674,0.0783,0.00079,0.53522,0.0
2030-07-20 04:00:00,3591.87674,0.14623,0.00079,0.50118,0.0
2030-07-20 05:00:00,3657.2784,0.16313,0.00079,0.50017,0.01143
2030-07-20 06:00:00,3853.48337,0.15742,0.00079,0.5254,0.0523
2030-07-20 07:00:00,4147.79084,0.17958,0.00079,0.54785,0.10011
2030-07-20 08:00:00,4376.69665,0.16964,0.00079,0.57893,0.17897
2030-07-20 09:00:00,4442.0983,0.23471,0.00079,0.55379,0.14983
2030-07-20 10:00:00,4442.0983,0.28865,0.00079,0.52676,0.19295
2030-07-20 11:00:00,4409.39747,0.35128,0.00079,0.49165,0.22246
2030-07-20 12:00:00,4376.69665,0.44257,0.00079,0.44219,0.31996
2030-07-20 13:00:00,4343.99582,0.38431,0.00079,0.46765,0.28665
2030-07-20 14:00:00,4311.29499,0.30928,0.00079,0.50151,0.32576
2030-07-20 15:00:00,4343.99582,0.27079,0.00079,0.52452,0.28569
2030-07-20 16:00:00,4507.49996,0.2659,0.00079,0.54562,0.177
2030-07-20 17:00:00,4703.70494,0.21371,0.00099,0.59413,0.17823
2030-07-20 18:00:00,4703.70494,0.22528,0.00099,0.58834,0.07476
2030-07-20 19:00:00,4572.90162,0.22296,0.00099,0.57458,0.03881
2030-07-20 20:00:00,4409.39747,0.18252,0.00099,0.57621,0.01868
2030-07-20 21:00:00,4245.89333,0.162,0.00079,0.56785,0.0
2030-07-20 22:00:00,4082.38918,0.12063,0.00079,0.56993,0.0
2030-07-20 23:00:00,3918.88503,0.11424,0.00079,0.5545,0.0
2030-07-21 00:00:00,3825.14901,0.10162,0.00134,0.55013,0.0
2030-07-21 01:00:00,3725.50205,0.13763,0.00134,0.52073,0.0
2030-07-21 02:00:00,3659.07074,0.17811,0.00134,0.49287,0.0
2030-07-21 03:00:00,3625.85509,0.18321,0.00134,0.48653,0.0
2030-07-21 04:00:00,3625.85509,0.21903,0.00134,0.46858,0.0
2030-07-21 05:00:00,3692.2864,0.24298,0.00134,0.46416,0.01669
2030-07-21 06:00:00,3891.58031,0.21488,0.00134,0.50096,0.05498
2030-07-21 07:00:00,4190.52119,0.18735,0.00134,0.54884,0.11398
2030-07-21 08:00:00,4423.03076,0.18788,0.00134,0.57507,0.15001
2030-07-21 09:00:00,4489.46207,0.22121,0.00134,0.56595,0.26094
2030-07-21 10:00:00,4489.46207,0.2544,0.00134,0.54932,0.29875
2030-07-21 11:00:00,4456.24641,0.31912,0.00134,0.51311,0.21701
2030-07-21 12:00:00,4423.03076,0.3091,0.00134,0.51434,0.35056
2030-07-21 13:00:00,4389.81511,0.23584,0.00134,0.54726,0.31249
2030-07-21 14:00:00,4356.59946,0.32388,0.00134,0.49936,0.24064
2030-07-21 15:00:00,4389.81511,0.23508,0.00134,0.54764,0.16268
2030-07-21 16:00:00,4555.89337,0.30373,0.00134,0.53218,0.16351
2030-07-21 17:00:00,4755.18729,0.33684,0.00167,0.53831,0.08604
2030-07-21 18:00:00,4755.18729,0.28973,0.00167,0.56191,0.05646
2030-07-21 19:00:00,4622.32468,0.2954,0.00167,0.54392,0.03779
2030-07-21 20:00:00,4456.24641,0.36012,0.00167,0.49257,0.01729
2030-07-21 21:00:00,4290.16815,0.34024,0.00134,0.48359,0.0
2030-07-21 22:00:00,4124.08989,0.38816,0.00134,0.44065,0.0
2030-07-21 23:00:00,3958.01162,0.41232,0.00134,0.40961,0.0
2030-07-22 00:00:00,4153.98745,0.4205,0.00201,0.42786,0.0
2030-07-22 01:00:00,4040.63889,0.47294,0.00201,0.38865,0.0
2030-07-22 02:00:00,3965.07318,0.37755,0.00201,0.42784,0.0
2030-07-22 03:00:00,3927.29032,0.33408,0.00201,0.44531,0.0
2030-07-22 04:00:00,3927.29032,0.3078,0.00201,0.45847,0.0
2030-07-22 05:00:00,4002.85603,0.35828,0.00201,0.4418,0.01728
2030-07-22 06:00:00,4229.55315,0.30396,0.00201,0.49486,0.05564
2030-07-22 07:00:00,4569.59883,0.35231,0.00201,0.5094,0.10412
2030-07-22 08:00:00,4834.07881,0.37919,0.00201,0.52609,0.1598
2030-07-22 09:00:00,4909.64451,0.43886,0.00201,0.5048,0.19679
2030-07-22 10:00:00,4909.64451,0.42129,0.00201,0.51361,0.24837
2030-07-22 11:00:00,4871.86166,0.36935,0.00201,0.53532,0.32514
2030-07-22 12:00:00,4834.07881,0.3472,0.00201,0.54211,0.33085
2030-07-22 13:00:00,4796.29595,0.45404,0.00201,0.48428,0.33096
2030-07-22 14:00:00,4758.5131,0.48776,0.00201,0.46307,0.31662
2030-07-22 15:00:00,4796.29595,0.53635,0.00201,0.44304,0.31997
2030-07-22 16:00:00,4985.21022,0.5043,0.00201,0.48063,0.22861
2030-07-22 17:00:00,5211.90734,0.40726,0.00252,0.5551,0.20704
2030-07-22 18:00:00,5211.90734,0.38023,0.00252,0.56864,0.14417
2030-07-22 19:00:00,5060.77593,0.42223,0.00252,0.53037,0.07139
2030-07-22 20:00:00,4871.86166,0.35342,0.00252,0.5433,0.01904
2030-07-22 21:00:00,4682.94739,0.20303,0.00201,0.59712,0.0
2030-07-22 22:00:00,4494.03313,0.26861,0.00201,0.54272,0.0
2030-07-22 23:00:00,4305.11886,0.31946,0.00201,0.49571,0.0
2030-07-23 00:00:00,4157.91597,0.41473,0.00283,0.43119,0.0
2030-07-23 01:00:00,4044.40372,0.24013,0.00283,0.50573,0.0
2030-07-23 02:00:00,3968.72888,0.22261,0.00283,0.50588,0.0
2030-07-23 03:00:00,3930.89147,0.21283,0.00283,0.50647,0.0
2030-07-23 04:00:00,3930.89147,0.14824,0.00283,0.53883,0.0
2030-07-23 05:00:00,4006.5663,0.19866,0.00283,0.5222,0.01429
2030-07-23 06:00:00,4233.5908,0.20021,0.00283,0.5473,0.06041
2030-07-23 07:00:00,4574.12754,0.24473,0.00283,0.56382,0.1366
2030-07-23 08:00:00,4838.98946,0.16927,0.00283,0.63182,0.18168
2030-07-23 09:00:00,4914.66429,0.17059,0.00283,0.63979,0.1953
2030-07-23 10:00:00,4914.66429,0.15057,0.00283,0.64982,0.1717
2030-07-23 11:00:00,4876.82687,0.15476,0.00283,0.64341,0.24988
2030-07-23 12:00:00,4838.98946,0.09635,0.00283,0.66836,0.16297
2030-07-23 13:00:00,4801.15204,0.05044,0.00283,0.68705,0.2292
2030-07-23 14:00:00,4763.31462,0.07199,0.00283,0.67193,0.19826
2030-07-23 15:00:00,4801.15204,0.0651,0.00283,0.6797,0.19066
2030-07-23 16:00:00,4990.33912,0.04902,0.00283,0.70933,0.20347
2030-07-23 17:00:00,5217.36362,0.03376,0.00354,0.74285,0.14113
2030-07-23 18:00:00,5217.36362,0.0389,0.00354,0.74028,0.07778
2030-07-23 19:00:00,5066.01395,0.058,0.00354,0.71345,0.05018
2030-07-23 20:00:00,4876.82687,0.12591,0.00354,0.65786,0.01812
2030-07-23 21:00:00,4687.63979,0.11739,0.00283,0.64056,0.0
2030-07-23 22:00:00,4498.45271,0.07416,0.00283,0.64065,0.0
2030-07-23 23:00:00,4309.26563,0.05605,0.00283,0.62816,0.0
2030-07-24 00:00:00,4117.76619,0.03977,0.00379,0.61448,0.0
2030-07-24 01:00:00,4005.92684,0.05824,0.00379,0.59248,0.0
2030-07-24 02:00:00,3931.36728,0.0395,0.00379,0.59337,0.0
2030-07-24 03:00:00,3894.0875,0.03493,0.00379,0.5914,0.0
2030-07-24 04:00:00,3894.0875,0.03294,0.00379,0.5924,0.0
2030-07-24 05:00:00,3968.64706,0.02573,0.00379,0.60451,0.00494
2030-07-24 06:00:00,4192.32575,0.05479,0.00379,0.61545,0.02119
2030-07-24 07:00:00,4527.84377,0.04479,0.00379,0.65872,0.03488
2030-07-24 08:00:00,4788.80223,0.04876,0.00379,0.68648,0.06964
2030-07-24 09:00:00,4863.36179,0.03817,0.00379,0.70029,0.16126
2030-07-24 10:00:00,4863.36179,0.05686,0.00379,0.69092,0.20865
2030-07-24 11:00:00,4826.08201,0.0551,0.00379,0.68755,0.29201
2030-07-24 12:00:00,4788.80223,0.04519,0.00379,0.68827,0.25345
2030-07-24 13:00:00,4751.52245,0.03378,0.00379,0.68973,0.31858
2030-07-24 14:00:00,4714.24267,0.05235,0.00379,0.67618,0.28119
2030-07-24 15:00:00,4751.52245,0.05832,0.00379,0.67744,0.23612
2030-07-24 16:00:00,4937.92135,0.0606,0.00379,0.69755,0.24121
2030-07-24 17:00:00,5161.60004,0.0496,0.00474,0.72856,0.18555
2030-07-24 18:00:00,5161.60004,0.07733,0.00474,0.71467,0.14065
2030-07-24 19:00:00,5012.48091,0.06348,0.00474,0.70461,0.06696
2030-07-24 20:00:00,4826.08201,0.06116,0.00474,0.68452,0.02371
2030-07-24 21:00:00,4639.68311,0.0476,0.00379,0.67006,0.0
2030-07-24 22:00:00,4453.28421,0.05743,0.00379,0.64389,0.0
2030-07-24 23:00:00,4266.88531,0.03696,0.00379,0.63289,0.0
2030-07-25 00:00:00,4089.85885,0.05083,0.00489,0.60576,0.0
2030-07-25 01:00:00,3979.18232,0.05261,0.00489,0.59225,0.0
2030-07-25 02:00:00,3905.39796,0.05209,0.00489,0.58409,0.0
2030-07-25 03:00:00,3868.50578,0.05347,0.00489,0.5792,0.0
2030-07-25 04:00:00,3868.50578,0.04633,0.00489,0.58278,0.0
2030-07-25 05:00:00,3942.29014,0.08879,0.00489,0.56991,0.01427
2030-07-25 06:00:00,4163.64321,0.06308,0.00489,0.60803,0.06041
2030-07-25 07:00:00,4495.67281,0.04083,0.00489,0.65703,0.10735
2030-07-25 08:00:00,4753.91806,0.02181,0.00489,0.696,0.127
2030-07-25 09:00:00,4827.70242,0.01508,0.00489,0.70779,0.1999
2030-07-25 10:00:00,4827.70242,0.01728,0.00489,0.70669,0.24267
2030-07-25 11:00:00,4790.81024,0.01479,0.00489,0.70373,0.43851
2030-07-25 12:00:00,4753.91806,0.01103,0.00489,0.70141,0.38294
2030-07-25 13:00:00,4717.02589,0.01432,0.00489,0.69555,0.39693
2030-07-25 14:00:00,4680.13371,0.01155,0.00489,0.69273,0.43817
2030-07-25 15:00:00,4717.02589,0.00701,0.00489,0.69922,0.46276
2030-07-25 16:00:00,4901.48678,0.01068,0.00489,0.7184,0.36229
2030-07-25 17:00:00,5122.83985,0.00844,0.00611,0.74476,0.29474
2030-07-25 18:00:00,5122.83985,0.01174,0.00611,0.74311,0.18601
2030-07-25 19:00:00,4975.27114,0.01123,0.00611,0.72654,0.07334
2030-07-25 20:00:00,4790.81024,0.00675,0.00611,0.70776,0.0226
2030-07-25 21:00:00,4606.34935,0.00677,0.00489,0.68672,0.0
2030-07-25 22:00:00,4421.88846,0.00825,0.00489,0.66494,0.0
2030-07-25 23:00:00,4237.42756,0.01258,0.00489,0.64175,0.0
2030-07-26 00:00:00,4107.01563,0.01811,0.00612,0.62411,0.0
2030-07-26 01:00:00,3995.62423,0.01955,0.00612,0.61068,0.0
2030-07-26 02:00:00,3921.36329,0.01095,0.00612,0.60653,0.0
2030-07-26 03:00:00,3884.23283,0.01196,0.00612,0.60179,0.0
2030-07-26 04:00:00,3884.23283,0.01223,0.00612,0.60166,0.0
2030-07-26 05:00:00,3958.49376,0.01867,0.00612,0.6069,0.01174
2030-07-26 06:00:00,4181.27656,0.0152,0.00612,0.63403,0.05619
2030-07-26 07:00:00,4515.45077,0.02312,0.00612,0.66816,0.13715
2030-07-26 08:00:00,4775.36404,0.03646,0.00612,0.69111,0.13216
2030-07-26 09:00:00,4849.62497,0.03512,0.00612,0.70025,0.12083
2030-07-26 10:00:00,4849.62497,0.07797,0.00612,0.67878,0.12988
2030-07-26 11:00:00,4812.4945,0.08071,0.00612,0.67317,0.17424
2030-07-26 12:00:00,4775.36404,0.07228,0.00612,0.67316,0.29789
2030-07-26 13:00:00,4738.23357,0.10618,0.00612,0.65194,0.24486
2030-07-26 14:00:00,4701.1031,0.16783,0.00612,0.61682,0.22116
2030-07-26 15:00:00,4738.23357,0.13224,0.00612,0.63889,0.20508
2030-07-26 16:00:00,4923.88591,0.14914,0.00612,0.65159,0.14184
2030-07-26 17:00:00,5146.66871,0.11784,0.00765,0.69267,0.10032
2030-07-26 18:00:00,5146.66871,0.12335,0.00765,0.68991,0.08169
2030-07-26 19:00:00,4998.14684,0.04872,0.00765,0.71036,0.04299
2030-07-26 20:00:00,4812.4945,0.06891,0.00765,0.67908,0.0136
2030-07-26 21:00:00,4626.84217,0.0501,0.00612,0.66735,0.0
2030-07-26 22:00:00,4441.18983,0.03855,0.00612,0.65197,0.0
2030-07-26 23:00:00,4255.5375,0.0341,0.00612,0.63303,0.0
2030-07-27 00:00:00,3761.30925,0.01838,0.00749,0.58456,0.0
2030-07-27 01:00:00,3664.32228,0.01489,0.00749,0.57525,0.0
2030-07-27 02:00:00,3599.6643,0.02041,0.00749,0.56511,0.0
2030-07-27 03:00:00,3567.33531,0.02156,0.00749,0.56085,0.0
2030-07-27 04:00:00,3567.33531,0.03269,0.00749,0.55527,0.0
2030-07-27 05:00:00,3631.99329,0.02762,0.00749,0.56519,0.01413
2030-07-27 06:00:00,3825.96723,0.03123,0.00749,0.58549,0.06203
2030-07-27 07:00:00,4116.92813,0.02243,0.00749,0.62307,0.11601
2030-07-27 08:00:00,4343.23106,0.02798,0.00749,0.64609,0.17308
2030-07-27 09:00:00,4407.88904,0.02472,0.00749,0.6551,0.15294
2030-07-27 10:00:00,4407.88904,0.04233,0.00749,0.64627,0.20628
2030-07-27 11:00:00,4375.56005,0.03546,0.00749,0.64603,0.17371
2030-07-27 12:00:00,4343.23106,0.07398,0.00749,0.62304,0.18855
2030-07-27 13:00:00,4310.90207,0.04319,0.00749,0.63479,0.13407
2030-07-27 14:00:00,4278.57308,0.05314,0.00749,0.62611,0.28449
2030-07-27 15:00:00,4310.90207,0.03491,0.00749,0.63893,0.30344
2030-07-27 16:00:00,4472.54702,0.04355,0.00749,0.65303,0.28667
2030-07-27 17:00:00,4666.52095,0.04368,0.00937,0.67508,0.14634
2030-07-27 18:00:00,4666.52095,0.08393,0.00937,0.65492,0.09451
2030-07-27 19:00:00,4537.205,0.07648,0.00937,0.64391,0.04246
2030-07-27 20:00:00,4375.56005,0.04607,0.00937,0.64071,0.01461
2030-07-27 21:00:00,4213.9151,0.05945,0.00749,0.61558,0.0
2030-07-27 22:00:00,4052.27015,0.03848,0.00749,0.60766,0.0
2030-07-27 23:00:00,3890.6252,0.03175,0.00749,0.5926,0.0
2030-07-28 00:00:00,3784.3209,0.02974,0.009,0.58149,0.0
2030-07-28 01:00:00,3686.37512,0.03978,0.009,0.56529,0.0
2030-07-28 02:00:00,3621.07792,0.02554,0.009,0.56499,0.0
2030-07-28 03:00:00,3588.42933,0.02745,0.009,0.56031,0.0
2030-07-28 04:00:00,3588.42933,0.039,0.009,0.55452,0.0
2030-07-28 05:00:00,3653.72652,0.04295,0.009,0.55998,0.00868
2030-07-28 06:00:00,3849.6181,0.03926,0.009,0.58417,0.0426
2030-07-28 07:00:00,4143.45546,0.06174,0.009,0.6064,0.07138
2030-07-28 08:00:00,4371.99563,0.04066,0.009,0.64302,0.14041
2030-07-28 09:00:00,4437.29282,0.03482,0.009,0.65339,0.19423
2030-07-28 10:00:00,4437.29282,0.09724,0.009,0.62212,0.24044
2030-07-28 11:00:00,4404.64423,0.10511,0.009,0.61445,0.23803
2030-07-28 12:00:00,4371.99563,0.11754,0.009,0.6045,0.24108
2030-07-28 13:00:00,4339.34703,0.12332,0.009,0.59788,0.22048
2030-07-28 14:00:00,4306.69844,0.10908,0.009,0.60129,0.25904
2030-07-28 15:00:00,4339.34703,0.13053,0.009,0.59427,0.12778
2030-07-28 16:00:00,4502.59001,0.11892,0.009,0.6187,0.13916
2030-07-28 17:00:00,4698.48159,0.10007,0.01125,0.65047,0.11252
2030-07-28 18:00:00,4698.48159,0.08298,0.01125,0.65904,0.1138
2030-07-28 19:00:00,4567.88721,0.11235,0.01125,0.62943,0.05023
2030-07-28 20:00:00,4404.64423,0.15064,0.01125,0.59164,0.01351
2030-07-28 21:00:00,4241.40125,0.1287,0.009,0.58402,0.0
2030-07-28 22:00:00,4078.15827,0.13466,0.009,0.56242,0.0
2030-07-28 23:00:00,3914.91529,0.16286,0.009,0.52968,0.0
2030-07-29 00:00:00,4118.2321,0.17942,0.01065,0.54456,0.0
2030-07-29 01:00:00,4006.37334,0.21527,0.01065,0.51385,0.0
2030-07-29 02:00:00,3931.80084,0.19641,0.01065,0.5148,0.0
2030-07-29 03:00:00,3894.51459,0.22044,0.01065,0.49851,0.0
2030-07-29 04:00:00,3894.51459,0.31612,0.01065,0.45057,0.0
2030-07-29 05:00:00,3969.08709,0.21387,0.01065,0.5103,0.00983
2030-07-29 06:00:00,4192.8046,0.19422,0.01065,0.54565,0.03993
2030-07-29 07:00:00,4528.38086,0.20195,0.01065,0.58003,0.07468
2030-07-29 08:00:00,4789.38462,0.23011,0.01065,0.59568,0.09328
2030-07-29 09:00:00,4863.95713,0.31349,0.01065,0.56241,0.12751
2030-07-29 10:00:00,4863.95713,0.3018,0.01065,0.56827,0.21434
2030-07-29 11:00:00,4826.67087,0.33354,0.01065,0.54811,0.29511
2030-07-29 12:00:00,4789.38462,0.25973,0.01065,0.58085,0.36289
2030-07-29 13:00:00,4752.09837,0.22021,0.01065,0.59639,0.46692
2030-07-29 14:00:00,4714.81212,0.24673,0.01065,0.57886,0.39321
2030-07-29 15:00:00,4752.09837,0.19422,0.01065,0.60941,0.18785
2030-07-29 16:00:00,4938.52963,0.19599,0.01065,0.62979,0.12091
2030-07-29 17:00:00,5162.24714,0.22585,0.01331,0.64033,0.1155
2030-07-29 18:00:00,5162.24714,0.17023,0.01331,0.66819,0.08924
2030-07-29 19:00:00,5013.10213,0.15644,0.01331,0.6581,0.04111
2030-07-29 20:00:00,4826.67087,0.25874,0.01331,0.58559,0.0113
2030-07-29 21:00:00,4640.23962,0.33484,0.01065,0.52621,0.0
2030-07-29 22:00:00,4453.80836,0.36711,0.01065,0.48878,0.0
2030-07-29 23:00:00,4267.3771,0.31987,0.01065,0.4912,0.0
2030-07-30 00:00:00,4101.69559,0.33843,0.01243,0.46301,0.0
2030-07-30 01:00:00,3990.52586,0.25737,0.01243,0.49095,0.0
2030-07-30 02:00:00,3916.4127,0.35106,0.01243,0.43556,0.0
2030-07-30 03:00:00,3879.35612,0.32398,0.01243,0.4449,0.0
2030-07-30 04:00:00,3879.35612,0.23935,0.01243,0.48731,0.0
2030-07-30 05:00:00,3953.46928,0.26418,0.01243,0.48331,0.00554
2030-07-30 06:00:00,4175.80874,0.22705,0.01243,0.52726,0.04204
2030-07-30 07:00:00,4509.31794,0.13856,0.01243,0.60962,0.07353
2030-07-30 08:00:00,4768.71399,0.08287,0.01243,0.6671,0.09968
2030-07-30 09:00:00,4842.82714,0.05507,0.01243,0.68948,0.16294
2030-07-30 10:00:00,4842.82714,0.05317,0.01243,0.69043,0.20249
2030-07-30 11:00:00,4805.77056,0.07969,0.01243,0.67292,0.24544
2030-07-30 12:00:00,4768.71399,0.06951,0.01243,0.67379,0.25889
2030-07-30 13:00:00,4731.65741,0.06732,0.01243,0.67066,0.263
2030-07-30 14:00:00,4694.60083,0.05536,0.01243,0.67243,0.19403
2030-07-30 15:00:00,4731.65741,0.08537,0.01243,0.66162,0.1959
2030-07-30 16:00:00,4916.9403,0.07288,0.01243,0.689,0.09473
2030-07-30 17:00:00,5139.27976,0.12103,0.01554,0.69023,0.05023
2030-07-30 18:00:00,5139.27976,0.16127,0.01554,0.67007,0.03926
2030-07-30 19:00:00,4991.05345,0.08193,0.01554,0.69292,0.02029
2030-07-30 20:00:00,4805.77056,0.08905,0.01554,0.66823,0.00688
2030-07-30 21:00:00,4620.48768,0.07075,0.01243,0.65627,0.0
2030-07-30 22:00:00,4435.20479,0.08844,0.01243,0.62629,0.0
2030-07-30 23:00:00,4249.9219,0.16262,0.01243,0.56799,0.0
2030-07-31 00:00:00,4076.26575,0.10897,0.01435,0.57508,0.0
2030-07-31 01:00:00,3966.15559,0.15335,0.01435,0.54029,0.0
2030-07-31 02:00:00,3892.74882,0.14395,0.01435,0.53663,0.0
2030-07-31 03:00:00,3856.04543,0.12282,0.01435,0.54303,0.0
2030-07-31 04:00:00,3856.04543,0.09387,0.01435,0.55754,0.0
2030-07-31 05:00:00,3929.45221,0.12121,0.01435,0.55221,0.0094
2030-07-31 06:00:00,4149.67252,0.11827,0.01435,0.57879,0.04527
2030-07-31 07:00:00,4480.00299,0.10692,0.01435,0.62213,0.09096
2030-07-31 08:00:00,4736.92668,0.0748,0.01435,0.66752,0.10719
2030-07-31 09:00:00,4810.33346,0.08221,0.01435,0.67218,0.12856
2030-07-31 10:00:00,4810.33346,0.06491,0.01435,0.68084,0.23131
2030-07-31 11:00:00,4773.63007,0.05392,0.01435,0.68217,0.28958
2030-07-31 12:00:00,4736.92668,0.07344,0.01435,0.6682,0.2245
2030-07-31 13:00:00,4700.2233,0.05937,0.01435,0.67106,0.20854
2030-07-31 14:00:00,4663.51991,0.06365,0.01435,0.66473,0.26813
2030-07-31 15:00:00,4700.2233,0.09958,0.01435,0.65092,0.32574
2030-07-31 16:00:00,4883.74023,0.07074,0.01435,0.68629,0.25421
2030-07-31 17:00:00,5103.96054,0.08067,0.01794,0.70642,0.22318
2030-07-31 18:00:00,5103.96054,0.07001,0.01794,0.71177,0.12806
2030-07-31 19:00:00,4957.147,0.05279,0.01794,0.70365,0.06264
2030-07-31 20:00:00,4773.63007,0.09044,0.01794,0.66387,0.01331
2030-07-31 21:00:00,4590.11314,0.07152,0.01435,0.65243,0.0
2030-07-31 22:00:00,4406.59622,0.06356,0.01435,0.63549,0.0
2030-07-31 23:00:00,4223.07929,0.05508,0.01435,0.61882,0.0
2030-08-01 00:00:00,4072.91007,0.06053,0.0164,0.59897,0.0
2030-08-01 01:00:00,3962.93973,0.05581,0.0164,0.58879,0.0
2030-08-01 02:00:00,3889.62618,0.03716,0.0164,0.58978,0.0
2030-08-01 03:00:00,3852.9694,0.0762,0.0164,0.56604,0.0
2030-08-01 04:00:00,3852.9694,0.07353,0.0164,0.56738,0.0
2030-08-01 05:00:00,3926.28296,0.05454,0.0164,0.58525,0.00743
2030-08-01 06:00:00,4146.22363,0.05476,0.0164,0.61022,0.04342
2030-08-01 07:00:00,4476.13464,0.06449,0.0164,0.64295,0.07912
2030-08-01 08:00:00,4732.73209,0.04413,0.0164,0.68241,0.112
2030-08-01 09:00:00,4806.04565,0.04138,0.0164,0.69214,0.24691
2030-08-01 10:00:00,4806.04565,0.1035,0.0164,0.66102,0.29951
2030-08-01 11:00:00,4769.38887,0.18718,0.0164,0.61491,0.34553
2030-08-01 12:00:00,4732.73209,0.21212,0.0164,0.59824,0.34478
2030-08-01 13:00:00,4696.07531,0.25497,0.0164,0.57259,0.21498
2030-08-01 14:00:00,4659.41853,0.17448,0.0164,0.60874,0.26663
2030-08-01 15:00:00,4696.07531,0.1791,0.0164,0.6106,0.19035
2030-08-01 16:00:00,4879.3592,0.21955,0.0164,0.61123,0.26082
2030-08-01 17:00:00,5099.29988,0.19625,0.0205,0.64798,0.17206
2030-08-01 18:00:00,5099.29988,0.20854,0.0205,0.64183,0.06749
2030-08-01 19:00:00,4952.67276,0.15386,0.0205,0.6525,0.03184
2030-08-01 20:00:00,4769.38887,0.06574,0.0205,0.67576,0.00882
2030-08-01 21:00:00,4586.10497,0.06161,0.0164,0.65693,0.0
2030-08-01 22:00:00,4402.82108,0.06266,0.0164,0.63551,0.0
2030-08-01 23:00:00,4219.53719,0.08153,0.0164,0.60516,0.0
2030-08-02 00:00:00,4109.69736,0.12527,0.01859,0.57072,0.0
2030-08-02 01:00:00,3998.19422,0.18582,0.01859,0.52767,0.0
2030-08-02 02:00:00,3923.8588,0.2249,0.01859,0.49962,0.0
2030-08-02 03:00:00,3886.69108,0.2074,0.01859,0.50415,0.0
2030-08-02 04:00:00,3886.69108,0.21335,0.01859,0.50117,0.0
2030-08-02 05:00:00,3961.02651,0.31796,0.01859,0.45723,0.0073
2030-08-02 06:00:00,4184.03279,0.28538,0.01859,0.49898,0.0542
2030-08-02 07:00:00,4518.54221,0.38576,0.01859,0.48682,0.11082
2030-08-02 08:00:00,4778.71621,0.32019,0.01859,0.54934,0.19713
2030-08-02 09:00:00,4853.05163,0.34446,0.01859,0.54565,0.27675
2030-08-02 10:00:00,4853.05163,0.39503,0.01859,0.52031,0.34566
2030-08-02 11:00:00,4815.88392,0.2693,0.01859,0.57907,0.40316
2030-08-02 12:00:00,4778.71621,0.21151,0.01859,0.60379,0.50592
2030-08-02 13:00:00,4741.54849,0.212,0.01859,0.5993,0.51633
2030-08-02 14:00:00,4704.38078,0.22194,0.01859,0.59009,0.53015
2030-08-02 15:00:00,4741.54849,0.2296,0.01859,0.59049,0.44268
2030-08-02 16:00:00,4927.38706,0.38558,0.01859,0.53352,0.29454
2030-08-02 17:00:00,5150.39334,0.39902,0.02324,0.55221,0.15353
2030-08-02 18:00:00,5150.39334,0.49693,0.02324,0.50316,0.1384
2030-08-02 19:00:00,5001.72249,0.54085,0.02324,0.4642,0.06032
2030-08-02 20:00:00,4815.88392,0.56564,0.02324,0.4306,0.01253
2030-08-02 21:00:00,4630.04535,0.53422,0.01859,0.42515,0.0
2030-08-02 22:00:00,4444.20678,0.51602,0.01859,0.41308,0.0
2030-08-02 23:00:00,4258.36822,0.64135,0.01859,0.3291,0.0
2030-08-03 00:00:00,3873.85146,0.56714,0.02091,0.32244,0.0
2030-08-03 01:00:00,3772.17523,0.59151,0.02091,0.29864,0.0
2030-08-03 02:00:00,3704.39108,0.52423,0.02091,0.32462,0.0
2030-08-03 03:00:00,3670.499,0.45327,0.02091,0.35631,0.0
2030-08-03 04:00:00,3670.499,0.44204,0.02091,0.36194,0.0
2030-08-03 05:00:00,3738.28315,0.36641,0.02091,0.40756,0.00329
2030-08-03 06:00:00,3941.63561,0.25832,0.02091,0.4849,0.04314
2030-08-03 07:00:00,4246.66429,0.32282,0.02091,0.48736,0.09354
2030-08-03 08:00:00,4483.90882,0.29248,0.02091,0.52961,0.13735
2030-08-03 09:00:00,4551.69297,0.24245,0.02091,0.5624,0.1315
2030-08-03 10:00:00,4551.69297,0.26063,0.02091,0.55329,0.18706
2030-08-03 11:00:00,4517.8009,0.34767,0.02091,0.50582,0.22569
2030-08-03 12:00:00,4483.90882,0.20784,0.02091,0.57202,0.11098
2030-08-03 13:00:00,4450.01675,0.28328,0.02091,0.53036,0.14386
2030-08-03 14:00:00,4416.12467,0.3134,0.02091,0.5114,0.17605
2030-08-03 15:00:00,4450.01675,0.38461,0.02091,0.47958,0.21112
2030-08-03 16:00:00,4619.47712,0.43373,0.02091,0.47429,0.20814
2030-08-03 17:00:00,4822.82958,0.47278,0.02614,0.47791,0.13936
2030-08-03 18:00:00,4822.82958,0.42288,0.02614,0.50291,0.08643
2030-08-03 19:00:00,4687.26128,0.44684,0.02614,0.47545,0.04095
2030-08-03 20:00:00,4517.8009,0.55847,0.02614,0.4002,0.00534
2030-08-03 21:00:00,4348.34052,0.44776,0.02091,0.43635,0.0
2030-08-03 22:00:00,4178.88014,0.56366,0.02091,0.35896,0.0
2030-08-03 23:00:00,4009.41976,0.53292,0.02091,0.35504,0.0
2030-08-04 00:00:00,3887.88077,0.51362,0.02337,0.35086,0.0
2030-08-04 01:00:00,3785.61999,0.45494,0.02337,0.3686,0.0
2030-08-04 02:00:00,3717.44614,0.38343,0.02337,0.39665,0.0
2030-08-04 03:00:00,3683.35921,0.47524,0.02337,0.34677,0.0
2030-08-04 04:00:00,3683.35921,0.36521,0.02337,0.4019,0.0
2030-08-04 05:00:00,3751.53306,0.31056,0.02337,0.43705,0.00487
2030-08-04 06:00:00,3956.05463,0.30574,0.02337,0.46279,0.04539
2030-08-04 07:00:00,4262.83698,0.20862,0.02337,0.54642,0.09977
2030-08-04 08:00:00,4501.44547,0.23717,0.02337,0.55932,0.16152
2030-08-04 09:00:00,4569.61932,0.22569,0.02337,0.57285,0.18892
2030-08-04 10:00:00,4569.61932,0.18273,0.02337,0.59437,0.19027
2030-08-04 11:00:00,4535.5324,0.27084,0.02337,0.54634,0.1502
2030-08-04 12:00:00,4501.44547,0.24417,0.02337,0.55581,0.14257
2030-08-04 13:00:00,4467.35854,0.20457,0.02337,0.57177,0.18314
2030-08-04 14:00:00,4433.27161,0.17287,0.02337,0.58376,0.26133
2030-08-04 15:00:00,4467.35854,0.16175,0.02337,0.59322,0.27649
2030-08-04 16:00:00,4637.79318,0.11924,0.02337,0.63395,0.22948
2030-08-04 17:00:00,4842.31474,0.12497,0.02921,0.65439,0.16424
2030-08-04 18:00:00,4842.31474,0.15629,0.02921,0.6387,0.11778
2030-08-04 19:00:00,4705.96703,0.18308,0.02921,0.60974,0.05362
2030-08-04 20:00:00,4535.5324,0.22194,0.02921,0.57083,0.00907
2030-08-04 21:00:00,4365.09776,0.30361,0.02337,0.51048,0.0
2030-08-04 22:00:00,4194.66312,0.27518,0.02337,0.5053,0.0
2030-08-04 23:00:00,4024.22848,0.21242,0.02337,0.51731,0.0
2030-08-05 00:00:00,4415.22435,0.15606,0.02596,0.59013,0.0
2030-08-05 01:00:00,4290.99092,0.12962,0.02596,0.58921,0.0
2030-08-05 02:00:00,4208.16863,0.13191,0.02596,0.57862,0.0
2030-08-05 03:00:00,4166.75748,0.10496,0.02596,0.5874,0.0
2030-08-05 04:00:00,4166.75748,0.14808,0.02596,0.5658,0.0
2030-08-05 05:00:00,4249.57977,0.23545,0.02596,0.53147,0.00331
2030-08-05 06:00:00,4498.04663,0.18214,0.02596,0.5865,0.05301
2030-08-05 07:00:00,4870.74693,0.12295,0.02596,0.65865,0.14153
2030-08-05 08:00:00,5160.62493,0.09253,0.02596,0.70694,0.2035
2030-08-05 09:00:00,5243.44722,0.07598,0.02596,0.72467,0.25848
2030-08-05 10:00:00,5243.44722,0.08804,0.02596,0.71863,0.39659
2030-08-05 11:00:00,5202.03608,0.07349,0.02596,0.7212,0.34006
2030-08-05 12:00:00,5160.62493,0.06612,0.02596,0.72017,0.27519
2030-08-05 13:00:00,5119.21379,0.05398,0.02596,0.72153,0.26042
2030-08-05 14:00:00,5077.80265,0.04514,0.02596,0.72124,0.28067
2030-08-05 15:00:00,5119.21379,0.12551,0.02596,0.68569,0.30478
2030-08-05 16:00:00,5326.26951,0.0979,0.02596,0.72313,0.21459
2030-08-05 17:00:00,5574.73637,0.08924,0.03245,0.7558,0.13742
2030-08-05 18:00:00,5574.73637,0.06841,0.03245,0.76624,0.09456
2030-08-05 19:00:00,5409.0918,0.0405,0.03245,0.76133,0.03456
2030-08-05 20:00:00,5202.03608,0.03568,0.03245,0.74015,0.00769
2030-08-05 21:00:00,4994.98036,0.02691,0.02596,0.72094,0.0
2030-08-05 22:00:00,4787.92464,0.01807,0.02596,0.70175,0.0
2030-08-05 23:00:00,4580.86892,0.02276,0.02596,0.6758,0.0
2030-08-06 00:00:00,4380.45553,0.03137,0.02868,0.64864,0.0
2030-08-06 01:00:00,4257.6708,0.03644,0.02868,0.6321,0.0
2030-08-06 02:00:00,4175.81432,0.07038,0.02868,0.60576,0.0
2030-08-06 03:00:00,4134.88607,0.14019,0.02868,0.56612,0.0
2030-08-06 04:00:00,4134.88607,0.08429,0.02868,0.59413,0.0
2030-08-06 05:00:00,4216.74256,0.09375,0.02868,0.59872,0.00133
2030-08-06 06:00:00,4462.31202,0.0766,0.02868,0.63531,0.01735
2030-08-06 07:00:00,4830.66621,0.0952,0.02868,0.66798,0.03858
2030-08-06 08:00:00,5117.16392,0.0804,0.02868,0.70806,0.05889
2030-08-06 09:00:00,5199.0204,0.16503,0.02868,0.67499,0.06332
2030-08-06 10:00:00,5199.0204,0.16639,0.02868,0.67431,0.09142
2030-08-06 11:00:00,5158.09216,0.15904,0.02868,0.67333,0.09839
2030-08-06 12:00:00,5117.16392,0.15145,0.02868,0.67246,0.13446
2030-08-06 13:00:00,5076.23567,0.20163,0.02868,0.64265,0.20569
2030-08-06 14:00:00,5035.30743,0.18433,0.02868,0.64666,0.20341
2030-08-06 15:00:00,5076.23567,0.14983,0.02868,0.66861,0.16806
2030-08-06 16:00:00,5280.87689,0.2076,0.02868,0.663,0.20494
2030-08-06 17:00:00,5526.44635,0.24388,0.03585,0.67282,0.10908
2030-08-06 18:00:00,5526.44635,0.3212,0.03585,0.63407,0.06986
2030-08-06 19:00:00,5362.73338,0.33097,0.03585,0.61052,0.04782
2030-08-06 20:00:00,5158.09216,0.27222,0.03585,0.61662,0.00505
2030-08-06 21:00:00,4953.45094,0.44094,0.02868,0.50876,0.0
2030-08-06 22:00:00,4748.80972,0.43241,0.02868,0.4897,0.0
2030-08-06 23:00:00,4544.16851,0.48658,0.02868,0.43923,0.0
2030-08-07 00:00:00,4332.08179,0.47956,0.03153,0.41857,0.0
2030-08-07 01:00:00,4211.31263,0.52466,0.03153,0.3822,0.0
2030-08-07 02:00:00,4130.79986,0.47203,0.03153,0.39939,0.0
2030-08-07 03:00:00,4090.54347,0.55226,0.03153,0.3546,0.0
2030-08-07 04:00:00,4090.54347,0.47849,0.03153,0.39157,0.0
2030-08-07 05:00:00,4171.05624,0.51183,0.03153,0.38404,0.00279
2030-08-07 06:00:00,4412.59456,0.42127,0.03153,0.45695,0.03441
2030-08-07 07:00:00,4774.90203,0.39605,0.03153,0.51089,0.12988
2030-08-07 08:00:00,5056.69674,0.45415,0.03153,0.51391,0.24528
2030-08-07 09:00:00,5137.20951,0.54172,0.03153,0.47921,0.31582
2030-08-07 10:00:00,5137.20951,0.55272,0.03153,0.4737,0.34137
2030-08-07 11:00:00,5096.95312,0.47661,0.03153,0.50724,0.3863
2030-08-07 12:00:00,5056.69674,0.58228,0.03153,0.44971,0.34583
2030-08-07 13:00:00,5016.44035,0.57831,0.03153,0.44711,0.3517
2030-08-07 14:00:00,4976.18396,0.6074,0.03153,0.42795,0.4335
2030-08-07 15:00:00,5016.44035,0.63961,0.03153,0.4164,0.39288
2030-08-07 16:00:00,5217.72228,0.55937,0.03153,0.47955,0.3346
2030-08-07 17:00:00,5459.2606,0.59946,0.03941,0.487,0.28831
2030-08-07 18:00:00,5459.2606,0.46191,0.03941,0.55592,0.17045
2030-08-07 19:00:00,5298.23505,0.51996,0.03941,0.50847,0.04783
2030-08-07 20:00:00,5096.95312,0.50611,0.03941,0.49247,0.00483
2030-08-07 21:00:00,4895.67119,0.49063,0.03153,0.47727,0.0
2030-08-07 22:00:00,4694.38926,0.50151,0.03153,0.44887,0.0
2030-08-07 23:00:00,4493.10733,0.40392,0.03153,0.47482,0.0
2030-08-08 00:00:00,4317.71175,0.37826,0.03451,0.46768,0.0
2030-08-08 01:00:00,4197.54135,0.50253,0.03451,0.39172,0.0
2030-08-08 02:00:00,4117.42774,0.46108,0.03451,0.40335,0.0
2030-08-08 03:00:00,4077.37094,0.4199,0.03451,0.41942,0.0
2030-08-08 04:00:00,4077.37094,0.50555,0.03451,0.3765,0.0
2030-08-08 05:00:00,4157.48455,0.44992,0.03451,0.41351,0.00179
2030-08-08 06:00:00,4397.82536,0.37704,0.03451,0.47743,0.04422
2030-08-08 07:00:00,4758.33658,0.29523,0.03451,0.55952,0.09906
2030-08-08 08:00:00,5038.73419,0.34005,0.03451,0.56903,0.14084
2030-08-08 09:00:00,5118.8478,0.26495,0.03451,0.61579,0.14739
2030-08-08 10:00:00,5118.8478,0.3899,0.03451,0.55319,0.22876
2030-08-08 11:00:00,5078.791,0.47436,0.03451,0.5063,0.25161
2030-08-08 12:00:00,5038.73419,0.51402,0.03451,0.48186,0.33863
2030-08-08 13:00:00,4998.67739,0.50149,0.03451,0.48357,0.33706
2030-08-08 14:00:00,4958.62059,0.49221,0.03451,0.48366,0.38367
2030-08-08 15:00:00,4998.67739,0.44695,0.03451,0.5109,0.36654
2030-08-08 16:00:00,5198.9614,0.32581,0.03451,0.59443,0.25746
2030-08-08 17:00:00,5439.30222,0.36803,0.04314,0.60068,0.18206
2030-08-08 18:00:00,5439.30222,0.34632,0.04314,0.61156,0.11793
2030-08-08 19:00:00,5279.07501,0.32296,0.04314,0.60499,0.04507
2030-08-08 20:00:00,5078.791,0.25046,0.04314,0.61848,0.00399
2030-08-08 21:00:00,4878.50698,0.33729,0.03451,0.55215,0.0
2030-08-08 22:00:00,4678.22297,0.33023,0.03451,0.53285,0.0
2030-08-08 23:00:00,4477.93896,0.36236,0.03451,0.49392,0.0
2030-08-09 00:00:00,4279.44372,0.37942,0.03762,0.46274,0.0
2030-08-09 01:00:00,4160.86781,0.33382,0.03762,0.47207,0.0
2030-08-09 02:00:00,4081.81721,0.32259,0.03762,0.46868,0.0
2030-08-09 03:00:00,4042.29191,0.30589,0.03762,0.47254,0.0
2030-08-09 04:00:00,4042.29191,0.43086,0.03762,0.40993,0.0
2030-08-09 05:00:00,4121.34251,0.19577,0.03762,0.53673,0.00082
2030-08-09 06:00:00,4358.49432,0.12681,0.03762,0.59831,0.04576
2030-08-09 07:00:00,4714.22203,0.11986,0.03762,0.64235,0.14173
2030-08-09 08:00:00,4990.89915,0.17666,0.03762,0.64544,0.25636
2030-08-09 09:00:00,5069.94975,0.13955,0.03762,0.67304,0.30372
2030-08-09 10:00:00,5069.94975,0.09977,0.03762,0.69298,0.24382
2030-08-09 11:00:00,5030.42445,0.10428,0.03762,0.68621,0.30095
2030-08-09 12:00:00,4990.89915,0.07115,0.03762,0.6983,0.30062
2030-08-09 13:00:00,4951.37384,0.09214,0.03762,0.68328,0.24223
2030-08-09 14:00:00,4911.84854,0.08626,0.03762,0.68172,0.23263
2030-08-09 15:00:00,4951.37384,0.11085,0.03762,0.67391,0.25142
2030-08-09 16:00:00,5149.00035,0.18196,0.03762,0.66081,0.17599
2030-08-09 17:00:00,5386.15216,0.15664,0.04703,0.70053,0.14752
2030-08-09 18:00:00,5386.15216,0.19252,0.04703,0.68255,0.10458
2030-08-09 19:00:00,5228.05096,0.1616,0.04703,0.68002,0.04604
2030-08-09 20:00:00,5030.42445,0.13125,0.04703,0.6727,0.00296
2030-08-09 21:00:00,4832.79794,0.19947,0.03762,0.61599,0.0
2030-08-09 22:00:00,4635.17143,0.15734,0.03762,0.61456,0.0
2030-08-09 23:00:00,4437.54492,0.17941,0.03762,0.58097,0.0
2030-08-10 00:00:00,3892.96093,0.2555,0.04086,0.48076,0.0
2030-08-10 01:00:00,3790.48848,0.18746,0.04086,0.50317,0.0
2030-08-10 02:00:00,3722.17351,0.21543,0.04086,0.48137,0.0
2030-08-10 03:00:00,3688.01602,0.18273,0.04086,0.49386,0.0
2030-08-10 04:00:00,3688.01602,0.14799,0.04086,0.51127,0.0
2030-08-10 05:00:00,3756.33099,0.149,0.04086,0.51855,0.00061
2030-08-10 06:00:00,3961.2759,0.22823,0.04086,0.50222,0.04518
2030-08-10 07:00:00,4268.69327,0.19835,0.04086,0.55223,0.1133
2030-08-10 08:00:00,4507.79567,0.30505,0.04086,0.52604,0.25568
2030-08-10 09:00:00,4576.11064,0.24644,0.04086,0.56319,0.30768
2030-08-10 10:00:00,4576.11064,0.22951,0.04086,0.57167,0.34553
2030-08-10 11:00:00,4541.95315,0.21866,0.04086,0.57321,0.26956
2030-08-10 12:00:00,4507.79567,0.13263,0.04086,0.61242,0.32903
2030-08-10 13:00:00,4473.63818,0.11237,0.04086,0.61868,0.24071
2030-08-10 14:00:00,4439.4807,0.07428,0.04086,0.63387,0.24598
2030-08-10 15:00:00,4473.63818,0.03523,0.04086,0.65733,0.18593
2030-08-10 16:00:00,4644.42561,0.01548,0.04086,0.68669,0.1525
2030-08-10 17:00:00,4849.37052,0.01612,0.05108,0.70974,0.1655
2030-08-10 18:00:00,4849.37052,0.00746,0.05108,0.71408,0.14524
2030-08-10 19:00:00,4712.74058,0.00635,0.05108,0.69906,0.04603
2030-08-10 20:00:00,4541.95315,0.00634,0.05108,0.67959,0.00153
2030-08-10 21:00:00,4371.16573,0.01458,0.04086,0.65599,0.0
2030-08-10 22:00:00,4200.3783,0.01131,0.04086,0.63816,0.0
2030-08-10 23:00:00,4029.59087,0.01163,0.04086,0.61852,0.0
2030-08-11 00:00:00,3923.97308,0.00395,0.04423,0.61034,0.0
2030-08-11 01:00:00,3820.20846,0.00379,0.04423,0.59859,0.0
2030-08-11 02:00:00,3751.03204,0.00443,0.04423,0.59038,0.0
2030-08-11 03:00:00,3716.44383,0.00726,0.04423,0.58502,0.0
2030-08-11 04:00:00,3716.44383,0.00653,0.04423,0.58538,0.0
2030-08-11 05:00:00,3785.62025,0.00417,0.04423,0.59445,0.00018
2030-08-11 06:00:00,3993.1495,0.0065,0.04423,0.61694,0.04015
2030-08-11 07:00:00,4304.44339,0.00846,0.04423,0.65145,0.15704
2030-08-11 08:00:00,4546.56086,0.00885,0.04423,0.67886,0.26734
2030-08-11 09:00:00,4615.73728,0.01003,0.04423,0.68615,0.31754
2030-08-11 10:00:00,4615.73728,0.01472,0.04423,0.6838,0.30971
2030-08-11 11:00:00,4581.14907,0.01675,0.04423,0.67885,0.40394
2030-08-11 12:00:00,4546.56086,0.04037,0.04423,0.66306,0.45299
2030-08-11 13:00:00,4511.97265,0.03824,0.04423,0.66019,0.46071
2030-08-11 14:00:00,4477.38444,0.03062,0.04423,0.66006,0.32006
2030-08-11 15:00:00,4511.97265,0.02348,0.04423,0.66758,0.39381
2030-08-11 16:00:00,4684.91369,0.02576,0.04423,0.68616,0.30661
2030-08-11 17:00:00,4892.44295,0.02509,0.05529,0.71015,0.18246
2030-08-11 18:00:00,4892.44295,0.02414,0.05529,0.71063,0.09811
2030-08-11 19:00:00,4754.09011,0.02849,0.05529,0.69268,0.04037
2030-08-11 20:00:00,4581.14907,0.05234,0.05529,0.66101,0.00041
2030-08-11 21:00:00,4408.20802,0.06804,0.04423,0.63343,0.0
2030-08-11 22:00:00,4235.26697,0.04411,0.04423,0.6257,0.0
2030-08-11 23:00:00,4062.32592,0.03769,0.04423,0.6092,0.0
2030-08-12 00:00:00,4240.1694,0.06533,0.04772,0.61563,0.0
2030-08-12 01:00:00,4123.22992,0.08039,0.04772,0.59475,0.0
2030-08-12 02:00:00,4045.27027,0.08793,0.04772,0.58208,0.0
2030-08-12 03:00:00,4006.29045,0.06115,0.04772,0.59106,0.0
2030-08-12 04:00:00,4006.29045,0.06042,0.04772,0.59143,0.0
2030-08-12 05:00:00,4084.2501,0.05122,0.04772,0.60492,3e-05
2030-08-12 06:00:00,4318.12905,0.06331,0.04772,0.62553,0.01649
2030-08-12 07:00:00,4668.94747,0.0753,0.04772,0.65952,0.04119
2030-08-12 08:00:00,4941.80624,0.11108,0.04772,0.6727,0.05647
2030-08-12 09:00:00,5019.76589,0.09802,0.04772,0.68813,0.05769
2030-08-12 10:00:00,5019.76589,0.04712,0.04772,0.71363,0.08362
2030-08-12 11:00:00,4980.78607,0.04002,0.04772,0.71274,0.13715
2030-08-12 12:00:00,4941.80624,0.04481,0.04772,0.7059,0.20587
2030-08-12 13:00:00,4902.82642,0.04066,0.04772,0.70354,0.25821
2030-08-12 14:00:00,4863.84659,0.04614,0.04772,0.69635,0.25635
2030-08-12 15:00:00,4902.82642,0.04064,0.04772,0.70355,0.23307
2030-08-12 16:00:00,5097.72554,0.08009,0.04772,0.706,0.1304
2030-08-12 17:00:00,5331.60449,0.05278,0.05965,0.74635,0.13601
2030-08-12 18:00:00,5331.60449,0.04999,0.05965,0.74775,0.07991
2030-08-12 19:00:00,5175.68519,0.04348,0.05965,0.73323,0.03021
2030-08-12 20:00:00,4980.78607,0.05633,0.05965,0.70457,0.00016
2030-08-12 21:00:00,4785.88694,0.07996,0.04772,0.67052,0.0
2030-08-12 22:00:00,4590.98782,0.10891,0.04772,0.63379,0.0
2030-08-12 23:00:00,4396.08869,0.12266,0.04772,0.60468,0.0
2030-08-13 00:00:00,4256.90989,0.16701,0.05134,0.56659,0.0
2030-08-13 01:00:00,4139.2729,0.15955,0.05134,0.55692,0.0
2030-08-13 02:00:00,4060.84823,0.19638,0.05134,0.52952,0.0
2030-08-13 03:00:00,4021.6359,0.19914,0.05134,0.52367,0.0
2030-08-13 04:00:00,4021.6359,0.27383,0.05134,0.48625,0.0
2030-08-13 05:00:00,4100.06057,0.23339,0.05134,0.51545,0.0
2030-08-13 06:00:00,4335.33456,0.21895,0.05134,0.54951,0.04208
2030-08-13 07:00:00,4688.24554,0.24906,0.05134,0.57466,0.11577
2030-08-13 08:00:00,4962.73187,0.27772,0.05134,0.59159,0.20713
2030-08-13 09:00:00,5041.15653,0.28786,0.05134,0.59545,0.22992
2030-08-13 10:00:00,5041.15653,0.28989,0.05134,0.59443,0.23133
2030-08-13 11:00:00,5001.9442,0.21517,0.05134,0.6274,0.33245
2030-08-13 12:00:00,4962.73187,0.16771,0.05134,0.64671,0.41326
2030-08-13 13:00:00,4923.51954,0.15701,0.05134,0.6476,0.45072
2030-08-13 14:00:00,4884.3072,0.16251,0.05134,0.64037,0.37255
2030-08-13 15:00:00,4923.51954,0.13796,0.05134,0.65715,0.3533
2030-08-13 16:00:00,5119.5812,0.10668,0.05134,0.69517,0.25596
2030-08-13 17:00:00,5354.85519,0.12648,0.06418,0.71207,0.20095
2030-08-13 18:00:00,5354.85519,0.21471,0.06418,0.66787,0.11732
2030-08-13 19:00:00,5198.00586,0.19881,0.06418,0.65795,0.05082
2030-08-13 20:00:00,5001.9442,0.14147,0.06418,0.66433,0.00025
2030-08-13 21:00:00,4805.88254,0.18573,0.05134,0.6198,0.0
2030-08-13 22:00:00,4609.82088,0.21469,0.05134,0.58294,0.0
2030-08-13 23:00:00,4413.75922,0.19923,0.05134,0.56833,0.0
2030-08-14 00:00:00,4258.8256,0.18256,0.05509,0.55902,0.0
2030-08-14 01:00:00,4141.10878,0.20137,0.05509,0.53618,0.0
2030-08-14 02:00:00,4062.6309,0.19148,0.05509,0.53218,0.0
2030-08-14 03:00:00,4023.39197,0.25516,0.05509,0.49581,0.0
2030-08-14 04:00:00,4023.39197,0.28835,0.05509,0.47918,0.0
2030-08-14 05:00:00,4101.86984,0.30035,0.05509,0.48211,0.0
2030-08-14 06:00:00,4337.30348,0.28913,0.05509,0.51457,0.03301
2030-08-14 07:00:00,4690.45393,0.25638,0.05509,0.57124,0.15271
2030-08-14 08:00:00,4965.1265,0.17766,0.05509,0.642,0.28091
2030-08-14 09:00:00,5043.60438,0.2106,0.05509,0.63444,0.32196
2030-08-14 10:00:00,5043.60438,0.18933,0.05509,0.6451,0.35161
2030-08-14 11:00:00,5004.36544,0.18308,0.05509,0.64376,0.41171
2030-08-14 12:00:00,4965.1265,0.20459,0.05509,0.62851,0.41924
2030-08-14 13:00:00,4925.88756,0.2158,0.05509,0.61842,0.40995
2030-08-14 14:00:00,4886.64862,0.21784,0.05509,0.61292,0.39876
2030-08-14 15:00:00,4925.88756,0.20591,0.05509,0.62337,0.26496
2030-08-14 16:00:00,5122.08225,0.22654,0.05509,0.6354,0.25404
2030-08-14 17:00:00,5357.51589,0.26569,0.06886,0.64263,0.19458
2030-08-14 18:00:00,5357.51589,0.28724,0.06886,0.63183,0.11503
2030-08-14 19:00:00,5200.56013,0.29939,0.06886,0.60785,0.04264
2030-08-14 20:00:00,5004.36544,0.28839,0.06886,0.59099,3e-05
2030-08-14 21:00:00,4808.17074,0.35051,0.05509,0.5375,0.0
2030-08-14 22:00:00,4611.97605,0.36673,0.05509,0.50701,0.0
2030-08-14 23:00:00,4415.78135,0.23478,0.05509,0.55075,0.0
2030-08-15 00:00:00,4204.70378,0.31497,0.05895,0.48651,0.0
2030-08-15 01:00:00,4089.24204,0.29738,0.05895,0.48216,0.0
2030-08-15 02:00:00,4012.26755,0.2641,0.05895,0.49006,0.0
2030-08-15 03:00:00,3973.7803,0.21908,0.05895,0.50823,0.0
2030-08-15 04:00:00,3973.7803,0.22301,0.05895,0.50625,0.0
2030-08-15 05:00:00,4050.7548,0.21376,0.05895,0.51967,0.0
2030-08-15 06:00:00,4281.67828,0.24346,0.05895,0.53111,0.02707
2030-08-15 07:00:00,4628.0635,0.2516,0.05895,0.56652,0.09549
2030-08-15 08:00:00,4897.47423,0.2339,0.05895,0.60611,0.11193
2030-08-15 09:00:00,4974.44872,0.18175,0.05895,0.64101,0.16738
2030-08-15 10:00:00,4974.44872,0.18391,0.05895,0.63993,0.21554
2030-08-15 11:00:00,4935.96148,0.17304,0.05895,0.64099,0.31259
2030-08-15 12:00:00,4897.47423,0.18266,0.05895,0.63178,0.39204
2030-08-15 13:00:00,4858.98698,0.1209,0.05895,0.65834,0.41881
2030-08-15 14:00:00,4820.49974,0.08311,0.05895,0.67288,0.42652
2030-08-15 15:00:00,4858.98698,0.03595,0.05895,0.7009,0.35141
2030-08-15 16:00:00,5051.42322,0.02712,0.05895,0.72726,0.33964
2030-08-15 17:00:00,5282.3467,0.02176,0.07369,0.75628,0.24312
2030-08-15 18:00:00,5282.3467,0.02315,0.07369,0.75558,0.14418
2030-08-15 19:00:00,5128.39771,0.01296,0.07369,0.74313,0.03597
2030-08-15 20:00:00,4935.96148,0.00674,0.07369,0.72431,0.0
2030-08-15 21:00:00,4743.52524,0.00477,0.05895,0.70336,0.0
2030-08-15 22:00:00,4551.08901,0.01331,0.05895,0.67714,0.0
2030-08-15 23:00:00,4358.65277,0.01797,0.05895,0.65287,0.0
2030-08-16 00:00:00,4222.25749,0.01365,0.06294,0.63948,0.0
2030-08-16 01:00:00,4106.06434,0.00851,0.06294,0.62881,0.0
2030-08-16 02:00:00,4028.60225,0.00826,0.06294,0.6201,0.0
2030-08-16 03:00:00,3989.8712,0.00765,0.06294,0.61599,0.0
2030-08-16 04:00:00,3989.8712,0.00775,0.06294,0.61594,0.0
2030-08-16 05:00:00,4067.33329,0.00962,0.06294,0.62384,0.0
2030-08-16 06:00:00,4299.71958,0.00714,0.06294,0.65157,0.03028
2030-08-16 07:00:00,4648.29902,0.0053,0.06294,0.69224,0.09597
2030-08-16 08:00:00,4919.41636,0.00565,0.06294,0.72297,0.11741
2030-08-16 09:00:00,4996.87846,0.00503,0.06294,0.73211,0.20403
2030-08-16 10:00:00,4996.87846,0.00878,0.06294,0.73024,0.22944
2030-08-16 11:00:00,4958.14741,0.0091,0.06294,0.72566,0.22231
2030-08-16 12:00:00,4919.41636,0.00774,0.06294,0.72192,0.29246
2030-08-16 13:00:00,4880.68531,0.0048,0.06294,0.71898,0.30951
2030-08-16 14:00:00,4841.95426,0.00409,0.06294,0.71492,0.19495
2030-08-16 15:00:00,4880.68531,0.00327,0.06294,0.71974,0.2491
2030-08-16 16:00:00,5074.34055,0.00203,0.06294,0.74245,0.19344
2030-08-16 17:00:00,5306.72684,0.0015,0.07868,0.7692,0.12742
2030-08-16 18:00:00,5306.72684,0.00186,0.07868,0.76902,0.10504
2030-08-16 19:00:00,5151.80265,0.00205,0.07868,0.75127,0.03257
2030-08-16 20:00:00,4958.14741,0.00204,0.07868,0.72919,0.0
2030-08-16 21:00:00,4764.49217,0.00332,0.06294,0.70648,0.0
2030-08-16 22:00:00,4570.83692,0.00302,0.06294,0.68455,0.0
2030-08-16 23:00:00,4377.18168,0.00525,0.06294,0.66135,0.0
2030-08-17 00:00:00,3959.99121,0.00777,0.06705,0.61253,0.0
2030-08-17 01:00:00,3854.72582,0.00727,0.06705,0.60078,0.0
2030-08-17 02:00:00,3784.5489,0.00494,0.06705,0.59394,0.0
2030-08-17 03:00:00,3749.46044,0.00379,0.06705,0.59052,0.0
2030-08-17 04:00:00,3749.46044,0.00146,0.06705,0.59168,0.0
2030-08-17 05:00:00,3819.63736,0.0017,0.06705,0.59956,0.0
2030-08-17 06:00:00,4030.16813,0.00187,0.06705,0.62348,0.03075
2030-08-17 07:00:00,4345.96428,0.00302,0.06705,0.65891,0.07505
2030-08-17 08:00:00,4591.58351,0.00454,0.06705,0.68615,0.10958
2030-08-17 09:00:00,4661.76043,0.00573,0.06705,0.69356,0.20166
2030-08-17 10:00:00,4661.76043,0.00664,0.06705,0.6931,0.22949
2030-08-17 11:00:00,4626.67197,0.00517,0.06705,0.68983,0.19517
2030-08-17 12:00:00,4591.58351,0.01214,0.06705,0.68234,0.15064
2030-08-17 13:00:00,4556.49505,0.01101,0.06705,0.67891,0.11758
2030-08-17 14:00:00,4521.40659,0.01955,0.06705,0.67063,0.11259
2030-08-17 15:00:00,4556.49505,0.01678,0.06705,0.67602,0.14387
2030-08-17 16:00:00,4731.93735,0.02284,0.06705,0.69299,0.14818
2030-08-17 17:00:00,4942.46812,0.04054,0.08381,0.70811,0.11311
2030-08-17 18:00:00,4942.46812,0.04533,0.08381,0.70572,0.05676
2030-08-17 19:00:00,4802.11428,0.04134,0.08381,0.69172,0.01641
2030-08-17 20:00:00,4626.67197,0.01639,0.08381,0.68421,0.0
2030-08-17 21:00:00,4451.22966,0.02213,0.06705,0.66134,0.0
2030-08-17 22:00:00,4275.78736,0.01088,0.06705,0.64697,0.0
2030-08-17 23:00:00,4100.34505,0.00588,0.06705,0.62947,0.0
2030-08-18 00:00:00,3961.82482,0.00912,0.07128,0.61206,0.0
2030-08-18 01:00:00,3856.48303,0.00802,0.07128,0.6006,0.0
2030-08-18 02:00:00,3786.25518,0.00396,0.07128,0.59463,0.0
2030-08-18 03:00:00,3751.14125,0.00314,0.07128,0.59104,0.0
2030-08-18 04:00:00,3751.14125,0.00217,0.07128,0.59152,0.0
2030-08-18 05:00:00,3821.36911,0.00188,0.07128,0.59967,0.0
2030-08-18 06:00:00,4032.05267,0.00261,0.07128,0.62332,0.03349
2030-08-18 07:00:00,4348.07803,0.00167,0.07128,0.65983,0.1093
2030-08-18 08:00:00,4593.87552,0.00067,0.07128,0.68835,0.18176
2030-08-18 09:00:00,4664.10338,0.00088,0.07128,0.69625,0.25219
2030-08-18 10:00:00,4664.10338,0.00106,0.07128,0.69616,0.32997
2030-08-18 11:00:00,4628.98945,0.00085,0.07128,0.69226,0.45488
2030-08-18 12:00:00,4593.87552,0.00107,0.07128,0.68815,0.41985
2030-08-18 13:00:00,4558.76159,0.00156,0.07128,0.6839,0.36247
2030-08-18 14:00:00,4523.64767,0.00175,0.07128,0.6798,0.5027
2030-08-18 15:00:00,4558.76159,0.00222,0.07128,0.68357,0.37267
2030-08-18 16:00:00,4734.33124,0.00241,0.07128,0.70349,0.25639
2030-08-18 17:00:00,4945.0148,0.00391,0.0891,0.72676,0.2028
2030-08-18 18:00:00,4945.0148,0.00238,0.0891,0.72753,0.1317
2030-08-18 19:00:00,4804.55909,0.00608,0.0891,0.70966,0.03837
2030-08-18 20:00:00,4628.98945,0.00819,0.0891,0.68859,0.0
2030-08-18 21:00:00,4453.41981,0.00877,0.07128,0.66828,0.0
2030-08-18 22:00:00,4277.85017,0.00886,0.07128,0.64822,0.0
2030-08-18 23:00:00,4102.28053,0.00586,0.07128,0.62971,0.0
2030-08-19 00:00:00,4236.76104,0.00638,0.07563,0.64478,0.0
2030-08-19 01:00:00,4119.96358,0.00819,0.07563,0.63055,0.0
2030-08-19 02:00:00,4042.0986,0.00385,0.07563,0.62385,0.0
2030-08-19 03:00:00,4003.16612,0.00157,0.07563,0.62055,0.0
2030-08-19 04:00:00,4003.16612,0.00133,0.07563,0.62068,0.0
2030-08-19 05:00:00,4081.03109,0.00167,0.07563,0.62938,0.0
2030-08-19 06:00:00,4314.62601,0.00207,0.07563,0.65581,0.03112
2030-08-19 07:00:00,4665.01839,0.00135,0.07563,0.69612,0.13315
2030-08-19 08:00:00,4937.5458,0.00191,0.07563,0.72691,0.19442
2030-08-19 09:00:00,5015.41077,0.00087,0.07563,0.73631,0.28496
2030-08-19 10:00:00,5015.41077,0.00098,0.07563,0.73625,0.38544
2030-08-19 11:00:00,4976.47828,0.00138,0.07563,0.73162,0.40578
2030-08-19 12:00:00,4937.5458,0.00144,0.07563,0.72715,0.39379
2030-08-19 13:00:00,4898.61331,0.00135,0.07563,0.72276,0.35577
2030-08-19 14:00:00,4859.68082,0.00093,0.07563,0.71853,0.39939
2030-08-19 15:00:00,4898.61331,0.00115,0.07563,0.72286,0.25574
2030-08-19 16:00:00,5093.27574,0.00111,0.07563,0.74507,0.22807
2030-08-19 17:00:00,5326.87066,0.00154,0.09454,0.77148,0.16942
2030-08-19 18:00:00,5326.87066,0.00156,0.09454,0.77147,0.11241
2030-08-19 19:00:00,5171.14072,0.00259,0.09454,0.7532,0.03388
2030-08-19 20:00:00,4976.47828,0.00771,0.09454,0.72845,0.0
2030-08-19 21:00:00,4781.81585,0.00594,0.07563,0.70714,0.0
2030-08-19 22:00:00,4587.15342,0.0106,0.07563,0.68261,0.0
2030-08-19 23:00:00,4392.49098,0.02222,0.07563,0.65459,0.0
2030-08-20 00:00:00,4237.13764,0.0295,0.08009,0.63324,0.0
2030-08-20 01:00:00,4120.32449,0.03553,0.08009,0.6169,0.0
2030-08-20 02:00:00,4042.44905,0.04111,0.08009,0.60522,0.0
2030-08-20 03:00:00,4003.51133,0.05079,0.08009,0.59593,0.0
2030-08-20 04:00:00,4003.51133,0.05064,0.08009,0.59601,0.0
2030-08-20 05:00:00,4081.38677,0.06745,0.08009,0.59647,0.0
2030-08-20 06:00:00,4315.01307,0.0391,0.08009,0.6373,0.03174
2030-08-20 07:00:00,4665.45253,0.03165,0.08009,0.68099,0.1026
2030-08-20 08:00:00,4938.01655,0.02223,0.08009,0.71678,0.15628
2030-08-20 09:00:00,5015.89198,0.01559,0.08009,0.72899,0.21714
2030-08-20 10:00:00,5015.89198,0.01469,0.08009,0.72944,0.25046
2030-08-20 11:00:00,4976.95427,0.01147,0.08009,0.72662,0.23145
2030-08-20 12:00:00,4938.01655,0.01499,0.08009,0.72041,0.24113
2030-08-20 13:00:00,4899.07883,0.01914,0.08009,0.71389,0.30291
2030-08-20 14:00:00,4860.14111,0.01155,0.08009,0.71326,0.33879
2030-08-20 15:00:00,4899.07883,0.01191,0.08009,0.71752,0.33821
2030-08-20 16:00:00,5093.76742,0.00754,0.08009,0.7419,0.27013
2030-08-20 17:00:00,5327.39372,0.02133,0.10012,0.76163,0.18933
2030-08-20 18:00:00,5327.39372,0.01159,0.10012,0.7665,0.13766
2030-08-20 19:00:00,5171.64285,0.01108,0.10012,0.749,0.03049
2030-08-20 20:00:00,4976.95427,0.01312,0.10012,0.72579,0.0
2030-08-20 21:00:00,4782.26568,0.01124,0.08009,0.70454,0.0
2030-08-20 22:00:00,4587.57709,0.01281,0.08009,0.68155,0.0
2030-08-20 23:00:00,4392.88851,0.01051,0.08009,0.66051,0.0
2030-08-21 00:00:00,4249.08849,0.01823,0.08468,0.64024,0.0
2030-08-21 01:00:00,4131.77739,0.02623,0.08468,0.62286,0.0
2030-08-21 02:00:00,4053.56998,0.04727,0.08468,0.60341,0.0
2030-08-21 03:00:00,4014.46628,0.0451,0.08468,0.60003,0.0
2030-08-21 04:00:00,4014.46628,0.04966,0.08468,0.59775,0.0
2030-08-21 05:00:00,4092.67369,0.07251,0.08468,0.59522,0.0
2030-08-21 06:00:00,4327.29589,0.07589,0.08468,0.62027,0.03008
2030-08-21 07:00:00,4679.22921,0.09894,0.08468,0.64885,0.08281
2030-08-21 08:00:00,4952.95511,0.04895,0.08468,0.7051,0.13884
2030-08-21 09:00:00,5031.16252,0.0758,0.08468,0.70056,0.14822
2030-08-21 10:00:00,5031.16252,0.0818,0.08468,0.69756,0.13877
2030-08-21 11:00:00,4992.05882,0.08629,0.08468,0.69085,0.18302
2030-08-21 12:00:00,4952.95511,0.17761,0.08468,0.64064,0.146
2030-08-21 13:00:00,4913.85141,0.16982,0.08468,0.64008,0.14365
2030-08-21 14:00:00,4874.74771,0.21707,0.08468,0.61195,0.16579
2030-08-21 15:00:00,4913.85141,0.12972,0.08468,0.66017,0.22807
2030-08-21 16:00:00,5109.36992,0.08208,0.08468,0.70633,0.23234
2030-08-21 17:00:00,5343.99213,0.06845,0.10584,0.73991,0.1706
2030-08-21 18:00:00,5343.99213,0.1036,0.10584,0.7223,0.11837
2030-08-21 19:00:00,5187.57732,0.11824,0.10584,0.69713,0.03328
2030-08-21 20:00:00,4992.05882,0.09004,0.10584,0.68897,0.0
2030-08-21 21:00:00,4796.54031,0.05156,0.08468,0.68596,0.0
2030-08-21 22:00:00,4601.0218,0.04144,0.08468,0.66874,0.0
2030-08-21 23:00:00,4405.5033,0.06167,0.08468,0.63631,0.0
2030-08-22 00:00:00,4225.15974,0.11061,0.08937,0.59123,0.0
2030-08-22 01:00:00,4108.84567,0.071,0.08937,0.59782,0.0
2030-08-22 02:00:00,4031.30295,0.07555,0.08937,0.5867,0.0
2030-08-22 03:00:00,3992.53159,0.06409,0.08937,0.58802,0.0
2030-08-22 04:00:00,3992.53159,0.04377,0.08937,0.5982,0.0
2030-08-22 05:00:00,4070.07431,0.05135,0.08937,0.60324,0.0
2030-08-22 06:00:00,4302.70245,0.0459,0.08937,0.63249,0.03166
2030-08-22 07:00:00,4651.64467,0.0335,0.08937,0.67849,0.10448
2030-08-22 08:00:00,4923.04417,0.04007,0.08937,0.70614,0.13914
2030-08-22 09:00:00,5000.58689,0.04189,0.08937,0.71407,0.14273
2030-08-22 10:00:00,5000.58689,0.06068,0.08937,0.70465,0.20161
2030-08-22 11:00:00,4961.81553,0.07423,0.08937,0.69344,0.20981
2030-08-22 12:00:00,4923.04417,0.08353,0.08937,0.68437,0.3289
2030-08-22 13:00:00,4884.27282,0.12306,0.08937,0.66014,0.34071
2030-08-22 14:00:00,4845.50146,0.10132,0.08937,0.66661,0.40757
2030-08-22 15:00:00,4884.27282,0.12718,0.08937,0.65807,0.35001
2030-08-22 16:00:00,5078.1296,0.08402,0.08937,0.7018,0.19465
2030-08-22 17:00:00,5310.75775,0.09398,0.11171,0.72333,0.18105
2030-08-22 18:00:00,5310.75775,0.1142,0.11171,0.7132,0.10366
2030-08-22 19:00:00,5155.67232,0.19696,0.11171,0.65405,0.02878
2030-08-22 20:00:00,4961.81553,0.12619,0.11171,0.66741,0.0
2030-08-22 21:00:00,4767.95874,0.07138,0.08937,0.67277,0.0
2030-08-22 22:00:00,4574.10196,0.0513,0.08937,0.66073,0.0
2030-08-22 23:00:00,4380.24517,0.04655,0.08937,0.64101,0.0
2030-08-23 00:00:00,4241.12753,0.0756,0.09418,0.61059,0.0
2030-08-23 01:00:00,4124.14813,0.09302,0.09418,0.58853,0.0
2030-08-23 02:00:00,4046.16187,0.18034,0.09418,0.53589,0.0
2030-08-23 03:00:00,4007.16873,0.2501,0.09418,0.49649,0.0
2030-08-23 04:00:00,4007.16873,0.22131,0.09418,0.51092,0.0
2030-08-23 05:00:00,4085.155,0.12094,0.09418,0.57009,0.0
2030-08-23 06:00:00,4319.11379,0.17611,0.09418,0.56913,0.02021
2030-08-23 07:00:00,4670.05198,0.11105,0.09418,0.64173,0.08419
2030-08-23 08:00:00,4943.00391,0.06805,0.09418,0.69439,0.16784
2030-08-23 09:00:00,5020.99018,0.05796,0.09418,0.70834,0.22458
2030-08-23 10:00:00,5020.99018,0.04039,0.09418,0.71714,0.25525
2030-08-23 11:00:00,4981.99704,0.03322,0.09418,0.71629,0.27665
2030-08-23 12:00:00,4943.00391,0.04606,0.09418,0.70541,0.18128
2030-08-23 13:00:00,4904.01078,0.05464,0.09418,0.69667,0.12828
2030-08-23 14:00:00,4865.01765,0.04727,0.09418,0.69592,0.13247
2030-08-23 15:00:00,4904.01078,0.0396,0.09418,0.70421,0.11828
2030-08-23 16:00:00,5098.97644,0.05249,0.09418,0.71997,0.10898
2030-08-23 17:00:00,5332.93523,0.07398,0.11773,0.73588,0.11327
2030-08-23 18:00:00,5332.93523,0.11412,0.11773,0.71577,0.09456
2030-08-23 19:00:00,5176.9627,0.20499,0.11773,0.65246,0.02234
2030-08-23 20:00:00,4981.99704,0.14214,0.11773,0.66172,0.0
2030-08-23 21:00:00,4787.03138,0.09729,0.09418,0.66196,0.0
2030-08-23 22:00:00,4592.06572,0.10747,0.09418,0.63464,0.0
2030-08-23 23:00:00,4397.10006,0.13227,0.09418,0.59998,0.0
2030-08-24 00:00:00,3908.16448,0.23639,0.0991,0.49207,0.0
2030-08-24 01:00:00,3805.05855,0.22399,0.0991,0.48653,0.0
2030-08-24 02:00:00,3736.32126,0.22896,0.0991,0.47621,0.0
2030-08-24 03:00:00,3701.95261,0.15759,0.0991,0.50804,0.0
2030-08-24 04:00:00,3701.95261,0.18858,0.0991,0.49251,0.0
2030-08-24 05:00:00,3770.6899,0.32686,0.0991,0.43107,0.0
2030-08-24 06:00:00,3976.90177,0.3951,0.0991,0.42039,0.02422
2030-08-24 07:00:00,4286.21959,0.4494,0.0991,0.42845,0.13967
2030-08-24 08:00:00,4526.8001,0.5552,0.0991,0.40287,0.28539
2030-08-24 09:00:00,4595.5374,0.70949,0.0991,0.3334,0.37683
2030-08-24 10:00:00,4595.5374,0.74459,0.0991,0.31581,0.43093
2030-08-24 11:00:00,4561.16875,0.77419,0.0991,0.29707,0.50041
2030-08-24 12:00:00,4526.8001,0.60228,0.0991,0.37928,0.50472
2030-08-24 13:00:00,4492.43146,0.55086,0.0991,0.40112,0.51808
2030-08-24 14:00:00,4458.06281,0.54613,0.0991,0.39958,0.4694
2030-08-24 15:00:00,4492.43146,0.53923,0.0991,0.40695,0.38961
2030-08-24 16:00:00,4664.27469,0.60202,0.0991,0.39508,0.23961
2030-08-24 17:00:00,4870.48656,0.42014,0.12388,0.50972,0.13453
2030-08-24 18:00:00,4870.48656,0.51682,0.12388,0.46128,0.0662
2030-08-24 19:00:00,4733.01198,0.66518,0.12388,0.37127,0.01665
2030-08-24 20:00:00,4561.16875,0.73976,0.12388,0.31432,0.0
2030-08-24 21:00:00,4389.32552,0.57592,0.0991,0.37681,0.0
2030-08-24 22:00:00,4217.48229,0.57853,0.0991,0.35591,0.0
2030-08-24 23:00:00,4045.63907,0.45577,0.0991,0.39783,0.0
2030-08-25 00:00:00,3858.01473,0.47998,0.10413,0.36431,0.0
2030-08-25 01:00:00,3756.99837,0.49893,0.10413,0.3433,0.0
2030-08-25 02:00:00,3689.65413,0.62581,0.10413,0.27205,0.0
2030-08-25 03:00:00,3655.982,0.50486,0.10413,0.32881,0.0
2030-08-25 04:00:00,3655.982,0.44294,0.10413,0.35983,0.0
2030-08-25 05:00:00,3723.32625,0.39194,0.10413,0.39306,0.0
2030-08-25 06:00:00,3925.35898,0.37621,0.10413,0.42398,0.01921
2030-08-25 07:00:00,4228.40807,0.32379,0.10413,0.48479,0.06339
2030-08-25 08:00:00,4464.11292,0.27296,0.10413,0.53713,0.11918
2030-08-25 09:00:00,4531.45716,0.16402,0.10413,0.59939,0.16528
2030-08-25 10:00:00,4531.45716,0.23709,0.10413,0.56278,0.19
2030-08-25 11:00:00,4497.78504,0.26797,0.10413,0.54347,0.30479
2030-08-25 12:00:00,4464.11292,0.28207,0.10413,0.53257,0.19481
2030-08-25 13:00:00,4430.4408,0.40583,0.10413,0.46672,0.30765
2030-08-25 14:00:00,4396.76867,0.43409,0.10413,0.44872,0.29396
2030-08-25 15:00:00,4430.4408,0.46761,0.10413,0.43577,0.26523
2030-08-25 16:00:00,4598.8014,0.33675,0.10413,0.52053,0.25427
2030-08-25 17:00:00,4800.83413,0.30387,0.13016,0.56004,0.22999
2030-08-25 18:00:00,4800.83413,0.30881,0.13016,0.55756,0.11263
2030-08-25 19:00:00,4666.14564,0.28264,0.13016,0.55532,0.02633
2030-08-25 20:00:00,4497.78504,0.23544,0.13016,0.55977,0.0
2030-08-25 21:00:00,4329.42443,0.32274,0.10413,0.49684,0.0
2030-08-25 22:00:00,4161.06382,0.41538,0.10413,0.43123,0.0
2030-08-25 23:00:00,3992.70322,0.26207,0.10413,0.48884,0.0
2030-08-26 00:00:00,4362.05283,0.27182,0.10927,0.52607,0.0
2030-08-26 01:00:00,4240.03488,0.19679,0.10927,0.54975,0.0
2030-08-26 02:00:00,4158.68958,0.18799,0.10927,0.54489,0.0
2030-08-26 03:00:00,4118.01693,0.15641,0.10927,0.55607,0.0
2030-08-26 04:00:00,4118.01693,0.17299,0.10927,0.54776,0.0
2030-08-26 05:00:00,4199.36223,0.21653,0.10927,0.53522,0.0
2030-08-26 06:00:00,4443.39813,0.17243,0.10927,0.58514,0.01862
2030-08-26 07:00:00,4809.45199,0.11836,0.10927,0.65396,0.06391
2030-08-26 08:00:00,5094.16054,0.15313,0.10927,0.669,0.12237
2030-08-26 09:00:00,5175.50584,0.23044,0.10927,0.63954,0.08157
2030-08-26 10:00:00,5175.50584,0.23557,0.10927,0.63697,0.12332
2030-08-26 11:00:00,5134.83319,0.23342,0.10927,0.63341,0.15543
2030-08-26 12:00:00,5094.16054,0.25753,0.10927,0.61669,0.15201
2030-08-26 13:00:00,5053.48789,0.28478,0.10927,0.5984,0.15906
2030-08-26 14:00:00,5012.81524,0.29312,0.10927,0.58959,0.07383
2030-08-26 15:00:00,5053.48789,0.33947,0.10927,0.571,0.04933
2030-08-26 16:00:00,5256.85114,0.29078,0.10927,0.61858,0.05239
2030-08-26 17:00:00,5500.88705,0.2246,0.13659,0.67956,0.04317
2030-08-26 18:00:00,5500.88705,0.14383,0.13659,0.72003,0.04104
2030-08-26 19:00:00,5338.19644,0.17314,0.13659,0.6868,0.01319
2030-08-26 20:00:00,5134.83319,0.18735,0.13659,0.65649,0.0
2030-08-26 21:00:00,4931.46994,0.1677,0.10927,0.64315,0.0
2030-08-26 22:00:00,4728.10669,0.19744,0.10927,0.60507,0.0
2030-08-26 23:00:00,4524.74343,0.13478,0.10927,0.61327,0.0
2030-08-27 00:00:00,4242.47407,0.15294,0.11452,0.572,0.0
2030-08-27 01:00:00,4125.43857,0.18143,0.11452,0.54438,0.0
2030-08-27 02:00:00,4047.4149,0.21453,0.11452,0.5189,0.0
2030-08-27 03:00:00,4008.40307,0.16971,0.11452,0.53691,0.0
2030-08-27 04:00:00,4008.40307,0.22449,0.11452,0.50946,0.0
2030-08-27 05:00:00,4086.42674,0.25479,0.11452,0.50318,0.0
2030-08-27 06:00:00,4320.49774,0.1771,0.11452,0.56879,0.02099
2030-08-27 07:00:00,4671.60425,0.26439,0.11452,0.56508,0.07107
2030-08-27 08:00:00,4944.68709,0.35682,0.11452,0.54991,0.15193
2030-08-27 09:00:00,5022.71076,0.36867,0.11452,0.55286,0.18148
2030-08-27 10:00:00,5022.71076,0.38615,0.11452,0.54411,0.24523
2030-08-27 11:00:00,4983.69893,0.29218,0.11452,0.58674,0.28063
2030-08-27 12:00:00,4944.68709,0.27651,0.11452,0.59014,0.24687
2030-08-27 13:00:00,4905.67526,0.23734,0.11452,0.60532,0.22398
2030-08-27 14:00:00,4866.66343,0.23024,0.11452,0.60443,0.26835
2030-08-27 15:00:00,4905.67526,0.27648,0.11452,0.58571,0.21751
2030-08-27 16:00:00,5100.73443,0.36161,0.11452,0.56529,0.16854
2030-08-27 17:00:00,5334.80544,0.41013,0.14315,0.56767,0.1215
2030-08-27 18:00:00,5334.80544,0.44595,0.14315,0.54972,0.07129
2030-08-27 19:00:00,5178.7581,0.53838,0.14315,0.48562,0.01896
2030-08-27 20:00:00,4983.69893,0.55754,0.14315,0.45379,0.0
2030-08-27 21:00:00,4788.63976,0.50056,0.11452,0.4601,0.0
2030-08-27 22:00:00,4593.58058,0.46971,0.11452,0.45332,0.0
2030-08-27 23:00:00,4398.52141,0.4933,0.11452,0.41926,0.0
2030-08-28 00:00:00,4258.45212,0.4554,0.11987,0.42228,0.0
2030-08-28 01:00:00,4140.75087,0.33384,0.11987,0.46976,0.0
2030-08-28 02:00:00,4062.28337,0.43813,0.11987,0.40856,0.0
2030-08-28 03:00:00,4023.04961,0.55787,0.11987,0.3441,0.0
2030-08-28 04:00:00,4023.04961,0.66423,0.11987,0.29081,0.0
2030-08-28 05:00:00,4101.51712,0.66304,0.11987,0.30035,0.0
2030-08-28 06:00:00,4336.91963,0.67728,0.11987,0.32006,0.02064
2030-08-28 07:00:00,4690.02339,0.53588,0.11987,0.43115,0.13077
2030-08-28 08:00:00,4964.65966,0.60019,0.11987,0.43025,0.26633
2030-08-28 09:00:00,5043.12716,0.58235,0.11987,0.44813,0.38565
2030-08-28 10:00:00,5043.12716,0.52331,0.11987,0.47771,0.38216
2030-08-28 11:00:00,5003.89341,0.56888,0.11987,0.4504,0.39821
2030-08-28 12:00:00,4964.65966,0.5841,0.11987,0.43831,0.455
2030-08-28 13:00:00,4925.4259,0.55112,0.11987,0.45036,0.38034
2030-08-28 14:00:00,4886.19215,0.66031,0.11987,0.39118,0.3361
2030-08-28 15:00:00,4925.4259,0.69698,0.11987,0.37728,0.23421
2030-08-28 16:00:00,5121.59466,0.61556,0.11987,0.44043,0.27332
2030-08-28 17:00:00,5356.99717,0.69929,0.14984,0.42532,0.16587
2030-08-28 18:00:00,5356.99717,0.62081,0.14984,0.46464,0.0754
2030-08-28 19:00:00,5200.06217,0.54916,0.14984,0.48265,0.01525
2030-08-28 20:00:00,5003.89341,0.5458,0.14984,0.46197,0.0
2030-08-28 21:00:00,4807.72465,0.5731,0.11987,0.42593,0.0
2030-08-28 22:00:00,4611.55589,0.55579,0.11987,0.41223,0.0
2030-08-28 23:00:00,4415.38713,0.59036,0.11987,0.37255,0.0
2030-08-29 00:00:00,4224.60553,0.62641,0.12533,0.33273,0.0
2030-08-29 01:00:00,4108.31455,0.53037,0.12533,0.3676,0.0
2030-08-29 02:00:00,4030.78723,0.58042,0.12533,0.33368,0.0
2030-08-29 03:00:00,3992.02357,0.54834,0.12533,0.34534,0.0
2030-08-29 04:00:00,3992.02357,0.59918,0.12533,0.31986,0.0
2030-08-29 05:00:00,4069.55089,0.69515,0.12533,0.28062,0.0
2030-08-29 06:00:00,4302.13285,0.60429,0.12533,0.35266,0.01887
2030-08-29 07:00:00,4651.00579,0.6308,0.12533,0.37915,0.09438
2030-08-29 08:00:00,4922.35141,0.47883,0.12533,0.48623,0.21244
2030-08-29 09:00:00,4999.87873,0.48973,0.12533,0.48961,0.30684
2030-08-29 10:00:00,4999.87873,0.55336,0.12533,0.45773,0.36257
2030-08-29 11:00:00,4961.11507,0.53253,0.12533,0.46374,0.42323
2030-08-29 12:00:00,4922.35141,0.5921,0.12533,0.42947,0.3822
2030-08-29 13:00:00,4883.58775,0.62884,0.12533,0.40665,0.48195
2030-08-29 14:00:00,4844.82409,0.55575,0.12533,0.43885,0.47257
2030-08-29 15:00:00,4883.58775,0.46845,0.12533,0.48701,0.37001
2030-08-29 16:00:00,5077.40605,0.37047,0.12533,0.5582,0.24271
2030-08-29 17:00:00,5309.98801,0.39464,0.15666,0.5726,0.22048
2030-08-29 18:00:00,5309.98801,0.3519,0.15666,0.59402,0.1128
2030-08-29 19:00:00,5154.93337,0.25704,0.15666,0.62387,0.01857
2030-08-29 20:00:00,4961.11507,0.16289,0.15666,0.64894,0.0
2030-08-29 21:00:00,4767.29677,0.22289,0.12533,0.59678,0.0
2030-08-29 22:00:00,4573.47847,0.21199,0.12533,0.58015,0.0
2030-08-29 23:00:00,4379.66017,0.35746,0.12533,0.48516,0.0
2030-08-30 00:00:00,4207.19687,0.42436,0.13089,0.43199,0.0
2030-08-30 01:00:00,4091.63125,0.36449,0.13089,0.44881,0.0
2030-08-30 02:00:00,4014.58751,0.38409,0.13089,0.4302,0.0
2030-08-30 03:00:00,3976.06563,0.25015,0.13089,0.49292,0.0
2030-08-30 04:00:00,3976.06563,0.21355,0.13089,0.51125,0.0
2030-08-30 05:00:00,4053.10938,0.21822,0.13089,0.5177,0.0
2030-08-30 06:00:00,4284.24062,0.22812,0.13089,0.53909,0.01759
2030-08-30 07:00:00,4630.93748,0.24266,0.13089,0.57133,0.07728
2030-08-30 08:00:00,4900.59059,0.1571,0.13089,0.64494,0.16634
2030-08-30 09:00:00,4977.63434,0.18214,0.13089,0.64118,0.24993
2030-08-30 10:00:00,4977.63434,0.23099,0.13089,0.61671,0.30666
2030-08-30 11:00:00,4939.11246,0.30426,0.13089,0.5756,0.37841
2030-08-30 12:00:00,4900.59059,0.28478,0.13089,0.58097,0.3234
2030-08-30 13:00:00,4862.06872,0.26569,0.13089,0.58615,0.21749
2030-08-30 14:00:00,4823.54684,0.23955,0.13089,0.59485,0.20037
2030-08-30 15:00:00,4862.06872,0.24566,0.13089,0.59618,0.27826
2030-08-30 16:00:00,5054.67808,0.24867,0.13089,0.61663,0.23496
2030-08-30 17:00:00,5285.80932,0.25058,0.16361,0.64203,0.18412
2030-08-30 18:00:00,5285.80932,0.18788,0.16361,0.67344,0.07826
2030-08-30 19:00:00,5131.72183,0.17965,0.16361,0.66,0.01332
2030-08-30 20:00:00,4939.11246,0.17576,0.16361,0.63999,0.0
2030-08-30 21:00:00,4746.5031,0.2871,0.13089,0.56224,0.0
2030-08-30 22:00:00,4553.89373,0.28864,0.13089,0.53951,0.0
2030-08-30 23:00:00,4361.28437,0.23884,0.13089,0.5425,0.0
2030-08-31 00:00:00,3783.15788,0.32762,0.13655,0.43211,0.0
2030-08-31 01:00:00,3685.26056,0.30477,0.13655,0.4324,0.0
2030-08-31 02:00:00,3619.99567,0.33509,0.13655,0.40977,0.0
2030-08-31 03:00:00,3587.36323,0.45926,0.13655,0.34383,0.0
2030-08-31 04:00:00,3587.36323,0.38888,0.13655,0.37909,0.0
2030-08-31 05:00:00,3652.62811,0.41066,0.13655,0.37562,0.0
2030-08-31 06:00:00,3848.42277,0.32291,0.13655,0.44191,0.01711
2030-08-31 07:00:00,4142.11476,0.36966,0.13655,0.45197,0.09792
2030-08-31 08:00:00,4370.54186,0.28102,0.13655,0.52242,0.19343
2030-08-31 09:00:00,4435.80674,0.30383,0.13655,0.51844,0.2725
2030-08-31 10:00:00,4435.80674,0.26761,0.13655,0.53658,0.27556
2030-08-31 11:00:00,4403.1743,0.19887,0.13655,0.56731,0.33312
2030-08-31 12:00:00,4370.54186,0.28426,0.13655,0.5208,0.30478
2030-08-31 13:00:00,4337.90941,0.23116,0.13655,0.54369,0.19734
2030-08-31 14:00:00,4305.27697,0.13004,0.13655,0.59063,0.21346
2030-08-31 15:00:00,4337.90941,0.13094,0.13655,0.5939,0.18387
2030-08-31 16:00:00,4501.07163,0.10381,0.13655,0.62609,0.12673
2030-08-31 17:00:00,4696.86628,0.07987,0.17068,0.66041,0.12768
2030-08-31 18:00:00,4696.86628,0.08768,0.17068,0.6565,0.07832
2030-08-31 19:00:00,4566.33651,0.10334,0.17068,0.63377,0.01199
2030-08-31 20:00:00,4403.1743,0.14789,0.17068,0.59285,0.0
2030-08-31 21:00:00,4240.01208,0.16191,0.13655,0.56722,0.0
2030-08-31 22:00:00,4076.84987,0.19372,0.13655,0.53268,0.0
2030-08-31 23:00:00,3913.68766,0.2032,0.13655,0.50933,0.0
2030-09-01 00:00:00,3798.97873,0.17285,0.14231,0.51146,0.0
2030-09-01 01:00:00,3700.4222,0.1477,0.14231,0.51283,0.0
2030-09-01 02:00:00,3634.71785,0.12538,0.14231,0.51652,0.0
2030-09-01 03:00:00,3601.86567,0.11978,0.14231,0.51558,0.0
2030-09-01 04:00:00,3601.86567,0.1465,0.14231,0.50219,0.0
2030-09-01 05:00:00,3667.57003,0.16362,0.14231,0.5011,0.0
2030-09-01 06:00:00,3864.68309,0.18154,0.14231,0.5146,0.01241
2030-09-01 07:00:00,4160.35268,0.21645,0.14231,0.53081,0.06155
2030-09-01 08:00:00,4390.31792,0.16066,0.14231,0.58498,0.15343
2030-09-01 09:00:00,4456.02227,0.18158,0.14231,0.58199,0.18947
2030-09-01 10:00:00,4456.02227,0.15103,0.14231,0.5973,0.23203
2030-09-01 11:00:00,4423.17009,0.1731,0.14231,0.58249,0.24193
2030-09-01 12:00:00,4390.31792,0.09457,0.14231,0.6181,0.29336
2030-09-01 13:00:00,4357.46574,0.11566,0.14231,0.60378,0.35626
2030-09-01 14:00:00,4324.61356,0.09295,0.14231,0.61142,0.37972
2030-09-01 15:00:00,4357.46574,0.1105,0.14231,0.60637,0.25477
2030-09-01 16:00:00,4521.72662,0.1683,0.14231,0.59614,0.18074
2030-09-01 17:00:00,4718.83969,0.19421,0.17788,0.60563,0.16824
2030-09-01 18:00:00,4718.83969,0.30504,0.17788,0.5501,0.0664
2030-09-01 19:00:00,4587.43098,0.30827,0.17788,0.5335,0.00912
2030-09-01 20:00:00,4423.17009,0.22256,0.17788,0.55772,0.0
2030-09-01 21:00:00,4258.90921,0.17664,0.14231,0.56199,0.0
2030-09-01 22:00:00,4094.64832,0.15878,0.14231,0.55222,0.0
2030-09-01 23:00:00,3930.38744,0.19767,0.14231,0.51401,0.0
2030-09-02 00:00:00,4255.61766,0.21394,0.14816,0.54293,0.0
2030-09-02 01:00:00,4138.0345,0.17252,0.14816,0.55028,0.0
2030-09-02 02:00:00,4059.64573,0.17192,0.14816,0.54164,0.0
2030-09-02 03:00:00,4020.45135,0.18246,0.14816,0.5319,0.0
2030-09-02 04:00:00,4020.45135,0.14021,0.14816,0.55306,0.0
2030-09-02 05:00:00,4098.84012,0.15244,0.14816,0.55587,0.0
2030-09-02 06:00:00,4334.00642,0.34356,0.14816,0.48693,0.01394
2030-09-02 07:00:00,4686.75588,0.30961,0.14816,0.54415,0.10879
2030-09-02 08:00:00,4961.11657,0.32036,0.14816,0.57005,0.18301
2030-09-02 09:00:00,5039.50534,0.22183,0.14816,0.62835,0.19243
2030-09-02 10:00:00,5039.50534,0.21548,0.14816,0.63153,0.21503
2030-09-02 11:00:00,5000.31095,0.24552,0.14816,0.61201,0.25507
2030-09-02 12:00:00,4961.11657,0.18955,0.14816,0.63558,0.31099
2030-09-02 13:00:00,4921.92219,0.17172,0.14816,0.64005,0.27594
2030-09-02 14:00:00,4882.7278,0.19718,0.14816,0.62283,0.22653
2030-09-02 15:00:00,4921.92219,0.24335,0.14816,0.60416,0.23857
2030-09-02 16:00:00,5117.89411,0.22193,0.14816,0.63723,0.2174
2030-09-02 17:00:00,5353.06041,0.28482,0.1852,0.63254,0.26256
2030-09-02 18:00:00,5353.06041,0.27957,0.1852,0.63517,0.13284
2030-09-02 19:00:00,5196.28287,0.33098,0.1852,0.59153,0.00673
2030-09-02 20:00:00,5000.31095,0.28737,0.1852,0.59104,0.0
2030-09-02 21:00:00,4804.33903,0.23812,0.14816,0.59338,0.0
2030-09-02 22:00:00,4608.36711,0.16551,0.14816,0.60741,0.0
2030-09-02 23:00:00,4412.39519,0.1852,0.14816,0.57521,0.0
2030-09-03 00:00:00,4266.68283,0.23087,0.15411,0.53571,0.0
2030-09-03 01:00:00,4148.63863,0.25968,0.15411,0.50782,0.0
2030-09-03 02:00:00,4069.94249,0.22825,0.15411,0.51459,0.0
2030-09-03 03:00:00,4030.59443,0.15933,0.15411,0.54464,0.0
2030-09-03 04:00:00,4030.59443,0.10532,0.15411,0.5717,0.0
2030-09-03 05:00:00,4109.29056,0.13535,0.15411,0.56563,0.0
2030-09-03 06:00:00,4345.37896,0.11989,0.15411,0.60029,0.01174
2030-09-03 07:00:00,4699.51157,0.15998,0.15411,0.62057,0.10097
2030-09-03 08:00:00,4974.94804,0.16969,0.15411,0.64711,0.16504
2030-09-03 09:00:00,5053.64417,0.19179,0.15411,0.64501,0.18606
2030-09-03 10:00:00,5053.64417,0.16794,0.15411,0.65696,0.24209
2030-09-03 11:00:00,5014.29611,0.18563,0.15411,0.64361,0.2495
2030-09-03 12:00:00,4974.94804,0.2172,0.15411,0.62331,0.24889
2030-09-03 13:00:00,4935.59997,0.31939,0.15411,0.56762,0.22086
2030-09-03 14:00:00,4896.2519,0.51209,0.15411,0.46659,0.18924
2030-09-03 15:00:00,4935.59997,0.56212,0.15411,0.44601,0.18161
2030-09-03 16:00:00,5132.34031,0.53171,0.15411,0.48367,0.11445
2030-09-03 17:00:00,5368.42871,0.43737,0.19264,0.55786,0.12079
2030-09-03 18:00:00,5368.42871,0.41005,0.19264,0.57154,0.087
2030-09-03 19:00:00,5211.03644,0.38863,0.19264,0.56433,0.00695
2030-09-03 20:00:00,5014.29611,0.45845,0.19264,0.50692,0.0
2030-09-03 21:00:00,4817.55577,0.47989,0.15411,0.47375,0.0
2030-09-03 22:00:00,4620.81543,0.47931,0.15411,0.45161,0.0
2030-09-03 23:00:00,4424.0751,0.42364,0.15411,0.45707,0.0
2030-09-04 00:00:00,4293.69677,0.39998,0.16016,0.45406,0.0
2030-09-04 01:00:00,4174.52698,0.35182,0.16016,0.4646,0.0
2030-09-04 02:00:00,4095.08046,0.30045,0.16016,0.48128,0.0
2030-09-04 03:00:00,4055.3572,0.35607,0.16016,0.44889,0.0
2030-09-04 04:00:00,4055.3572,0.29616,0.16016,0.4789,0.0
2030-09-04 05:00:00,4134.80372,0.33533,0.16016,0.46834,0.0
2030-09-04 06:00:00,4373.14329,0.38908,0.16016,0.46858,0.01268
2030-09-04 07:00:00,4730.65263,0.46972,0.16016,0.46894,0.07385
2030-09-04 08:00:00,5008.71546,0.30932,0.16016,0.581,0.14345
2030-09-04 09:00:00,5088.16198,0.41653,0.16016,0.53635,0.11718
2030-09-04 10:00:00,5088.16198,0.42653,0.16016,0.53134,0.20326
2030-09-04 11:00:00,5048.43872,0.37918,0.16016,0.55053,0.23317
2030-09-04 12:00:00,5008.71546,0.35642,0.16016,0.55741,0.20137
2030-09-04 13:00:00,4968.9922,0.30554,0.16016,0.57837,0.17529
2030-09-04 14:00:00,4929.26894,0.20359,0.16016,0.62492,0.17746
2030-09-04 15:00:00,4968.9922,0.17038,0.16016,0.64609,0.22056
2030-09-04 16:00:00,5167.6085,0.17678,0.16016,0.66552,0.20672
2030-09-04 17:00:00,5405.94806,0.2479,0.2002,0.65707,0.19393
2030-09-04 18:00:00,5405.94806,0.33277,0.2002,0.61454,0.07743
2030-09-04 19:00:00,5247.05502,0.32591,0.2002,0.59987,0.00536
2030-09-04 20:00:00,5048.43872,0.3186,0.2002,0.58088,0.0
2030-09-04 21:00:00,4849.82241,0.38688,0.16016,0.52403,0.0
2030-09-04 22:00:00,4651.20611,0.41677,0.16016,0.48641,0.0
2030-09-04 23:00:00,4452.58981,0.56732,0.16016,0.38834,0.0
2030-09-05 00:00:00,4273.81599,0.62219,0.1663,0.34046,0.0
2030-09-05 01:00:00,4155.47458,0.68104,0.1663,0.29748,0.0
2030-09-05 02:00:00,4076.5803,0.6754,0.1663,0.29131,0.0
2030-09-05 03:00:00,4037.13316,0.60969,0.1663,0.31974,0.0
2030-09-05 04:00:00,4037.13316,0.53831,0.1663,0.3555,0.0
2030-09-05 05:00:00,4116.02744,0.6174,0.1663,0.32487,0.0
2030-09-05 06:00:00,4352.71027,0.64039,0.1663,0.34034,0.00992
2030-09-05 07:00:00,4707.73452,0.66637,0.1663,0.36779,0.07108
2030-09-05 08:00:00,4983.86449,0.69751,0.1663,0.38368,0.15127
2030-09-05 09:00:00,5062.75877,0.61506,0.1663,0.43398,0.19636
2030-09-05 10:00:00,5062.75877,0.67249,0.1663,0.4052,0.33567
2030-09-05 11:00:00,5023.31163,0.73079,0.1663,0.3715,0.23442
2030-09-05 12:00:00,4983.86449,0.77483,0.1663,0.34494,0.23112
2030-09-05 13:00:00,4944.41735,0.74306,0.1663,0.35636,0.18323
2030-09-05 14:00:00,4904.97022,0.74012,0.1663,0.35333,0.16626
2030-09-05 15:00:00,4944.41735,0.74894,0.1663,0.35341,0.18376
2030-09-05 16:00:00,5141.65305,0.65752,0.1663,0.4217,0.12869
2030-09-05 17:00:00,5378.33588,0.5926,0.20787,0.48121,0.10033
2030-09-05 18:00:00,5378.33588,0.50063,0.20787,0.52729,0.05317
2030-09-05 19:00:00,5220.54733,0.49631,0.20787,0.51147,0.00426
2030-09-05 20:00:00,5023.31163,0.60676,0.20787,0.43364,0.0
2030-09-05 21:00:00,4826.07594,0.62437,0.1663,0.40233,0.0
2030-09-05 22:00:00,4628.84024,0.53476,0.1663,0.42474,0.0
2030-09-05 23:00:00,4431.60455,0.66919,0.1663,0.3349,0.0
2030-09-06 00:00:00,4256.07301,0.75095,0.17253,0.27393,0.0
2030-09-06 01:00:00,4138.47089,0.74733,0.17253,0.26233,0.0
2030-09-06 02:00:00,4060.06947,0.7165,0.17253,0.26884,0.0
2030-09-06 03:00:00,4020.86876,0.64623,0.17253,0.29958,0.0
2030-09-06 04:00:00,4020.86876,0.64724,0.17253,0.29907,0.0
2030-09-06 05:00:00,4099.27018,0.57959,0.17253,0.3419,0.0
2030-09-06 06:00:00,4334.47443,0.64846,0.17253,0.33421,0.00469
2030-09-06 07:00:00,4687.28081,0.73257,0.17253,0.3323,0.03533
2030-09-06 08:00:00,4961.68577,0.73668,0.17253,0.36152,0.05197
2030-09-06 09:00:00,5040.08718,0.79277,0.17253,0.34235,0.07552
2030-09-06 10:00:00,5040.08718,0.8067,0.17253,0.33538,0.0906
2030-09-06 11:00:00,5000.88648,0.86926,0.17253,0.29956,0.09027
2030-09-06 12:00:00,4961.68577,0.86552,0.17253,0.29697,0.09272
2030-09-06 13:00:00,4922.48506,0.86828,0.17253,0.29112,0.13119
2030-09-06 14:00:00,4883.28435,0.8629,0.17253,0.28934,0.0919
2030-09-06 15:00:00,4922.48506,0.82845,0.17253,0.31107,0.13575
2030-09-06 16:00:00,5118.4886,0.88394,0.17253,0.30561,0.07702
2030-09-06 17:00:00,5353.69285,0.83878,0.21566,0.35506,0.0651
2030-09-06 18:00:00,5353.69285,0.81929,0.21566,0.36482,0.05354
2030-09-06 19:00:00,5196.89002,0.83658,0.21566,0.33828,0.00113
2030-09-06 20:00:00,5000.88648,0.73999,0.21566,0.36433,0.0
2030-09-06 21:00:00,4804.88293,0.77688,0.17253,0.3235,0.0
2030-09-06 22:00:00,4608.87939,0.73532,0.17253,0.32198,0.0
2030-09-06 23:00:00,4412.87585,0.71971,0.17253,0.30745,0.0
2030-09-07 00:00:00,3901.87439,0.61123,0.17885,0.30355,0.0
2030-09-07 01:00:00,3799.03054,0.56604,0.17885,0.31446,0.0
2030-09-07 02:00:00,3730.46798,0.45114,0.17885,0.36421,0.0
2030-09-07 03:00:00,3696.18669,0.46324,0.17885,0.35424,0.0
2030-09-07 04:00:00,3696.18669,0.4053,0.17885,0.38327,0.0
2030-09-07 05:00:00,3764.74926,0.49779,0.17885,0.34475,0.0
2030-09-07 06:00:00,3970.43696,0.55241,0.17885,0.34084,0.00578
2030-09-07 07:00:00,4278.96851,0.45198,0.17885,0.42633,0.04671
2030-09-07 08:00:00,4518.93749,0.45528,0.17885,0.45203,0.14138
2030-09-07 09:00:00,4587.50006,0.58507,0.17885,0.39482,0.23702
2030-09-07 10:00:00,4587.50006,0.57017,0.17885,0.40229,0.24809
2030-09-07 11:00:00,4553.21878,0.6287,0.17885,0.36906,0.34427
2030-09-07 12:00:00,4518.93749,0.68368,0.17885,0.3376,0.28192
2030-09-07 13:00:00,4484.65621,0.64408,0.17885,0.35353,0.22939
2030-09-07 14:00:00,4450.37493,0.55752,0.17885,0.39299,0.26717
2030-09-07 15:00:00,4484.65621,0.59091,0.17885,0.38017,0.23038
2030-09-07 16:00:00,4656.06262,0.65618,0.17885,0.36701,0.19216
2030-09-07 17:00:00,4861.75032,0.59542,0.22356,0.4209,0.11682
2030-09-07 18:00:00,4861.75032,0.52601,0.22356,0.45568,0.04668
2030-09-07 19:00:00,4724.62519,0.58779,0.22356,0.40909,0.00074
2030-09-07 20:00:00,4553.21878,0.62574,0.22356,0.37054,0.0
2030-09-07 21:00:00,4381.81236,0.67191,0.17885,0.32786,0.0
2030-09-07 22:00:00,4210.40594,0.59981,0.17885,0.34445,0.0
2030-09-07 23:00:00,4038.99953,0.69078,0.17885,0.27933,0.0
2030-09-08 00:00:00,3973.10474,0.62805,0.18525,0.30324,0.0
2030-09-08 01:00:00,3867.29296,0.62198,0.18525,0.29422,0.0
2030-09-08 02:00:00,3796.75177,0.44272,0.18525,0.37599,0.0
2030-09-08 03:00:00,3761.48118,0.29742,0.18525,0.44477,0.0
2030-09-08 04:00:00,3761.48118,0.36974,0.18525,0.40854,0.0
2030-09-08 05:00:00,3832.02237,0.51575,0.18525,0.34342,0.0
2030-09-08 06:00:00,4043.64593,0.56371,0.18525,0.34352,0.00548
2030-09-08 07:00:00,4361.08127,0.49253,0.18525,0.41538,0.0393
2030-09-08 08:00:00,4607.97543,0.48466,0.18525,0.44746,0.05987
2030-09-08 09:00:00,4678.51662,0.67389,0.18525,0.3607,0.08562
2030-09-08 10:00:00,4678.51662,0.59535,0.18525,0.40005,0.07802
2030-09-08 11:00:00,4643.24602,0.58105,0.18525,0.40319,0.10254
2030-09-08 12:00:00,4607.97543,0.52836,0.18525,0.42557,0.1549
2030-09-08 13:00:00,4572.70483,0.45209,0.18525,0.45976,0.24894
2030-09-08 14:00:00,4537.43424,0.46428,0.18525,0.44963,0.20357
2030-09-08 15:00:00,4572.70483,0.62176,0.18525,0.37475,0.12306
2030-09-08 16:00:00,4749.0578,0.53991,0.18525,0.43587,0.10578
2030-09-08 17:00:00,4960.68137,0.62211,0.23156,0.41881,0.09291
2030-09-08 18:00:00,4960.68137,0.65589,0.23156,0.40189,0.04278
2030-09-08 19:00:00,4819.59899,0.59107,0.23156,0.41828,0.00015
2030-09-08 20:00:00,4643.24602,0.55004,0.23156,0.41873,0.0
2030-09-08 21:00:00,4466.89305,0.43386,0.18525,0.45683,0.0
2030-09-08 22:00:00,4290.54009,0.47482,0.18525,0.4162,0.0
2030-09-08 23:00:00,4114.18712,0.50159,0.18525,0.38269,0.0
2030-09-09 00:00:00,4261.46279,0.47026,0.19174,0.41517,0.0
2030-09-09 01:00:00,4143.63609,0.53887,0.19174,0.36736,0.0
2030-09-09 02:00:00,4065.08496,0.63679,0.19174,0.30935,0.0
2030-09-09 03:00:00,4025.80939,0.70528,0.19174,0.27056,0.0
2030-09-09 04:00:00,4025.80939,0.76337,0.19174,0.24145,0.0
2030-09-09 05:00:00,4104.36052,0.83259,0.19174,0.21573,0.0
2030-09-09 06:00:00,4340.01392,0.82033,0.19174,0.24873,0.00428
2030-09-09 07:00:00,4693.49402,0.84791,0.19174,0.27522,0.09745
2030-09-09 08:00:00,4968.42299,0.86233,0.19174,0.29934,0.20935
2030-09-09 09:00:00,5046.97412,0.88773,0.19174,0.29556,0.27527
2030-09-09 10:00:00,5046.97412,0.86894,0.19174,0.30498,0.35227
2030-09-09 11:00:00,5007.69855,0.84472,0.19174,0.31264,0.48267
2030-09-09 12:00:00,4968.42299,0.8315,0.19174,0.31478,0.36732
2030-09-09 13:00:00,4929.14742,0.85498,0.19174,0.29854,0.28464
2030-09-09 14:00:00,4889.87185,0.83766,0.19174,0.30274,0.39184
2030-09-09 15:00:00,4929.14742,0.85259,0.19174,0.29974,0.26622
2030-09-09 16:00:00,5125.52525,0.85936,0.19174,0.31873,0.18295
2030-09-09 17:00:00,5361.17865,0.81446,0.23967,0.3681,0.14519
2030-09-09 18:00:00,5361.17865,0.80645,0.23967,0.37211,0.07178
2030-09-09 19:00:00,5204.07638,0.65537,0.23967,0.4299,0.00022
2030-09-09 20:00:00,5007.69855,0.46379,0.23967,0.50349,0.0
2030-09-09 21:00:00,4811.32072,0.36155,0.19174,0.53233,0.0
2030-09-09 22:00:00,4614.94289,0.40981,0.19174,0.48576,0.0
2030-09-09 23:00:00,4418.56505,0.31383,0.19174,0.51146,0.0
2030-09-10 00:00:00,4354.76418,0.38964,0.19831,0.4662,0.0
2030-09-10 01:00:00,4233.04992,0.39008,0.19831,0.45211,0.0
2030-09-10 02:00:00,4151.90709,0.34754,0.19831,0.46417,0.0
2030-09-10 03:00:00,4111.33567,0.24701,0.19831,0.50991,0.0
2030-09-10 04:00:00,4111.33567,0.28576,0.19831,0.4905,0.0
2030-09-10 05:00:00,4192.47851,0.35311,0.19831,0.466,0.0
2030-09-10 06:00:00,4435.90702,0.45715,0.19831,0.44163,0.00271
2030-09-10 07:00:00,4801.04979,0.58954,0.19831,0.41693,0.05217
2030-09-10 08:00:00,5085.04973,0.58515,0.19831,0.45151,0.13919
2030-09-10 09:00:00,5166.19257,0.64784,0.19831,0.42935,0.21779
2030-09-10 10:00:00,5166.19257,0.74461,0.19831,0.38087,0.30063
2030-09-10 11:00:00,5125.62115,0.71677,0.19831,0.39019,0.27394
2030-09-10 12:00:00,5085.04973,0.79168,0.19831,0.34803,0.17781
2030-09-10 13:00:00,5044.47831,0.80888,0.19831,0.33479,0.18392
2030-09-10 14:00:00,5003.90689,0.80617,0.19831,0.33152,0.15847
2030-09-10 15:00:00,5044.47831,0.8019,0.19831,0.33828,0.13802
2030-09-10 16:00:00,5247.33541,0.77093,0.19831,0.37693,0.12574
2030-09-10 17:00:00,5490.76392,0.79688,0.24789,0.39168,0.06818
2030-09-10 18:00:00,5490.76392,0.7385,0.24789,0.42093,0.04222
2030-09-10 19:00:00,5328.47824,0.68775,0.24789,0.42785,9e-05
2030-09-10 20:00:00,5125.62115,0.76833,0.24789,0.36435,0.0
2030-09-10 21:00:00,4922.76405,0.73799,0.19831,0.35643,0.0
2030-09-10 22:00:00,4719.90696,0.80614,0.19831,0.29916,0.0
2030-09-10 23:00:00,4517.04986,0.73522,0.19831,0.31156,0.0
2030-09-11 00:00:00,4311.90364,0.68444,0.20496,0.31362,0.0
2030-09-11 01:00:00,4191.97524,0.68834,0.20496,0.29799,0.0
2030-09-11 02:00:00,4112.02297,0.73587,0.20496,0.26506,0.0
2030-09-11 03:00:00,4072.04683,0.74547,0.20496,0.25569,0.0
2030-09-11 04:00:00,4072.04683,0.71241,0.20496,0.27226,0.0
2030-09-11 05:00:00,4151.9991,0.7643,0.20496,0.25537,0.0
2030-09-11 06:00:00,4391.85591,0.74619,0.20496,0.29179,0.00235
2030-09-11 07:00:00,4751.64111,0.8256,0.20496,0.29302,0.09167
2030-09-11 08:00:00,5031.47405,0.77042,0.20496,0.35257,0.23837
2030-09-11 09:00:00,5111.42632,0.85631,0.20496,0.31865,0.22109
2030-09-11 10:00:00,5111.42632,0.77562,0.20496,0.35908,0.2491
2030-09-11 11:00:00,5071.45018,0.77448,0.20496,0.3551,0.28523
2030-09-11 12:00:00,5031.47405,0.83929,0.20496,0.31807,0.26164
2030-09-11 13:00:00,4991.49791,0.81885,0.20496,0.32375,0.38522
2030-09-11 14:00:00,4951.52178,0.83783,0.20496,0.30968,0.37807
2030-09-11 15:00:00,4991.49791,0.79696,0.20496,0.33472,0.29023
2030-09-11 16:00:00,5191.37858,0.75803,0.20496,0.37701,0.22368
2030-09-11 17:00:00,5431.23539,0.7087,0.2562,0.42907,0.12306
2030-09-11 18:00:00,5431.23539,0.62366,0.2562,0.47168,0.05739
2030-09-11 19:00:00,5271.33085,0.59544,0.2562,0.46759,0.0
2030-09-11 20:00:00,5071.45018,0.68592,0.2562,0.39947,0.0
2030-09-11 21:00:00,4871.56951,0.65757,0.20496,0.39088,0.0
2030-09-11 22:00:00,4671.68884,0.61698,0.20496,0.38843,0.0
2030-09-11 23:00:00,4471.80817,0.68131,0.20496,0.33341,0.0
2030-09-12 00:00:00,4354.29958,0.73784,0.21169,0.2917,0.0
2030-09-12 01:00:00,4232.60468,0.76959,0.21169,0.26191,0.0
2030-09-12 02:00:00,4151.47475,0.77478,0.21169,0.25006,0.0
2030-09-12 03:00:00,4110.90978,0.76106,0.21169,0.25231,0.0
2030-09-12 04:00:00,4110.90978,0.75366,0.21169,0.25602,0.0
2030-09-12 05:00:00,4192.03972,0.81276,0.21169,0.23566,0.0
2030-09-12 06:00:00,4435.42951,0.80467,0.21169,0.26746,0.00121
2030-09-12 07:00:00,4800.51421,0.75145,0.21169,0.33575,0.04148
2030-09-12 08:00:00,5084.46898,0.75986,0.21169,0.36391,0.07932
2030-09-12 09:00:00,5165.59891,0.77096,0.21169,0.3676,0.08878
2030-09-12 10:00:00,5165.59891,0.78239,0.21169,0.36187,0.14027
2030-09-12 11:00:00,5125.03394,0.83451,0.21169,0.33113,0.21486
2030-09-12 12:00:00,5084.46898,0.84274,0.21169,0.32238,0.30571
2030-09-12 13:00:00,5043.90401,0.87144,0.21169,0.30338,0.18661
2030-09-12 14:00:00,5003.33904,0.83588,0.21169,0.31657,0.20513
2030-09-12 15:00:00,5043.90401,0.83326,0.21169,0.3225,0.20373
2030-09-12 16:00:00,5246.72884,0.80766,0.21169,0.35846,0.13758
2030-09-12 17:00:00,5490.11864,0.78385,0.26462,0.39813,0.09002
2030-09-12 18:00:00,5490.11864,0.78032,0.26462,0.3999,0.03335
2030-09-12 19:00:00,5327.85878,0.75432,0.26462,0.39443,0.0
2030-09-12 20:00:00,5125.03394,0.67223,0.26462,0.41243,0.0
2030-09-12 21:00:00,4922.20911,0.62594,0.21169,0.4125,0.0
2030-09-12 22:00:00,4719.38428,0.55136,0.21169,0.42675,0.0
2030-09-12 23:00:00,4516.55945,0.51986,0.21169,0.41941,0.0
2030-09-13 00:00:00,4399.91998,0.62313,0.2185,0.35437,0.0
2030-09-13 01:00:00,4276.32423,0.69767,0.2185,0.30293,0.0
2030-09-13 02:00:00,4193.92706,0.68313,0.2185,0.30082,0.0
2030-09-13 03:00:00,4152.72848,0.61581,0.2185,0.32985,0.0
2030-09-13 04:00:00,4152.72848,0.58985,0.2185,0.34286,0.0
2030-09-13 05:00:00,4235.12565,0.68891,0.2185,0.30262,0.0
2030-09-13 06:00:00,4482.31714,0.7231,0.2185,0.31367,0.00039
2030-09-13 07:00:00,4853.10439,0.81567,0.2185,0.30957,0.02815
2030-09-13 08:00:00,5141.49447,0.80159,0.2185,0.3495,0.08495
2030-09-13 09:00:00,5223.89164,0.72065,0.2185,0.39944,0.1477
2030-09-13 10:00:00,5223.89164,0.74345,0.2185,0.38802,0.30185
2030-09-13 11:00:00,5182.69306,0.76924,0.2185,0.3704,0.36567
2030-09-13 12:00:00,5141.49447,0.77731,0.2185,0.36166,0.36583
2030-09-13 13:00:00,5100.29589,0.7493,0.2185,0.371,0.28371
2030-09-13 14:00:00,5059.09731,0.76436,0.2185,0.35876,0.32624
2030-09-13 15:00:00,5100.29589,0.78439,0.2185,0.35342,0.24087
2030-09-13 16:00:00,5306.28881,0.80771,0.2185,0.36522,0.1833
2030-09-13 17:00:00,5553.4803,0.82741,0.27313,0.38353,0.10754
2030-09-13 18:00:00,5553.4803,0.7986,0.27313,0.39797,0.05382
2030-09-13 19:00:00,5388.68597,0.73526,0.27313,0.41091,0.0
2030-09-13 20:00:00,5182.69306,0.73444,0.27313,0.38784,0.0
2030-09-13 21:00:00,4976.70014,0.68866,0.2185,0.38729,0.0
2030-09-13 22:00:00,4770.70723,0.64914,0.2185,0.38361,0.0
2030-09-13 23:00:00,4564.71431,0.56627,0.2185,0.40165,0.0
2030-09-14 00:00:00,3911.43693,0.51269,0.22539,0.35401,0.0
2030-09-14 01:00:00,3808.19464,0.54116,0.22539,0.32798,0.0
2030-09-14 02:00:00,3739.36645,0.63055,0.22539,0.27534,0.0
2030-09-14 03:00:00,3704.95235,0.55782,0.22539,0.30786,0.0
2030-09-14 04:00:00,3704.95235,0.57367,0.22539,0.29991,0.0
2030-09-14 05:00:00,3773.78055,0.60124,0.22539,0.29395,0.0
2030-09-14 06:00:00,3980.26512,0.62312,0.22539,0.30653,5e-05
2030-09-14 07:00:00,4289.99199,0.66266,0.22539,0.32203,0.05357
2030-09-14 08:00:00,4530.89066,0.70121,0.22539,0.33018,0.13343
2030-09-14 09:00:00,4599.71886,0.68581,0.22539,0.34574,0.24573
2030-09-14 10:00:00,4599.71886,0.75405,0.22539,0.31155,0.20585
2030-09-14 11:00:00,4565.30476,0.79734,0.22539,0.28594,0.3388
2030-09-14 12:00:00,4530.89066,0.78151,0.22539,0.28994,0.31295
2030-09-14 13:00:00,4496.47657,0.81482,0.22539,0.26933,0.33585
2030-09-14 14:00:00,4462.06247,0.8122,0.22539,0.26672,0.27607
2030-09-14 15:00:00,4496.47657,0.77738,0.22539,0.28809,0.25399
2030-09-14 16:00:00,4668.54705,0.72917,0.22539,0.33186,0.14842
2030-09-14 17:00:00,4875.03163,0.72784,0.28173,0.35607,0.09931
2030-09-14 18:00:00,4875.03163,0.66561,0.28173,0.38725,0.03355
2030-09-14 19:00:00,4737.37524,0.55858,0.28173,0.42518,0.0
2030-09-14 20:00:00,4565.30476,0.53971,0.28173,0.41502,0.0
2030-09-14 21:00:00,4393.23428,0.57194,0.22539,0.37925,0.0
2030-09-14 22:00:00,4221.1638,0.50415,0.22539,0.3936,0.0
2030-09-14 23:00:00,4049.09332,0.40594,0.22539,0.42319,0.0
2030-09-15 00:00:00,4119.85621,0.34704,0.23234,0.46077,0.0
2030-09-15 01:00:00,4007.92979,0.41432,0.23234,0.4143,0.0
2030-09-15 02:00:00,3933.31217,0.49594,0.23234,0.3649,0.0
2030-09-15 03:00:00,3896.00336,0.45895,0.23234,0.37918,0.0
2030-09-15 04:00:00,3896.00336,0.40846,0.23234,0.40447,0.0
2030-09-15 05:00:00,3970.62098,0.44424,0.23234,0.39506,0.0
2030-09-15 06:00:00,4194.47383,0.60127,0.23234,0.3419,1e-05
2030-09-15 07:00:00,4530.25311,0.442,0.23234,0.45998,0.07204
2030-09-15 08:00:00,4791.41477,0.38421,0.23234,0.51871,0.09591
2030-09-15 09:00:00,4866.03238,0.37702,0.23234,0.53082,0.18447
2030-09-15 10:00:00,4866.03238,0.47395,0.23234,0.48225,0.21483
2030-09-15 11:00:00,4828.72357,0.54992,0.23234,0.43993,0.29892
2030-09-15 12:00:00,4791.41477,0.66474,0.23234,0.37816,0.40139
2030-09-15 13:00:00,4754.10596,0.67274,0.23234,0.36989,0.43234
2030-09-15 14:00:00,4716.79715,0.76803,0.23234,0.31789,0.33098
2030-09-15 15:00:00,4754.10596,0.72318,0.23234,0.34462,0.27262
2030-09-15 16:00:00,4940.65,0.73974,0.23234,0.35759,0.24977
2030-09-15 17:00:00,5164.50285,0.6926,0.29043,0.40673,0.12491
2030-09-15 18:00:00,5164.50285,0.77164,0.29043,0.36713,0.04684
2030-09-15 19:00:00,5015.26762,0.75036,0.29043,0.36078,0.0
2030-09-15 20:00:00,4828.72357,0.54952,0.29043,0.44013,0.0
2030-09-15 21:00:00,4642.17953,0.39092,0.23234,0.49833,0.0
2030-09-15 22:00:00,4455.63549,0.36645,0.23234,0.48932,0.0
2030-09-15 23:00:00,4269.09145,0.30402,0.23234,0.49934,0.0
2030-09-16 00:00:00,4437.7004,0.26861,0.23937,0.5363,0.0
2030-09-16 01:00:00,4312.53046,0.2276,0.23937,0.54258,0.0
2030-09-16 02:00:00,4229.08384,0.14735,0.23937,0.57327,0.0
2030-09-16 03:00:00,4187.36053,0.14489,0.23937,0.56975,0.0
2030-09-16 04:00:00,4187.36053,0.08876,0.23937,0.59787,0.0
2030-09-16 05:00:00,4270.80715,0.13701,0.23937,0.58321,0.0
2030-09-16 06:00:00,4521.14702,0.10951,0.23937,0.62553,0.0
2030-09-16 07:00:00,4896.65682,0.16482,0.23937,0.64063,0.04931
2030-09-16 08:00:00,5188.72,0.21007,0.23937,0.65125,0.16145
2030-09-16 09:00:00,5272.16662,0.14239,0.23937,0.69468,0.18074
2030-09-16 10:00:00,5272.16662,0.12489,0.23937,0.70344,0.2466
2030-09-16 11:00:00,5230.44331,0.06607,0.23937,0.72816,0.3069
2030-09-16 12:00:00,5188.72,0.05216,0.23937,0.73037,0.25666
2030-09-16 13:00:00,5146.99668,0.08779,0.23937,0.70776,0.21746
2030-09-16 14:00:00,5105.27337,0.05468,0.23937,0.71959,0.15963
2030-09-16 15:00:00,5146.99668,0.06703,0.23937,0.71817,0.0662
2030-09-16 16:00:00,5355.61324,0.05062,0.23937,0.75017,0.0492
2030-09-16 17:00:00,5605.95311,0.06137,0.29921,0.77332,0.03213
2030-09-16 18:00:00,5605.95311,0.02252,0.29921,0.79279,0.01073
2030-09-16 19:00:00,5439.05986,0.01824,0.29921,0.77591,0.0
2030-09-16 20:00:00,5230.44331,0.01968,0.29921,0.7514,0.0
2030-09-16 21:00:00,5021.82675,0.01803,0.23937,0.72844,0.0
2030-09-16 22:00:00,4813.2102,0.01449,0.23937,0.70643,0.0
2030-09-16 23:00:00,4604.59364,0.01619,0.23937,0.6818,0.0
2030-09-17 00:00:00,4406.88599,0.01081,0.24647,0.66195,0.0
2030-09-17 01:00:00,4282.99999,0.00656,0.24647,0.64996,0.0
2030-09-17 02:00:00,4200.40932,0.01149,0.24647,0.63807,0.0
2030-09-17 03:00:00,4159.11399,0.01177,0.24647,0.63322,0.0
2030-09-17 04:00:00,4159.11399,0.01715,0.24647,0.63053,0.0
2030-09-17 05:00:00,4241.70465,0.00812,0.24647,0.64447,0.0
2030-09-17 06:00:00,4489.47665,0.00527,0.24647,0.67414,0.0
2030-09-17 07:00:00,4861.13465,0.00949,0.24647,0.7144,0.04492
2030-09-17 08:00:00,5150.20198,0.02087,0.24647,0.74166,0.12341
2030-09-17 09:00:00,5232.79265,0.04595,0.24647,0.73851,0.16963
2030-09-17 10:00:00,5232.79265,0.05646,0.24647,0.73324,0.10457
2030-09-17 11:00:00,5191.49732,0.05291,0.24647,0.73031,0.11518
2030-09-17 12:00:00,5150.20198,0.07077,0.24647,0.71665,0.14524
2030-09-17 13:00:00,5108.90665,0.05173,0.24647,0.72149,0.19808
2030-09-17 14:00:00,5067.61132,0.08418,0.24647,0.70052,0.14017
2030-09-17 15:00:00,5108.90665,0.10488,0.24647,0.69485,0.15068
2030-09-17 16:00:00,5315.38332,0.20901,0.24647,0.66623,0.10926
2030-09-17 17:00:00,5563.15531,0.21689,0.30808,0.69053,0.1022
2030-09-17 18:00:00,5563.15531,0.30993,0.30808,0.64391,0.03374
2030-09-17 19:00:00,5397.97398,0.3992,0.30808,0.58035,0.0
2030-09-17 20:00:00,5191.49732,0.38175,0.30808,0.56555,0.0
2030-09-17 21:00:00,4985.02065,0.39716,0.24647,0.53429,0.0
2030-09-17 22:00:00,4778.54398,0.3288,0.24647,0.545,0.0
2030-09-17 23:00:00,4572.06732,0.39531,0.24647,0.48814,0.0
2030-09-18 00:00:00,4430.48107,0.49341,0.25363,0.42285,0.0
2030-09-18 01:00:00,4305.61194,0.38566,0.25363,0.4626,0.0
2030-09-18 02:00:00,4222.36586,0.35568,0.25363,0.46813,0.0
2030-09-18 03:00:00,4180.74282,0.45255,0.25363,0.41485,0.0
2030-09-18 04:00:00,4180.74282,0.43101,0.25363,0.42564,0.0
2030-09-18 05:00:00,4263.9889,0.46584,0.25363,0.41768,0.0
2030-09-18 06:00:00,4513.72716,0.43152,0.25363,0.46335,0.0
2030-09-18 07:00:00,4888.33454,0.4145,0.25363,0.51458,0.0665
2030-09-18 08:00:00,5179.69584,0.5088,0.25363,0.50055,0.14002
2030-09-18 09:00:00,5262.94193,0.49694,0.25363,0.51598,0.26907
2030-09-18 10:00:00,5262.94193,0.39398,0.25363,0.56757,0.29463
2030-09-18 11:00:00,5221.31888,0.31417,0.25363,0.60281,0.37635
2030-09-18 12:00:00,5179.69584,0.41396,0.25363,0.54807,0.38011
2030-09-18 13:00:00,5138.0728,0.37389,0.25363,0.5634,0.31975
2030-09-18 14:00:00,5096.44976,0.37165,0.25363,0.55978,0.38634
2030-09-18 15:00:00,5138.0728,0.40603,0.25363,0.5473,0.28623
2030-09-18 16:00:00,5346.18801,0.4644,0.25363,0.54178,0.26462
2030-09-18 17:00:00,5595.92627,0.39395,0.31703,0.60555,0.17143
2030-09-18 18:00:00,5595.92627,0.47637,0.31703,0.56425,0.05388
2030-09-18 19:00:00,5429.4341,0.41529,0.31703,0.57588,0.0
2030-09-18 20:00:00,5221.31888,0.59868,0.31703,0.46026,0.0
2030-09-18 21:00:00,5013.20367,0.53377,0.25363,0.46906,0.0
2030-09-18 22:00:00,4805.08846,0.57424,0.25363,0.42506,0.0
2030-09-18 23:00:00,4596.97324,0.58922,0.25363,0.39382,0.0
2030-09-19 00:00:00,4386.3654,0.61348,0.26085,0.35766,0.0
2030-09-19 01:00:00,4263.33443,0.56409,0.26085,0.36838,0.0
2030-09-19 02:00:00,4181.31378,0.48854,0.26085,0.39688,0.0
2030-09-19 03:00:00,4140.30345,0.47632,0.26085,0.39833,0.0
2030-09-19 04:00:00,4140.30345,0.44539,0.26085,0.41382,0.0
2030-09-19 05:00:00,4222.3241,0.4803,0.26085,0.40568,0.0
2030-09-19 06:00:00,4468.38605,0.36285,0.26085,0.49258,0.0
2030-09-19 07:00:00,4837.47898,0.17829,0.26085,0.62713,0.10307
2030-09-19 08:00:00,5124.55125,0.211,0.26085,0.64347,0.23673
2030-09-19 09:00:00,5206.5719,0.22417,0.26085,0.64622,0.29421
2030-09-19 10:00:00,5206.5719,0.24727,0.26085,0.63465,0.35884
2030-09-19 11:00:00,5165.56158,0.23427,0.26085,0.63649,0.50051
2030-09-19 12:00:00,5124.55125,0.20596,0.26085,0.64599,0.5398
2030-09-19 13:00:00,5083.54093,0.22744,0.26085,0.63056,0.50247
2030-09-19 14:00:00,5042.5306,0.13288,0.26085,0.67326,0.51279
2030-09-19 15:00:00,5083.54093,0.12439,0.26085,0.68219,0.44501
2030-09-19 16:00:00,5288.59255,0.13419,0.26085,0.70066,0.33306
2030-09-19 17:00:00,5534.65451,0.10222,0.32607,0.74473,0.21365
2030-09-19 18:00:00,5534.65451,0.06952,0.32607,0.76111,0.05461
2030-09-19 19:00:00,5370.6132,0.03711,0.32607,0.75865,0.0
2030-09-19 20:00:00,5165.56158,0.02502,0.32607,0.74133,0.0
2030-09-19 21:00:00,4960.50995,0.02363,0.26085,0.71865,0.0
2030-09-19 22:00:00,4755.45833,0.02868,0.26085,0.69274,0.0
2030-09-19 23:00:00,4550.4067,0.04947,0.26085,0.65894,0.0
2030-09-20 00:00:00,4415.45511,0.07437,0.26814,0.63108,0.0
2030-09-20 01:00:00,4291.21206,0.07069,0.26814,0.61876,0.0
2030-09-20 02:00:00,4208.38336,0.0497,0.26814,0.61984,0.0
2030-09-20 03:00:00,4166.96901,0.06424,0.26814,0.60783,0.0
2030-09-20 04:00:00,4166.96901,0.07174,0.26814,0.60407,0.0
2030-09-20 05:00:00,4249.79771,0.07914,0.26814,0.60981,0.0
2030-09-20 06:00:00,4498.2838,0.12298,0.26814,0.61617,0.0
2030-09-20 07:00:00,4871.01294,0.13841,0.26814,0.65093,0.05112
2030-09-20 08:00:00,5160.91338,0.15542,0.26814,0.67547,0.08436
2030-09-20 09:00:00,5243.74208,0.13904,0.26814,0.69311,0.10164
2030-09-20 10:00:00,5243.74208,0.22147,0.26814,0.65181,0.12447
2030-09-20 11:00:00,5202.32773,0.20403,0.26814,0.65583,0.20056
2030-09-20 12:00:00,5160.91338,0.14381,0.26814,0.68128,0.17159
2030-09-20 13:00:00,5119.49903,0.12069,0.26814,0.68814,0.18442
2030-09-20 14:00:00,5078.08468,0.14278,0.26814,0.67235,0.19373
2030-09-20 15:00:00,5119.49903,0.16146,0.26814,0.66772,0.23607
2030-09-20 16:00:00,5326.57078,0.14953,0.26814,0.6973,0.12384
2030-09-20 17:00:00,5575.05687,0.13194,0.33518,0.73444,0.06335
2030-09-20 18:00:00,5575.05687,0.14207,0.33518,0.72937,0.02213
2030-09-20 19:00:00,5409.39947,0.16433,0.33518,0.69933,0.0
2030-09-20 20:00:00,5202.32773,0.19211,0.33518,0.6618,0.0
2030-09-20 21:00:00,4995.25599,0.17917,0.26814,0.64468,0.0
2030-09-20 22:00:00,4788.18424,0.17221,0.26814,0.62456,0.0
2030-09-20 23:00:00,4581.1125,0.11958,0.26814,0.62732,0.0
2030-09-21 00:00:00,4065.28424,0.15,0.27549,0.55327,0.0
2030-09-21 01:00:00,3955.63164,0.18576,0.27549,0.52285,0.0
2030-09-21 02:00:00,3882.52991,0.23307,0.27549,0.49081,0.0
2030-09-21 03:00:00,3845.97905,0.21339,0.27549,0.49651,0.0
2030-09-21 04:00:00,3845.97905,0.14484,0.27549,0.53085,0.0
2030-09-21 05:00:00,3919.08078,0.13859,0.27549,0.54232,0.0
2030-09-21 06:00:00,4138.38597,0.15352,0.27549,0.55984,0.0
2030-09-21 07:00:00,4467.34375,0.12824,0.27549,0.61001,0.05
2030-09-21 08:00:00,4723.1998,0.10587,0.27549,0.65039,0.11795
2030-09-21 09:00:00,4796.30152,0.11999,0.27549,0.65165,0.20889
2030-09-21 10:00:00,4796.30152,0.12885,0.27549,0.64721,0.30974
2030-09-21 11:00:00,4759.75066,0.09567,0.27549,0.65966,0.35274
2030-09-21 12:00:00,4723.1998,0.07124,0.27549,0.66774,0.42362
2030-09-21 13:00:00,4686.64893,0.08821,0.27549,0.65507,0.42421
2030-09-21 14:00:00,4650.09807,0.10291,0.27549,0.64353,0.31347
2030-09-21 15:00:00,4686.64893,0.07774,0.27549,0.66031,0.18613
2030-09-21 16:00:00,4869.40325,0.05823,0.27549,0.69092,0.14898
2030-09-21 17:00:00,5088.70844,0.05545,0.34437,0.71732,0.06633
2030-09-21 18:00:00,5088.70844,0.05654,0.34437,0.71678,0.01593
2030-09-21 19:00:00,4942.50498,0.03507,0.34437,0.71086,0.0
2030-09-21 20:00:00,4759.75066,0.04097,0.34437,0.68707,0.0
2030-09-21 21:00:00,4576.99634,0.04485,0.27549,0.66429,0.0
2030-09-21 22:00:00,4394.24202,0.03661,0.27549,0.64758,0.0
2030-09-21 23:00:00,4211.48769,0.05124,0.27549,0.61942,0.0
2030-09-22 00:00:00,4143.88652,0.04206,0.2829,0.61631,0.0
2030-09-22 01:00:00,4030.95883,0.03394,0.2829,0.60751,0.0
2030-09-22 02:00:00,3955.6737,0.06667,0.2829,0.58252,0.0
2030-09-22 03:00:00,3918.03114,0.05167,0.2829,0.58575,0.0
2030-09-22 04:00:00,3918.03114,0.07392,0.2829,0.5746,0.0
2030-09-22 05:00:00,3993.31627,0.04562,0.2829,0.59736,0.0
2030-09-22 06:00:00,4219.17164,0.02319,0.2829,0.63435,0.0
2030-09-22 07:00:00,4557.95471,0.01209,0.2829,0.67853,0.05073
2030-09-22 08:00:00,4821.45265,0.00966,0.2829,0.70979,0.14194
2030-09-22 09:00:00,4896.73777,0.00603,0.2829,0.72019,0.14959
2030-09-22 10:00:00,4896.73777,0.00612,0.2829,0.72015,0.25806
2030-09-22 11:00:00,4859.09521,0.00779,0.2829,0.71502,0.23756
2030-09-22 12:00:00,4821.45265,0.00709,0.2829,0.71108,0.1885
2030-09-22 13:00:00,4783.81008,0.00579,0.2829,0.70744,0.26683
2030-09-22 14:00:00,4746.16752,0.00401,0.2829,0.70404,0.20664
2030-09-22 15:00:00,4783.81008,0.00458,0.2829,0.70804,0.18186
2030-09-22 16:00:00,4972.0229,0.00472,0.2829,0.72944,0.19364
2030-09-22 17:00:00,5197.87827,0.00475,0.35363,0.75517,0.10102
2030-09-22 18:00:00,5197.87827,0.00462,0.35363,0.75523,0.0219
2030-09-22 19:00:00,5047.30802,0.00754,0.35363,0.73661,0.0
2030-09-22 20:00:00,4859.09521,0.00626,0.35363,0.71579,0.0
2030-09-22 21:00:00,4670.8824,0.00665,0.2829,0.69414,0.0
2030-09-22 22:00:00,4482.66958,0.00299,0.2829,0.67451,0.0
2030-09-22 23:00:00,4294.45677,0.00516,0.2829,0.65196,0.0
2030-09-23 00:00:00,4706.87679,0.00395,0.29036,0.69959,0.0
2030-09-23 01:00:00,4570.49118,0.00203,0.29036,0.685,0.0
2030-09-23 02:00:00,4479.56743,0.00174,0.29036,0.67478,0.0
2030-09-23 03:00:00,4434.10556,0.00234,0.29036,0.6693,0.0
2030-09-23 04:00:00,4434.10556,0.00322,0.29036,0.66886,0.0
2030-09-23 05:00:00,4525.02931,0.00339,0.29036,0.67914,0.0
2030-09-23 06:00:00,4797.80054,0.00759,0.29036,0.70813,0.0
2030-09-23 07:00:00,5206.95739,0.00928,0.29036,0.75393,0.06514
2030-09-23 08:00:00,5525.19049,0.01088,0.29036,0.78942,0.11178
2030-09-23 09:00:00,5616.11424,0.01101,0.29036,0.79971,0.18766
2030-09-23 10:00:00,5616.11424,0.02456,0.29036,0.79292,0.23038
2030-09-23 11:00:00,5570.65237,0.02287,0.29036,0.78859,0.22321
2030-09-23 12:00:00,5525.19049,0.01647,0.29036,0.78661,0.13599
2030-09-23 13:00:00,5479.72862,0.02014,0.29036,0.77959,0.12294
2030-09-23 14:00:00,5434.26675,0.01615,0.29036,0.77641,0.14517
2030-09-23 15:00:00,5479.72862,0.02841,0.29036,0.77545,0.10514
2030-09-23 16:00:00,5707.03798,0.03208,0.29036,0.79952,0.07197
2030-09-23 17:00:00,5979.80922,0.03835,0.36296,0.82748,0.04706
2030-09-23 18:00:00,5979.80922,0.04788,0.36296,0.82271,0.01416
2030-09-23 19:00:00,5797.96173,0.02653,0.36296,0.81267,0.0
2030-09-23 20:00:00,5570.65237,0.03224,0.36296,0.78389,0.0
2030-09-23 21:00:00,5343.34301,0.0203,0.29036,0.76396,0.0
2030-09-23 22:00:00,5116.03364,0.02908,0.29036,0.73365,0.0
2030-09-23 23:00:00,4888.72428,0.04852,0.29036,0.69799,0.0
2030-09-24 00:00:00,4702.0053,0.08077,0.29788,0.66054,0.0
2030-09-24 01:00:00,4565.82266,0.06333,0.29788,0.65376,0.0
2030-09-24 02:00:00,4475.03424,0.04413,0.29788,0.65303,0.0
2030-09-24 03:00:00,4429.64002,0.0348,0.29788,0.65252,0.0
2030-09-24 04:00:00,4429.64002,0.0397,0.29788,0.65007,0.0
2030-09-24 05:00:00,4520.42845,0.03609,0.29788,0.66223,0.0
2030-09-24 06:00:00,4792.79372,0.01846,0.29788,0.70212,0.0
2030-09-24 07:00:00,5201.34164,0.01166,0.29788,0.7521,0.02739
2030-09-24 08:00:00,5519.10112,0.00746,0.29788,0.79043,0.05602
2030-09-24 09:00:00,5609.88955,0.01543,0.29788,0.79679,0.09828
2030-09-24 10:00:00,5609.88955,0.02577,0.29788,0.79161,0.1216
2030-09-24 11:00:00,5564.49534,0.01037,0.29788,0.79415,0.16178
2030-09-24 12:00:00,5519.10112,0.02265,0.29788,0.78282,0.13826
2030-09-24 13:00:00,5473.70691,0.01557,0.29788,0.78119,0.14363
2030-09-24 14:00:00,5428.3127,0.01868,0.29788,0.77446,0.15646
2030-09-24 15:00:00,5473.70691,0.0182,0.29788,0.77988,0.13497
2030-09-24 16:00:00,5700.67797,0.01389,0.29788,0.80791,0.08853
2030-09-24 17:00:00,5973.04325,0.02638,0.37235,0.83271,0.04774
2030-09-24 18:00:00,5973.04325,0.03014,0.37235,0.83082,0.00854
2030-09-24 19:00:00,5791.4664,0.03011,0.37235,0.81014,0.0
2030-09-24 20:00:00,5564.49534,0.02666,0.37235,0.78599,0.0
2030-09-24 21:00:00,5337.52427,0.03351,0.29788,0.75668,0.0
2030-09-24 22:00:00,5110.55321,0.04914,0.29788,0.72297,0.0
2030-09-24 23:00:00,4883.58215,0.03481,0.29788,0.70428,0.0
2030-09-25 00:00:00,4725.86412,0.03461,0.30545,0.68639,0.0
2030-09-25 01:00:00,4588.68736,0.03619,0.30545,0.66996,0.0
2030-09-25 02:00:00,4497.23619,0.02068,0.30545,0.66731,0.0
2030-09-25 03:00:00,4451.51061,0.02788,0.30545,0.65849,0.0
2030-09-25 04:00:00,4451.51061,0.03437,0.30545,0.65524,0.0
2030-09-25 05:00:00,4542.96178,0.06292,0.30545,0.65136,0.0
2030-09-25 06:00:00,4817.31529,0.07023,0.30545,0.67897,0.0
2030-09-25 07:00:00,5228.84555,0.08857,0.30545,0.7167,0.02473
2030-09-25 08:00:00,5548.92465,0.12486,0.30545,0.73501,0.08521
2030-09-25 09:00:00,5640.37582,0.16946,0.30545,0.72309,0.11381
2030-09-25 10:00:00,5640.37582,0.12677,0.30545,0.74448,0.1301
2030-09-25 11:00:00,5594.65023,0.17316,0.30545,0.71603,0.15728
2030-09-25 12:00:00,5548.92465,0.14684,0.30545,0.724,0.15894
2030-09-25 13:00:00,5503.19906,0.1774,0.30545,0.70348,0.16032
2030-09-25 14:00:00,5457.47348,0.15977,0.30545,0.70709,0.12961
2030-09-25 15:00:00,5503.19906,0.11872,0.30545,0.73288,0.06561
2030-09-25 16:00:00,5731.82699,0.19096,0.30545,0.72275,0.04647
2030-09-25 17:00:00,6006.1805,0.21257,0.38181,0.7432,0.03758
2030-09-25 18:00:00,6006.1805,0.22978,0.38181,0.73457,0.00754
2030-09-25 19:00:00,5823.27816,0.23742,0.38181,0.70989,0.0
2030-09-25 20:00:00,5594.65023,0.26851,0.38181,0.66825,0.0
2030-09-25 21:00:00,5366.02231,0.3384,0.30545,0.60717,0.0
2030-09-25 22:00:00,5137.39438,0.37697,0.30545,0.56178,0.0
2030-09-25 23:00:00,4908.76646,0.3043,0.30545,0.57212,0.0
2030-09-26 00:00:00,4786.14578,0.2298,0.31307,0.59547,0.0
2030-09-26 01:00:00,4646.45729,0.27831,0.31307,0.55524,0.0
2030-09-26 02:00:00,4553.33163,0.31547,0.31307,0.526,0.0
2030-09-26 03:00:00,4506.7688,0.34123,0.31307,0.50779,0.0
2030-09-26 04:00:00,4506.7688,0.28483,0.31307,0.53605,0.0
2030-09-26 05:00:00,4599.89446,0.33569,0.31307,0.52118,0.0
2030-09-26 06:00:00,4879.27144,0.27816,0.31307,0.58186,0.0
2030-09-26 07:00:00,5298.33691,0.2558,0.31307,0.64084,0.03366
2030-09-26 08:00:00,5624.27672,0.26444,0.31307,0.67367,0.0577
2030-09-26 09:00:00,5717.40238,0.29747,0.31307,0.66774,0.10231
2030-09-26 10:00:00,5717.40238,0.23742,0.31307,0.69782,0.10022
2030-09-26 11:00:00,5670.83955,0.23717,0.31307,0.69264,0.19875
2030-09-26 12:00:00,5624.27672,0.15265,0.31307,0.72968,0.26889
2030-09-26 13:00:00,5577.71389,0.18626,0.31307,0.70753,0.16406
2030-09-26 14:00:00,5531.15106,0.1813,0.31307,0.7047,0.2242
2030-09-26 15:00:00,5577.71389,0.23706,0.31307,0.68208,0.21527
2030-09-26 16:00:00,5810.52804,0.35431,0.31307,0.64987,0.13681
2030-09-26 17:00:00,6089.90503,0.33522,0.39134,0.69129,0.06959
2030-09-26 18:00:00,6089.90503,0.2866,0.39134,0.71565,0.01631
2030-09-26 19:00:00,5903.6537,0.25929,0.39134,0.7081,0.0
2030-09-26 20:00:00,5670.83955,0.23166,0.39134,0.6954,0.0
2030-09-26 21:00:00,5438.0254,0.24926,0.31307,0.66004,0.0
2030-09-26 22:00:00,5205.21125,0.29644,0.31307,0.60986,0.0
2030-09-26 23:00:00,4972.3971,0.29931,0.31307,0.58188,0.0
2030-09-27 00:00:00,4785.54016,0.37954,0.32073,0.52038,0.0
2030-09-27 01:00:00,4645.87691,0.42431,0.32073,0.48202,0.0
2030-09-27 02:00:00,4552.76807,0.43147,0.32073,0.46782,0.0
2030-09-27 03:00:00,4506.21365,0.50368,0.32073,0.42633,0.0
2030-09-27 04:00:00,4506.21365,0.57225,0.32073,0.39198,0.0
2030-09-27 05:00:00,4599.32249,0.51736,0.32073,0.43009,0.0
2030-09-27 06:00:00,4878.649,0.5596,0.32073,0.44078,0.0
2030-09-27 07:00:00,5297.63877,0.53121,0.32073,0.50277,0.05617
2030-09-27 08:00:00,5623.51971,0.67514,0.32073,0.46781,0.13802
2030-09-27 09:00:00,5716.62854,0.57841,0.32073,0.52689,0.28782
2030-09-27 10:00:00,5716.62854,0.56011,0.32073,0.53606,0.31208
2030-09-27 11:00:00,5670.07413,0.51656,0.32073,0.55257,0.23054
2030-09-27 12:00:00,5623.51971,0.48088,0.32073,0.56514,0.3068
2030-09-27 13:00:00,5576.96529,0.55265,0.32073,0.52387,0.33555
2030-09-27 14:00:00,5530.41087,0.6833,0.32073,0.4531,0.26791
2030-09-27 15:00:00,5576.96529,0.60933,0.32073,0.49547,0.22057
2030-09-27 16:00:00,5809.73738,0.52094,0.32073,0.5663,0.13302
2030-09-27 17:00:00,6089.0639,0.52531,0.40092,0.59595,0.06861
2030-09-27 18:00:00,6089.0639,0.39552,0.40092,0.66098,0.01704
2030-09-27 19:00:00,5902.84622,0.34859,0.40092,0.66326,0.0
2030-09-27 20:00:00,5670.07413,0.28888,0.40092,0.66664,0.0
2030-09-27 21:00:00,5437.30203,0.23524,0.32073,0.66698,0.0
2030-09-27 22:00:00,5204.52994,0.3541,0.32073,0.58089,0.0
2030-09-27 23:00:00,4971.75784,0.41778,0.32073,0.52245,0.0
2030-09-28 00:00:00,4319.7783,0.33848,0.32844,0.48785,0.0
2030-09-28 01:00:00,4199.52178,0.45936,0.32844,0.41357,0.0
2030-09-28 02:00:00,4119.35078,0.45658,0.32844,0.40582,0.0
2030-09-28 03:00:00,4079.26527,0.4147,0.32844,0.42224,0.0
2030-09-28 04:00:00,4079.26527,0.44324,0.32844,0.40794,0.0
2030-09-28 05:00:00,4159.43628,0.39719,0.32844,0.44015,0.0
2030-09-28 06:00:00,4399.9493,0.23329,0.32844,0.54969,0.0
2030-09-28 07:00:00,4760.71884,0.3349,0.32844,0.53991,0.03801
2030-09-28 08:00:00,5041.31737,0.32522,0.32844,0.57675,0.12144
2030-09-28 09:00:00,5121.48838,0.24224,0.32844,0.62747,0.12779
2030-09-28 10:00:00,5121.48838,0.18662,0.32844,0.65534,0.16352
2030-09-28 11:00:00,5081.40288,0.14061,0.32844,0.67382,0.29571
2030-09-28 12:00:00,5041.31737,0.10677,0.32844,0.6862,0.37006
2030-09-28 13:00:00,5001.23187,0.07918,0.32844,0.69546,0.36911
2030-09-28 14:00:00,4961.14636,0.06211,0.32844,0.69944,0.27294
2030-09-28 15:00:00,5001.23187,0.02776,0.32844,0.72122,0.18775
2030-09-28 16:00:00,5201.65939,0.0487,0.32844,0.73358,0.14011
2030-09-28 17:00:00,5442.17241,0.023,0.41055,0.77387,0.07297
2030-09-28 18:00:00,5442.17241,0.01732,0.41055,0.77672,0.00915
2030-09-28 19:00:00,5281.8304,0.03962,0.41055,0.74727,0.0
2030-09-28 20:00:00,5081.40288,0.03933,0.41055,0.72456,0.0
2030-09-28 21:00:00,4880.97535,0.05905,0.32844,0.69183,0.0
2030-09-28 22:00:00,4680.54783,0.07464,0.32844,0.66117,0.0
2030-09-28 23:00:00,4480.12031,0.06377,0.32844,0.64377,0.0
2030-09-29 00:00:00,4339.5949,0.06453,0.33619,0.62736,0.0
2030-09-29 01:00:00,4218.5127,0.09358,0.33619,0.599,0.0
2030-09-29 02:00:00,4137.79123,0.04459,0.33619,0.61435,0.0
2030-09-29 03:00:00,4097.43049,0.03636,0.33619,0.61387,0.0
2030-09-29 04:00:00,4097.43049,0.03539,0.33619,0.61436,0.0
2030-09-29 05:00:00,4178.15196,0.04595,0.33619,0.61827,0.0
2030-09-29 06:00:00,4420.31637,0.03153,0.33619,0.6531,0.0
2030-09-29 07:00:00,4783.56298,0.02556,0.33619,0.69751,0.02385
2030-09-29 08:00:00,5066.08813,0.02227,0.33619,0.73136,0.11891
2030-09-29 09:00:00,5146.8096,0.02214,0.33619,0.74063,0.10416
2030-09-29 10:00:00,5146.8096,0.01035,0.33619,0.74654,0.1133
2030-09-29 11:00:00,5106.44886,0.00542,0.33619,0.74441,0.10674
2030-09-29 12:00:00,5066.08813,0.00414,0.33619,0.74045,0.16986
2030-09-29 13:00:00,5025.72739,0.0032,0.33619,0.73632,0.12322
2030-09-29 14:00:00,4985.36666,0.00334,0.33619,0.73165,0.19438
2030-09-29 15:00:00,5025.72739,0.00319,0.33619,0.73632,0.11122
2030-09-29 16:00:00,5227.53107,0.00459,0.33619,0.75863,0.07153
2030-09-29 17:00:00,5469.69547,0.00666,0.42024,0.7852,0.03443
2030-09-29 18:00:00,5469.69547,0.00944,0.42024,0.78381,0.00545
2030-09-29 19:00:00,5308.25253,0.01196,0.42024,0.76414,0.0
2030-09-29 20:00:00,5106.44886,0.01842,0.42024,0.7379,0.0
2030-09-29 21:00:00,4904.64519,0.02549,0.33619,0.71135,0.0
2030-09-29 22:00:00,4702.84151,0.03387,0.33619,0.68414,0.0
2030-09-29 23:00:00,4501.03784,0.04355,0.33619,0.65628,0.0
2030-09-30 00:00:00,4721.08364,0.08382,0.34399,0.66119,0.0
2030-09-30 01:00:00,4584.10608,0.06638,0.34399,0.65431,0.0
2030-09-30 02:00:00,4492.7877,0.08037,0.34399,0.63689,0.0
2030-09-30 03:00:00,4447.12851,0.0409,0.34399,0.65146,0.0
2030-09-30 04:00:00,4447.12851,0.04631,0.34399,0.64875,0.0
2030-09-30 05:00:00,4538.44689,0.04923,0.34399,0.6577,0.0
2030-09-30 06:00:00,4812.40202,0.02892,0.34399,0.69911,0.0
2030-09-30 07:00:00,5223.33473,0.01979,0.34399,0.75053,0.03164
2030-09-30 08:00:00,5542.94906,0.01168,0.34399,0.79104,0.11241
2030-09-30 09:00:00,5634.26743,0.01008,0.34399,0.80225,0.12437
2030-09-30 10:00:00,5634.26743,0.01175,0.34399,0.80141,0.27765
2030-09-30 11:00:00,5588.60825,0.00911,0.34399,0.79753,0.38233
2030-09-30 12:00:00,5542.94906,0.00952,0.34399,0.79212,0.36946
2030-09-30 13:00:00,5497.28987,0.00716,0.34399,0.78809,0.33773
2030-09-30 14:00:00,5451.63068,0.00908,0.34399,0.78193,0.28994
2030-09-30 15:00:00,5497.28987,0.02589,0.34399,0.77871,0.18536
2030-09-30 16:00:00,5725.58581,0.03493,0.34399,0.80021,0.11923
2030-09-30 17:00:00,5999.54095,0.03555,0.42998,0.83113,0.08186
2030-09-30 18:00:00,5999.54095,0.03124,0.42998,0.83329,0.00546
2030-09-30 19:00:00,5816.90419,0.04575,0.42998,0.8052,0.0
2030-09-30 20:00:00,5588.60825,0.03951,0.42998,0.7823,0.0
2030-09-30 21:00:00,5360.3123,0.03231,0.34399,0.75988,0.0
2030-09-30 22:00:00,5132.01635,0.04124,0.34399,0.72938,0.0
2030-09-30 23:00:00,4903.7204,0.0635,0.34399,0.69219,0.0
2030-10-01 00:00:00,4752.80421,0.07064,0.35182,0.67141,0.0
2030-10-01 01:00:00,4614.50495,0.09342,0.35182,0.64423,0.0
2030-10-01 02:00:00,4522.30544,0.12388,0.35182,0.61846,0.0
2030-10-01 03:00:00,4476.20569,0.1414,0.35182,0.60443,0.0
2030-10-01 04:00:00,4476.20569,0.15402,0.35182,0.5981,0.0
2030-10-01 05:00:00,4568.40519,0.21233,0.35182,0.5794,0.0
2030-10-01 06:00:00,4845.00371,0.35371,0.35182,0.5401,0.0
2030-10-01 07:00:00,5259.90149,0.34524,0.35182,0.59164,0.02546
2030-10-01 08:00:00,5582.59976,0.25021,0.35182,0.67605,0.06056
2030-10-01 09:00:00,5674.79926,0.20224,0.35182,0.71059,0.07558
2030-10-01 10:00:00,5674.79926,0.15652,0.35182,0.7335,0.12104
2030-10-01 11:00:00,5628.69951,0.1264,0.35182,0.74333,0.17462
2030-10-01 12:00:00,5582.59976,0.12348,0.35182,0.73954,0.18096
2030-10-01 13:00:00,5536.50001,0.15442,0.35182,0.71878,0.17165
2030-10-01 14:00:00,5490.40025,0.1206,0.35182,0.73047,0.12144
2030-10-01 15:00:00,5536.50001,0.10623,0.35182,0.74293,0.09351
2030-10-01 16:00:00,5766.99877,0.12541,0.35182,0.7596,0.09406
2030-10-01 17:00:00,6043.59729,0.11912,0.43977,0.79428,0.05324
2030-10-01 18:00:00,6043.59729,0.14332,0.43977,0.78216,0.00232
2030-10-01 19:00:00,5859.19828,0.08907,0.43977,0.78831,0.0
2030-10-01 20:00:00,5628.69951,0.05991,0.43977,0.77665,0.0
2030-10-01 21:00:00,5398.20075,0.1146,0.35182,0.72297,0.0
2030-10-01 22:00:00,5167.70198,0.08371,0.35182,0.71216,0.0
2030-10-01 23:00:00,4937.20322,0.15387,0.35182,0.65074,0.0
2030-10-02 00:00:00,4824.94307,0.14774,0.35968,0.64101,0.0
2030-10-02 01:00:00,4683.63803,0.19789,0.35968,0.59977,0.0
2030-10-02 02:00:00,4589.43466,0.20619,0.35968,0.58487,0.0
2030-10-02 03:00:00,4542.33298,0.32479,0.35968,0.52008,0.0
2030-10-02 04:00:00,4542.33298,0.37744,0.35968,0.4937,0.0
2030-10-02 05:00:00,4636.53634,0.3761,0.35968,0.50511,0.0
2030-10-02 06:00:00,4919.14643,0.53482,0.35968,0.45781,0.0
2030-10-02 07:00:00,5343.06157,0.36706,0.35968,0.59019,0.05646
2030-10-02 08:00:00,5672.77334,0.45151,0.35968,0.58547,0.16405
2030-10-02 09:00:00,5766.9767,0.38825,0.35968,0.6279,0.14053
2030-10-02 10:00:00,5766.9767,0.60836,0.35968,0.51762,0.18882
2030-10-02 11:00:00,5719.87502,0.79865,0.35968,0.41691,0.12271
2030-10-02 12:00:00,5672.77334,0.80302,0.35968,0.40935,0.16508
2030-10-02 13:00:00,5625.67166,0.82527,0.35968,0.39283,0.28118
2030-10-02 14:00:00,5578.56998,0.81259,0.35968,0.39382,0.27319
2030-10-02 15:00:00,5625.67166,0.75684,0.35968,0.42712,0.28736
2030-10-02 16:00:00,5861.18007,0.65214,0.35968,0.50643,0.23272
2030-10-02 17:00:00,6143.79016,0.57636,0.4496,0.57662,0.11651
2030-10-02 18:00:00,6143.79016,0.52384,0.4496,0.60293,0.00068
2030-10-02 19:00:00,5955.38343,0.71566,0.4496,0.48534,0.0
2030-10-02 20:00:00,5719.87502,0.71395,0.4496,0.45935,0.0
2030-10-02 21:00:00,5484.36661,0.73844,0.35968,0.42023,0.0
2030-10-02 22:00:00,5248.85821,0.62219,0.35968,0.45163,0.0
2030-10-02 23:00:00,5013.3498,0.76796,0.35968,0.35174,0.0
2030-10-03 00:00:00,4851.46712,0.69643,0.36758,0.36912,0.0
2030-10-03 01:00:00,4709.05691,0.60678,0.36758,0.3978,0.0
2030-10-03 02:00:00,4614.11676,0.79166,0.36758,0.29435,0.0
2030-10-03 03:00:00,4566.64669,0.84809,0.36758,0.26066,0.0
2030-10-03 04:00:00,4566.64669,0.86691,0.36758,0.25123,0.0
2030-10-03 05:00:00,4661.58684,0.80722,0.36758,0.29196,0.0
2030-10-03 06:00:00,4946.40726,0.88274,0.36758,0.2866,0.0
2030-10-03 07:00:00,5373.6379,0.87697,0.36758,0.3382,0.04484
2030-10-03 08:00:00,5705.9284,0.88894,0.36758,0.37008,0.13886
2030-10-03 09:00:00,5800.86854,0.87411,0.36758,0.38834,0.17063
2030-10-03 10:00:00,5800.86854,0.85245,0.36758,0.39919,0.20829
2030-10-03 11:00:00,5753.39847,0.87978,0.36758,0.38008,0.34727
2030-10-03 12:00:00,5705.9284,0.88689,0.36758,0.37111,0.24937
2030-10-03 13:00:00,5658.45833,0.83216,0.36758,0.39312,0.24737
2030-10-03 14:00:00,5610.98826,0.86665,0.36758,0.37043,0.26745
2030-10-03 15:00:00,5658.45833,0.88317,0.36758,0.36756,0.2595
2030-10-03 16:00:00,5895.80869,0.88037,0.36758,0.39602,0.13313
2030-10-03 17:00:00,6180.62911,0.86513,0.45947,0.43613,0.09067
2030-10-03 18:00:00,6180.62911,0.85147,0.45947,0.44298,0.00076
2030-10-03 19:00:00,5990.74883,0.85752,0.45947,0.4183,0.0
2030-10-03 20:00:00,5753.39847,0.86729,0.45947,0.38634,0.0
2030-10-03 21:00:00,5516.04812,0.85725,0.36758,0.36431,0.0
2030-10-03 22:00:00,5278.69776,0.86277,0.36758,0.33449,0.0
2030-10-03 23:00:00,5041.3474,0.86009,0.36758,0.30877,0.0
2030-10-04 00:00:00,4921.31962,0.84583,0.37551,0.30223,0.0
2030-10-04 01:00:00,4775.99888,0.84498,0.37551,0.28609,0.0
2030-10-04 02:00:00,4679.11839,0.84522,0.37551,0.27492,0.0
2030-10-04 03:00:00,4630.67815,0.75165,0.37551,0.31628,0.0
2030-10-04 04:00:00,4630.67815,0.79515,0.37551,0.29449,0.0
2030-10-04 05:00:00,4727.55864,0.82227,0.37551,0.29195,0.0
2030-10-04 06:00:00,5018.20011,0.85445,0.37551,0.30896,0.0
2030-10-04 07:00:00,5454.16231,0.81932,0.37551,0.37626,0.04749
2030-10-04 08:00:00,5793.24402,0.7216,0.37551,0.46388,0.08514
2030-10-04 09:00:00,5890.12451,0.72119,0.37551,0.47513,0.09526
2030-10-04 10:00:00,5890.12451,0.8317,0.37551,0.41976,0.12498
2030-10-04 11:00:00,5841.68427,0.831,0.37551,0.41459,0.16456
2030-10-04 12:00:00,5793.24402,0.85949,0.37551,0.39479,0.16649
2030-10-04 13:00:00,5744.80378,0.88904,0.37551,0.37447,0.26626
2030-10-04 14:00:00,5696.36353,0.86473,0.37551,0.38112,0.24662
2030-10-04 15:00:00,5744.80378,0.85031,0.37551,0.39387,0.17197
2030-10-04 16:00:00,5987.005,0.79993,0.37551,0.44673,0.13496
2030-10-04 17:00:00,6277.64647,0.73413,0.46939,0.51283,0.0631
2030-10-04 18:00:00,6277.64647,0.78113,0.46939,0.48928,8e-05
2030-10-04 19:00:00,6083.88549,0.68159,0.46939,0.51706,0.0
2030-10-04 20:00:00,5841.68427,0.58104,0.46939,0.53983,0.0
2030-10-04 21:00:00,5599.48304,0.61016,0.37551,0.49762,0.0
2030-10-04 22:00:00,5357.28182,0.5912,0.37551,0.47951,0.0
2030-10-04 23:00:00,5115.0806,0.5781,0.37551,0.45846,0.0
2030-10-05 00:00:00,4505.09517,0.46688,0.38347,0.44464,0.0
2030-10-05 01:00:00,4377.11712,0.43297,0.38347,0.44704,0.0
2030-10-05 02:00:00,4291.79842,0.43866,0.38347,0.43447,0.0
2030-10-05 03:00:00,4249.13907,0.32386,0.38347,0.48712,0.0
2030-10-05 04:00:00,4249.13907,0.18591,0.38347,0.55624,0.0
2030-10-05 05:00:00,4334.45777,0.17892,0.38347,0.56947,0.0
2030-10-05 06:00:00,4590.41387,0.23094,0.38347,0.57258,0.0
2030-10-05 07:00:00,4974.34801,0.33263,0.38347,0.5654,0.01934
2030-10-05 08:00:00,5272.96346,0.37325,0.38347,0.5791,0.08054
2030-10-05 09:00:00,5358.28216,0.44121,0.38347,0.55478,0.12922
2030-10-05 10:00:00,5358.28216,0.37542,0.38347,0.58774,0.14278
2030-10-05 11:00:00,5315.62281,0.39109,0.38347,0.57502,0.15137
2030-10-05 12:00:00,5272.96346,0.43507,0.38347,0.54813,0.16502
2030-10-05 13:00:00,5230.30411,0.46638,0.38347,0.52757,0.11137
2030-10-05 14:00:00,5187.64476,0.56294,0.38347,0.47433,0.11671
2030-10-05 15:00:00,5230.30411,0.66669,0.38347,0.42721,0.06495
2030-10-05 16:00:00,5443.60086,0.78032,0.38347,0.3946,0.04533
2030-10-05 17:00:00,5699.55696,0.51791,0.47933,0.55526,0.0199
2030-10-05 18:00:00,5699.55696,0.40796,0.47933,0.61034,6e-05
2030-10-05 19:00:00,5528.91956,0.44456,0.47933,0.57255,0.0
2030-10-05 20:00:00,5315.62281,0.64337,0.47933,0.44862,0.0
2030-10-05 21:00:00,5102.32606,0.58413,0.38347,0.45399,0.0
2030-10-05 22:00:00,4889.02931,0.58026,0.38347,0.43161,0.0
2030-10-05 23:00:00,4675.73257,0.62128,0.38347,0.38674,0.0
2030-10-06 00:00:00,4583.51547,0.48356,0.39145,0.44523,0.0
2030-10-06 01:00:00,4452.26991,0.53944,0.39145,0.40227,0.0
2030-10-06 02:00:00,4364.77287,0.49299,0.39145,0.41556,0.0
2030-10-06 03:00:00,4321.02435,0.51593,0.39145,0.39908,0.0
2030-10-06 04:00:00,4321.02435,0.7294,0.39145,0.29213,0.0
2030-10-06 05:00:00,4408.52139,0.85754,0.39145,0.2379,0.0
2030-10-06 06:00:00,4671.01251,0.80194,0.39145,0.29568,0.0
2030-10-06 07:00:00,5064.74919,0.83888,0.39145,0.32207,0.00927
2030-10-06 08:00:00,5370.98884,0.8037,0.39145,0.37461,0.03016
2030-10-06 09:00:00,5458.48588,0.6643,0.39145,0.45442,0.03533
2030-10-06 10:00:00,5458.48588,0.57823,0.39145,0.49755,0.06508
2030-10-06 11:00:00,5414.73736,0.53295,0.39145,0.51525,0.07386
2030-10-06 12:00:00,5370.98884,0.6903,0.39145,0.43142,0.13295
2030-10-06 13:00:00,5327.24032,0.70866,0.39145,0.41724,0.13169
2030-10-06 14:00:00,5283.4918,0.70323,0.39145,0.41497,0.19537
2030-10-06 15:00:00,5327.24032,0.62885,0.39145,0.45722,0.1466
2030-10-06 16:00:00,5545.98292,0.76116,0.39145,0.41587,0.06422
2030-10-06 17:00:00,5808.47404,0.73184,0.48931,0.46049,0.03079
2030-10-06 18:00:00,5808.47404,0.73856,0.48931,0.45712,2e-05
2030-10-06 19:00:00,5633.47996,0.73612,0.48931,0.43839,0.0
2030-10-06 20:00:00,5414.73736,0.72964,0.48931,0.4167,0.0
2030-10-06 21:00:00,5195.99476,0.58766,0.39145,0.4629,0.0
2030-10-06 22:00:00,4977.25215,0.57274,0.39145,0.44543,0.0
2030-10-06 23:00:00,4758.50955,0.51976,0.39145,0.44704,0.0
2030-10-07 00:00:00,4976.84931,0.5576,0.39946,0.45297,0.0
2030-10-07 01:00:00,4829.21484,0.43839,0.39946,0.49587,0.0
2030-10-07 02:00:00,4730.79186,0.34237,0.39946,0.53276,0.0
2030-10-07 03:00:00,4681.58037,0.47235,0.39946,0.46202,0.0
2030-10-07 04:00:00,4681.58037,0.53673,0.39946,0.42977,0.0
2030-10-07 05:00:00,4780.00335,0.47178,0.39946,0.47353,0.0
2030-10-07 06:00:00,5075.27229,0.32979,0.39946,0.57833,0.0
2030-10-07 07:00:00,5518.17571,0.2191,0.39946,0.68429,0.04921
2030-10-07 08:00:00,5862.65614,0.28951,0.39946,0.68828,0.15088
2030-10-07 09:00:00,5961.07912,0.14645,0.39946,0.77118,0.24931
2030-10-07 10:00:00,5961.07912,0.14581,0.39946,0.7715,0.26219
2030-10-07 11:00:00,5911.86763,0.09632,0.39946,0.79069,0.36408
2030-10-07 12:00:00,5862.65614,0.05249,0.39946,0.80704,0.50635
2030-10-07 13:00:00,5813.44465,0.06361,0.39946,0.79586,0.46738
2030-10-07 14:00:00,5764.23316,0.0773,0.39946,0.78339,0.33755
2030-10-07 15:00:00,5813.44465,0.13836,0.39946,0.7584,0.36304
2030-10-07 16:00:00,6059.5021,0.06004,0.39946,0.8257,0.29707
2030-10-07 17:00:00,6354.77104,0.06096,0.49932,0.8589,0.12524
2030-10-07 18:00:00,6354.77104,0.06868,0.49932,0.85503,0.0
2030-10-07 19:00:00,6157.92508,0.0841,0.49932,0.82486,0.0
2030-10-07 20:00:00,5911.86763,0.15747,0.49932,0.76005,0.0
2030-10-07 21:00:00,5665.81018,0.14701,0.39946,0.73724,0.0
2030-10-07 22:00:00,5419.75272,0.23073,0.39946,0.66724,0.0
2030-10-07 23:00:00,5173.69527,0.26306,0.39946,0.62299,0.0
2030-10-08 00:00:00,4876.5156,0.24229,0.40749,0.59952,0.0
2030-10-08 01:00:00,4733.0617,0.23972,0.40749,0.58445,0.0
2030-10-08 02:00:00,4637.42577,0.27898,0.40749,0.55388,0.0
2030-10-08 03:00:00,4589.6078,0.19393,0.40749,0.59104,0.0
2030-10-08 04:00:00,4589.6078,0.28967,0.40749,0.54307,0.0
2030-10-08 05:00:00,4685.24373,0.29742,0.40749,0.55009,0.0
2030-10-08 06:00:00,4972.15153,0.24463,0.40749,0.60924,0.0
2030-10-08 07:00:00,5402.51323,0.16764,0.40749,0.69688,0.03221
2030-10-08 08:00:00,5737.239,0.08054,0.40749,0.77868,0.12668
2030-10-08 09:00:00,5832.87493,0.08241,0.40749,0.78865,0.23318
2030-10-08 10:00:00,5832.87493,0.08039,0.40749,0.78966,0.25287
2030-10-08 11:00:00,5785.05697,0.06592,0.40749,0.79146,0.39678
2030-10-08 12:00:00,5737.239,0.07781,0.40749,0.78005,0.38593
2030-10-08 13:00:00,5689.42103,0.11229,0.40749,0.75733,0.24209
2030-10-08 14:00:00,5641.60307,0.15358,0.40749,0.73119,0.15949
2030-10-08 15:00:00,5689.42103,0.11113,0.40749,0.75791,0.11715
2030-10-08 16:00:00,5928.51087,0.06626,0.40749,0.80765,0.061
2030-10-08 17:00:00,6215.41867,0.03146,0.50936,0.85779,0.04098
2030-10-08 18:00:00,6215.41867,0.06108,0.50936,0.84295,0.0
2030-10-08 19:00:00,6024.1468,0.11869,0.50936,0.79228,0.0
2030-10-08 20:00:00,5785.05697,0.12227,0.50936,0.76323,0.0
2030-10-08 21:00:00,5545.96713,0.25415,0.40749,0.6699,0.0
2030-10-08 22:00:00,5306.8773,0.34734,0.40749,0.59595,0.0
2030-10-08 23:00:00,5067.78747,0.38147,0.40749,0.55159,0.0
2030-10-09 00:00:00,4742.7353,0.30305,0.41553,0.55382,0.0
2030-10-09 01:00:00,4604.85558,0.39007,0.41553,0.4945,0.0
2030-10-09 02:00:00,4512.93576,0.48216,0.41553,0.43788,0.0
2030-10-09 03:00:00,4466.97586,0.56618,0.41553,0.39055,0.0
2030-10-09 04:00:00,4466.97586,0.52841,0.41553,0.40947,0.0
2030-10-09 05:00:00,4558.89567,0.58936,0.41553,0.38941,0.0
2030-10-09 06:00:00,4834.65511,0.64988,0.41553,0.39053,0.0
2030-10-09 07:00:00,5248.29427,0.60573,0.41553,0.45981,0.01547
2030-10-09 08:00:00,5570.01362,0.59267,0.41553,0.50303,0.05559
2030-10-09 09:00:00,5661.93344,0.51454,0.41553,0.55265,0.07342
2030-10-09 10:00:00,5661.93344,0.54256,0.41553,0.53861,0.12422
2030-10-09 11:00:00,5615.97353,0.6824,0.41553,0.46331,0.12439
2030-10-09 12:00:00,5570.01362,0.6959,0.41553,0.4513,0.16185
2030-10-09 13:00:00,5524.05372,0.62493,0.41553,0.48162,0.26331
2030-10-09 14:00:00,5478.09381,0.61285,0.41553,0.48244,0.34173
2030-10-09 15:00:00,5524.05372,0.58037,0.41553,0.50395,0.2708
2030-10-09 16:00:00,5753.85325,0.49812,0.41553,0.57136,0.18151
2030-10-09 17:00:00,6029.61269,0.50702,0.51942,0.59834,0.09488
2030-10-09 18:00:00,6029.61269,0.46839,0.51942,0.61769,0.0
2030-10-09 19:00:00,5845.77306,0.33598,0.51942,0.66308,0.0
2030-10-09 20:00:00,5615.97353,0.33339,0.51942,0.63818,0.0
2030-10-09 21:00:00,5386.174,0.48605,0.41553,0.53549,0.0
2030-10-09 22:00:00,5156.37446,0.33028,0.41553,0.58733,0.0
2030-10-09 23:00:00,4926.57493,0.41665,0.41553,0.51786,0.0
2030-10-10 00:00:00,4756.52582,0.44986,0.4236,0.48184,0.0
2030-10-10 01:00:00,4618.07149,0.41564,0.4236,0.4832,0.0
2030-10-10 02:00:00,4525.76861,0.50481,0.4236,0.428,0.0
2030-10-10 03:00:00,4479.61717,0.72789,0.4236,0.31097,0.0
2030-10-10 04:00:00,4479.61717,0.75574,0.4236,0.29701,0.0
2030-10-10 05:00:00,4571.92005,0.80293,0.4236,0.28389,0.0
2030-10-10 06:00:00,4848.8287,0.83679,0.4236,0.2985,0.0
2030-10-10 07:00:00,5264.19168,0.87574,0.4236,0.32634,0.01231
2030-10-10 08:00:00,5587.25178,0.89216,0.4236,0.35494,0.0743
2030-10-10 09:00:00,5679.55466,0.877,0.4236,0.37306,0.11165
2030-10-10 10:00:00,5679.55466,0.888,0.4236,0.36755,0.13637
2030-10-10 11:00:00,5633.40322,0.87484,0.4236,0.36888,0.1372
2030-10-10 12:00:00,5587.25178,0.86802,0.4236,0.36704,0.12873
2030-10-10 13:00:00,5541.10033,0.87974,0.4236,0.3559,0.13036
2030-10-10 14:00:00,5494.94889,0.86704,0.4236,0.357,0.17313
2030-10-10 15:00:00,5541.10033,0.85594,0.4236,0.36782,0.18153
2030-10-10 16:00:00,5771.85754,0.84657,0.4236,0.39883,0.10507
2030-10-10 17:00:00,6048.7662,0.83155,0.5295,0.43793,0.05446
2030-10-10 18:00:00,6048.7662,0.83036,0.5295,0.43852,0.0
2030-10-10 19:00:00,5864.16043,0.78542,0.5295,0.43999,0.0
2030-10-10 20:00:00,5633.40322,0.76775,0.5295,0.42254,0.0
2030-10-10 21:00:00,5402.64601,0.7713,0.4236,0.39445,0.0
2030-10-10 22:00:00,5171.8888,0.75818,0.4236,0.37472,0.0
2030-10-10 23:00:00,4941.13159,0.74568,0.4236,0.35467,0.0
2030-10-11 00:00:00,4820.11632,0.76713,0.43168,0.33012,0.0
2030-10-11 01:00:00,4679.01239,0.77132,0.43168,0.31194,0.0
2030-10-11 02:00:00,4584.94311,0.79251,0.43168,0.2906,0.0
2030-10-11 03:00:00,4537.90846,0.86314,0.43168,0.24985,0.0
2030-10-11 04:00:00,4537.90846,0.84362,0.43168,0.25963,0.0
2030-10-11 05:00:00,4631.97775,0.82003,0.43168,0.28217,0.0
2030-10-11 06:00:00,4914.18561,0.80075,0.43168,0.324,0.0
2030-10-11 07:00:00,5337.4974,0.75625,0.43168,0.39456,0.03701
2030-10-11 08:00:00,5666.7399,0.65147,0.43168,0.48459,0.10701
2030-10-11 09:00:00,5760.80919,0.59396,0.43168,0.52413,0.17819
2030-10-11 10:00:00,5760.80919,0.69227,0.43168,0.47488,0.2856
2030-10-11 11:00:00,5713.77455,0.59093,0.43168,0.52029,0.37392
2030-10-11 12:00:00,5666.7399,0.62265,0.43168,0.49903,0.26595
2030-10-11 13:00:00,5619.70526,0.66027,0.43168,0.47482,0.2478
2030-10-11 14:00:00,5572.67062,0.70165,0.43168,0.44873,0.15714
2030-10-11 15:00:00,5619.70526,0.5865,0.43168,0.51179,0.24646
2030-10-11 16:00:00,5854.87848,0.474,0.43168,0.59496,0.13154
2030-10-11 17:00:00,6137.08634,0.4109,0.5396,0.65875,0.08871
2030-10-11 18:00:00,6137.08634,0.36118,0.5396,0.68366,0.0
2030-10-11 19:00:00,5948.94777,0.45505,0.5396,0.61518,0.0
2030-10-11 20:00:00,5713.77455,0.43138,0.5396,0.60023,0.0
2030-10-11 21:00:00,5478.60133,0.34642,0.43168,0.61599,0.0
2030-10-11 22:00:00,5243.42811,0.40623,0.43168,0.55921,0.0
2030-10-11 23:00:00,5008.2549,0.43069,0.43168,0.52014,0.0
2030-10-12 00:00:00,4450.79558,0.39406,0.43977,0.47494,0.0
2030-10-12 01:00:00,4325.08001,0.41898,0.43977,0.44812,0.0
2030-10-12 02:00:00,4241.26963,0.45516,0.43977,0.42044,0.0
2030-10-12 03:00:00,4199.36445,0.34493,0.43977,0.47089,0.0
2030-10-12 04:00:00,4199.36445,0.32075,0.43977,0.48301,0.0
2030-10-12 05:00:00,4283.17482,0.37878,0.43977,0.46348,0.0
2030-10-12 06:00:00,4534.60595,0.18791,0.43977,0.58778,0.0
2030-10-12 07:00:00,4911.75265,0.15421,0.43977,0.64766,0.07023
2030-10-12 08:00:00,5205.08897,0.15817,0.43977,0.67912,0.16873
2030-10-12 09:00:00,5288.89935,0.17688,0.43977,0.6793,0.16448
2030-10-12 10:00:00,5288.89935,0.09766,0.43977,0.719,0.17455
2030-10-12 11:00:00,5246.99416,0.07974,0.43977,0.7232,0.23923
2030-10-12 12:00:00,5205.08897,0.08304,0.43977,0.71676,0.24766
2030-10-12 13:00:00,5163.18378,0.08652,0.43977,0.71024,0.30062
2030-10-12 14:00:00,5121.27859,0.08893,0.43977,0.70426,0.21716
2030-10-12 15:00:00,5163.18378,0.08629,0.43977,0.71036,0.17909
2030-10-12 16:00:00,5372.70973,0.07995,0.43977,0.73742,0.10586
2030-10-12 17:00:00,5624.14086,0.08223,0.54971,0.76495,0.04401
2030-10-12 18:00:00,5624.14086,0.10815,0.54971,0.75196,0.0
2030-10-12 19:00:00,5456.5201,0.11167,0.54971,0.73108,0.0
2030-10-12 20:00:00,5246.99416,0.12653,0.54971,0.69975,0.0
2030-10-12 21:00:00,5037.46822,0.07893,0.43977,0.69971,0.0
2030-10-12 22:00:00,4827.94227,0.05941,0.43977,0.68561,0.0
2030-10-12 23:00:00,4618.41633,0.03156,0.43977,0.67567,0.0
2030-10-13 00:00:00,4580.54639,0.01961,0.44787,0.67734,0.0
2030-10-13 01:00:00,4449.42454,0.04207,0.44787,0.65114,0.0
2030-10-13 02:00:00,4362.00997,0.04454,0.44787,0.63993,0.0
2030-10-13 03:00:00,4318.30269,0.03239,0.44787,0.64104,0.0
2030-10-13 04:00:00,4318.30269,0.03028,0.44787,0.6421,0.0
2030-10-13 05:00:00,4405.71726,0.01893,0.44787,0.65775,0.0
2030-10-13 06:00:00,4667.96096,0.0137,0.44787,0.69027,0.0
2030-10-13 07:00:00,5061.32651,0.00995,0.44787,0.73699,0.01194
2030-10-13 08:00:00,5367.27749,0.00844,0.44787,0.77263,0.05329
2030-10-13 09:00:00,5454.69205,0.00479,0.44787,0.78442,0.12097
2030-10-13 10:00:00,5454.69205,0.00315,0.44787,0.78525,0.22397
2030-10-13 11:00:00,5410.98477,0.00643,0.44787,0.77862,0.18919
2030-10-13 12:00:00,5367.27749,0.00606,0.44787,0.77382,0.20644
2030-10-13 13:00:00,5323.5702,0.00848,0.44787,0.76763,0.30337
2030-10-13 14:00:00,5279.86292,0.00997,0.44787,0.7619,0.16972
2030-10-13 15:00:00,5323.5702,0.00916,0.44787,0.76729,0.13768
2030-10-13 16:00:00,5542.10662,0.00812,0.44787,0.79272,0.10813
2030-10-13 17:00:00,5804.35032,0.01367,0.55984,0.81984,0.05418
2030-10-13 18:00:00,5804.35032,0.01176,0.55984,0.8208,0.0
2030-10-13 19:00:00,5629.52119,0.01157,0.55984,0.80096,0.0
2030-10-13 20:00:00,5410.98477,0.00602,0.55984,0.77883,0.0
2030-10-13 21:00:00,5192.44835,0.01026,0.44787,0.75179,0.0
2030-10-13 22:00:00,4973.91194,0.00959,0.44787,0.72721,0.0
2030-10-13 23:00:00,4755.37552,0.01238,0.44787,0.7009,0.0
2030-10-14 00:00:00,4819.09108,0.0523,0.45598,0.68816,0.0
2030-10-14 01:00:00,4678.02987,0.04613,0.45598,0.67517,0.0
2030-10-14 02:00:00,4583.98906,0.06491,0.45598,0.65504,0.0
2030-10-14 03:00:00,4536.96866,0.07437,0.45598,0.64494,0.0
2030-10-14 04:00:00,4536.96866,0.09524,0.45598,0.63448,0.0
2030-10-14 05:00:00,4631.00947,0.12004,0.45598,0.63278,0.0
2030-10-14 06:00:00,4913.13189,0.17868,0.45598,0.63556,0.0
2030-10-14 07:00:00,5336.31553,0.14086,0.45598,0.70276,0.00244
2030-10-14 08:00:00,5665.45836,0.15676,0.45598,0.73231,0.03497
2030-10-14 09:00:00,5759.49916,0.19649,0.45598,0.72313,0.0788
2030-10-14 10:00:00,5759.49916,0.24476,0.45598,0.69894,0.09494
2030-10-14 11:00:00,5712.47876,0.46723,0.45598,0.58212,0.09529
2030-10-14 12:00:00,5665.45836,0.42991,0.45598,0.59546,0.12598
2030-10-14 13:00:00,5618.43795,0.37387,0.45598,0.61818,0.09708
2030-10-14 14:00:00,5571.41755,0.44761,0.45598,0.57587,0.07899
2030-10-14 15:00:00,5618.43795,0.43834,0.45598,0.58587,0.05616
2030-10-14 16:00:00,5853.53997,0.41664,0.45598,0.62355,0.05198
2030-10-14 17:00:00,6135.6624,0.45385,0.56997,0.63707,0.02487
2030-10-14 18:00:00,6135.6624,0.42596,0.56997,0.65104,0.0
2030-10-14 19:00:00,5947.58078,0.39964,0.56997,0.64279,0.0
2030-10-14 20:00:00,5712.47876,0.3165,0.56997,0.65764,0.0
2030-10-14 21:00:00,5477.37674,0.33522,0.45598,0.62146,0.0
2030-10-14 22:00:00,5242.27472,0.33445,0.45598,0.59504,0.0
2030-10-14 23:00:00,5007.1727,0.26793,0.45598,0.60157,0.0
2030-10-15 00:00:00,4819.8186,0.29405,0.46409,0.56712,0.0
2030-10-15 01:00:00,4678.72708,0.21432,0.46409,0.59098,0.0
2030-10-15 02:00:00,4584.66606,0.23781,0.46409,0.56849,0.0
2030-10-15 03:00:00,4537.63555,0.27071,0.46409,0.54664,0.0
2030-10-15 04:00:00,4537.63555,0.25897,0.46409,0.55252,0.0
2030-10-15 05:00:00,4631.69657,0.19149,0.46409,0.59706,0.0
2030-10-15 06:00:00,4913.87962,0.19066,0.46409,0.62964,0.0
2030-10-15 07:00:00,5337.1542,0.18001,0.46409,0.68324,0.00212
2030-10-15 08:00:00,5666.36776,0.12047,0.46409,0.7506,0.0628
2030-10-15 09:00:00,5760.42877,0.12746,0.46409,0.75782,0.10554
2030-10-15 10:00:00,5760.42877,0.18117,0.46409,0.73091,0.14042
2030-10-15 11:00:00,5713.39826,0.14495,0.46409,0.74369,0.20009
2030-10-15 12:00:00,5666.36776,0.28595,0.46409,0.66769,0.25446
2030-10-15 13:00:00,5619.33725,0.3559,0.46409,0.62728,0.28277
2030-10-15 14:00:00,5572.30674,0.54092,0.46409,0.52922,0.3104
2030-10-15 15:00:00,5619.33725,0.4523,0.46409,0.57898,0.19015
2030-10-15 16:00:00,5854.48979,0.31818,0.46409,0.67299,0.10382
2030-10-15 17:00:00,6136.67284,0.3563,0.58011,0.68606,0.05455
2030-10-15 18:00:00,6136.67284,0.26718,0.58011,0.73071,0.0
2030-10-15 19:00:00,5948.55081,0.35529,0.58011,0.66512,0.0
2030-10-15 20:00:00,5713.39826,0.20208,0.58011,0.71507,0.0
2030-10-15 21:00:00,5478.24572,0.14262,0.46409,0.71806,0.0
2030-10-15 22:00:00,5243.09318,0.17309,0.46409,0.67598,0.0
2030-10-15 23:00:00,5007.94064,0.16224,0.46409,0.65461,0.0
2030-10-16 00:00:00,4757.70463,0.13448,0.4722,0.63999,0.0
2030-10-16 01:00:00,4619.20118,0.19855,0.4722,0.5921,0.0
2030-10-16 02:00:00,4526.86555,0.173,0.4722,0.59437,0.0
2030-10-16 03:00:00,4480.69774,0.20116,0.4722,0.57499,0.0
2030-10-16 04:00:00,4480.69774,0.18731,0.4722,0.58194,0.0
2030-10-16 05:00:00,4573.03337,0.252,0.4722,0.56005,0.0
2030-10-16 06:00:00,4850.04025,0.23071,0.4722,0.6023,0.0
2030-10-16 07:00:00,5265.55058,0.17802,0.4722,0.67607,0.00052
2030-10-16 08:00:00,5588.72528,0.15556,0.4722,0.72417,0.028
2030-10-16 09:00:00,5681.06091,0.18683,0.4722,0.71903,0.0667
2030-10-16 10:00:00,5681.06091,0.21508,0.4722,0.70488,0.15048
2030-10-16 11:00:00,5634.8931,0.21559,0.4722,0.69935,0.13201
2030-10-16 12:00:00,5588.72528,0.22072,0.4722,0.69152,0.09561
2030-10-16 13:00:00,5542.55747,0.21698,0.4722,0.68813,0.11977
2030-10-16 14:00:00,5496.38965,0.22688,0.4722,0.67791,0.09712
2030-10-16 15:00:00,5542.55747,0.36998,0.4722,0.61147,0.05341
2030-10-16 16:00:00,5773.39654,0.58751,0.4722,0.5288,0.04204
2030-10-16 17:00:00,6050.40342,0.54528,0.59025,0.58154,0.02404
2030-10-16 18:00:00,6050.40342,0.55806,0.59025,0.57514,0.0
2030-10-16 19:00:00,5865.73217,0.46885,0.59025,0.59878,0.0
2030-10-16 20:00:00,5634.8931,0.49781,0.59025,0.55795,0.0
2030-10-16 21:00:00,5404.05402,0.50823,0.4722,0.52641,0.0
2030-10-16 22:00:00,5173.21495,0.40703,0.4722,0.5508,0.0
2030-10-16 23:00:00,4942.37588,0.30998,0.4722,0.57311,0.0
2030-10-17 00:00:00,4752.8649,0.32629,0.48031,0.54333,0.0
2030-10-17 01:00:00,4614.56311,0.37593,0.48031,0.50269,0.0
2030-10-17 02:00:00,4522.36192,0.48108,0.48031,0.4395,0.0
2030-10-17 03:00:00,4476.26132,0.47241,0.48031,0.43859,0.0
2030-10-17 04:00:00,4476.26132,0.40857,0.48031,0.47057,0.0
2030-10-17 05:00:00,4568.46252,0.52133,0.48031,0.42459,0.0
2030-10-17 06:00:00,4845.06609,0.4537,0.48031,0.49001,0.0
2030-10-17 07:00:00,5259.97145,0.32198,0.48031,0.6033,0.00024
2030-10-17 08:00:00,5582.67562,0.30973,0.48031,0.64623,0.12947
2030-10-17 09:00:00,5674.87682,0.30924,0.48031,0.65699,0.18082
2030-10-17 10:00:00,5674.87682,0.2555,0.48031,0.68391,0.15476
2030-10-17 11:00:00,5628.77622,0.3738,0.48031,0.61939,0.13348
2030-10-17 12:00:00,5582.67562,0.46886,0.48031,0.5665,0.15014
2030-10-17 13:00:00,5536.57503,0.50448,0.48031,0.5434,0.12711
2030-10-17 14:00:00,5490.47443,0.56816,0.48031,0.50624,0.1176
2030-10-17 15:00:00,5536.57503,0.46204,0.48031,0.56466,0.08907
2030-10-17 16:00:00,5767.07801,0.48099,0.48031,0.58145,0.03708
2030-10-17 17:00:00,6043.68158,0.5083,0.60039,0.5993,0.01214
2030-10-17 18:00:00,6043.68158,0.42649,0.60039,0.64029,0.0
2030-10-17 19:00:00,5859.2792,0.58406,0.60039,0.54032,0.0
2030-10-17 20:00:00,5628.77622,0.65621,0.60039,0.47789,0.0
2030-10-17 21:00:00,5398.27324,0.82452,0.48031,0.36728,0.0
2030-10-17 22:00:00,5167.77026,0.81056,0.48031,0.348,0.0
2030-10-17 23:00:00,4937.26728,0.76631,0.48031,0.34389,0.0
2030-10-18 00:00:00,4963.08813,0.70388,0.48843,0.37812,0.0
2030-10-18 01:00:00,4816.02705,0.61589,0.48843,0.40543,0.0
2030-10-18 02:00:00,4717.98632,0.52387,0.48843,0.44036,0.0
2030-10-18 03:00:00,4668.96596,0.56595,0.48843,0.41369,0.0
2030-10-18 04:00:00,4668.96596,0.63759,0.48843,0.37779,0.0
2030-10-18 05:00:00,4767.00668,0.5309,0.48843,0.44243,0.0
2030-10-18 06:00:00,5061.12886,0.60563,0.48843,0.43852,0.0
2030-10-18 07:00:00,5502.31213,0.73867,0.48843,0.42216,3e-05
2030-10-18 08:00:00,5845.45467,0.5517,0.48843,0.55496,0.05589
2030-10-18 09:00:00,5943.49539,0.5829,0.48843,0.55051,0.09946
2030-10-18 10:00:00,5943.49539,0.65298,0.48843,0.51539,0.12929
2030-10-18 11:00:00,5894.47503,0.42188,0.48843,0.62559,0.22538
2030-10-18 12:00:00,5845.45467,0.3132,0.48843,0.67445,0.32305
2030-10-18 13:00:00,5796.43431,0.29029,0.48843,0.68034,0.2998
2030-10-18 14:00:00,5747.41394,0.40865,0.48843,0.61545,0.32457
2030-10-18 15:00:00,5796.43431,0.54777,0.48843,0.55134,0.20812
2030-10-18 16:00:00,6041.53612,0.53467,0.48843,0.58585,0.15817
2030-10-18 17:00:00,6335.6583,0.52781,0.61053,0.62281,0.05351
2030-10-18 18:00:00,6335.6583,0.66644,0.61053,0.55336,0.0
2030-10-18 19:00:00,6139.57685,0.74427,0.61053,0.492,0.0
2030-10-18 20:00:00,5894.47503,0.59317,0.61053,0.53977,0.0
2030-10-18 21:00:00,5649.37322,0.62416,0.48843,0.4963,0.0
2030-10-18 22:00:00,5404.2714,0.51169,0.48843,0.5247,0.0
2030-10-18 23:00:00,5159.16959,0.54244,0.48843,0.48135,0.0
2030-10-19 00:00:00,4451.08038,0.74565,0.49653,0.29881,0.0
2030-10-19 01:00:00,4325.35294,0.77505,0.49653,0.26975,0.0
2030-10-19 02:00:00,4241.53465,0.80291,0.49653,0.24624,0.0
2030-10-19 03:00:00,4199.62551,0.80078,0.49653,0.24252,0.0
2030-10-19 04:00:00,4199.62551,0.86461,0.49653,0.21054,0.0
2030-10-19 05:00:00,4283.4438,0.84753,0.49653,0.22866,0.0
2030-10-19 06:00:00,4534.89866,0.87283,0.49653,0.24465,0.0
2030-10-19 07:00:00,4912.08096,0.89218,0.49653,0.27796,0.0
2030-10-19 08:00:00,5205.44497,0.86516,0.49653,0.32494,0.10261
2030-10-19 09:00:00,5289.26326,0.83008,0.49653,0.35207,0.13807
2030-10-19 10:00:00,5289.26326,0.79602,0.49653,0.36914,0.14992
2030-10-19 11:00:00,5247.35411,0.8179,0.49653,0.3534,0.22372
2030-10-19 12:00:00,5205.44497,0.74399,0.49653,0.38565,0.21238
2030-10-19 13:00:00,5163.53583,0.66394,0.49653,0.42098,0.30059
2030-10-19 14:00:00,5121.62668,0.68954,0.49653,0.40338,0.14129
2030-10-19 15:00:00,5163.53583,0.62268,0.49653,0.44165,0.12751
2030-10-19 16:00:00,5373.08155,0.5953,0.49653,0.47926,0.13034
2030-10-19 17:00:00,5624.53641,0.42423,0.62067,0.59364,0.02702
2030-10-19 18:00:00,5624.53641,0.49244,0.62067,0.55946,0.0
2030-10-19 19:00:00,5456.89984,0.36926,0.62067,0.60207,0.0
2030-10-19 20:00:00,5247.35411,0.23032,0.62067,0.64779,0.0
2030-10-19 21:00:00,5037.80839,0.19078,0.49653,0.64371,0.0
2030-10-19 22:00:00,4828.26267,0.25461,0.49653,0.58784,0.0
2030-10-19 23:00:00,4618.71695,0.32809,0.49653,0.52713,0.0
2030-10-20 00:00:00,4427.21808,0.25573,0.50463,0.54156,0.0
2030-10-20 01:00:00,4302.48491,0.23054,0.50463,0.53996,0.0
2030-10-20 02:00:00,4219.32946,0.23662,0.50463,0.52743,0.0
2030-10-20 03:00:00,4177.75174,0.20324,0.50463,0.53941,0.0
2030-10-20 04:00:00,4177.75174,0.16613,0.50463,0.55801,0.0
2030-10-20 05:00:00,4260.90718,0.16906,0.50463,0.56602,0.0
2030-10-20 06:00:00,4510.37352,0.12377,0.50463,0.61715,0.0
2030-10-20 07:00:00,4884.57303,0.09187,0.50463,0.6758,0.0
2030-10-20 08:00:00,5175.6171,0.16553,0.50463,0.67208,0.03273
2030-10-20 09:00:00,5258.77254,0.21776,0.50463,0.65538,0.07221
2030-10-20 10:00:00,5258.77254,0.25301,0.50463,0.63772,0.11124
2030-10-20 11:00:00,5217.19482,0.20328,0.50463,0.6579,0.12269
2030-10-20 12:00:00,5175.6171,0.23069,0.50463,0.63943,0.1071
2030-10-20 13:00:00,5134.03937,0.19327,0.50463,0.65343,0.1021
2030-10-20 14:00:00,5092.46165,0.19087,0.50463,0.6499,0.08344
2030-10-20 15:00:00,5134.03937,0.18771,0.50463,0.65622,0.10568
2030-10-20 16:00:00,5341.92799,0.09559,0.50463,0.72608,0.0512
2030-10-20 17:00:00,5591.39433,0.04607,0.63079,0.77933,0.01776
2030-10-20 18:00:00,5591.39433,0.03461,0.63079,0.78507,0.0
2030-10-20 19:00:00,5425.08344,0.03854,0.63079,0.76414,0.0
2030-10-20 20:00:00,5217.19482,0.06935,0.63079,0.725,0.0
2030-10-20 21:00:00,5009.3062,0.04556,0.50463,0.71322,0.0
2030-10-20 22:00:00,4801.41759,0.04213,0.50463,0.69124,0.0
2030-10-20 23:00:00,4593.52897,0.06449,0.50463,0.65634,0.0
2030-10-21 00:00:00,4866.69138,0.07965,0.51272,0.67988,0.0
2030-10-21 01:00:00,4723.64682,0.11676,0.51272,0.64498,0.0
2030-10-21 02:00:00,4628.28378,0.10857,0.51272,0.63821,0.0
2030-10-21 03:00:00,4580.60226,0.05781,0.51272,0.65821,0.0
2030-10-21 04:00:00,4580.60226,0.0913,0.51272,0.64143,0.0
2030-10-21 05:00:00,4675.9653,0.1373,0.51272,0.62926,0.0
2030-10-21 06:00:00,4962.05442,0.09269,0.51272,0.68422,0.0
2030-10-21 07:00:00,5391.18809,0.12812,0.51272,0.71539,0.0
2030-10-21 08:00:00,5724.95872,0.19593,0.51272,0.71947,0.06619
2030-10-21 09:00:00,5820.32176,0.14376,0.51272,0.75648,0.08072
2030-10-21 10:00:00,5820.32176,0.14996,0.51272,0.75338,0.15278
2030-10-21 11:00:00,5772.64024,0.17753,0.51272,0.73413,0.14902
2030-10-21 12:00:00,5724.95872,0.17392,0.51272,0.7305,0.29002
2030-10-21 13:00:00,5677.27721,0.19704,0.51272,0.71348,0.34301
2030-10-21 14:00:00,5629.59569,0.19255,0.51272,0.71029,0.33922
2030-10-21 15:00:00,5677.27721,0.25896,0.51272,0.68245,0.24085
2030-10-21 16:00:00,5915.6848,0.19112,0.51272,0.74363,0.09767
2030-10-21 17:00:00,6201.77392,0.20397,0.6409,0.7698,0.05694
2030-10-21 18:00:00,6201.77392,0.14826,0.6409,0.79772,0.0
2030-10-21 19:00:00,6011.04784,0.17215,0.6409,0.764,0.0
2030-10-21 20:00:00,5772.64024,0.16008,0.6409,0.74287,0.0
2030-10-21 21:00:00,5534.23265,0.16695,0.51272,0.71225,0.0
2030-10-21 22:00:00,5295.82505,0.16657,0.51272,0.68526,0.0
2030-10-21 23:00:00,5057.41746,0.2183,0.51272,0.63216,0.0
2030-10-22 00:00:00,4953.02444,0.22761,0.5208,0.61559,0.0
2030-10-22 01:00:00,4806.38267,0.17111,0.5208,0.62718,0.0
2030-10-22 02:00:00,4708.62149,0.20125,0.5208,0.60094,0.0
2030-10-22 03:00:00,4659.7409,0.20545,0.5208,0.59326,0.0
2030-10-22 04:00:00,4659.7409,0.33339,0.5208,0.52916,0.0
2030-10-22 05:00:00,4757.50208,0.28942,0.5208,0.56233,0.0
2030-10-22 06:00:00,5050.78562,0.34342,0.5208,0.56871,0.0
2030-10-22 07:00:00,5490.71092,0.2819,0.5208,0.64969,0.0
2030-10-22 08:00:00,5832.87505,0.39271,0.5208,0.63318,0.19198
2030-10-22 09:00:00,5930.63623,0.4106,0.5208,0.63536,0.31341
2030-10-22 10:00:00,5930.63623,0.59502,0.5208,0.54296,0.31531
2030-10-22 11:00:00,5881.75564,0.72245,0.5208,0.47355,0.21935
2030-10-22 12:00:00,5832.87505,0.72373,0.5208,0.46733,0.25563
2030-10-22 13:00:00,5783.99446,0.62173,0.5208,0.51287,0.13745
2030-10-22 14:00:00,5735.11387,0.73886,0.5208,0.44861,0.12311
2030-10-22 15:00:00,5783.99446,0.75394,0.5208,0.44662,0.06419
2030-10-22 16:00:00,6028.3974,0.76888,0.5208,0.467,0.05345
2030-10-22 17:00:00,6321.68094,0.74604,0.651,0.51188,0.01563
2030-10-22 18:00:00,6321.68094,0.83404,0.651,0.46779,0.0
2030-10-22 19:00:00,6126.15858,0.83235,0.651,0.44634,0.0
2030-10-22 20:00:00,5881.75564,0.83013,0.651,0.41959,0.0
2030-10-22 21:00:00,5637.35269,0.79976,0.5208,0.40695,0.0
2030-10-22 22:00:00,5392.94974,0.74943,0.5208,0.4043,0.0
2030-10-22 23:00:00,5148.54679,0.79165,0.5208,0.35528,0.0
2030-10-23 00:00:00,4943.89953,0.85111,0.52886,0.30216,0.0
2030-10-23 01:00:00,4797.63797,0.82697,0.52886,0.29758,0.0
2030-10-23 02:00:00,4700.13026,0.80696,0.52886,0.29649,0.0
2030-10-23 03:00:00,4651.3764,0.83074,0.52886,0.27902,0.0
2030-10-23 04:00:00,4651.3764,0.80849,0.52886,0.29016,0.0
2030-10-23 05:00:00,4748.88411,0.75366,0.52886,0.32875,0.0
2030-10-23 06:00:00,5041.40724,0.73899,0.52886,0.36945,0.0
2030-10-23 07:00:00,5480.19193,0.69119,0.52886,0.44342,0.0
2030-10-23 08:00:00,5821.46891,0.55211,0.52886,0.55202,0.16027
2030-10-23 09:00:00,5918.97662,0.60084,0.52886,0.53872,0.2858
2030-10-23 10:00:00,5918.97662,0.5978,0.52886,0.54024,0.38061
2030-10-23 11:00:00,5870.22277,0.56658,0.52886,0.55033,0.33755
2030-10-23 12:00:00,5821.46891,0.508,0.52886,0.57412,0.24875
2030-10-23 13:00:00,5772.71506,0.5043,0.52886,0.57041,0.18535
2030-10-23 14:00:00,5723.96121,0.54405,0.52886,0.54494,0.27
2030-10-23 15:00:00,5772.71506,0.5712,0.52886,0.5369,0.20343
2030-10-23 16:00:00,6016.48433,0.44173,0.52886,0.62955,0.15408
2030-10-23 17:00:00,6309.00746,0.4727,0.66108,0.64739,0.03866
2030-10-23 18:00:00,6309.00746,0.45508,0.66108,0.65622,0.0
2030-10-23 19:00:00,6113.99204,0.34258,0.66108,0.69035,0.0
2030-10-23 20:00:00,5870.22277,0.26917,0.66108,0.69934,0.0
2030-10-23 21:00:00,5626.4535,0.16365,0.52886,0.72442,0.0
2030-10-23 22:00:00,5382.68422,0.0856,0.52886,0.73573,0.0
2030-10-23 23:00:00,5138.91495,0.09451,0.52886,0.70347,0.0
2030-10-24 00:00:00,4775.97625,0.06343,0.53691,0.67767,0.0
2030-10-24 01:00:00,4636.71149,0.07429,0.53691,0.65635,0.0
2030-10-24 02:00:00,4543.86832,0.08446,0.53691,0.64067,0.0
2030-10-24 03:00:00,4497.44673,0.09109,0.53691,0.63205,0.0
2030-10-24 04:00:00,4497.44673,0.12515,0.53691,0.61499,0.0
2030-10-24 05:00:00,4590.2899,0.12729,0.53691,0.6245,0.0
2030-10-24 06:00:00,4868.81943,0.1432,0.53691,0.64829,0.0
2030-10-24 07:00:00,5286.61371,0.15141,0.53691,0.6918,0.0
2030-10-24 08:00:00,5611.56482,0.13888,0.53691,0.73513,0.11873
2030-10-24 09:00:00,5704.40799,0.12329,0.53691,0.75353,0.12228
2030-10-24 10:00:00,5704.40799,0.21034,0.53691,0.70991,0.14432
2030-10-24 11:00:00,5657.9864,0.24403,0.53691,0.68774,0.27939
2030-10-24 12:00:00,5611.56482,0.14407,0.53691,0.73253,0.2119
2030-10-24 13:00:00,5565.14323,0.1029,0.53691,0.74786,0.30591
2030-10-24 14:00:00,5518.72164,0.08036,0.53691,0.75386,0.32286
2030-10-24 15:00:00,5565.14323,0.08737,0.53691,0.75565,0.18846
2030-10-24 16:00:00,5797.25116,0.05504,0.53691,0.7983,0.13718
2030-10-24 17:00:00,6075.78068,0.06494,0.67113,0.8251,0.05767
2030-10-24 18:00:00,6075.78068,0.09079,0.67113,0.81215,0.0
2030-10-24 19:00:00,5890.09434,0.14438,0.67113,0.76413,0.0
2030-10-24 20:00:00,5657.9864,0.09781,0.67113,0.761,0.0
2030-10-24 21:00:00,5425.87847,0.07774,0.53691,0.74459,0.0
2030-10-24 22:00:00,5193.77053,0.14778,0.53691,0.68304,0.0
2030-10-24 23:00:00,4961.6626,0.06806,0.53691,0.69652,0.0
2030-10-25 00:00:00,4919.35062,0.1501,0.54493,0.65059,0.0
2030-10-25 01:00:00,4774.11193,0.16532,0.54493,0.6264,0.0
2030-10-25 02:00:00,4677.28613,0.35733,0.54493,0.51916,0.0
2030-10-25 03:00:00,4628.87323,0.2234,0.54493,0.58075,0.0
2030-10-25 04:00:00,4628.87323,0.20118,0.54493,0.59188,0.0
2030-10-25 05:00:00,4725.69903,0.16951,0.54493,0.61879,0.0
2030-10-25 06:00:00,5016.17641,0.18026,0.54493,0.64652,0.0
2030-10-25 07:00:00,5451.89249,0.15034,0.54493,0.71118,0.0
2030-10-25 08:00:00,5790.78277,0.0912,0.54493,0.77945,0.03457
2030-10-25 09:00:00,5887.60857,0.1058,0.54493,0.78318,0.04721
2030-10-25 10:00:00,5887.60857,0.17654,0.54493,0.74773,0.06095
2030-10-25 11:00:00,5839.19567,0.1363,0.54493,0.76237,0.06975
2030-10-25 12:00:00,5790.78277,0.13909,0.54493,0.75545,0.08811
2030-10-25 13:00:00,5742.36988,0.24923,0.54493,0.69475,0.09784
2030-10-25 14:00:00,5693.95698,0.19867,0.54493,0.71457,0.09113
2030-10-25 15:00:00,5742.36988,0.21695,0.54493,0.71093,0.05397
2030-10-25 16:00:00,5984.43436,0.1377,0.54493,0.77823,0.05399
2030-10-25 17:00:00,6274.91175,0.1077,0.68116,0.82638,0.00474
2030-10-25 18:00:00,6274.91175,0.16182,0.68116,0.79926,0.0
2030-10-25 19:00:00,6081.26016,0.06099,0.68116,0.8277,0.0
2030-10-25 20:00:00,5839.19567,0.07261,0.68116,0.79428,0.0
2030-10-25 21:00:00,5597.13118,0.06681,0.54493,0.76959,0.0
2030-10-25 22:00:00,5355.0667,0.12028,0.54493,0.7152,0.0
2030-10-25 23:00:00,5113.00221,0.1037,0.54493,0.69591,0.0
2030-10-26 00:00:00,4434.17374,0.08806,0.55294,0.62636,0.0
2030-10-26 01:00:00,4309.15075,0.07744,0.55294,0.61743,0.0
2030-10-26 02:00:00,4225.80209,0.10434,0.55294,0.59445,0.0
2030-10-26 03:00:00,4184.12776,0.12508,0.55294,0.57931,0.0
2030-10-26 04:00:00,4184.12776,0.16431,0.55294,0.55965,0.0
2030-10-26 05:00:00,4267.47642,0.12531,0.55294,0.58869,0.0
2030-10-26 06:00:00,4517.5224,0.06662,0.55294,0.6466,0.0
2030-10-26 07:00:00,4892.59136,0.0684,0.55294,0.68847,0.0
2030-10-26 08:00:00,5184.31167,0.07116,0.55294,0.72035,0.13214
2030-10-26 09:00:00,5267.66033,0.08542,0.55294,0.72271,0.16289
2030-10-26 10:00:00,5267.66033,0.0794,0.55294,0.72572,0.18965
2030-10-26 11:00:00,5225.986,0.0524,0.55294,0.7345,0.28913
2030-10-26 12:00:00,5184.31167,0.04212,0.55294,0.7349,0.26585
2030-10-26 13:00:00,5142.63734,0.05532,0.55294,0.72353,0.16932
2030-10-26 14:00:00,5100.96301,0.04329,0.55294,0.72481,0.20518
2030-10-26 15:00:00,5142.63734,0.03277,0.55294,0.73483,0.11044
2030-10-26 16:00:00,5351.00899,0.02068,0.55294,0.76464,0.07998
2030-10-26 17:00:00,5601.05497,0.01486,0.69117,0.79607,0.01152
2030-10-26 18:00:00,5601.05497,0.02181,0.69117,0.79259,0.0
2030-10-26 19:00:00,5434.35765,0.01728,0.69117,0.77585,0.0
2030-10-26 20:00:00,5225.986,0.01957,0.69117,0.75095,0.0
2030-10-26 21:00:00,5017.61435,0.03597,0.55294,0.71897,0.0
2030-10-26 22:00:00,4809.2427,0.01638,0.55294,0.70504,0.0
2030-10-26 23:00:00,4600.87105,0.01354,0.55294,0.6827,0.0
2030-10-27 00:00:00,4427.81706,0.0135,0.56092,0.66299,0.0
2030-10-27 01:00:00,4303.05893,0.00612,0.56092,0.65247,0.0
2030-10-27 02:00:00,4219.88685,0.01113,0.56092,0.64047,0.0
2030-10-27 03:00:00,4178.3008,0.01405,0.56092,0.63427,0.0
2030-10-27 04:00:00,4178.3008,0.01182,0.56092,0.63539,0.0
2030-10-27 05:00:00,4261.47289,0.00578,0.56092,0.64789,0.0
2030-10-27 06:00:00,4510.98914,0.00368,0.56092,0.67739,0.0
2030-10-27 07:00:00,4885.26353,0.00432,0.56092,0.71974,0.0
2030-10-27 08:00:00,5176.36582,0.00569,0.56092,0.75224,0.03285
2030-10-27 09:00:00,5259.53791,0.00434,0.56092,0.7624,0.07735
2030-10-27 10:00:00,5259.53791,0.01295,0.56092,0.75809,0.09954
2030-10-27 11:00:00,5217.95187,0.01661,0.56092,0.75152,0.14728
2030-10-27 12:00:00,5176.36582,0.01932,0.56092,0.74542,0.14775
2030-10-27 13:00:00,5134.77978,0.01576,0.56092,0.74246,0.13852
2030-10-27 14:00:00,5093.19374,0.02941,0.56092,0.73088,0.14274
2030-10-27 15:00:00,5134.77978,0.0283,0.56092,0.73618,0.08952
2030-10-27 16:00:00,5342.70999,0.04929,0.56092,0.74936,0.06049
2030-10-27 17:00:00,5592.22625,0.03101,0.70115,0.78697,0.01277
2030-10-27 18:00:00,5592.22625,0.01307,0.70115,0.79596,0.0
2030-10-27 19:00:00,5425.88208,0.00762,0.70115,0.77972,0.0
2030-10-27 20:00:00,5217.95187,0.00283,0.70115,0.75842,0.0
2030-10-27 21:00:00,5010.02165,0.00112,0.56092,0.73557,0.0
2030-10-27 22:00:00,4802.09144,0.00175,0.56092,0.71155,0.0
2030-10-27 23:00:00,4594.16123,0.00175,0.56092,0.68784,0.0
2030-10-28 00:00:00,5025.56133,0.00109,0.56887,0.73736,0.0
2030-10-28 01:00:00,4875.89719,0.00146,0.56887,0.72011,0.0
2030-10-28 02:00:00,4776.1211,0.00109,0.56887,0.70892,0.0
2030-10-28 03:00:00,4726.23305,0.00223,0.56887,0.70266,0.0
2030-10-28 04:00:00,4726.23305,0.00192,0.56887,0.70281,0.0
2030-10-28 05:00:00,4826.00914,0.00261,0.56887,0.71385,0.0
2030-10-28 06:00:00,5125.33742,0.00327,0.56887,0.74764,0.0
2030-10-28 07:00:00,5574.32984,0.0034,0.56887,0.79876,0.0
2030-10-28 08:00:00,5923.54616,0.00321,0.56887,0.83867,0.02848
2030-10-28 09:00:00,6023.32226,0.00551,0.56887,0.84889,0.07273
2030-10-28 10:00:00,6023.32226,0.00439,0.56887,0.84946,0.11135
2030-10-28 11:00:00,5973.43421,0.00316,0.56887,0.84438,0.14934
2030-10-28 12:00:00,5923.54616,0.00226,0.56887,0.83915,0.14943
2030-10-28 13:00:00,5873.65812,0.00171,0.56887,0.83374,0.171
2030-10-28 14:00:00,5823.77007,0.00152,0.56887,0.82814,0.15933
2030-10-28 15:00:00,5873.65812,0.0037,0.56887,0.83274,0.10384
2030-10-28 16:00:00,6123.09835,0.00651,0.56887,0.85977,0.04718
2030-10-28 17:00:00,6422.42663,0.00688,0.71109,0.89371,0.00104
2030-10-28 18:00:00,6422.42663,0.01421,0.71109,0.89003,0.0
2030-10-28 19:00:00,6222.87444,0.0106,0.71109,0.86909,0.0
2030-10-28 20:00:00,5973.43421,0.01026,0.71109,0.84083,0.0
2030-10-28 21:00:00,5723.99398,0.00526,0.56887,0.8149,0.0
2030-10-28 22:00:00,5474.55375,0.0058,0.56887,0.78618,0.0
2030-10-28 23:00:00,5225.11351,0.00664,0.56887,0.75733,0.0
2030-10-29 00:00:00,5018.30397,0.00545,0.5768,0.73434,0.0
2030-10-29 01:00:00,4868.94222,0.00541,0.5768,0.71734,0.0
2030-10-29 02:00:00,4769.36772,0.00395,0.5768,0.70671,0.0
2030-10-29 03:00:00,4719.58047,0.00572,0.5768,0.70015,0.0
2030-10-29 04:00:00,4719.58047,0.01581,0.5768,0.69509,0.0
2030-10-29 05:00:00,4819.15497,0.02713,0.5768,0.70078,0.0
2030-10-29 06:00:00,5117.87847,0.01596,0.5768,0.74043,0.0
2030-10-29 07:00:00,5565.96372,0.01563,0.5768,0.79168,0.0
2030-10-29 08:00:00,5914.47447,0.01156,0.5768,0.83345,0.02978
2030-10-29 09:00:00,6014.04897,0.01151,0.5768,0.84483,0.04727
2030-10-29 10:00:00,6014.04897,0.00767,0.5768,0.84676,0.12021
2030-10-29 11:00:00,5964.26172,0.00366,0.5768,0.84309,0.11813
2030-10-29 12:00:00,5914.47447,0.00551,0.5768,0.83649,0.2196
2030-10-29 13:00:00,5864.68722,0.00308,0.5768,0.83203,0.15866
2030-10-29 14:00:00,5814.89997,0.00984,0.5768,0.82296,0.19053
2030-10-29 15:00:00,5864.68722,0.01079,0.5768,0.82816,0.1724
2030-10-29 16:00:00,6113.62346,0.01225,0.5768,0.85581,0.10559
2030-10-29 17:00:00,6412.34696,0.01252,0.721,0.88974,0.00649
2030-10-29 18:00:00,6412.34696,0.01638,0.721,0.8878,0.0
2030-10-29 19:00:00,6213.19796,0.03067,0.721,0.85793,0.0
2030-10-29 20:00:00,5964.26172,0.03291,0.721,0.82843,0.0
2030-10-29 21:00:00,5715.32547,0.03187,0.5768,0.80058,0.0
2030-10-29 22:00:00,5466.38922,0.03514,0.5768,0.77055,0.0
2030-10-29 23:00:00,5217.45297,0.04419,0.5768,0.73764,0.0
2030-10-30 00:00:00,5003.13219,0.03625,0.58469,0.71718,0.0
2030-10-30 01:00:00,4854.40259,0.0505,0.58469,0.69309,0.0
2030-10-30 02:00:00,4755.24953,0.04235,0.58469,0.68586,0.0
2030-10-30 03:00:00,4705.673,0.06309,0.58469,0.66982,0.0
2030-10-30 04:00:00,4705.673,0.06543,0.58469,0.66865,0.0
2030-10-30 05:00:00,4804.82606,0.08838,0.58469,0.66846,0.0
2030-10-30 06:00:00,5102.28525,0.09343,0.58469,0.69984,0.0
2030-10-30 07:00:00,5548.47402,0.10918,0.58469,0.74282,0.0
2030-10-30 08:00:00,5895.50973,0.10724,0.58469,0.78335,0.04467
2030-10-30 09:00:00,5994.66279,0.08303,0.58469,0.80679,0.10795
2030-10-30 10:00:00,5994.66279,0.09345,0.58469,0.80156,0.10679
2030-10-30 11:00:00,5945.08626,0.16981,0.58469,0.75766,0.15308
2030-10-30 12:00:00,5895.50973,0.13249,0.58469,0.7707,0.20886
2030-10-30 13:00:00,5845.9332,0.15518,0.58469,0.75368,0.19396
2030-10-30 14:00:00,5796.35667,0.10527,0.58469,0.77303,0.09125
2030-10-30 15:00:00,5845.9332,0.10658,0.58469,0.77803,0.08862
2030-10-30 16:00:00,6093.81585,0.10047,0.58469,0.80935,0.05034
2030-10-30 17:00:00,6391.27504,0.07771,0.73086,0.85467,0.00083
2030-10-30 18:00:00,6391.27504,0.048,0.73086,0.86955,0.0
2030-10-30 19:00:00,6192.96892,0.04064,0.73086,0.85064,0.0
2030-10-30 20:00:00,5945.08626,0.04332,0.73086,0.82103,0.0
2030-10-30 21:00:00,5697.20361,0.05277,0.58469,0.78803,0.0
2030-10-30 22:00:00,5449.32096,0.04929,0.58469,0.76152,0.0
2030-10-30 23:00:00,5201.43831,0.08295,0.58469,0.7164,0.0
2030-10-31 00:00:00,4815.68576,0.10887,0.59255,0.65943,0.0
2030-10-31 01:00:00,4674.76644,0.11936,0.59255,0.63811,0.0
2030-10-31 02:00:00,4580.82022,0.11943,0.59255,0.62736,0.0
2030-10-31 03:00:00,4533.84712,0.08497,0.59255,0.63927,0.0
2030-10-31 04:00:00,4533.84712,0.11282,0.59255,0.62532,0.0
2030-10-31 05:00:00,4627.79333,0.16344,0.59255,0.61066,0.0
2030-10-31 06:00:00,4909.63198,0.18082,0.59255,0.63409,0.0
2030-10-31 07:00:00,5332.38995,0.28801,0.59255,0.62858,0.0
2030-10-31 08:00:00,5661.2017,0.29506,0.59255,0.66253,0.02619
2030-10-31 09:00:00,5755.14792,0.34857,0.59255,0.64644,0.06802
2030-10-31 10:00:00,5755.14792,0.42362,0.59255,0.60883,0.0729
2030-10-31 11:00:00,5708.17481,0.37706,0.59255,0.62681,0.10967
2030-10-31 12:00:00,5661.2017,0.31302,0.59255,0.65354,0.12251
2030-10-31 13:00:00,5614.2286,0.28833,0.59255,0.66055,0.18316
2030-10-31 14:00:00,5567.25549,0.30788,0.59255,0.6454,0.10168
2030-10-31 15:00:00,5614.2286,0.27483,0.59255,0.66731,0.11283
2030-10-31 16:00:00,5849.09414,0.26022,0.59255,0.70141,0.0521
2030-10-31 17:00:00,6130.93278,0.30787,0.74069,0.70967,0.00286
2030-10-31 18:00:00,6130.93278,0.25425,0.74069,0.73653,0.0
2030-10-31 19:00:00,5943.04035,0.2183,0.74069,0.73312,0.0
2030-10-31 20:00:00,5708.17481,0.26722,0.74069,0.68184,0.0
2030-10-31 21:00:00,5473.30927,0.35385,0.59255,0.61166,0.0
2030-10-31 22:00:00,5238.44373,0.39411,0.59255,0.56471,0.0
2030-10-31 23:00:00,5003.57819,0.53106,0.59255,0.46932,0.0
2030-11-01 00:00:00,4971.80647,0.44536,0.60038,0.50864,0.0
2030-11-01 01:00:00,4824.38212,0.40869,0.60038,0.5102,0.0
2030-11-01 02:00:00,4726.09921,0.44532,0.60038,0.48064,0.0
2030-11-01 03:00:00,4676.95776,0.38016,0.60038,0.50769,0.0
2030-11-01 04:00:00,4676.95776,0.43165,0.60038,0.48189,0.0
2030-11-01 05:00:00,4775.24067,0.48241,0.60038,0.46766,0.0
2030-11-01 06:00:00,5070.08937,0.31758,0.60038,0.58386,0.0
2030-11-01 07:00:00,5512.36243,0.36284,0.60038,0.61161,0.0
2030-11-01 08:00:00,5856.35259,0.2495,0.60038,0.70761,0.01707
2030-11-01 09:00:00,5954.63549,0.32378,0.60038,0.6816,0.03023
2030-11-01 10:00:00,5954.63549,0.3991,0.60038,0.64386,0.08147
2030-11-01 11:00:00,5905.49404,0.34531,0.60038,0.66521,0.11141
2030-11-01 12:00:00,5856.35259,0.30431,0.60038,0.68015,0.17267
2030-11-01 13:00:00,5807.21114,0.23639,0.60038,0.70858,0.13005
2030-11-01 14:00:00,5758.06969,0.27216,0.60038,0.68505,0.11749
2030-11-01 15:00:00,5807.21114,0.21882,0.60038,0.71738,0.13555
2030-11-01 16:00:00,6052.91839,0.15824,0.60038,0.77575,0.06925
2030-11-01 17:00:00,6347.7671,0.27779,0.75047,0.74946,0.00048
2030-11-01 18:00:00,6347.7671,0.24194,0.75047,0.76742,0.0
2030-11-01 19:00:00,6151.20129,0.25702,0.75047,0.73746,0.0
2030-11-01 20:00:00,5905.49404,0.33409,0.75047,0.67083,0.0
2030-11-01 21:00:00,5659.78678,0.30408,0.60038,0.65786,0.0
2030-11-01 22:00:00,5414.07953,0.26401,0.60038,0.64992,0.0
2030-11-01 23:00:00,5168.37227,0.30514,0.60038,0.6013,0.0
2030-11-02 00:00:00,4517.54968,0.36393,0.60816,0.49764,0.0
2030-11-02 01:00:00,4389.05269,0.32352,0.60816,0.50324,0.0
2030-11-02 02:00:00,4303.38803,0.41374,0.60816,0.44827,0.0
2030-11-02 03:00:00,4260.55571,0.49189,0.60816,0.40423,0.0
2030-11-02 04:00:00,4260.55571,0.56634,0.60816,0.36693,0.0
2030-11-02 05:00:00,4346.22036,0.6641,0.60816,0.32772,0.0
2030-11-02 06:00:00,4603.21434,0.66897,0.60816,0.35458,0.0
2030-11-02 07:00:00,4988.7053,0.77847,0.60816,0.34366,0.0
2030-11-02 08:00:00,5288.5316,0.7861,0.60816,0.37402,0.02558
2030-11-02 09:00:00,5374.19626,0.79314,0.60816,0.38026,0.09105
2030-11-02 10:00:00,5374.19626,0.75096,0.60816,0.40139,0.12045
2030-11-02 11:00:00,5331.36393,0.70208,0.60816,0.421,0.15316
2030-11-02 12:00:00,5288.5316,0.76955,0.60816,0.38231,0.20615
2030-11-02 13:00:00,5245.69927,0.75145,0.60816,0.3865,0.10203
2030-11-02 14:00:00,5202.86694,0.77468,0.60816,0.36998,0.1131
2030-11-02 15:00:00,5245.69927,0.73034,0.60816,0.39708,0.10352
2030-11-02 16:00:00,5459.86092,0.66715,0.60816,0.45315,0.04146
2030-11-02 17:00:00,5716.85489,0.5165,0.76021,0.55793,0.00019
2030-11-02 18:00:00,5716.85489,0.41396,0.76021,0.60931,0.0
2030-11-02 19:00:00,5545.52557,0.32652,0.76021,0.63358,0.0
2030-11-02 20:00:00,5331.36393,0.30363,0.76021,0.62064,0.0
2030-11-02 21:00:00,5117.20228,0.31803,0.60816,0.58901,0.0
2030-11-02 22:00:00,4903.04064,0.42147,0.60816,0.51277,0.0
2030-11-02 23:00:00,4688.87899,0.51637,0.60816,0.4408,0.0
2030-11-03 00:00:00,4575.38512,0.4349,0.61591,0.46868,0.0
2030-11-03 01:00:00,4444.47832,0.34803,0.61591,0.49728,0.0
2030-11-03 02:00:00,4357.20713,0.57038,0.61591,0.37593,0.0
2030-11-03 03:00:00,4313.57153,0.63129,0.61591,0.34044,0.0
2030-11-03 04:00:00,4313.57153,0.4413,0.61591,0.43563,0.0
2030-11-03 05:00:00,4400.84272,0.4229,0.61591,0.4548,0.0
2030-11-03 06:00:00,4662.65632,0.40637,0.61591,0.49292,0.0
2030-11-03 07:00:00,5055.37671,0.35378,0.61591,0.56405,0.0
2030-11-03 08:00:00,5360.8259,0.39522,0.61591,0.57811,0.12478
2030-11-03 09:00:00,5448.0971,0.41984,0.61591,0.57572,0.20003
2030-11-03 10:00:00,5448.0971,0.52532,0.61591,0.52287,0.24118
2030-11-03 11:00:00,5404.4615,0.42503,0.61591,0.56814,0.16257
2030-11-03 12:00:00,5360.8259,0.52401,0.61591,0.51358,0.23764
2030-11-03 13:00:00,5317.1903,0.73491,0.61591,0.40294,0.30268
2030-11-03 14:00:00,5273.5547,0.81037,0.61591,0.36015,0.30132
2030-11-03 15:00:00,5317.1903,0.83772,0.61591,0.35143,0.21811
2030-11-03 16:00:00,5535.3683,0.86349,0.61591,0.36339,0.14177
2030-11-03 17:00:00,5797.18189,0.83802,0.76989,0.406,3e-05
2030-11-03 18:00:00,5797.18189,0.86801,0.76989,0.39097,0.0
2030-11-03 19:00:00,5622.63949,0.86395,0.76989,0.37311,0.0
2030-11-03 20:00:00,5404.4615,0.87682,0.76989,0.34178,0.0
2030-11-03 21:00:00,5186.2835,0.88202,0.61591,0.31431,0.0
2030-11-03 22:00:00,4968.10551,0.87558,0.61591,0.29266,0.0
2030-11-03 23:00:00,4749.92752,0.88742,0.61591,0.26185,0.0
2030-11-04 00:00:00,4901.83529,0.87594,0.62361,0.28492,0.0
2030-11-04 01:00:00,4757.3264,0.80472,0.62361,0.30413,0.0
2030-11-04 02:00:00,4660.98714,0.82789,0.62361,0.28154,0.0
2030-11-04 03:00:00,4612.81751,0.7941,0.62361,0.29298,0.0
2030-11-04 04:00:00,4612.81751,0.74882,0.62361,0.31567,0.0
2030-11-04 05:00:00,4709.15677,0.78822,0.62361,0.30691,0.0
2030-11-04 06:00:00,4998.17455,0.77465,0.62361,0.34666,0.0
2030-11-04 07:00:00,5431.70121,0.67998,0.62361,0.44352,0.0
2030-11-04 08:00:00,5768.88861,0.69653,0.62361,0.47367,0.0289
2030-11-04 09:00:00,5865.22787,0.6735,0.62361,0.49619,0.07929
2030-11-04 10:00:00,5865.22787,0.68093,0.62361,0.49246,0.09484
2030-11-04 11:00:00,5817.05824,0.71745,0.62361,0.46868,0.10771
2030-11-04 12:00:00,5768.88861,0.6931,0.62361,0.47538,0.08337
2030-11-04 13:00:00,5720.71898,0.76472,0.62361,0.43401,0.07372
2030-11-04 14:00:00,5672.54935,0.82063,0.62361,0.4005,0.07298
2030-11-04 15:00:00,5720.71898,0.81526,0.62361,0.40869,0.04636
2030-11-04 16:00:00,5961.56713,0.80359,0.62361,0.44199,0.03263
2030-11-04 17:00:00,6250.5849,0.76099,0.77952,0.49629,0.0
2030-11-04 18:00:00,6250.5849,0.76796,0.77952,0.49279,0.0
2030-11-04 19:00:00,6057.90639,0.75301,0.77952,0.47832,0.0
2030-11-04 20:00:00,5817.05824,0.7017,0.77952,0.47657,0.0
2030-11-04 21:00:00,5576.2101,0.69522,0.62361,0.45236,0.0
2030-11-04 22:00:00,5335.36195,0.70565,0.62361,0.41967,0.0
2030-11-04 23:00:00,5094.51381,0.72692,0.62361,0.38156,0.0
2030-11-05 00:00:00,5053.75406,0.69046,0.63127,0.39518,0.0
2030-11-05 01:00:00,4902.91522,0.59926,0.63127,0.42367,0.0
2030-11-05 02:00:00,4802.356,0.61335,0.63127,0.40515,0.0
2030-11-05 03:00:00,4752.07639,0.63969,0.63127,0.38622,0.0
2030-11-05 04:00:00,4752.07639,0.61494,0.63127,0.39862,0.0
2030-11-05 05:00:00,4852.63561,0.67303,0.63127,0.38098,0.0
2030-11-05 06:00:00,5154.31328,0.62751,0.63127,0.43818,0.0
2030-11-05 07:00:00,5606.82979,0.55589,0.63127,0.52565,0.0
2030-11-05 08:00:00,5958.78708,0.54542,0.63127,0.57102,0.01521
2030-11-05 09:00:00,6059.3463,0.59865,0.63127,0.55582,0.06657
2030-11-05 10:00:00,6059.3463,0.64278,0.63127,0.53371,0.14323
2030-11-05 11:00:00,6009.06669,0.58028,0.63127,0.55929,0.10421
2030-11-05 12:00:00,5958.78708,0.57608,0.63127,0.55566,0.22002
2030-11-05 13:00:00,5908.50746,0.58026,0.63127,0.54784,0.19353
2030-11-05 14:00:00,5858.22785,0.5538,0.63127,0.55536,0.2133
2030-11-05 15:00:00,5908.50746,0.60975,0.63127,0.53306,0.1574
2030-11-05 16:00:00,6159.90552,0.61582,0.63127,0.55868,0.11505
2030-11-05 17:00:00,6461.5832,0.69365,0.78909,0.55408,0.0
2030-11-05 18:00:00,6461.5832,0.71609,0.78909,0.54284,0.0
2030-11-05 19:00:00,6260.46475,0.6946,0.78909,0.53067,0.0
2030-11-05 20:00:00,6009.06669,0.77468,0.78909,0.46189,0.0
2030-11-05 21:00:00,5757.66863,0.80235,0.63127,0.41936,0.0
2030-11-05 22:00:00,5506.27057,0.78277,0.63127,0.40051,0.0
2030-11-05 23:00:00,5254.87251,0.76108,0.63127,0.38272,0.0
2030-11-06 00:00:00,5036.61997,0.69047,0.63889,0.39322,0.0
2030-11-06 01:00:00,4886.49506,0.67647,0.63889,0.38312,0.0
2030-11-06 02:00:00,4786.41178,0.68086,0.63889,0.3695,0.0
2030-11-06 03:00:00,4736.37014,0.66118,0.63889,0.37366,0.0
2030-11-06 04:00:00,4736.37014,0.59764,0.63889,0.4055,0.0
2030-11-06 05:00:00,4836.45342,0.51396,0.63889,0.45883,0.0
2030-11-06 06:00:00,5136.70325,0.46401,0.63889,0.51809,0.0
2030-11-06 07:00:00,5587.07799,0.39074,0.63889,0.60615,0.0
2030-11-06 08:00:00,5937.36946,0.45759,0.63889,0.61259,0.04067
2030-11-06 09:00:00,6037.45274,0.61452,0.63889,0.54537,0.05489
2030-11-06 10:00:00,6037.45274,0.60886,0.63889,0.54821,0.11085
2030-11-06 11:00:00,5987.4111,0.6494,0.63889,0.52219,0.20098
2030-11-06 12:00:00,5937.36946,0.63208,0.63889,0.52516,0.24879
2030-11-06 13:00:00,5887.32783,0.53269,0.63889,0.56926,0.19524
2030-11-06 14:00:00,5837.28619,0.43406,0.63889,0.61297,0.1191
2030-11-06 15:00:00,5887.32783,0.39749,0.63889,0.637,0.11545
2030-11-06 16:00:00,6137.53602,0.39249,0.63889,0.66803,0.07512
2030-11-06 17:00:00,6437.78585,0.33372,0.79861,0.7317,0.0
2030-11-06 18:00:00,6437.78585,0.3389,0.79861,0.72911,0.0
2030-11-06 19:00:00,6237.61929,0.49762,0.79861,0.62676,0.0
2030-11-06 20:00:00,5987.4111,0.44027,0.79861,0.62697,0.0
2030-11-06 21:00:00,5737.20291,0.45109,0.63889,0.59302,0.0
2030-11-06 22:00:00,5486.99472,0.59646,0.63889,0.49166,0.0
2030-11-06 23:00:00,5236.78652,0.52179,0.63889,0.50055,0.0
2030-11-07 00:00:00,5062.52636,0.51928,0.64645,0.48194,0.0
2030-11-07 01:00:00,4911.32201,0.59824,0.64645,0.42514,0.0
2030-11-07 02:00:00,4810.51911,0.56236,0.64645,0.43163,0.0
2030-11-07 03:00:00,4760.11766,0.6024,0.64645,0.40582,0.0
2030-11-07 04:00:00,4760.11766,0.73121,0.64645,0.34128,0.0
2030-11-07 05:00:00,4860.92056,0.60005,0.64645,0.41849,0.0
2030-11-07 06:00:00,5163.32926,0.63808,0.64645,0.43391,0.0
2030-11-07 07:00:00,5616.94231,0.76463,0.64645,0.42222,0.0
2030-11-07 08:00:00,5969.75245,0.84148,0.64645,0.42394,0.0432
2030-11-07 09:00:00,6070.55535,0.85517,0.64645,0.42857,0.10258
2030-11-07 10:00:00,6070.55535,0.88417,0.64645,0.41404,0.16077
2030-11-07 11:00:00,6020.1539,0.84305,0.64645,0.4289,0.14371
2030-11-07 12:00:00,5969.75245,0.86314,0.64645,0.41309,0.1278
2030-11-07 13:00:00,5919.351,0.87829,0.64645,0.39975,0.15099
2030-11-07 14:00:00,5868.94955,0.8215,0.64645,0.42246,0.12169
2030-11-07 15:00:00,5919.351,0.80354,0.64645,0.4372,0.08213
2030-11-07 16:00:00,6171.35825,0.83298,0.64645,0.45118,0.02506
2030-11-07 17:00:00,6473.76695,0.83431,0.80806,0.485,0.0
2030-11-07 18:00:00,6473.76695,0.86276,0.80806,0.47074,0.0
2030-11-07 19:00:00,6272.16115,0.86254,0.80806,0.44787,0.0
2030-11-07 20:00:00,6020.1539,0.86751,0.80806,0.41665,0.0
2030-11-07 21:00:00,5768.14665,0.86381,0.64645,0.38977,0.0
2030-11-07 22:00:00,5516.13941,0.85309,0.64645,0.36641,0.0
2030-11-07 23:00:00,5264.13216,0.87712,0.64645,0.32564,0.0
2030-11-08 00:00:00,5088.88316,0.8675,0.65396,0.31048,0.0
2030-11-08 01:00:00,4936.58061,0.86208,0.65396,0.29583,0.0
2030-11-08 02:00:00,4835.04558,0.82263,0.65396,0.30402,0.0
2030-11-08 03:00:00,4784.27806,0.84484,0.65396,0.28711,0.0
2030-11-08 04:00:00,4784.27806,0.85369,0.65396,0.28267,0.0
2030-11-08 05:00:00,4885.8131,0.8686,0.65396,0.28677,0.0
2030-11-08 06:00:00,5190.41819,0.85694,0.65396,0.32734,0.0
2030-11-08 07:00:00,5647.32584,0.88788,0.65396,0.36393,0.0
2030-11-08 08:00:00,6002.69845,0.88841,0.65396,0.40418,0.01441
2030-11-08 09:00:00,6104.23348,0.88266,0.65396,0.41864,0.04868
2030-11-08 10:00:00,6104.23348,0.86493,0.65396,0.42752,0.09207
2030-11-08 11:00:00,6053.46597,0.85871,0.65396,0.42485,0.1133
2030-11-08 12:00:00,6002.69845,0.87904,0.65396,0.40888,0.12803
2030-11-08 13:00:00,5951.93093,0.88664,0.65396,0.39928,0.15418
2030-11-08 14:00:00,5901.16342,0.85069,0.65396,0.41151,0.18463
2030-11-08 15:00:00,5951.93093,0.88982,0.65396,0.39769,0.17745
2030-11-08 16:00:00,6205.76852,0.86678,0.65396,0.43817,0.09804
2030-11-08 17:00:00,6510.37361,0.82462,0.81745,0.49402,0.0
2030-11-08 18:00:00,6510.37361,0.81031,0.81745,0.50119,0.0
2030-11-08 19:00:00,6307.30355,0.78244,0.81745,0.492,0.0
2030-11-08 20:00:00,6053.46597,0.74446,0.81745,0.4821,0.0
2030-11-08 21:00:00,5799.62839,0.80448,0.65396,0.42308,0.0
2030-11-08 22:00:00,5545.79081,0.73076,0.65396,0.43108,0.0
2030-11-08 23:00:00,5291.95322,0.67766,0.65396,0.42874,0.0
2030-11-09 00:00:00,4591.39614,0.71565,0.66142,0.32984,0.0
2030-11-09 01:00:00,4459.82221,0.78357,0.66142,0.28081,0.0
2030-11-09 02:00:00,4372.10627,0.85028,0.66142,0.23739,0.0
2030-11-09 03:00:00,4328.24829,0.78274,0.66142,0.26623,0.0
2030-11-09 04:00:00,4328.24829,0.76705,0.66142,0.27409,0.0
2030-11-09 05:00:00,4415.96424,0.72375,0.66142,0.30578,0.0
2030-11-09 06:00:00,4679.11209,0.76111,0.66142,0.31707,0.0
2030-11-09 07:00:00,5073.83385,0.74495,0.66142,0.37016,0.0
2030-11-09 08:00:00,5380.83967,0.7017,0.66142,0.42683,0.04967
2030-11-09 09:00:00,5468.55562,0.69112,0.66142,0.44214,0.1214
2030-11-09 10:00:00,5468.55562,0.52368,0.66142,0.52603,0.07334
2030-11-09 11:00:00,5424.69765,0.46882,0.66142,0.54851,0.07309
2030-11-09 12:00:00,5380.83967,0.41134,0.66142,0.57231,0.0914
2030-11-09 13:00:00,5336.9817,0.39577,0.66142,0.57511,0.07898
2030-11-09 14:00:00,5293.12372,0.36977,0.66142,0.58314,0.08403
2030-11-09 15:00:00,5336.9817,0.42134,0.66142,0.5623,0.05534
2030-11-09 16:00:00,5556.27157,0.48197,0.66142,0.55693,0.04903
2030-11-09 17:00:00,5819.41941,0.62427,0.82677,0.51563,0.0
2030-11-09 18:00:00,5819.41941,0.67107,0.82677,0.49218,0.0
2030-11-09 19:00:00,5643.98752,0.65796,0.82677,0.47875,0.0
2030-11-09 20:00:00,5424.69765,0.5321,0.82677,0.51681,0.0
2030-11-09 21:00:00,5205.40778,0.43551,0.66142,0.5402,0.0
2030-11-09 22:00:00,4986.1179,0.42989,0.66142,0.51802,0.0
2030-11-09 23:00:00,4766.82803,0.31396,0.66142,0.5511,0.0
2030-11-10 00:00:00,4624.47972,0.35637,0.66882,0.51363,0.0
2030-11-10 01:00:00,4491.52732,0.45161,0.66882,0.45075,0.0
2030-11-10 02:00:00,4402.89238,0.41084,0.66882,0.46107,0.0
2030-11-10 03:00:00,4358.57491,0.53555,0.66882,0.39354,0.0
2030-11-10 04:00:00,4358.57491,0.54364,0.66882,0.38948,0.0
2030-11-10 05:00:00,4447.20985,0.60388,0.66882,0.36941,0.0
2030-11-10 06:00:00,4713.11466,0.69374,0.66882,0.35469,0.0
2030-11-10 07:00:00,5111.97187,0.59282,0.66882,0.45073,0.0
2030-11-10 08:00:00,5422.19415,0.56258,0.66882,0.50125,0.01769
2030-11-10 09:00:00,5510.82909,0.44425,0.66882,0.57064,0.0476
2030-11-10 10:00:00,5510.82909,0.44151,0.66882,0.57201,0.07735
2030-11-10 11:00:00,5466.51162,0.37333,0.66882,0.60113,0.13865
2030-11-10 12:00:00,5422.19415,0.4391,0.66882,0.56312,0.15665
2030-11-10 13:00:00,5377.87669,0.51081,0.66882,0.52214,0.15472
2030-11-10 14:00:00,5333.55922,0.52404,0.66882,0.51046,0.10595
2030-11-10 15:00:00,5377.87669,0.50697,0.66882,0.52406,0.15405
2030-11-10 16:00:00,5599.46403,0.39696,0.66882,0.60445,0.05287
2030-11-10 17:00:00,5865.36884,0.43302,0.83602,0.61669,0.0
2030-11-10 18:00:00,5865.36884,0.42995,0.83602,0.61823,0.0
2030-11-10 19:00:00,5688.09896,0.391,0.83602,0.61753,0.0
2030-11-10 20:00:00,5466.51162,0.36292,0.83602,0.60634,0.0
2030-11-10 21:00:00,5244.92428,0.32726,0.66882,0.59895,0.0
2030-11-10 22:00:00,5023.33694,0.29145,0.66882,0.59163,0.0
2030-11-10 23:00:00,4801.7496,0.27132,0.66882,0.57645,0.0
2030-11-11 00:00:00,5020.97341,0.32489,0.67616,0.5746,0.0
2030-11-11 01:00:00,4871.50043,0.36785,0.67616,0.53603,0.0
2030-11-11 02:00:00,4771.85178,0.50308,0.67616,0.45692,0.0
2030-11-11 03:00:00,4722.02746,0.45251,0.67616,0.47658,0.0
2030-11-11 04:00:00,4722.02746,0.53379,0.67616,0.43585,0.0
2030-11-11 05:00:00,4821.67611,0.61339,0.67616,0.40733,0.0
2030-11-11 06:00:00,5120.62206,0.71194,0.67616,0.39203,0.0
2030-11-11 07:00:00,5569.04098,0.68375,0.67616,0.45728,0.0
2030-11-11 08:00:00,5917.81126,0.68334,0.67616,0.49725,0.01532
2030-11-11 09:00:00,6017.45991,0.6304,0.67616,0.53514,0.07962
2030-11-11 10:00:00,6017.45991,0.67501,0.67616,0.51278,0.16961
2030-11-11 11:00:00,5967.63558,0.596,0.67616,0.54669,0.18348
2030-11-11 12:00:00,5917.81126,0.48691,0.67616,0.59567,0.26272
2030-11-11 13:00:00,5867.98693,0.45121,0.67616,0.60787,0.17172
2030-11-11 14:00:00,5818.16261,0.4116,0.67616,0.62204,0.2019
2030-11-11 15:00:00,5867.98693,0.39784,0.67616,0.63461,0.17322
2030-11-11 16:00:00,6117.10856,0.55402,0.67616,0.58477,0.06922
2030-11-11 17:00:00,6416.05451,0.51707,0.8452,0.63736,0.0
2030-11-11 18:00:00,6416.05451,0.67241,0.8452,0.55953,0.0
2030-11-11 19:00:00,6216.75721,0.66841,0.8452,0.53882,0.0
2030-11-11 20:00:00,5967.63558,0.7758,0.8452,0.45661,0.0
2030-11-11 21:00:00,5718.51396,0.82439,0.67616,0.40386,0.0
2030-11-11 22:00:00,5469.39233,0.83628,0.67616,0.3695,0.0
2030-11-11 23:00:00,5220.27071,0.83523,0.67616,0.34163,0.0
2030-11-12 00:00:00,5093.14995,0.8042,0.68344,0.34268,0.0
2030-11-12 01:00:00,4940.66962,0.80987,0.68344,0.32245,0.0
2030-11-12 02:00:00,4839.01606,0.7916,0.68344,0.32002,0.0
2030-11-12 03:00:00,4788.18929,0.61962,0.68344,0.40039,0.0
2030-11-12 04:00:00,4788.18929,0.57122,0.68344,0.42464,0.0
2030-11-12 05:00:00,4889.84284,0.65994,0.68344,0.39178,0.0
2030-11-12 06:00:00,5194.8035,0.76851,0.68344,0.37215,0.0
2030-11-12 07:00:00,5652.2445,0.71673,0.68344,0.45024,0.0
2030-11-12 08:00:00,6008.03194,0.66499,0.68344,0.51673,0.03188
2030-11-12 09:00:00,6109.68549,0.72503,0.68344,0.49824,0.10938
2030-11-12 10:00:00,6109.68549,0.7303,0.68344,0.4956,0.23687
2030-11-12 11:00:00,6058.85872,0.74877,0.68344,0.48055,0.3543
2030-11-12 12:00:00,6008.03194,0.73041,0.68344,0.48395,0.30695
2030-11-12 13:00:00,5957.20516,0.78155,0.68344,0.45254,0.20856
2030-11-12 14:00:00,5906.37838,0.78905,0.68344,0.44298,0.1919
2030-11-12 15:00:00,5957.20516,0.8495,0.68344,0.41849,0.16975
2030-11-12 16:00:00,6211.33905,0.85616,0.68344,0.44413,0.06814
2030-11-12 17:00:00,6516.29971,0.85186,0.8543,0.48105,0.0
2030-11-12 18:00:00,6516.29971,0.84859,0.8543,0.48269,0.0
2030-11-12 19:00:00,6312.9926,0.82084,0.8543,0.47341,0.0
2030-11-12 20:00:00,6058.85872,0.81108,0.8543,0.44933,0.0
2030-11-12 21:00:00,5804.72483,0.82724,0.68344,0.41226,0.0
2030-11-12 22:00:00,5550.59094,0.84982,0.68344,0.37197,0.0
2030-11-12 23:00:00,5296.45706,0.83885,0.68344,0.3485,0.0
2030-11-13 00:00:00,5244.36579,0.8551,0.69066,0.33441,0.0
2030-11-13 01:00:00,5085.5848,0.86256,0.69066,0.31258,0.0
2030-11-13 02:00:00,4979.73081,0.85535,0.69066,0.30412,0.0
2030-11-13 03:00:00,4926.80381,0.85067,0.69066,0.30043,0.0
2030-11-13 04:00:00,4926.80381,0.78799,0.69066,0.33184,0.0
2030-11-13 05:00:00,5032.6578,0.70168,0.69066,0.38715,0.0
2030-11-13 06:00:00,5350.21979,0.55181,0.69066,0.49844,0.0
2030-11-13 07:00:00,5826.56276,0.64649,0.69066,0.50531,0.0
2030-11-13 08:00:00,6197.05174,0.50494,0.69066,0.61847,0.01705
2030-11-13 09:00:00,6302.90573,0.51927,0.69066,0.62336,0.05506
2030-11-13 10:00:00,6302.90573,0.51658,0.69066,0.62471,0.13159
2030-11-13 11:00:00,6249.97874,0.59517,0.69066,0.5793,0.16621
2030-11-13 12:00:00,6197.05174,0.72739,0.69066,0.50701,0.22593
2030-11-13 13:00:00,6144.12474,0.7821,0.69066,0.47357,0.07389
2030-11-13 14:00:00,6091.19775,0.7959,0.69066,0.46062,0.0744
2030-11-13 15:00:00,6144.12474,0.72177,0.69066,0.5038,0.07394
2030-11-13 16:00:00,6408.75973,0.63488,0.69066,0.5775,0.01745
2030-11-13 17:00:00,6726.32171,0.61232,0.86332,0.62501,0.0
2030-11-13 18:00:00,6726.32171,0.56806,0.86332,0.64718,0.0
2030-11-13 19:00:00,6514.61372,0.67128,0.86332,0.57133,0.0
2030-11-13 20:00:00,6249.97874,0.59024,0.86332,0.58177,0.0
2030-11-13 21:00:00,5985.34375,0.58233,0.69066,0.55556,0.0
2030-11-13 22:00:00,5720.70877,0.54512,0.69066,0.54403,0.0
2030-11-13 23:00:00,5456.07378,0.5042,0.69066,0.53436,0.0
2030-11-14 00:00:00,5156.55535,0.44711,0.69781,0.52882,0.0
2030-11-14 01:00:00,5001.43313,0.38174,0.69781,0.54389,0.0
2030-11-14 02:00:00,4898.01831,0.28145,0.69781,0.58235,0.0
2030-11-14 03:00:00,4846.31091,0.25616,0.69781,0.58912,0.0
2030-11-14 04:00:00,4846.31091,0.28851,0.69781,0.57292,0.0
2030-11-14 05:00:00,4949.72572,0.24749,0.69781,0.60526,0.0
2030-11-14 06:00:00,5259.97017,0.40297,0.69781,0.56273,0.0
2030-11-14 07:00:00,5725.33684,0.46324,0.69781,0.58558,0.0
2030-11-14 08:00:00,6087.28869,0.50265,0.69781,0.60711,0.03113
2030-11-14 09:00:00,6190.70351,0.39858,0.69781,0.67104,0.14284
2030-11-14 10:00:00,6190.70351,0.43594,0.69781,0.65232,0.14997
2030-11-14 11:00:00,6138.9961,0.5157,0.69781,0.60646,0.17879
2030-11-14 12:00:00,6087.28869,0.55843,0.69781,0.57916,0.18905
2030-11-14 13:00:00,6035.58128,0.51898,0.69781,0.59303,0.20761
2030-11-14 14:00:00,5983.87387,0.3654,0.69781,0.66408,0.17808
2030-11-14 15:00:00,6035.58128,0.50374,0.69781,0.60066,0.10048
2030-11-14 16:00:00,6294.11832,0.4315,0.69781,0.66633,0.06958
2030-11-14 17:00:00,6604.36277,0.30118,0.87227,0.767,0.0
2030-11-14 18:00:00,6604.36277,0.28372,0.87227,0.77575,0.0
2030-11-14 19:00:00,6397.53314,0.27934,0.87227,0.75436,0.0
2030-11-14 20:00:00,6138.9961,0.25689,0.87227,0.73613,0.0
2030-11-14 21:00:00,5880.45906,0.14686,0.69781,0.76178,0.0
2030-11-14 22:00:00,5621.92202,0.18019,0.69781,0.71561,0.0
2030-11-14 23:00:00,5363.38498,0.23437,0.69781,0.65899,0.0
2030-11-15 00:00:00,5297.81275,0.15121,0.7049,0.69318,0.0
2030-11-15 01:00:00,5136.80481,0.16593,0.7049,0.66745,0.0
2030-11-15 02:00:00,5029.46617,0.15714,0.7049,0.65961,0.0
2030-11-15 03:00:00,4975.79686,0.19511,0.7049,0.63447,0.0
2030-11-15 04:00:00,4975.79686,0.17146,0.7049,0.64632,0.0
2030-11-15 05:00:00,5083.13549,0.25094,0.7049,0.61874,0.0
2030-11-15 06:00:00,5405.15139,0.35173,0.7049,0.60495,0.0
2030-11-15 07:00:00,5888.17523,0.37035,0.7049,0.65069,0.0
2030-11-15 08:00:00,6263.86044,0.48118,0.7049,0.63799,0.00984
2030-11-15 09:00:00,6371.19908,0.45209,0.7049,0.6648,0.07104
2030-11-15 10:00:00,6371.19908,0.40006,0.7049,0.69087,0.10082
2030-11-15 11:00:00,6317.52976,0.30234,0.7049,0.73372,0.19786
2030-11-15 12:00:00,6263.86044,0.37451,0.7049,0.69144,0.26642
2030-11-15 13:00:00,6210.19113,0.45857,0.7049,0.6432,0.30718
2030-11-15 14:00:00,6156.52181,0.38451,0.7049,0.67419,0.28257
2030-11-15 15:00:00,6210.19113,0.31474,0.7049,0.71526,0.25215
2030-11-15 16:00:00,6478.53771,0.19692,0.7049,0.80489,0.16388
2030-11-15 17:00:00,6800.5536,0.21718,0.88113,0.83145,0.0
2030-11-15 18:00:00,6800.5536,0.19692,0.88113,0.8416,0.0
2030-11-15 19:00:00,6585.87634,0.19709,0.88113,0.81704,0.0
2030-11-15 20:00:00,6317.52976,0.28352,0.88113,0.74315,0.0
2030-11-15 21:00:00,6049.18318,0.25539,0.7049,0.72664,0.0
2030-11-15 22:00:00,5780.8366,0.21452,0.7049,0.71653,0.0
2030-11-15 23:00:00,5512.49002,0.1977,0.7049,0.69436,0.0
2030-11-16 00:00:00,4673.80592,0.27789,0.71192,0.55857,0.0
2030-11-16 01:00:00,4538.79825,0.2381,0.71192,0.56311,0.0
2030-11-16 02:00:00,4448.79314,0.15346,0.71192,0.59526,0.0
2030-11-16 03:00:00,4403.79059,0.10752,0.71192,0.61315,0.0
2030-11-16 04:00:00,4403.79059,0.07865,0.71192,0.62761,0.0
2030-11-16 05:00:00,4493.7957,0.11147,0.71192,0.62143,0.0
2030-11-16 06:00:00,4763.81103,0.09589,0.71192,0.66002,0.0
2030-11-16 07:00:00,5168.83402,0.12338,0.71192,0.69242,0.0
2030-11-16 08:00:00,5483.8519,0.14187,0.71192,0.71907,0.02655
2030-11-16 09:00:00,5573.85701,0.15769,0.71192,0.7214,0.12342
2030-11-16 10:00:00,5573.85701,0.20196,0.71192,0.69922,0.15832
2030-11-16 11:00:00,5528.85445,0.15692,0.71192,0.71666,0.1778
2030-11-16 12:00:00,5483.8519,0.26124,0.71192,0.65926,0.17179
2030-11-16 13:00:00,5438.84934,0.52524,0.71192,0.52186,0.11576
2030-11-16 14:00:00,5393.84679,0.5919,0.71192,0.48333,0.09494
2030-11-16 15:00:00,5438.84934,0.62972,0.71192,0.46951,0.09893
2030-11-16 16:00:00,5663.86211,0.43652,0.71192,0.59196,0.05761
2030-11-16 17:00:00,5933.87744,0.52408,0.8899,0.57888,0.0
2030-11-16 18:00:00,5933.87744,0.3902,0.8899,0.64596,0.0
2030-11-16 19:00:00,5753.86722,0.42456,0.8899,0.60822,0.0
2030-11-16 20:00:00,5528.85445,0.6049,0.8899,0.49221,0.0
2030-11-16 21:00:00,5303.84168,0.54222,0.71192,0.49796,0.0
2030-11-16 22:00:00,5078.82891,0.68604,0.71192,0.40025,0.0
2030-11-16 23:00:00,4853.81613,0.74477,0.71192,0.34517,0.0
2030-11-17 00:00:00,4624.99404,0.69674,0.71887,0.34315,0.0
2030-11-17 01:00:00,4492.0202,0.68763,0.71887,0.33255,0.0
2030-11-17 02:00:00,4403.37098,0.74143,0.71887,0.29549,0.0
2030-11-17 03:00:00,4359.04637,0.82126,0.71887,0.25044,0.0
2030-11-17 04:00:00,4359.04637,0.85338,0.71887,0.23435,0.0
2030-11-17 05:00:00,4447.69559,0.8573,0.71887,0.24249,0.0
2030-11-17 06:00:00,4713.64326,0.86219,0.71887,0.27036,0.0
2030-11-17 07:00:00,5112.56477,0.86758,0.71887,0.31314,0.0
2030-11-17 08:00:00,5422.83705,0.87736,0.71887,0.34361,0.00077
2030-11-17 09:00:00,5511.48627,0.88191,0.71887,0.35144,0.11996
2030-11-17 10:00:00,5511.48627,0.84242,0.71887,0.37122,0.26423
2030-11-17 11:00:00,5467.16166,0.8514,0.71887,0.36167,0.24843
2030-11-17 12:00:00,5422.83705,0.81211,0.71887,0.3763,0.19166
2030-11-17 13:00:00,5378.51244,0.82825,0.71887,0.36316,0.13302
2030-11-17 14:00:00,5334.18782,0.80848,0.71887,0.36802,0.08933
2030-11-17 15:00:00,5378.51244,0.7756,0.71887,0.38954,0.06909
2030-11-17 16:00:00,5600.1355,0.73157,0.71887,0.43687,0.03624
2030-11-17 17:00:00,5866.08317,0.72328,0.89858,0.47134,0.0
2030-11-17 18:00:00,5866.08317,0.67346,0.89858,0.4963,0.0
2030-11-17 19:00:00,5688.78472,0.64655,0.89858,0.48957,0.0
2030-11-17 20:00:00,5467.16166,0.67673,0.89858,0.44919,0.0
2030-11-17 21:00:00,5245.5386,0.72226,0.71887,0.40111,0.0
2030-11-17 22:00:00,5023.91554,0.77071,0.71887,0.35156,0.0
2030-11-17 23:00:00,4802.29248,0.75444,0.71887,0.33445,0.0
2030-11-18 00:00:00,4993.97174,0.65984,0.72574,0.4037,0.0
2030-11-18 01:00:00,4845.62383,0.61104,0.72574,0.41124,0.0
2030-11-18 02:00:00,4746.72523,0.63359,0.72574,0.38867,0.0
2030-11-18 03:00:00,4697.27593,0.72418,0.72574,0.33764,0.0
2030-11-18 04:00:00,4697.27593,0.6919,0.72574,0.35381,0.0
2030-11-18 05:00:00,4796.17453,0.74864,0.72574,0.33666,0.0
2030-11-18 06:00:00,5092.87034,0.73352,0.72574,0.37806,0.0
2030-11-18 07:00:00,5537.91406,0.76285,0.72574,0.41411,0.0
2030-11-18 08:00:00,5884.05917,0.78805,0.72574,0.44094,0.00037
2030-11-18 09:00:00,5982.95778,0.70669,0.72574,0.49298,0.10154
2030-11-18 10:00:00,5982.95778,0.64301,0.72574,0.52489,0.17373
2030-11-18 11:00:00,5933.50848,0.58,0.72574,0.55082,0.18945
2030-11-18 12:00:00,5884.05917,0.5668,0.72574,0.55179,0.26517
2030-11-18 13:00:00,5834.60987,0.53953,0.72574,0.55982,0.30061
2030-11-18 14:00:00,5785.16057,0.38375,0.72574,0.63223,0.31662
2030-11-18 15:00:00,5834.60987,0.29175,0.72574,0.68396,0.27023
2030-11-18 16:00:00,6081.85638,0.22362,0.72574,0.74629,0.11922
2030-11-18 17:00:00,6378.55219,0.18851,0.90718,0.79771,0.0
2030-11-18 18:00:00,6378.55219,0.36965,0.90718,0.70695,0.0
2030-11-18 19:00:00,6180.75499,0.51759,0.90718,0.61028,0.0
2030-11-18 20:00:00,5933.50848,0.49015,0.90718,0.59584,0.0
2030-11-18 21:00:00,5686.26197,0.5131,0.72574,0.55615,0.0
2030-11-18 22:00:00,5439.01546,0.43512,0.72574,0.56703,0.0
2030-11-18 23:00:00,5191.76895,0.27726,0.72574,0.61794,0.0
2030-11-19 00:00:00,5146.25124,0.39588,0.73254,0.55331,0.0
2030-11-19 01:00:00,4991.55836,0.34852,0.73254,0.5594,0.0
2030-11-19 02:00:00,4888.42977,0.31268,0.73254,0.56561,0.0
2030-11-19 03:00:00,4836.86547,0.24415,0.73254,0.59406,0.0
2030-11-19 04:00:00,4836.86547,0.19268,0.73254,0.61985,0.0
2030-11-19 05:00:00,4939.99406,0.15115,0.73254,0.65242,0.0
2030-11-19 06:00:00,5249.37983,0.09856,0.73254,0.71404,0.0
2030-11-19 07:00:00,5713.45849,0.1928,0.73254,0.71973,0.0
2030-11-19 08:00:00,6074.40855,0.14432,0.73254,0.78517,1e-05
2030-11-19 09:00:00,6177.53714,0.1113,0.73254,0.81347,0.04928
2030-11-19 10:00:00,6177.53714,0.12042,0.73254,0.8089,0.11142
2030-11-19 11:00:00,6125.97285,0.11974,0.73254,0.80337,0.11292
2030-11-19 12:00:00,6074.40855,0.0833,0.73254,0.81575,0.15175
2030-11-19 13:00:00,6022.84426,0.18897,0.73254,0.75692,0.1749
2030-11-19 14:00:00,5971.27996,0.15817,0.73254,0.76647,0.2268
2030-11-19 15:00:00,6022.84426,0.11145,0.73254,0.79576,0.17956
2030-11-19 16:00:00,6280.66573,0.15841,0.73254,0.80162,0.083
2030-11-19 17:00:00,6590.0515,0.16594,0.91567,0.83312,0.0
2030-11-19 18:00:00,6590.0515,0.12973,0.91567,0.85127,0.0
2030-11-19 19:00:00,6383.79432,0.13339,0.91567,0.82592,0.0
2030-11-19 20:00:00,6125.97285,0.06095,0.91567,0.83282,0.0
2030-11-19 21:00:00,5868.15137,0.08544,0.73254,0.79115,0.0
2030-11-19 22:00:00,5610.3299,0.04006,0.73254,0.7845,0.0
2030-11-19 23:00:00,5352.50842,0.09267,0.73254,0.72874,0.0
2030-11-20 00:00:00,5172.53205,0.08087,0.73926,0.71414,0.0
2030-11-20 01:00:00,5016.74414,0.05044,0.73926,0.71163,0.0
2030-11-20 02:00:00,4912.88552,0.0342,0.73926,0.70792,0.0
2030-11-20 03:00:00,4860.95622,0.06238,0.73926,0.68788,0.0
2030-11-20 04:00:00,4860.95622,0.09424,0.73926,0.67192,0.0
2030-11-20 05:00:00,4964.81483,0.06981,0.73926,0.696,0.0
2030-11-20 06:00:00,5276.39067,0.09938,0.73926,0.71671,0.0
2030-11-20 07:00:00,5743.75442,0.06871,0.73926,0.78536,0.0
2030-11-20 08:00:00,6107.25957,0.05583,0.73926,0.83325,0.0
2030-11-20 09:00:00,6211.11818,0.02239,0.73926,0.86185,0.12398
2030-11-20 10:00:00,6211.11818,0.02909,0.73926,0.85849,0.15585
2030-11-20 11:00:00,6159.18887,0.02469,0.73926,0.85477,0.12072
2030-11-20 12:00:00,6107.25957,0.04203,0.73926,0.84017,0.15722
2030-11-20 13:00:00,6055.33026,0.05377,0.73926,0.82836,0.17489
2030-11-20 14:00:00,6003.40096,0.12315,0.73926,0.78768,0.21525
2030-11-20 15:00:00,6055.33026,0.14408,0.73926,0.78311,0.17435
2030-11-20 16:00:00,6314.97679,0.21408,0.73926,0.77765,0.10185
2030-11-20 17:00:00,6626.55263,0.22411,0.92408,0.80814,0.0
2030-11-20 18:00:00,6626.55263,0.15722,0.92408,0.84165,0.0
2030-11-20 19:00:00,6418.83541,0.14057,0.92408,0.82632,0.0
2030-11-20 20:00:00,6159.18887,0.19884,0.92408,0.76752,0.0
2030-11-20 21:00:00,5899.54234,0.4701,0.73926,0.60201,0.0
2030-11-20 22:00:00,5639.89581,0.52269,0.73926,0.54606,0.0
2030-11-20 23:00:00,5380.24928,0.52067,0.73926,0.51747,0.0
2030-11-21 00:00:00,5365.75753,0.47295,0.7459,0.53973,0.0
2030-11-21 01:00:00,5201.91855,0.51324,0.7459,0.50086,0.0
2030-11-21 02:00:00,5092.69256,0.42703,0.7459,0.5316,0.0
2030-11-21 03:00:00,5038.07957,0.31772,0.7459,0.58014,0.0
2030-11-21 04:00:00,5038.07957,0.35113,0.7459,0.5634,0.0
2030-11-21 05:00:00,5147.30556,0.37459,0.7459,0.5641,0.0
2030-11-21 06:00:00,5474.98352,0.25605,0.7459,0.66085,0.0
2030-11-21 07:00:00,5966.50046,0.23429,0.7459,0.72779,0.0
2030-11-21 08:00:00,6348.79141,0.19746,0.7459,0.78983,0.0
2030-11-21 09:00:00,6458.0174,0.174,0.7459,0.81404,0.04791
2030-11-21 10:00:00,6458.0174,0.25203,0.7459,0.77494,0.08437
2030-11-21 11:00:00,6403.40441,0.36189,0.7459,0.71367,0.08194
2030-11-21 12:00:00,6348.79141,0.2297,0.7459,0.77368,0.09076
2030-11-21 13:00:00,6294.17842,0.30654,0.7459,0.72895,0.07305
2030-11-21 14:00:00,6239.56542,0.15822,0.7459,0.79704,0.0578
2030-11-21 15:00:00,6294.17842,0.26609,0.7459,0.74922,0.05041
2030-11-21 16:00:00,6567.24339,0.29431,0.7459,0.76621,0.00905
2030-11-21 17:00:00,6894.92135,0.17784,0.93238,0.86192,0.0
2030-11-21 18:00:00,6894.92135,0.05961,0.93238,0.92116,0.0
2030-11-21 19:00:00,6676.46937,0.06934,0.93238,0.89138,0.0
2030-11-21 20:00:00,6403.40441,0.04582,0.93238,0.87203,0.0
2030-11-21 21:00:00,6130.33944,0.041,0.7459,0.84331,0.0
2030-11-21 22:00:00,5857.27447,0.03477,0.7459,0.8153,0.0
2030-11-21 23:00:00,5584.2095,0.03531,0.7459,0.7839,0.0
2030-11-22 00:00:00,5313.61234,0.04123,0.75247,0.75008,0.0
2030-11-22 01:00:00,5151.94608,0.03604,0.75247,0.73425,0.0
2030-11-22 02:00:00,5044.16857,0.04815,0.75247,0.7159,0.0
2030-11-22 03:00:00,4990.27981,0.03653,0.75247,0.71558,0.0
2030-11-22 04:00:00,4990.27981,0.06066,0.75247,0.70349,0.0
2030-11-22 05:00:00,5098.05732,0.10461,0.75247,0.69375,0.0
2030-11-22 06:00:00,5421.38985,0.10693,0.75247,0.72945,0.0
2030-11-22 07:00:00,5906.38864,0.26575,0.75247,0.70518,0.0
2030-11-22 08:00:00,6283.60993,0.3046,0.75247,0.72871,0.0
2030-11-22 09:00:00,6391.38744,0.55011,0.75247,0.618,0.05226
2030-11-22 10:00:00,6391.38744,0.54918,0.75247,0.61846,0.08933
2030-11-22 11:00:00,6337.49868,0.61932,0.75247,0.57718,0.12748
2030-11-22 12:00:00,6283.60993,0.71777,0.75247,0.52171,0.11773
2030-11-22 13:00:00,6229.72117,0.73949,0.75247,0.50468,0.10573
2030-11-22 14:00:00,6175.83242,0.77741,0.75247,0.47954,0.09355
2030-11-22 15:00:00,6229.72117,0.76941,0.75247,0.48969,0.03763
2030-11-22 16:00:00,6499.16495,0.81226,0.75247,0.49894,0.01958
2030-11-22 17:00:00,6822.49747,0.71706,0.94058,0.5835,0.0
2030-11-22 18:00:00,6822.49747,0.68146,0.94058,0.60134,0.0
2030-11-22 19:00:00,6606.94246,0.7321,0.94058,0.55139,0.0
2030-11-22 20:00:00,6337.49868,0.7836,0.94058,0.49487,0.0
2030-11-22 21:00:00,6068.05491,0.82451,0.75247,0.44365,0.0
2030-11-22 22:00:00,5798.61113,0.77005,0.75247,0.44022,0.0
2030-11-22 23:00:00,5529.16736,0.82495,0.75247,0.38199,0.0
2030-11-23 00:00:00,4791.24529,0.7522,0.75894,0.33431,0.0
2030-11-23 01:00:00,4651.34432,0.77987,0.75894,0.3045,0.0
2030-11-23 02:00:00,4558.07701,0.84848,0.75894,0.25949,0.0
2030-11-23 03:00:00,4511.44335,0.87183,0.75894,0.24248,0.0
2030-11-23 04:00:00,4511.44335,0.85251,0.75894,0.25216,0.0
2030-11-23 05:00:00,4604.71067,0.82846,0.75894,0.27484,0.0
2030-11-23 06:00:00,4884.51261,0.82857,0.75894,0.30668,0.0
2030-11-23 07:00:00,5304.21552,0.85973,0.75894,0.33892,0.0
2030-11-23 08:00:00,5630.65112,0.79969,0.75894,0.40622,0.0
2030-11-23 09:00:00,5723.91843,0.81978,0.75894,0.40679,0.04307
2030-11-23 10:00:00,5723.91843,0.78143,0.75894,0.426,0.06928
2030-11-23 11:00:00,5677.28477,0.6915,0.75894,0.46574,0.1262
2030-11-23 12:00:00,5630.65112,0.78186,0.75894,0.41515,0.12888
2030-11-23 13:00:00,5584.01746,0.81764,0.75894,0.39191,0.098
2030-11-23 14:00:00,5537.3838,0.81763,0.75894,0.38659,0.07677
2030-11-23 15:00:00,5584.01746,0.75655,0.75894,0.42252,0.07292
2030-11-23 16:00:00,5817.18575,0.73748,0.75894,0.45866,0.03057
2030-11-23 17:00:00,6096.98769,0.80753,0.94868,0.45546,0.0
2030-11-23 18:00:00,6096.98769,0.80331,0.94868,0.45757,0.0
2030-11-23 19:00:00,5910.45306,0.76553,0.94868,0.45523,0.0
2030-11-23 20:00:00,5677.28477,0.79701,0.94868,0.41288,0.0
2030-11-23 21:00:00,5444.11649,0.81518,0.75894,0.37719,0.0
2030-11-23 22:00:00,5210.94821,0.81482,0.75894,0.35079,0.0
2030-11-23 23:00:00,4977.77992,0.82954,0.75894,0.31683,0.0
2030-11-24 00:00:00,4761.67515,0.78664,0.76534,0.31369,0.0
2030-11-24 01:00:00,4623.00627,0.75421,0.76534,0.31412,0.0
2030-11-24 02:00:00,4530.56035,0.67819,0.76534,0.34168,0.0
2030-11-24 03:00:00,4484.33739,0.79209,0.76534,0.27934,0.0
2030-11-24 04:00:00,4484.33739,0.80019,0.76534,0.27528,0.0
2030-11-24 05:00:00,4576.78331,0.79486,0.76534,0.28849,0.0
2030-11-24 06:00:00,4854.12107,0.73869,0.76534,0.34825,0.0
2030-11-24 07:00:00,5270.12771,0.77005,0.76534,0.37997,0.0
2030-11-24 08:00:00,5593.68844,0.78931,0.76534,0.40721,0.0
2030-11-24 09:00:00,5686.13436,0.81314,0.76534,0.40581,0.10673
2030-11-24 10:00:00,5686.13436,0.65322,0.76534,0.48593,0.17403
2030-11-24 11:00:00,5639.9114,0.6053,0.76534,0.50467,0.26912
2030-11-24 12:00:00,5593.68844,0.69291,0.76534,0.4555,0.24852
2030-11-24 13:00:00,5547.46548,0.69118,0.76534,0.4511,0.13794
2030-11-24 14:00:00,5501.24252,0.68757,0.76534,0.44764,0.1322
2030-11-24 15:00:00,5547.46548,0.73325,0.76534,0.43002,0.13259
2030-11-24 16:00:00,5778.58028,0.76477,0.76534,0.44058,0.08327
2030-11-24 17:00:00,6055.91804,0.79351,0.95667,0.4578,0.0
2030-11-24 18:00:00,6055.91804,0.82119,0.95667,0.44393,0.0
2030-11-24 19:00:00,5871.0262,0.65755,0.95667,0.50484,0.0
2030-11-24 20:00:00,5639.9114,0.72488,0.95667,0.44476,0.0
2030-11-24 21:00:00,5408.79659,0.78053,0.76534,0.39053,0.0
2030-11-24 22:00:00,5177.68179,0.72456,0.76534,0.39222,0.0
2030-11-24 23:00:00,4946.56699,0.60755,0.76534,0.4245,0.0
2030-11-25 00:00:00,5240.77491,0.60949,0.77164,0.45706,0.0
2030-11-25 01:00:00,5082.14354,0.66861,0.77164,0.40936,0.0
2030-11-25 02:00:00,4976.38929,0.64559,0.77164,0.40884,0.0
2030-11-25 03:00:00,4923.51217,0.53846,0.77164,0.45648,0.0
2030-11-25 04:00:00,4923.51217,0.50629,0.77164,0.4726,0.0
2030-11-25 05:00:00,5029.26642,0.45774,0.77164,0.50898,0.0
2030-11-25 06:00:00,5346.52916,0.42259,0.77164,0.56276,0.0
2030-11-25 07:00:00,5822.42328,0.43316,0.77164,0.61172,0.0
2030-11-25 08:00:00,6192.56314,0.22263,0.77164,0.75941,0.0
2030-11-25 09:00:00,6298.31739,0.24977,0.77164,0.75787,0.0476
2030-11-25 10:00:00,6298.31739,0.23345,0.77164,0.76604,0.07292
2030-11-25 11:00:00,6245.44027,0.1915,0.77164,0.78103,0.0776
2030-11-25 12:00:00,6192.56314,0.13051,0.77164,0.80556,0.12007
2030-11-25 13:00:00,6139.68602,0.11884,0.77164,0.80538,0.07298
2030-11-25 14:00:00,6086.80889,0.14564,0.77164,0.78592,0.05186
2030-11-25 15:00:00,6139.68602,0.27728,0.77164,0.726,0.03922
2030-11-25 16:00:00,6404.07164,0.34468,0.77164,0.72237,0.02906
2030-11-25 17:00:00,6721.33438,0.35573,0.96455,0.753,0.0
2030-11-25 18:00:00,6721.33438,0.35107,0.96455,0.75534,0.0
2030-11-25 19:00:00,6509.82589,0.41702,0.96455,0.69818,0.0
2030-11-25 20:00:00,6245.44027,0.3681,0.96455,0.69255,0.0
2030-11-25 21:00:00,5981.05465,0.48884,0.77164,0.60191,0.0
2030-11-25 22:00:00,5716.66903,0.46517,0.77164,0.58363,0.0
2030-11-25 23:00:00,5452.28341,0.52529,0.77164,0.52336,0.0
2030-11-26 00:00:00,5267.77745,0.34706,0.77786,0.59163,0.0
2030-11-26 01:00:00,5108.02097,0.25753,0.77786,0.61827,0.0
2030-11-26 02:00:00,5001.51665,0.18585,0.77786,0.64205,0.0
2030-11-26 03:00:00,4948.26449,0.21255,0.77786,0.6226,0.0
2030-11-26 04:00:00,4948.26449,0.24903,0.77786,0.60432,0.0
2030-11-26 05:00:00,5054.76881,0.2589,0.77786,0.61152,0.0
2030-11-26 06:00:00,5374.28177,0.31413,0.77786,0.62027,0.0
2030-11-26 07:00:00,5853.5512,0.36376,0.77786,0.65005,0.0
2030-11-26 08:00:00,6226.31631,0.3207,0.77786,0.71412,0.0
2030-11-26 09:00:00,6332.82063,0.28099,0.77786,0.74615,0.07859
2030-11-26 10:00:00,6332.82063,0.3352,0.77786,0.719,0.0556
2030-11-26 11:00:00,6279.56847,0.14843,0.77786,0.8065,0.04108
2030-11-26 12:00:00,6226.31631,0.11899,0.77786,0.81518,0.06062
2030-11-26 13:00:00,6173.06415,0.08888,0.77786,0.82419,0.055
2030-11-26 14:00:00,6119.81199,0.13173,0.77786,0.79665,0.0506
2030-11-26 15:00:00,6173.06415,0.12878,0.77786,0.8042,0.03924
2030-11-26 16:00:00,6439.32495,0.0952,0.77786,0.85138,0.00717
2030-11-26 17:00:00,6758.8379,0.07164,0.97233,0.89962,0.0
2030-11-26 18:00:00,6758.8379,0.13877,0.97233,0.86598,0.0
2030-11-26 19:00:00,6545.82927,0.10171,0.97233,0.86026,0.0
2030-11-26 20:00:00,6279.56847,0.19097,0.97233,0.78519,0.0
2030-11-26 21:00:00,6013.30768,0.20699,0.77786,0.7468,0.0
2030-11-26 22:00:00,5747.04688,0.17629,0.77786,0.73183,0.0
2030-11-26 23:00:00,5480.78608,0.15359,0.77786,0.71285,0.0
2030-11-27 00:00:00,5182.86474,0.10294,0.78399,0.70426,0.0
2030-11-27 01:00:00,5026.6463,0.0477,0.78399,0.71413,0.0
2030-11-27 02:00:00,4922.50066,0.05542,0.78399,0.69839,0.0
2030-11-27 03:00:00,4870.42785,0.04692,0.78399,0.6967,0.0
2030-11-27 04:00:00,4870.42785,0.05345,0.78399,0.69343,0.0
2030-11-27 05:00:00,4974.57348,0.0495,0.78399,0.70729,0.0
2030-11-27 06:00:00,5287.01038,0.09478,0.78399,0.72022,0.0
2030-11-27 07:00:00,5755.66572,0.12473,0.78399,0.75865,0.0
2030-11-27 08:00:00,6120.17543,0.07704,0.78399,0.8241,0.0
2030-11-27 09:00:00,6224.32106,0.09119,0.78399,0.82888,0.02049
2030-11-27 10:00:00,6224.32106,0.07224,0.78399,0.83838,0.06087
2030-11-27 11:00:00,6172.24825,0.04784,0.78399,0.84467,0.09614
2030-11-27 12:00:00,6120.17543,0.0395,0.78399,0.84291,0.09152
2030-11-27 13:00:00,6068.10261,0.03137,0.78399,0.84104,0.12772
2030-11-27 14:00:00,6016.0298,0.071,0.78399,0.81525,0.07364
2030-11-27 15:00:00,6068.10261,0.14133,0.78399,0.78595,0.09538
2030-11-27 16:00:00,6328.46669,0.16335,0.78399,0.8046,0.02652
2030-11-27 17:00:00,6640.90359,0.13371,0.97999,0.85507,0.0
2030-11-27 18:00:00,6640.90359,0.21251,0.97999,0.81559,0.0
2030-11-27 19:00:00,6432.61233,0.14725,0.97999,0.82454,0.0
2030-11-27 20:00:00,6172.24825,0.14034,0.97999,0.79832,0.0
2030-11-27 21:00:00,5911.88417,0.14594,0.78399,0.76583,0.0
2030-11-27 22:00:00,5651.52009,0.1949,0.78399,0.71161,0.0
2030-11-27 23:00:00,5391.15601,0.17499,0.78399,0.69191,0.0
2030-11-28 00:00:00,5278.14349,0.26202,0.79002,0.63542,0.0
2030-11-28 01:00:00,5117.95509,0.20338,0.79002,0.64653,0.0
2030-11-28 02:00:00,5011.16283,0.2144,0.79002,0.62884,0.0
2030-11-28 03:00:00,4957.7667,0.1311,0.79002,0.66449,0.0
2030-11-28 04:00:00,4957.7667,0.11668,0.79002,0.67171,0.0
2030-11-28 05:00:00,5064.55896,0.11203,0.79002,0.68622,0.0
2030-11-28 06:00:00,5384.93575,0.13338,0.79002,0.71204,0.0
2030-11-28 07:00:00,5865.50094,0.19245,0.79002,0.73724,0.0
2030-11-28 08:00:00,6239.27386,0.19741,0.79002,0.77737,0.0
2030-11-28 09:00:00,6346.06612,0.23306,0.79002,0.77168,0.02204
2030-11-28 10:00:00,6346.06612,0.24472,0.79002,0.76584,0.04709
2030-11-28 11:00:00,6292.66999,0.28125,0.79002,0.74145,0.10803
2030-11-28 12:00:00,6239.27386,0.30361,0.79002,0.72416,0.17372
2030-11-28 13:00:00,6185.87773,0.29083,0.79002,0.72447,0.13713
2030-11-28 14:00:00,6132.4816,0.23819,0.79002,0.74476,0.11663
2030-11-28 15:00:00,6185.87773,0.17427,0.79002,0.78287,0.08257
2030-11-28 16:00:00,6452.85839,0.1443,0.79002,0.82833,0.01493
2030-11-28 17:00:00,6773.23518,0.13759,0.98753,0.86821,0.0
2030-11-28 18:00:00,6773.23518,0.10563,0.98753,0.88423,0.0
2030-11-28 19:00:00,6559.65065,0.13384,0.98753,0.84574,0.0
2030-11-28 20:00:00,6292.66999,0.2186,0.98753,0.77284,0.0
2030-11-28 21:00:00,6025.68933,0.16871,0.79002,0.76739,0.0
2030-11-28 22:00:00,5758.70867,0.23084,0.79002,0.70583,0.0
2030-11-28 23:00:00,5491.72802,0.21901,0.79002,0.68132,0.0
2030-11-29 00:00:00,5277.63959,0.29397,0.79596,0.61935,0.0
2030-11-29 01:00:00,5117.47219,0.27882,0.79596,0.60868,0.0
2030-11-29 02:00:00,5010.69392,0.2525,0.79596,0.60969,0.0
2030-11-29 03:00:00,4957.30479,0.25818,0.79596,0.60076,0.0
2030-11-29 04:00:00,4957.30479,0.38587,0.79596,0.53679,0.0
2030-11-29 05:00:00,5064.08305,0.38316,0.79596,0.55032,0.0
2030-11-29 06:00:00,5384.41785,0.39743,0.79596,0.57969,0.0
2030-11-29 07:00:00,5864.92005,0.42806,0.79596,0.61912,0.0
2030-11-29 08:00:00,6238.64399,0.42298,0.79596,0.66428,0.0
2030-11-29 09:00:00,6345.42225,0.29654,0.79596,0.7398,0.12035
2030-11-29 10:00:00,6345.42225,0.29636,0.79596,0.73989,0.12468
2030-11-29 11:00:00,6292.03312,0.29573,0.79596,0.73412,0.1479
2030-11-29 12:00:00,6238.64399,0.2413,0.79596,0.7553,0.2236
2030-11-29 13:00:00,6185.25485,0.19184,0.79596,0.774,0.13489
2030-11-29 14:00:00,6131.86572,0.13186,0.79596,0.79796,0.16201
2030-11-29 15:00:00,6185.25485,0.08676,0.79596,0.82665,0.08612
2030-11-29 16:00:00,6452.20052,0.1211,0.79596,0.83987,0.02411
2030-11-29 17:00:00,6772.53532,0.12394,0.99495,0.87498,0.0
2030-11-29 18:00:00,6772.53532,0.12612,0.99495,0.87388,0.0
2030-11-29 19:00:00,6558.97878,0.31714,0.99495,0.75383,0.0
2030-11-29 20:00:00,6292.03312,0.34702,0.99495,0.70842,0.0
2030-11-29 21:00:00,6025.08745,0.27174,0.79596,0.7157,0.0
2030-11-29 22:00:00,5758.14179,0.17262,0.79596,0.73493,0.0
2030-11-29 23:00:00,5491.19612,0.11497,0.79596,0.73339,0.0
2030-11-30 00:00:00,4783.09461,0.12599,0.80181,0.64713,0.0
2030-11-30 01:00:00,4643.53326,0.13402,0.80181,0.6272,0.0
2030-11-30 02:00:00,4550.49235,0.10472,0.80181,0.63127,0.0
2030-11-30 03:00:00,4503.9719,0.11668,0.80181,0.61998,0.0
2030-11-30 04:00:00,4503.9719,0.10295,0.80181,0.62686,0.0
2030-11-30 05:00:00,4597.0128,0.09249,0.80181,0.6427,0.0
2030-11-30 06:00:00,4876.13552,0.12077,0.80181,0.66036,0.0
2030-11-30 07:00:00,5294.8196,0.0731,0.80181,0.73198,0.0
2030-11-30 08:00:00,5620.46277,0.09129,0.80181,0.75999,0.0
2030-11-30 09:00:00,5713.50367,0.05176,0.80181,0.7904,0.02045
2030-11-30 10:00:00,5713.50367,0.07126,0.80181,0.78063,0.05761
2030-11-30 11:00:00,5666.98322,0.04917,0.80181,0.78639,0.04207
2030-11-30 12:00:00,5620.46277,0.07409,0.80181,0.76861,0.06523
2030-11-30 13:00:00,5573.94232,0.06254,0.80181,0.76909,0.15818
2030-11-30 14:00:00,5527.42186,0.1062,0.80181,0.74191,0.12671
2030-11-30 15:00:00,5573.94232,0.09706,0.80181,0.75179,0.08762
2030-11-30 16:00:00,5806.54458,0.10618,0.80181,0.77374,0.03003
2030-11-30 17:00:00,6085.6673,0.19185,1.0,0.76264,0.0
2030-11-30 18:00:00,6085.6673,0.12629,1.0,0.79549,0.0
2030-11-30 19:00:00,5899.58549,0.11279,1.0,0.78104,0.0
2030-11-30 20:00:00,5666.98322,0.16706,1.0,0.72733,0.0
2030-11-30 21:00:00,5434.38096,0.17216,0.80181,0.69825,0.0
2030-11-30 22:00:00,5201.77869,0.13574,0.80181,0.68998,0.0
2030-11-30 23:00:00,4969.17643,0.13108,0.80181,0.6658,0.0
2030-12-01 00:00:00,4772.10189,0.14008,0.80755,0.63882,0.0
2030-12-01 01:00:00,4632.99857,0.17308,0.80755,0.60643,0.0
2030-12-01 02:00:00,4540.26301,0.18749,0.80755,0.58864,0.0
2030-12-01 03:00:00,4493.89524,0.23563,0.80755,0.55923,0.0
2030-12-01 04:00:00,4493.89524,0.21702,0.80755,0.56855,0.0
2030-12-01 05:00:00,4586.63079,0.21072,0.80755,0.58228,0.0
2030-12-01 06:00:00,4864.83745,0.25742,0.80755,0.5906,0.0
2030-12-01 07:00:00,5282.14743,0.24028,0.80755,0.64677,0.0
2030-12-01 08:00:00,5606.72187,0.31123,0.80755,0.64823,0.0
2030-12-01 09:00:00,5699.45742,0.32068,0.80755,0.65406,0.0174
2030-12-01 10:00:00,5699.45742,0.47762,0.80755,0.57543,0.03711
2030-12-01 11:00:00,5653.08964,0.50465,0.80755,0.5566,0.06248
2030-12-01 12:00:00,5606.72187,0.54931,0.80755,0.52894,0.08049
2030-12-01 13:00:00,5560.35409,0.50522,0.80755,0.54574,0.07906
2030-12-01 14:00:00,5513.98632,0.45127,0.80755,0.56749,0.10228
2030-12-01 15:00:00,5560.35409,0.56653,0.80755,0.51502,0.10657
2030-12-01 16:00:00,5792.19297,0.63153,0.80755,0.50889,0.06757
2030-12-01 17:00:00,6070.39963,0.62881,1.0,0.54197,0.0
2030-12-01 18:00:00,6070.39963,0.6677,1.0,0.52248,0.0
2030-12-01 19:00:00,5884.92853,0.71035,1.0,0.47997,0.0
2030-12-01 20:00:00,5653.08964,0.72882,1.0,0.44428,0.0
2030-12-01 21:00:00,5421.25076,0.5907,0.80755,0.48705,0.0
2030-12-01 22:00:00,5189.41188,0.51814,0.80755,0.49698,0.0
2030-12-01 23:00:00,4957.573,0.50668,0.80755,0.47629,0.0
2030-12-02 00:00:00,5362.84491,0.56441,0.8132,0.49357,0.0
2030-12-02 01:00:00,5199.12729,0.48935,0.8132,0.51251,0.0
2030-12-02 02:00:00,5089.98221,0.56161,0.8132,0.46386,0.0
2030-12-02 03:00:00,5035.40967,0.6385,0.8132,0.41912,0.0
2030-12-02 04:00:00,5035.40967,0.68242,0.8132,0.39711,0.0
2030-12-02 05:00:00,5144.55475,0.68685,0.8132,0.40733,0.0
2030-12-02 06:00:00,5471.98999,0.70324,0.8132,0.43645,0.0
2030-12-02 07:00:00,5963.14285,0.64418,0.8132,0.52204,0.0
2030-12-02 08:00:00,6345.15064,0.60045,0.8132,0.5875,0.0
2030-12-02 09:00:00,6454.29572,0.70492,0.8132,0.5476,0.01474
2030-12-02 10:00:00,6454.29572,0.70935,0.8132,0.54538,0.04738
2030-12-02 11:00:00,6399.72318,0.6598,0.8132,0.56399,0.06165
2030-12-02 12:00:00,6345.15064,0.716,0.8132,0.52961,0.06981
2030-12-02 13:00:00,6290.5781,0.71745,0.8132,0.52266,0.07661
2030-12-02 14:00:00,6236.00556,0.72302,0.8132,0.51365,0.13397
2030-12-02 15:00:00,6290.5781,0.73612,0.8132,0.51331,0.1413
2030-12-02 16:00:00,6563.4408,0.74987,0.8132,0.53752,0.06635
2030-12-02 17:00:00,6890.87604,0.74816,1.0,0.57571,0.0
2030-12-02 18:00:00,6890.87604,0.69655,1.0,0.60157,0.0
2030-12-02 19:00:00,6672.58588,0.74948,1.0,0.55016,0.0
2030-12-02 20:00:00,6399.72318,0.77259,1.0,0.50747,0.0
2030-12-02 21:00:00,6126.86048,0.7399,0.8132,0.49275,0.0
2030-12-02 22:00:00,5853.99777,0.7313,0.8132,0.46595,0.0
2030-12-02 23:00:00,5581.13507,0.75657,0.8132,0.42218,0.0
2030-12-03 00:00:00,5337.65309,0.78601,0.81875,0.37967,0.0
2030-12-03 01:00:00,5174.98513,0.77924,0.81875,0.36452,0.0
2030-12-03 02:00:00,5066.53982,0.70311,0.81875,0.39029,0.0
2030-12-03 03:00:00,5012.31716,0.68256,0.81875,0.39441,0.0
2030-12-03 04:00:00,5012.31716,0.5773,0.81875,0.44715,0.0
2030-12-03 05:00:00,5120.76247,0.73715,0.81875,0.37942,0.0
2030-12-03 06:00:00,5446.0984,0.80296,0.81875,0.38354,0.0
2030-12-03 07:00:00,5934.10228,0.81263,0.81875,0.43433,0.0
2030-12-03 08:00:00,6313.66086,0.81488,0.81875,0.47647,0.0
2030-12-03 09:00:00,6422.10617,0.82921,0.81875,0.48166,0.03912
2030-12-03 10:00:00,6422.10617,0.80988,0.81875,0.49134,0.06769
2030-12-03 11:00:00,6367.88351,0.8328,0.81875,0.47368,0.10526
2030-12-03 12:00:00,6313.66086,0.81602,0.81875,0.4759,0.13537
2030-12-03 13:00:00,6259.43821,0.79669,0.81875,0.47941,0.08276
2030-12-03 14:00:00,6205.21555,0.81512,0.81875,0.46399,0.11565
2030-12-03 15:00:00,6259.43821,0.81734,0.81875,0.46906,0.07936
2030-12-03 16:00:00,6530.55148,0.81159,0.81875,0.50285,0.03252
2030-12-03 17:00:00,6855.8874,0.80524,1.0,0.54312,0.0
2030-12-03 18:00:00,6855.8874,0.73389,1.0,0.57887,0.0
2030-12-03 19:00:00,6638.99679,0.72656,1.0,0.55782,0.0
2030-12-03 20:00:00,6367.88351,0.72238,1.0,0.529,0.0
2030-12-03 21:00:00,6096.77024,0.6538,0.81875,0.53246,0.0
2030-12-03 22:00:00,5825.65697,0.63217,0.81875,0.51238,0.0
2030-12-03 23:00:00,5554.5437,0.60079,0.81875,0.4972,0.0
2030-12-04 00:00:00,5474.09354,0.73057,0.82419,0.423,0.0
2030-12-04 01:00:00,5305.74056,0.54195,0.82419,0.49831,0.0
2030-12-04 02:00:00,5193.50524,0.57175,0.82419,0.47058,0.0
2030-12-04 03:00:00,5137.38758,0.68117,0.82419,0.40937,0.0
2030-12-04 04:00:00,5137.38758,0.59834,0.82419,0.45086,0.0
2030-12-04 05:00:00,5249.6229,0.74114,0.82419,0.39211,0.0
2030-12-04 06:00:00,5586.32886,0.80376,0.82419,0.39912,0.0
2030-12-04 07:00:00,6091.3878,0.67672,0.82419,0.52036,0.0
2030-12-04 08:00:00,6484.21142,0.76142,0.82419,0.52271,0.0
2030-12-04 09:00:00,6596.44674,0.72083,0.82419,0.55584,0.03838
2030-12-04 10:00:00,6596.44674,0.69155,0.82419,0.57051,0.08
2030-12-04 11:00:00,6540.32908,0.70763,0.82419,0.55605,0.11214
2030-12-04 12:00:00,6484.21142,0.82101,0.82419,0.49285,0.12512
2030-12-04 13:00:00,6428.09376,0.73813,0.82419,0.52798,0.1077
2030-12-04 14:00:00,6371.9761,0.80072,0.82419,0.49022,0.08911
2030-12-04 15:00:00,6428.09376,0.75175,0.82419,0.52115,0.03409
2030-12-04 16:00:00,6708.68206,0.68488,0.82419,0.58665,0.02084
2030-12-04 17:00:00,7045.38802,0.71527,1.0,0.6098,0.0
2030-12-04 18:00:00,7045.38802,0.74029,1.0,0.59727,0.0
2030-12-04 19:00:00,6820.91738,0.83037,1.0,0.52654,0.0
2030-12-04 20:00:00,6540.32908,0.82321,1.0,0.49814,0.0
2030-12-04 21:00:00,6259.74078,0.79009,0.82419,0.48275,0.0
2030-12-04 22:00:00,5979.15248,0.81321,0.82419,0.43918,0.0
2030-12-04 23:00:00,5698.56418,0.86618,0.82419,0.38065,0.0
2030-12-05 00:00:00,5317.09405,0.86242,0.82953,0.33904,0.0
2030-12-05 01:00:00,5155.28271,0.86341,0.82953,0.3201,0.0
2030-12-05 02:00:00,5047.40849,0.83203,0.82953,0.32352,0.0
2030-12-05 03:00:00,4993.47138,0.84451,0.82953,0.31112,0.0
2030-12-05 04:00:00,4993.47138,0.8585,0.82953,0.30411,0.0
2030-12-05 05:00:00,5101.3456,0.8333,0.82953,0.32904,0.0
2030-12-05 06:00:00,5424.96827,0.83477,0.82953,0.36519,0.0
2030-12-05 07:00:00,5910.40228,0.71416,0.82953,0.48096,0.0
2030-12-05 08:00:00,6287.96206,0.71091,0.82953,0.52564,0.0
2030-12-05 09:00:00,6395.83629,0.72048,0.82953,0.53314,0.27035
2030-12-05 10:00:00,6395.83629,0.74903,0.82953,0.51884,0.37685
2030-12-05 11:00:00,6341.89917,0.74967,0.82953,0.51237,0.42534
2030-12-05 12:00:00,6287.96206,0.69315,0.82953,0.53454,0.4382
2030-12-05 13:00:00,6234.02495,0.77471,0.82953,0.48752,0.31842
2030-12-05 14:00:00,6180.08784,0.79283,0.82953,0.47229,0.20937
2030-12-05 15:00:00,6234.02495,0.82585,0.82953,0.4619,0.13291
2030-12-05 16:00:00,6503.71051,0.8261,0.82953,0.49252,0.02729
2030-12-05 17:00:00,6827.33318,0.81392,1.0,0.53552,0.0
2030-12-05 18:00:00,6827.33318,0.79207,1.0,0.54647,0.0
2030-12-05 19:00:00,6611.58473,0.81272,1.0,0.51152,0.0
2030-12-05 20:00:00,6341.89917,0.78608,1.0,0.49413,0.0
2030-12-05 21:00:00,6072.21362,0.78908,0.82953,0.46188,0.0
2030-12-05 22:00:00,5802.52806,0.74495,0.82953,0.45324,0.0
2030-12-05 23:00:00,5532.8425,0.55571,0.82953,0.51731,0.0
2030-12-06 00:00:00,5170.68323,0.628,0.83476,0.4398,0.0
2030-12-06 01:00:00,5014.97235,0.57747,0.83476,0.44736,0.0
2030-12-06 02:00:00,4911.16509,0.63788,0.83476,0.40526,0.0
2030-12-06 03:00:00,4859.26146,0.66559,0.83476,0.38546,0.0
2030-12-06 04:00:00,4859.26146,0.72019,0.83476,0.35811,0.0
2030-12-06 05:00:00,4963.06872,0.68337,0.83476,0.38839,0.0
2030-12-06 06:00:00,5274.49049,0.67206,0.83476,0.42956,0.0
2030-12-06 07:00:00,5741.62314,0.62096,0.83476,0.50842,0.0
2030-12-06 08:00:00,6104.94854,0.66296,0.83476,0.5288,0.0
2030-12-06 09:00:00,6208.75579,0.66834,0.83476,0.53794,0.01965
2030-12-06 10:00:00,6208.75579,0.60688,0.83476,0.56873,0.07388
2030-12-06 11:00:00,6156.85217,0.69895,0.83476,0.51668,0.12682
2030-12-06 12:00:00,6104.94854,0.75421,0.83476,0.48308,0.22738
2030-12-06 13:00:00,6053.04491,0.70827,0.83476,0.50018,0.09733
2030-12-06 14:00:00,6001.14128,0.56668,0.83476,0.5652,0.07062
2030-12-06 15:00:00,6053.04491,0.65718,0.83476,0.52577,0.04224
2030-12-06 16:00:00,6312.56305,0.68653,0.83476,0.54066,0.02791
2030-12-06 17:00:00,6623.98482,0.75958,1.0,0.53956,0.0
2030-12-06 18:00:00,6623.98482,0.61762,1.0,0.61069,0.0
2030-12-06 19:00:00,6416.37031,0.57692,1.0,0.60741,0.0
2030-12-06 20:00:00,6156.85217,0.47887,1.0,0.62695,0.0
2030-12-06 21:00:00,5897.33402,0.42201,0.83476,0.62585,0.0
2030-12-06 22:00:00,5637.81588,0.3292,0.83476,0.64277,0.0
2030-12-06 23:00:00,5378.29774,0.36393,0.83476,0.59578,0.0
2030-12-07 00:00:00,4758.03467,0.28895,0.83989,0.56263,0.0
2030-12-07 01:00:00,4619.51747,0.38658,0.83989,0.49792,0.0
2030-12-07 02:00:00,4527.17268,0.4602,0.83989,0.45051,0.0
2030-12-07 03:00:00,4481.00028,0.54787,0.83989,0.40132,0.0
2030-12-07 04:00:00,4481.00028,0.66349,0.83989,0.34339,0.0
2030-12-07 05:00:00,4573.34508,0.58513,0.83989,0.39318,0.0
2030-12-07 06:00:00,4850.37947,0.65689,0.83989,0.38881,0.0
2030-12-07 07:00:00,5265.93105,0.54199,0.83989,0.49375,0.0
2030-12-07 08:00:00,5589.13784,0.38796,0.83989,0.60777,0.0
2030-12-07 09:00:00,5681.48263,0.42352,0.83989,0.60049,0.01145
2030-12-07 10:00:00,5681.48263,0.47756,0.83989,0.57341,0.03696
2030-12-07 11:00:00,5635.31024,0.52042,0.83989,0.54667,0.08679
2030-12-07 12:00:00,5589.13784,0.52987,0.83989,0.53667,0.07637
2030-12-07 13:00:00,5542.96544,0.60045,0.83989,0.49605,0.04982
2030-12-07 14:00:00,5496.79304,0.70416,0.83989,0.43882,0.0451
2030-12-07 15:00:00,5542.96544,0.69945,0.83989,0.44644,0.02857
2030-12-07 16:00:00,5773.82743,0.76762,0.83989,0.43861,0.00868
2030-12-07 17:00:00,6050.86182,0.63296,1.0,0.53766,0.0
2030-12-07 18:00:00,6050.86182,0.66039,1.0,0.52392,0.0
2030-12-07 19:00:00,5866.17223,0.69726,1.0,0.48439,0.0
2030-12-07 20:00:00,5635.31024,0.67697,1.0,0.46824,0.0
2030-12-07 21:00:00,5404.44824,0.72051,0.83989,0.4201,0.0
2030-12-07 22:00:00,5173.58625,0.60921,0.83989,0.44954,0.0
2030-12-07 23:00:00,4942.72426,0.55846,0.83989,0.44865,0.0
2030-12-08 00:00:00,4833.76282,0.40944,0.84491,0.51089,0.0
2030-12-08 01:00:00,4692.09029,0.58778,0.84491,0.40539,0.0
2030-12-08 02:00:00,4597.64193,0.5746,0.84491,0.40122,0.0
2030-12-08 03:00:00,4550.41775,0.41281,0.84491,0.4769,0.0
2030-12-08 04:00:00,4550.41775,0.52133,0.84491,0.42253,0.0
2030-12-08 05:00:00,4644.86611,0.62299,0.84491,0.38237,0.0
2030-12-08 06:00:00,4928.21118,0.5299,0.84491,0.46131,0.0
2030-12-08 07:00:00,5353.22878,0.42986,0.84491,0.55989,0.0
2030-12-08 08:00:00,5683.79803,0.45613,0.84491,0.58441,0.0
2030-12-08 09:00:00,5778.24639,0.54725,0.84491,0.54953,0.10278
2030-12-08 10:00:00,5778.24639,0.60983,0.84491,0.51817,0.18965
2030-12-08 11:00:00,5731.02221,0.58535,0.84491,0.52505,0.15021
2030-12-08 12:00:00,5683.79803,0.52402,0.84491,0.5504,0.21688
2030-12-08 13:00:00,5636.57385,0.55353,0.84491,0.53023,0.2115
2030-12-08 14:00:00,5589.34967,0.45319,0.84491,0.57512,0.11431
2030-12-08 15:00:00,5636.57385,0.41188,0.84491,0.6012,0.08571
2030-12-08 16:00:00,5872.69474,0.32745,0.84491,0.67042,0.00931
2030-12-08 17:00:00,6156.03981,0.50916,1.0,0.61168,0.0
2030-12-08 18:00:00,6156.03981,0.61217,1.0,0.56007,0.0
2030-12-08 19:00:00,5967.1431,0.69723,1.0,0.49592,0.0
2030-12-08 20:00:00,5731.02221,0.739,1.0,0.44807,0.0
2030-12-08 21:00:00,5494.90132,0.76559,0.84491,0.40783,0.0
2030-12-08 22:00:00,5258.78043,0.8402,0.84491,0.34353,0.0
2030-12-08 23:00:00,5022.65954,0.83479,0.84491,0.31932,0.0
2030-12-09 00:00:00,5179.26751,0.85767,0.84981,0.32571,0.0
2030-12-09 01:00:00,5023.19895,0.85564,0.84981,0.30893,0.0
2030-12-09 02:00:00,4919.15324,0.85911,0.84981,0.29533,0.0
2030-12-09 03:00:00,4867.13038,0.786,0.84981,0.32603,0.0
2030-12-09 04:00:00,4867.13038,0.69914,0.84981,0.36955,0.0
2030-12-09 05:00:00,4971.17609,0.79963,0.84981,0.33106,0.0
2030-12-09 06:00:00,5283.31322,0.73418,0.84981,0.39944,0.0
2030-12-09 07:00:00,5751.51891,0.75957,0.84981,0.4401,0.0
2030-12-09 08:00:00,6115.67889,0.751,0.84981,0.48591,0.0
2030-12-09 09:00:00,6219.7246,0.72608,0.84981,0.51026,0.05494
2030-12-09 10:00:00,6219.7246,0.8276,0.84981,0.45939,0.1543
2030-12-09 11:00:00,6167.70174,0.85138,0.84981,0.44155,0.2018
2030-12-09 12:00:00,6115.67889,0.86074,0.84981,0.43093,0.20215
2030-12-09 13:00:00,6063.65603,0.78989,0.84981,0.46049,0.18644
2030-12-09 14:00:00,6011.63318,0.78111,0.84981,0.45896,0.17027
2030-12-09 15:00:00,6063.65603,0.77315,0.84981,0.46888,0.09034
2030-12-09 16:00:00,6323.7703,0.7719,0.84981,0.49916,0.00436
2030-12-09 17:00:00,6635.90743,0.72265,1.0,0.55942,0.0
2030-12-09 18:00:00,6635.90743,0.71608,1.0,0.56272,0.0
2030-12-09 19:00:00,6427.81601,0.67249,1.0,0.56083,0.0
2030-12-09 20:00:00,6167.70174,0.69996,1.0,0.51742,0.0
2030-12-09 21:00:00,5907.58747,0.72057,0.84981,0.47743,0.0
2030-12-09 22:00:00,5647.4732,0.64565,0.84981,0.48531,0.0
2030-12-09 23:00:00,5387.35893,0.58031,0.84981,0.4884,0.0
2030-12-10 00:00:00,5181.39211,0.55129,0.85461,0.47946,0.0
2030-12-10 01:00:00,5025.23502,0.38424,0.85461,0.54535,0.0
2030-12-10 02:00:00,4921.1303,0.27719,0.85461,0.58711,0.0
2030-12-10 03:00:00,4869.07793,0.22771,0.85461,0.60597,0.0
2030-12-10 04:00:00,4869.07793,0.40936,0.85461,0.51496,0.0
2030-12-10 05:00:00,4973.18266,0.48299,0.85461,0.48994,0.0
2030-12-10 06:00:00,5285.49683,0.55785,0.85461,0.48804,0.0
2030-12-10 07:00:00,5753.9681,0.34701,0.85461,0.64708,0.0
2030-12-10 08:00:00,6118.33464,0.34692,0.85461,0.68867,0.0
2030-12-10 09:00:00,6222.43936,0.36197,0.85461,0.693,0.04835
2030-12-10 10:00:00,6222.43936,0.30462,0.85461,0.72173,0.05508
2030-12-10 11:00:00,6170.387,0.19772,0.85461,0.76936,0.11441
2030-12-10 12:00:00,6118.33464,0.22132,0.85461,0.7516,0.14826
2030-12-10 13:00:00,6066.28227,0.19748,0.85461,0.75761,0.19613
2030-12-10 14:00:00,6014.22991,0.3527,0.85461,0.6739,0.08814
2030-12-10 15:00:00,6066.28227,0.33544,0.85461,0.68849,0.08699
2030-12-10 16:00:00,6326.54409,0.29766,0.85461,0.73709,0.00518
2030-12-10 17:00:00,6638.85826,0.36453,1.0,0.73919,0.0
2030-12-10 18:00:00,6638.85826,0.41853,1.0,0.71214,0.0
2030-12-10 19:00:00,6430.64881,0.34979,1.0,0.72284,0.0
2030-12-10 20:00:00,6170.387,0.24343,1.0,0.74645,0.0
2030-12-10 21:00:00,5910.12519,0.26832,0.85461,0.70431,0.0
2030-12-10 22:00:00,5649.86337,0.17258,0.85461,0.72261,0.0
2030-12-10 23:00:00,5389.60156,0.13667,0.85461,0.71093,0.0
2030-12-11 00:00:00,5321.51785,0.08786,0.85929,0.72762,0.0
2030-12-11 01:00:00,5159.52219,0.12582,0.85929,0.69013,0.0
2030-12-11 02:00:00,5051.52508,0.16803,0.85929,0.65667,0.0
2030-12-11 03:00:00,4997.52653,0.19391,0.85929,0.63755,0.0
2030-12-11 04:00:00,4997.52653,0.13747,0.85929,0.66583,0.0
2030-12-11 05:00:00,5105.52364,0.08452,0.85929,0.70467,0.0
2030-12-11 06:00:00,5429.51496,0.05152,0.85929,0.75814,0.0
2030-12-11 07:00:00,5915.50194,0.08915,0.85929,0.7947,0.0
2030-12-11 08:00:00,6293.49181,0.06712,0.85929,0.84883,0.0
2030-12-11 09:00:00,6401.48892,0.07525,0.85929,0.85707,0.05686
2030-12-11 10:00:00,6401.48892,0.07035,0.85929,0.85952,0.09776
2030-12-11 11:00:00,6347.49037,0.12768,0.85929,0.82464,0.14508
2030-12-11 12:00:00,6293.49181,0.12289,0.85929,0.82089,0.15685
2030-12-11 13:00:00,6239.49326,0.18451,0.85929,0.78385,0.1078
2030-12-11 14:00:00,6185.49471,0.14723,0.85929,0.79638,0.08308
2030-12-11 15:00:00,6239.49326,0.17553,0.85929,0.78835,0.04514
2030-12-11 16:00:00,6509.48603,0.24687,0.85929,0.78339,0.0296
2030-12-11 17:00:00,6833.47735,0.33925,1.0,0.77404,0.0
2030-12-11 18:00:00,6833.47735,0.38721,1.0,0.75001,0.0
2030-12-11 19:00:00,6617.48314,0.40583,1.0,0.71606,0.0
2030-12-11 20:00:00,6347.49037,0.36903,1.0,0.70372,0.0
2030-12-11 21:00:00,6077.4976,0.43656,0.85929,0.6391,0.0
2030-12-11 22:00:00,5807.50483,0.42645,0.85929,0.61338,0.0
2030-12-11 23:00:00,5537.51206,0.40734,0.85929,0.59218,0.0
2030-12-12 00:00:00,5225.07617,0.42476,0.86386,0.54783,0.0
2030-12-12 01:00:00,5067.09891,0.50091,0.86386,0.49167,0.0
2030-12-12 02:00:00,4961.78074,0.60519,0.86386,0.42741,0.0
2030-12-12 03:00:00,4909.12165,0.62928,0.86386,0.40934,0.0
2030-12-12 04:00:00,4909.12165,0.64487,0.86386,0.40153,0.0
2030-12-12 05:00:00,5014.43983,0.57344,0.86386,0.44932,0.0
2030-12-12 06:00:00,5330.39434,0.62615,0.86386,0.45894,0.0
2030-12-12 07:00:00,5804.32611,0.6795,0.86386,0.48624,0.0
2030-12-12 08:00:00,6172.93971,0.69441,0.86386,0.52079,0.0
2030-12-12 09:00:00,6278.25788,0.70952,0.86386,0.52523,0.14394
2030-12-12 10:00:00,6278.25788,0.71695,0.86386,0.52151,0.2438
2030-12-12 11:00:00,6225.5988,0.61688,0.86386,0.56564,0.26768
2030-12-12 12:00:00,6172.93971,0.56036,0.86386,0.58795,0.36258
2030-12-12 13:00:00,6120.28063,0.60043,0.86386,0.56187,0.29499
2030-12-12 14:00:00,6067.62154,0.59039,0.86386,0.5609,0.33696
2030-12-12 15:00:00,6120.28063,0.60559,0.86386,0.55929,0.26569
2030-12-12 16:00:00,6383.57605,0.70522,0.86386,0.53939,0.02437
2030-12-12 17:00:00,6699.53057,0.64588,1.0,0.60514,0.0
2030-12-12 18:00:00,6699.53057,0.64562,1.0,0.60527,0.0
2030-12-12 19:00:00,6488.89423,0.68825,1.0,0.5599,0.0
2030-12-12 20:00:00,6225.5988,0.669,1.0,0.53953,0.0
2030-12-12 21:00:00,5962.30337,0.66031,0.86386,0.51386,0.0
2030-12-12 22:00:00,5699.00794,0.53944,0.86386,0.5444,0.0
2030-12-12 23:00:00,5435.71251,0.57622,0.86386,0.49596,0.0
2030-12-13 00:00:00,5209.6537,0.50827,0.86831,0.50423,0.0
2030-12-13 01:00:00,5052.31905,0.39561,0.86831,0.54274,0.0
2030-12-13 02:00:00,4947.42928,0.4146,0.86831,0.52127,0.0
2030-12-13 03:00:00,4894.98439,0.37656,0.86831,0.53435,0.0
2030-12-13 04:00:00,4894.98439,0.4034,0.86831,0.5209,0.0
2030-12-13 05:00:00,4999.87416,0.37687,0.86831,0.54615,0.0
2030-12-13 06:00:00,5314.54347,0.47624,0.86831,0.53224,0.0
2030-12-13 07:00:00,5786.54743,0.29373,0.86831,0.67749,0.0
2030-12-13 08:00:00,6153.66163,0.2722,0.86831,0.73013,0.0
2030-12-13 09:00:00,6258.5514,0.25067,0.86831,0.75288,0.04765
2030-12-13 10:00:00,6258.5514,0.28154,0.86831,0.73741,0.12024
2030-12-13 11:00:00,6206.10651,0.27572,0.86831,0.73435,0.14947
2030-12-13 12:00:00,6153.66163,0.203,0.86831,0.76481,0.19964
2030-12-13 13:00:00,6101.21674,0.3276,0.86831,0.6964,0.17754
2030-12-13 14:00:00,6048.77186,0.33486,0.86831,0.68678,0.06422
2030-12-13 15:00:00,6101.21674,0.2866,0.86831,0.71694,0.09969
2030-12-13 16:00:00,6363.44117,0.27708,0.86831,0.7516,0.02965
2030-12-13 17:00:00,6678.11047,0.2351,1.0,0.80852,0.0
2030-12-13 18:00:00,6678.11047,0.21639,1.0,0.81789,0.0
2030-12-13 19:00:00,6468.33094,0.19136,1.0,0.80651,0.0
2030-12-13 20:00:00,6206.10651,0.24754,1.0,0.74847,0.0
2030-12-13 21:00:00,5943.88209,0.31497,0.86831,0.68479,0.0
2030-12-13 22:00:00,5681.65766,0.33106,0.86831,0.64683,0.0
2030-12-13 23:00:00,5419.43324,0.37152,0.86831,0.59667,0.0
2030-12-14 00:00:00,4747.55179,0.21888,0.87264,0.59654,0.0
2030-12-14 01:00:00,4609.47138,0.20317,0.87264,0.58867,0.0
2030-12-14 02:00:00,4517.41778,0.34735,0.87264,0.50594,0.0
2030-12-14 03:00:00,4471.39098,0.50476,0.87264,0.42182,0.0
2030-12-14 04:00:00,4471.39098,0.42564,0.87264,0.46147,0.0
2030-12-14 05:00:00,4563.44458,0.76996,0.87264,0.29944,0.0
2030-12-14 06:00:00,4839.6054,0.74969,0.87264,0.34108,0.0
2030-12-14 07:00:00,5253.84662,0.69909,0.87264,0.41366,0.0
2030-12-14 08:00:00,5576.03424,0.64438,0.87264,0.47781,0.0
2030-12-14 09:00:00,5668.08785,0.68245,0.87264,0.46923,0.0162
2030-12-14 10:00:00,5668.08785,0.6438,0.87264,0.48859,0.0433
2030-12-14 11:00:00,5622.06104,0.50284,0.87264,0.55397,0.07242
2030-12-14 12:00:00,5576.03424,0.63904,0.87264,0.48048,0.07969
2030-12-14 13:00:00,5530.00744,0.65761,0.87264,0.46593,0.07005
2030-12-14 14:00:00,5483.98064,0.63821,0.87264,0.4704,0.06162
2030-12-14 15:00:00,5530.00744,0.40828,0.87264,0.59085,0.04768
2030-12-14 16:00:00,5760.14145,0.41754,0.87264,0.61245,0.00851
2030-12-14 17:00:00,6036.30227,0.38412,1.0,0.66068,0.0
2030-12-14 18:00:00,6036.30227,0.42497,1.0,0.64021,0.0
2030-12-14 19:00:00,5852.19506,0.37594,1.0,0.64379,0.0
2030-12-14 20:00:00,5622.06104,0.44629,1.0,0.5823,0.0
2030-12-14 21:00:00,5391.92703,0.50262,0.87264,0.52784,0.0
2030-12-14 22:00:00,5161.79302,0.39695,0.87264,0.55455,0.0
2030-12-14 23:00:00,4931.659,0.42992,0.87264,0.51179,0.0
2030-12-15 00:00:00,4777.27591,0.44681,0.87686,0.48573,0.0
2030-12-15 01:00:00,4637.957,0.34304,0.87686,0.52184,0.0
2030-12-15 02:00:00,4545.07772,0.26592,0.87686,0.54989,0.0
2030-12-15 03:00:00,4498.63809,0.36375,0.87686,0.49558,0.0
2030-12-15 04:00:00,4498.63809,0.36073,0.87686,0.49709,0.0
2030-12-15 05:00:00,4591.51736,0.44227,0.87686,0.46683,0.0
2030-12-15 06:00:00,4870.15519,0.39278,0.87686,0.52339,0.0
2030-12-15 07:00:00,5288.11193,0.48015,0.87686,0.52727,0.0
2030-12-15 08:00:00,5613.18939,0.53983,0.87686,0.53443,0.0
2030-12-15 09:00:00,5706.06867,0.55025,0.87686,0.53979,0.02106
2030-12-15 10:00:00,5706.06867,0.50532,0.87686,0.5623,0.14141
2030-12-15 11:00:00,5659.62903,0.55275,0.87686,0.53325,0.15948
2030-12-15 12:00:00,5613.18939,0.46778,0.87686,0.57052,0.13323
2030-12-15 13:00:00,5566.74975,0.45042,0.87686,0.57393,0.1193
2030-12-15 14:00:00,5520.31012,0.44058,0.87686,0.57356,0.11661
2030-12-15 15:00:00,5566.74975,0.43167,0.87686,0.58332,0.06468
2030-12-15 16:00:00,5798.94794,0.47493,0.87686,0.58812,0.00736
2030-12-15 17:00:00,6077.58577,0.46776,1.0,0.62348,0.0
2030-12-15 18:00:00,6077.58577,0.42247,1.0,0.64617,0.0
2030-12-15 19:00:00,5891.82722,0.32904,1.0,0.6718,0.0
2030-12-15 20:00:00,5659.62903,0.30554,1.0,0.65711,0.0
2030-12-15 21:00:00,5427.43084,0.29938,0.87686,0.63372,0.0
2030-12-15 22:00:00,5195.23265,0.40759,0.87686,0.55303,0.0
2030-12-15 23:00:00,4963.03446,0.38503,0.87686,0.53786,0.0
2030-12-16 00:00:00,5319.72763,0.40583,0.88095,0.56811,0.0
2030-12-16 01:00:00,5157.80656,0.34691,0.88095,0.57917,0.0
2030-12-16 02:00:00,5049.85918,0.51618,0.88095,0.48205,0.0
2030-12-16 03:00:00,4995.88549,0.53751,0.88095,0.46521,0.0
2030-12-16 04:00:00,4995.88549,0.39332,0.88095,0.53745,0.0
2030-12-16 05:00:00,5103.83287,0.39408,0.88095,0.54938,0.0
2030-12-16 06:00:00,5427.675,0.58979,0.88095,0.48824,0.0
2030-12-16 07:00:00,5913.43821,0.51432,0.88095,0.58144,0.0
2030-12-16 08:00:00,6291.25403,0.56752,0.88095,0.59786,0.0
2030-12-16 09:00:00,6399.20141,0.67183,0.88095,0.5579,0.02906
2030-12-16 10:00:00,6399.20141,0.76056,0.88095,0.51345,0.03831
2030-12-16 11:00:00,6345.22772,0.7366,0.88095,0.51929,0.06514
2030-12-16 12:00:00,6291.25403,0.72817,0.88095,0.51736,0.05898
2030-12-16 13:00:00,6237.28034,0.6005,0.88095,0.57518,0.05747
2030-12-16 14:00:00,6183.30665,0.6793,0.88095,0.52954,0.03292
2030-12-16 15:00:00,6237.28034,0.6752,0.88095,0.53775,0.02501
2030-12-16 16:00:00,6507.14879,0.72196,0.88095,0.54509,0.0069
2030-12-16 17:00:00,6830.99093,0.65823,1.0,0.61394,0.0
2030-12-16 18:00:00,6830.99093,0.51342,1.0,0.6865,0.0
2030-12-16 19:00:00,6615.09617,0.53285,1.0,0.65215,0.0
2030-12-16 20:00:00,6345.22772,0.43814,1.0,0.66883,0.0
2030-12-16 21:00:00,6075.35928,0.41597,0.88095,0.64917,0.0
2030-12-16 22:00:00,5805.49083,0.46407,0.88095,0.59431,0.0
2030-12-16 23:00:00,5535.62238,0.29865,0.88095,0.64642,0.0
2030-12-17 00:00:00,5471.45508,0.44048,0.88492,0.56804,0.0
2030-12-17 01:00:00,5303.21204,0.36405,0.88492,0.58716,0.0
2030-12-17 02:00:00,5191.05001,0.21626,0.88492,0.64842,0.0
2030-12-17 03:00:00,5134.96899,0.25362,0.88492,0.6233,0.0
2030-12-17 04:00:00,5134.96899,0.29101,0.88492,0.60457,0.0
2030-12-17 05:00:00,5247.13102,0.3316,0.88492,0.59702,0.0
2030-12-17 06:00:00,5583.61711,0.19989,0.88492,0.70137,0.0
2030-12-17 07:00:00,6088.34625,0.24065,0.88492,0.7385,0.0
2030-12-17 08:00:00,6480.91335,0.18809,0.88492,0.80958,0.0
2030-12-17 09:00:00,6593.07538,0.14852,0.88492,0.8422,0.08096
2030-12-17 10:00:00,6593.07538,0.10992,0.88492,0.86154,0.13324
2030-12-17 11:00:00,6536.99437,0.09125,0.88492,0.8645,0.10729
2030-12-17 12:00:00,6480.91335,0.17341,0.88492,0.81694,0.06826
2030-12-17 13:00:00,6424.83234,0.10671,0.88492,0.84397,0.08454
2030-12-17 14:00:00,6368.75132,0.10265,0.88492,0.83961,0.10581
2030-12-17 15:00:00,6424.83234,0.08677,0.88492,0.85396,0.11714
2030-12-17 16:00:00,6705.23741,0.0879,0.88492,0.88536,0.04518
2030-12-17 17:00:00,7041.7235,0.05442,1.0,0.94049,0.0
2030-12-17 18:00:00,7041.7235,0.10832,1.0,0.91349,0.0
2030-12-17 19:00:00,6817.39944,0.1007,1.0,0.89173,0.0
2030-12-17 20:00:00,6536.99437,0.14006,1.0,0.84004,0.0
2030-12-17 21:00:00,6256.58929,0.08111,0.88492,0.83761,0.0
2030-12-17 22:00:00,5976.18422,0.07268,0.88492,0.80987,0.0
2030-12-17 23:00:00,5695.77914,0.11316,0.88492,0.75761,0.0
2030-12-18 00:00:00,5437.71355,0.11516,0.88878,0.72719,0.0
2030-12-18 01:00:00,5270.87641,0.17519,0.88878,0.6781,0.0
2030-12-18 02:00:00,5159.65164,0.28605,0.88878,0.60987,0.0
2030-12-18 03:00:00,5104.03926,0.40492,0.88878,0.54397,0.0
2030-12-18 04:00:00,5104.03926,0.30308,0.88878,0.595,0.0
2030-12-18 05:00:00,5215.26402,0.34827,0.88878,0.58504,0.0
2030-12-18 06:00:00,5548.93832,0.4277,0.88878,0.58328,0.0
2030-12-18 07:00:00,6049.44976,0.32457,0.88878,0.69201,0.0
2030-12-18 08:00:00,6438.73644,0.52308,0.88878,0.63693,0.0
2030-12-18 09:00:00,6549.96121,0.32301,0.88878,0.74986,0.11804
2030-12-18 10:00:00,6549.96121,0.37354,0.88878,0.72454,0.0799
2030-12-18 11:00:00,6494.34883,0.30881,0.88878,0.75063,0.18473
2030-12-18 12:00:00,6438.73644,0.2813,0.88878,0.75807,0.09273
2030-12-18 13:00:00,6383.12406,0.29928,0.88878,0.74272,0.09051
2030-12-18 14:00:00,6327.51168,0.27352,0.88878,0.7493,0.04182
2030-12-18 15:00:00,6383.12406,0.41423,0.88878,0.68513,0.02893
2030-12-18 16:00:00,6661.18597,0.37283,0.88878,0.73758,0.01454
2030-12-18 17:00:00,6994.86027,0.29419,1.0,0.81502,0.0
2030-12-18 18:00:00,6994.86027,0.33144,1.0,0.79635,0.0
2030-12-18 19:00:00,6772.41074,0.29224,1.0,0.79063,0.0
2030-12-18 20:00:00,6494.34883,0.29149,1.0,0.75931,0.0
2030-12-18 21:00:00,6216.28691,0.24067,0.88878,0.75307,0.0
2030-12-18 22:00:00,5938.225,0.16552,0.88878,0.75902,0.0
2030-12-18 23:00:00,5660.16308,0.11128,0.88878,0.7545,0.0
2030-12-19 00:00:00,5391.6795,0.06299,0.8925,0.74808,0.0
2030-12-19 01:00:00,5226.76044,0.03815,0.8925,0.74173,0.0
2030-12-19 02:00:00,5116.8144,0.06414,0.8925,0.71617,0.0
2030-12-19 03:00:00,5061.84137,0.03954,0.8925,0.72223,0.0
2030-12-19 04:00:00,5061.84137,0.05007,0.8925,0.71695,0.0
2030-12-19 05:00:00,5171.78742,0.08042,0.8925,0.71428,0.0
2030-12-19 06:00:00,5501.62554,0.07145,0.8925,0.75638,0.0
2030-12-19 07:00:00,5996.38273,0.07257,0.8925,0.81222,0.0
2030-12-19 08:00:00,6381.19387,0.09487,0.8925,0.84492,0.0
2030-12-19 09:00:00,6491.13992,0.09391,0.8925,0.85794,0.05242
2030-12-19 10:00:00,6491.13992,0.10582,0.8925,0.85197,0.09251
2030-12-19 11:00:00,6436.1669,0.17914,0.8925,0.80897,0.2003
2030-12-19 12:00:00,6381.19387,0.22636,0.8925,0.77904,0.21727
2030-12-19 13:00:00,6326.22085,0.30991,0.8925,0.73091,0.15554
2030-12-19 14:00:00,6271.24783,0.27581,0.8925,0.74173,0.13976
2030-12-19 15:00:00,6326.22085,0.32033,0.8925,0.72569,0.06075
2030-12-19 16:00:00,6601.08596,0.36079,0.8925,0.73676,0.00716
2030-12-19 17:00:00,6930.92408,0.42644,1.0,0.74147,0.0
2030-12-19 18:00:00,6930.92408,0.36138,1.0,0.77407,0.0
2030-12-19 19:00:00,6711.032,0.49685,1.0,0.68112,0.0
2030-12-19 20:00:00,6436.1669,0.48341,1.0,0.65652,0.0
2030-12-19 21:00:00,6161.30179,0.27577,0.8925,0.72922,0.0
2030-12-19 22:00:00,5886.43669,0.22593,0.8925,0.72285,0.0
2030-12-19 23:00:00,5611.57158,0.16425,0.8925,0.72242,0.0
2030-12-20 00:00:00,5438.61456,0.20564,0.89611,0.68196,0.0
2030-12-20 01:00:00,5271.73987,0.3692,0.89611,0.58099,0.0
2030-12-20 02:00:00,5160.49007,0.34477,0.89611,0.58055,0.0
2030-12-20 03:00:00,5104.86518,0.3285,0.89611,0.58235,0.0
2030-12-20 04:00:00,5104.86518,0.35551,0.89611,0.56882,0.0
2030-12-20 05:00:00,5216.11497,0.4923,0.89611,0.51297,0.0
2030-12-20 06:00:00,5549.86435,0.34851,0.89611,0.62306,0.0
2030-12-20 07:00:00,6050.48842,0.20001,0.89611,0.75454,0.0
2030-12-20 08:00:00,6439.8627,0.21432,0.89611,0.79176,0.0
2030-12-20 09:00:00,6551.11249,0.25187,0.89611,0.78563,0.04537
2030-12-20 10:00:00,6551.11249,0.32149,0.89611,0.75075,0.16058
2030-12-20 11:00:00,6495.48759,0.34892,0.89611,0.73067,0.29583
2030-12-20 12:00:00,6439.8627,0.24668,0.89611,0.77555,0.39453
2030-12-20 13:00:00,6384.2378,0.22116,0.89611,0.78199,0.39951
2030-12-20 14:00:00,6328.6129,0.36035,0.89611,0.70591,0.34452
2030-12-20 15:00:00,6384.2378,0.27603,0.89611,0.7545,0.28258
2030-12-20 16:00:00,6662.36228,0.32992,0.89611,0.75921,0.05356
2030-12-20 17:00:00,6996.11166,0.32831,1.0,0.79807,0.0
2030-12-20 18:00:00,6996.11166,0.35864,1.0,0.78287,0.0
2030-12-20 19:00:00,6773.61208,0.45172,1.0,0.71087,0.0
2030-12-20 20:00:00,6495.48759,0.4499,1.0,0.68007,0.0
2030-12-20 21:00:00,6217.36311,0.40919,0.89611,0.66876,0.0
2030-12-20 22:00:00,5939.23863,0.36096,0.89611,0.66122,0.0
2030-12-20 23:00:00,5661.11414,0.36906,0.89611,0.62545,0.0
2030-12-21 00:00:00,4874.58259,0.24666,0.89959,0.59711,0.0
2030-12-21 01:00:00,4731.20923,0.21321,0.89959,0.59752,0.0
2030-12-21 02:00:00,4635.62699,0.27744,0.89959,0.55444,0.0
2030-12-21 03:00:00,4587.83587,0.17291,0.89959,0.60136,0.0
2030-12-21 04:00:00,4587.83587,0.16557,0.89959,0.60504,0.0
2030-12-21 05:00:00,4683.41811,0.22952,0.89959,0.5839,0.0
2030-12-21 06:00:00,4970.16483,0.29936,0.89959,0.5816,0.0
2030-12-21 07:00:00,5400.2849,0.3228,0.89959,0.61889,0.0
2030-12-21 08:00:00,5734.82273,0.32059,0.89959,0.65814,0.0
2030-12-21 09:00:00,5830.40497,0.34022,0.89959,0.6592,0.14542
2030-12-21 10:00:00,5830.40497,0.23666,0.89959,0.71109,0.16328
2030-12-21 11:00:00,5782.61385,0.24487,0.89959,0.70153,0.09928
2030-12-21 12:00:00,5734.82273,0.30929,0.89959,0.6638,0.15563
2030-12-21 13:00:00,5687.03162,0.34359,0.89959,0.64116,0.16258
2030-12-21 14:00:00,5639.2405,0.26099,0.89959,0.6771,0.18498
2030-12-21 15:00:00,5687.03162,0.32108,0.89959,0.65244,0.09305
2030-12-21 16:00:00,5925.98721,0.38368,0.89959,0.64832,0.00492
2030-12-21 17:00:00,6212.73393,0.39335,1.0,0.67617,0.0
2030-12-21 18:00:00,6212.73393,0.31848,1.0,0.71368,0.0
2030-12-21 19:00:00,6021.56945,0.34003,1.0,0.68109,0.0
2030-12-21 20:00:00,5782.61385,0.40209,1.0,0.62275,0.0
2030-12-21 21:00:00,5543.65826,0.52007,0.89959,0.5364,0.0
2030-12-21 22:00:00,5304.70266,0.60738,0.89959,0.46541,0.0
2030-12-21 23:00:00,5065.74706,0.44585,0.89959,0.5191,0.0
2030-12-22 00:00:00,4822.86137,0.53349,0.90294,0.4475,0.0
2030-12-22 01:00:00,4681.64306,0.46863,0.90294,0.4639,0.0
2030-12-22 02:00:00,4587.49752,0.43951,0.90294,0.46775,0.0
2030-12-22 03:00:00,4540.42475,0.48887,0.90294,0.43765,0.0
2030-12-22 04:00:00,4540.42475,0.58774,0.90294,0.38812,0.0
2030-12-22 05:00:00,4634.57029,0.5263,0.90294,0.42963,0.0
2030-12-22 06:00:00,4917.00691,0.6465,0.90294,0.40161,0.0
2030-12-22 07:00:00,5340.66183,0.61275,0.90294,0.46682,0.0
2030-12-22 08:00:00,5670.17121,0.60913,0.90294,0.5062,0.0
2030-12-22 09:00:00,5764.31675,0.57259,0.90294,0.53524,0.07146
2030-12-22 10:00:00,5764.31675,0.71267,0.90294,0.46505,0.06466
2030-12-22 11:00:00,5717.24398,0.77007,0.90294,0.43093,0.07051
2030-12-22 12:00:00,5670.17121,0.75763,0.90294,0.4318,0.12301
2030-12-22 13:00:00,5623.09844,0.70921,0.90294,0.45069,0.20603
2030-12-22 14:00:00,5576.02567,0.71575,0.90294,0.44205,0.19937
2030-12-22 15:00:00,5623.09844,0.68369,0.90294,0.46348,0.08886
2030-12-22 16:00:00,5858.46229,0.71767,0.90294,0.47328,0.05131
2030-12-22 17:00:00,6140.8989,0.78045,1.0,0.47403,0.0
2030-12-22 18:00:00,6140.8989,0.785,1.0,0.47175,0.0
2030-12-22 19:00:00,5952.60782,0.8621,1.0,0.41165,0.0
2030-12-22 20:00:00,5717.24398,0.84012,1.0,0.39583,0.0
2030-12-22 21:00:00,5481.88013,0.81756,0.90294,0.3803,0.0
2030-12-22 22:00:00,5246.51629,0.83745,0.90294,0.34351,0.0
2030-12-22 23:00:00,5011.15244,0.83186,0.90294,0.31947,0.0
2030-12-23 00:00:00,5460.59097,0.73052,0.90616,0.42149,0.0
2030-12-23 01:00:00,5292.8006,0.71509,0.90616,0.41009,0.0
2030-12-23 02:00:00,5180.94035,0.70697,0.90616,0.4014,0.0
2030-12-23 03:00:00,5125.01022,0.67012,0.90616,0.41349,0.0
2030-12-23 04:00:00,5125.01022,0.51522,0.90616,0.4911,0.0
2030-12-23 05:00:00,5236.87047,0.43766,0.90616,0.54271,0.0
2030-12-23 06:00:00,5572.45122,0.47468,0.90616,0.56242,0.0
2030-12-23 07:00:00,6075.82234,0.5716,0.90616,0.57125,0.0
2030-12-23 08:00:00,6467.33321,0.59245,0.90616,0.60544,0.0
2030-12-23 09:00:00,6579.19346,0.63757,0.90616,0.59559,0.05267
2030-12-23 10:00:00,6579.19346,0.74496,0.90616,0.54178,0.11873
2030-12-23 11:00:00,6523.26334,0.70047,0.90616,0.55769,0.18622
2030-12-23 12:00:00,6467.33321,0.63897,0.90616,0.58213,0.23848
2030-12-23 13:00:00,6411.40309,0.64336,0.90616,0.57356,0.17032
2030-12-23 14:00:00,6355.47296,0.73455,0.90616,0.52149,0.15319
2030-12-23 15:00:00,6411.40309,0.72148,0.90616,0.53442,0.05536
2030-12-23 16:00:00,6691.05371,0.6304,0.90616,0.61193,0.00643
2030-12-23 17:00:00,7026.63446,0.73065,1.0,0.59996,0.0
2030-12-23 18:00:00,7026.63446,0.6212,1.0,0.6548,0.0
2030-12-23 19:00:00,6802.91396,0.57953,1.0,0.65017,0.0
2030-12-23 20:00:00,6523.26334,0.52169,1.0,0.64727,0.0
2030-12-23 21:00:00,6243.61271,0.47913,0.90616,0.63671,0.0
2030-12-23 22:00:00,5963.96209,0.3454,0.90616,0.67183,0.0
2030-12-23 23:00:00,5684.31147,0.40242,0.90616,0.61138,0.0
2030-12-24 00:00:00,5380.66486,0.40012,0.90926,0.57791,0.0
2030-12-24 01:00:00,5216.20474,0.42526,0.90926,0.54657,0.0
2030-12-24 02:00:00,5106.56466,0.3643,0.90926,0.56461,0.0
2030-12-24 03:00:00,5051.74463,0.33475,0.90926,0.57317,0.0
2030-12-24 04:00:00,5051.74463,0.20952,0.90926,0.63591,0.0
2030-12-24 05:00:00,5161.3847,0.19148,0.90926,0.65745,0.0
2030-12-24 06:00:00,5490.30494,0.20509,0.90926,0.68813,0.0
2030-12-24 07:00:00,5983.6853,0.16568,0.90926,0.76412,0.0
2030-12-24 08:00:00,6367.42558,0.0805,0.90926,0.85055,0.0
2030-12-24 09:00:00,6477.06566,0.08277,0.90926,0.86191,0.03209
2030-12-24 10:00:00,6477.06566,0.08774,0.90926,0.85942,0.09923
2030-12-24 11:00:00,6422.24562,0.11438,0.90926,0.83983,0.11574
2030-12-24 12:00:00,6367.42558,0.15918,0.90926,0.81113,0.13767
2030-12-24 13:00:00,6312.60554,0.16564,0.90926,0.80164,0.14844
2030-12-24 14:00:00,6257.7855,0.17875,0.90926,0.78883,0.10982
2030-12-24 15:00:00,6312.60554,0.09737,0.90926,0.83585,0.04564
2030-12-24 16:00:00,6586.70574,0.19023,0.90926,0.82058,0.00453
2030-12-24 17:00:00,6915.62598,0.42588,1.0,0.74001,0.0
2030-12-24 18:00:00,6915.62598,0.41807,1.0,0.74392,0.0
2030-12-24 19:00:00,6696.34582,0.4004,1.0,0.72777,0.0
2030-12-24 20:00:00,6422.24562,0.58665,1.0,0.6032,0.0
2030-12-24 21:00:00,6148.14542,0.36717,0.90926,0.68192,0.0
2030-12-24 22:00:00,5874.04522,0.18262,0.90926,0.74314,0.0
2030-12-24 23:00:00,5599.94502,0.20931,0.90926,0.69852,0.0
2030-12-25 00:00:00,5514.04177,0.19999,0.91222,0.69339,0.0
2030-12-25 01:00:00,5344.02428,0.16739,0.91222,0.69034,0.0
2030-12-25 02:00:00,5230.67928,0.23112,0.91222,0.64549,0.0
2030-12-25 03:00:00,5174.00679,0.2425,0.91222,0.63333,0.0
2030-12-25 04:00:00,5174.00679,0.20352,0.91222,0.65286,0.0
2030-12-25 05:00:00,5287.35178,0.15448,0.91222,0.69035,0.0
2030-12-25 06:00:00,5627.38676,0.18483,0.91222,0.71391,0.0
2030-12-25 07:00:00,6137.43923,0.2262,0.91222,0.75133,0.0
2030-12-25 08:00:00,6534.14671,0.34531,0.91222,0.73688,0.0
2030-12-25 09:00:00,6647.4917,0.49534,0.91222,0.67463,0.01546
2030-12-25 10:00:00,6647.4917,0.39313,0.91222,0.72584,0.08037
2030-12-25 11:00:00,6590.81921,0.29648,0.91222,0.76781,0.116
2030-12-25 12:00:00,6534.14671,0.42554,0.91222,0.69669,0.12488
2030-12-25 13:00:00,6477.47421,0.21984,0.91222,0.79328,0.08973
2030-12-25 14:00:00,6420.80172,0.22283,0.91222,0.78533,0.09596
2030-12-25 15:00:00,6477.47421,0.21696,0.91222,0.79473,0.12186
2030-12-25 16:00:00,6760.8367,0.16921,0.91222,0.85096,0.03534
2030-12-25 17:00:00,7100.87168,0.19617,1.0,0.87622,0.0
2030-12-25 18:00:00,7100.87168,0.14446,1.0,0.90212,0.0
2030-12-25 19:00:00,6874.18169,0.10049,1.0,0.89831,0.0
2030-12-25 20:00:00,6590.81921,0.12469,1.0,0.85388,0.0
2030-12-25 21:00:00,6307.45672,0.13488,0.91222,0.81647,0.0
2030-12-25 22:00:00,6024.09424,0.15947,0.91222,0.77184,0.0
2030-12-25 23:00:00,5740.73176,0.23711,0.91222,0.70064,0.0
2030-12-26 00:00:00,5514.25212,0.36099,0.91506,0.61275,0.0
2030-12-26 01:00:00,5344.22586,0.36521,0.91506,0.59125,0.0
2030-12-26 02:00:00,5230.87503,0.2861,0.91506,0.61796,0.0
2030-12-26 03:00:00,5174.19961,0.28918,0.91506,0.60996,0.0
2030-12-26 04:00:00,5174.19961,0.20598,0.91506,0.65165,0.0
2030-12-26 05:00:00,5287.55044,0.24182,0.91506,0.64661,0.0
2030-12-26 06:00:00,5627.60295,0.2291,0.91506,0.69175,0.0
2030-12-26 07:00:00,6137.68172,0.27327,0.91506,0.72778,0.0
2030-12-26 08:00:00,6534.40965,0.2961,0.91506,0.76157,0.0
2030-12-26 09:00:00,6647.76048,0.23306,0.91506,0.80607,0.01538
2030-12-26 10:00:00,6647.76048,0.16503,0.91506,0.84016,0.09497
2030-12-26 11:00:00,6591.08506,0.17694,0.91506,0.82773,0.11845
2030-12-26 12:00:00,6534.40965,0.16878,0.91506,0.82536,0.14081
2030-12-26 13:00:00,6477.73423,0.21401,0.91506,0.79624,0.14621
2030-12-26 14:00:00,6421.05881,0.24792,0.91506,0.77278,0.08006
2030-12-26 15:00:00,6477.73423,0.40772,0.91506,0.69918,0.07316
2030-12-26 16:00:00,6761.11132,0.45894,0.91506,0.70582,0.02936
2030-12-26 17:00:00,7101.16383,0.41681,1.0,0.7657,0.0
2030-12-26 18:00:00,7101.16383,0.4436,1.0,0.75228,0.0
2030-12-26 19:00:00,6874.46216,0.39146,1.0,0.75256,0.0
2030-12-26 20:00:00,6591.08506,0.45006,1.0,0.69089,0.0
2030-12-26 21:00:00,6307.70797,0.56241,0.91506,0.60229,0.0
2030-12-26 22:00:00,6024.33088,0.56163,0.91506,0.57038,0.0
2030-12-26 23:00:00,5740.95379,0.6137,0.91506,0.51198,0.0
2030-12-27 00:00:00,5375.58642,0.45842,0.91776,0.54812,0.0
2030-12-27 01:00:00,5211.3379,0.48444,0.91776,0.51636,0.0
2030-12-27 02:00:00,5101.83889,0.41951,0.91776,0.53641,0.0
2030-12-27 03:00:00,5047.08938,0.2796,0.91776,0.60027,0.0
2030-12-27 04:00:00,5047.08938,0.44417,0.91776,0.51781,0.0
2030-12-27 05:00:00,5156.5884,0.45813,0.91776,0.5233,0.0
2030-12-27 06:00:00,5485.08543,0.50222,0.91776,0.53866,0.0
2030-12-27 07:00:00,5977.83098,0.41023,0.91776,0.64093,0.0
2030-12-27 08:00:00,6361.07753,0.4966,0.91776,0.64135,0.0
2030-12-27 09:00:00,6470.57654,0.63959,0.91776,0.58219,0.02656
2030-12-27 10:00:00,6470.57654,0.56428,0.91776,0.61992,0.07331
2030-12-27 11:00:00,6415.82703,0.68027,0.91776,0.55557,0.09215
2030-12-27 12:00:00,6361.07753,0.73654,0.91776,0.52113,0.13401
2030-12-27 13:00:00,6306.32802,0.78731,0.91776,0.48945,0.08176
2030-12-27 14:00:00,6251.57851,0.79266,0.91776,0.48053,0.058
2030-12-27 15:00:00,6306.32802,0.7954,0.91776,0.4854,0.05765
2030-12-27 16:00:00,6580.07555,0.81611,0.91776,0.50623,0.02952
2030-12-27 17:00:00,6908.57258,0.7631,1.0,0.57024,0.0
2030-12-27 18:00:00,6908.57258,0.58546,1.0,0.65925,0.0
2030-12-27 19:00:00,6689.57456,0.60546,1.0,0.62426,0.0
2030-12-27 20:00:00,6415.82703,0.65742,1.0,0.56702,0.0
2030-12-27 21:00:00,6142.0795,0.64204,0.91776,0.54351,0.0
2030-12-27 22:00:00,5868.33197,0.64158,0.91776,0.51253,0.0
2030-12-27 23:00:00,5594.58444,0.51892,0.91776,0.54278,0.0
2030-12-28 00:00:00,4879.75675,0.6208,0.92033,0.41024,0.0
2030-12-28 01:00:00,4736.1678,0.52077,0.92033,0.44399,0.0
2030-12-28 02:00:00,4640.44184,0.4645,0.92033,0.46127,0.0
2030-12-28 03:00:00,4592.57885,0.54911,0.92033,0.41342,0.0
2030-12-28 04:00:00,4592.57885,0.61496,0.92033,0.38042,0.0
2030-12-28 05:00:00,4688.30482,0.66328,0.92033,0.36713,0.0
2030-12-28 06:00:00,4975.48271,0.71877,0.92033,0.37207,0.0
2030-12-28 07:00:00,5406.24956,0.69609,0.92033,0.43254,0.0
2030-12-28 08:00:00,5741.29044,0.70018,0.92033,0.46869,0.0
2030-12-28 09:00:00,5837.0164,0.67118,0.92033,0.49413,0.03774
2030-12-28 10:00:00,5837.0164,0.64369,0.92033,0.50791,0.06847
2030-12-28 11:00:00,5789.15342,0.74567,0.92033,0.45135,0.09614
2030-12-28 12:00:00,5741.29044,0.75737,0.92033,0.44004,0.04786
2030-12-28 13:00:00,5693.42745,0.6551,0.92033,0.48582,0.04041
2030-12-28 14:00:00,5645.56447,0.569,0.92033,0.5235,0.07663
2030-12-28 15:00:00,5693.42745,0.52024,0.92033,0.55339,0.08899
2030-12-28 16:00:00,5932.74237,0.65154,0.92033,0.51489,0.05126
2030-12-28 17:00:00,6219.92026,0.71289,1.0,0.51689,0.0
2030-12-28 18:00:00,6219.92026,0.70853,1.0,0.51907,0.0
2030-12-28 19:00:00,6028.46833,0.67604,1.0,0.51353,0.0
2030-12-28 20:00:00,5789.15342,0.6653,1.0,0.49162,0.0
2030-12-28 21:00:00,5549.83851,0.66389,0.92033,0.46505,0.0
2030-12-28 22:00:00,5310.52359,0.52125,0.92033,0.50923,0.0
2030-12-28 23:00:00,5071.20868,0.60201,0.92033,0.44148,0.0
2030-12-29 00:00:00,4931.13719,0.57131,0.92277,0.4409,0.0
2030-12-29 01:00:00,4785.40739,0.51479,0.92277,0.4526,0.0
2030-12-29 02:00:00,4688.25419,0.63231,0.92277,0.38264,0.0
2030-12-29 03:00:00,4639.67759,0.56133,0.92277,0.41267,0.0
2030-12-29 04:00:00,4639.67759,0.41119,0.92277,0.48789,0.0
2030-12-29 05:00:00,4736.83079,0.516,0.92277,0.44645,0.0
2030-12-29 06:00:00,5028.29038,0.68594,0.92277,0.39454,0.0
2030-12-29 07:00:00,5465.47978,0.70939,0.92277,0.43263,0.0
2030-12-29 08:00:00,5805.51598,0.7079,0.92277,0.47214,0.0
2030-12-29 09:00:00,5902.66918,0.62322,0.92277,0.52565,0.02682
2030-12-29 10:00:00,5902.66918,0.50217,0.92277,0.5863,0.03522
2030-12-29 11:00:00,5854.09258,0.45618,0.92277,0.6038,0.04673
2030-12-29 12:00:00,5805.51598,0.45831,0.92277,0.59719,0.07094
2030-12-29 13:00:00,5756.93938,0.57282,0.92277,0.53428,0.07097
2030-12-29 14:00:00,5708.36278,0.54206,0.92277,0.54416,0.10692
2030-12-29 15:00:00,5756.93938,0.58849,0.92277,0.52644,0.05054
2030-12-29 16:00:00,5999.82238,0.382,0.92277,0.65758,0.01738
2030-12-29 17:00:00,6291.28198,0.39526,1.0,0.68417,0.0
2030-12-29 18:00:00,6291.28198,0.48267,1.0,0.64037,0.0
2030-12-29 19:00:00,6096.97558,0.55653,1.0,0.58122,0.0
2030-12-29 20:00:00,5854.09258,0.27814,1.0,0.693,0.0
2030-12-29 21:00:00,5611.20958,0.57355,0.92277,0.5173,0.0
2030-12-29 22:00:00,5368.32658,0.60832,0.92277,0.47219,0.0
2030-12-29 23:00:00,5125.44358,0.69514,0.92277,0.401,0.0
2030-12-30 00:00:00,5415.43295,0.66403,0.92508,0.44965,0.0
2030-12-30 01:00:00,5249.52416,0.759,0.92508,0.38315,0.0
2030-12-30 02:00:00,5138.9183,0.76324,0.92508,0.36842,0.0
2030-12-30 03:00:00,5083.61537,0.7252,0.92508,0.38117,0.0
2030-12-30 04:00:00,5083.61537,0.6234,0.92508,0.43218,0.0
2030-12-30 05:00:00,5194.22123,0.57581,0.92508,0.46863,0.0
2030-12-30 06:00:00,5526.03881,0.66279,0.92508,0.46288,0.0
2030-12-30 07:00:00,6023.76518,0.69791,0.92508,0.50203,0.0
2030-12-30 08:00:00,6410.88569,0.75195,0.92508,0.51909,0.0
2030-12-30 09:00:00,6521.49155,0.7962,0.92508,0.50953,0.05356
2030-12-30 10:00:00,6521.49155,0.78489,0.92508,0.5152,0.06597
2030-12-30 11:00:00,6466.18862,0.70897,0.92508,0.54693,0.08385
2030-12-30 12:00:00,6410.88569,0.69662,0.92508,0.54681,0.05995
2030-12-30 13:00:00,6355.58276,0.71847,0.92508,0.52956,0.08399
2030-12-30 14:00:00,6300.27983,0.7624,0.92508,0.50124,0.09887
2030-12-30 15:00:00,6355.58276,0.75204,0.92508,0.51274,0.15542
2030-12-30 16:00:00,6632.09741,0.78194,0.92508,0.52928,0.06786
2030-12-30 17:00:00,6963.91499,0.79974,1.0,0.5582,0.0
2030-12-30 18:00:00,6963.91499,0.77299,1.0,0.5716,0.0
2030-12-30 19:00:00,6742.70327,0.74222,1.0,0.56179,0.0
2030-12-30 20:00:00,6466.18862,0.79395,1.0,0.50435,0.0
2030-12-30 21:00:00,6189.67397,0.72554,0.92508,0.5071,0.0
2030-12-30 22:00:00,5913.15932,0.70046,0.92508,0.48814,0.0
2030-12-30 23:00:00,5636.64467,0.71963,0.92508,0.44701,0.0
2030-12-31 00:00:00,5339.74881,0.5623,0.92725,0.492,0.0
2030-12-31 01:00:00,5176.99353,0.51091,0.92725,0.49918,0.0
2030-12-31 02:00:00,5068.49001,0.43935,0.92725,0.52267,0.0
2030-12-31 03:00:00,5014.23824,0.35895,0.92725,0.55677,0.0
2030-12-31 04:00:00,5014.23824,0.35361,0.92725,0.55944,0.0
2030-12-31 05:00:00,5122.74177,0.31545,0.92725,0.59093,0.0
2030-12-31 06:00:00,5448.25234,0.31198,0.92725,0.62978,0.0
2030-12-31 07:00:00,5936.51819,0.4343,0.92725,0.62416,0.0
2030-12-31 08:00:00,6316.28052,0.59639,0.92725,0.58624,0.0
2030-12-31 09:00:00,6424.78404,0.62019,0.92725,0.58669,0.01121
2030-12-31 10:00:00,6424.78404,0.57772,0.92725,0.60797,0.11582
2030-12-31 11:00:00,6370.53228,0.54232,0.92725,0.61952,0.06213
2030-12-31 12:00:00,6316.28052,0.53185,0.92725,0.61858,0.09003
2030-12-31 13:00:00,6262.02876,0.59026,0.92725,0.58313,0.05291
2030-12-31 14:00:00,6207.77699,0.57558,0.92725,0.5843,0.06492
2030-12-31 15:00:00,6262.02876,0.48909,0.92725,0.63382,0.06057
2030-12-31 16:00:00,6533.28756,0.43632,0.92725,0.69118,0.00894
2030-12-31 17:00:00,6858.79813,0.41023,1.0,0.74137,0.0
2030-12-31 18:00:00,6858.79813,0.52014,1.0,0.6863,0.0
2030-12-31 19:00:00,6641.79108,0.55755,1.0,0.64282,0.0
2030-12-31 20:00:00,6370.53228,0.6392,1.0,0.57098,0.0
2030-12-31 21:00:00,6099.27347,0.74094,0.92725,0.48908,0.0
2030-12-31 22:00:00,5828.01466,0.77306,0.92725,0.44206,0.0
2030-12-31 23:00:00,5556.75586,0.73609,0.92725,0.42966,0.0
